sobol_index,batch,pressure_atm,requested_vapor_fraction,benzene_feed_fraction,toluene_feed_fraction,stages,feed_stage,feed_stage_fraction,reflux_ratio,bottoms_fraction,feed_flow_kmol_h,feed_temperature_C,x_D_benzene,x_B_benzene,Q_C,Q_R,dwsim_solved,column_calculated,output_values_valid,composition_valid,temperature_valid,case_valid,split,lhs_index,column_error,error_message
1.0,2048.0,1.431029474362731,0.2443103916943073,0.6225651066750288,0.3774348933249711,11,5,0.4545454545454545,3.97159739183262,0.5395551698282361,100.0,101.25730488571544,0.9909815636285196,0.3081665218235442,1894.6851316866805,1902.6165038481968,True,True,True,True,True,True,sobol_train_val,,,
2.0,2048.0,1.8824654864147303,0.0470534414984285,0.4307692196220159,0.5692307803779841,29,15,0.5172413793103449,2.0821339627727866,0.4825667183846235,100.0,117.6183543823289,0.8315460698583252,0.0010370259895782,1338.1337926808712,1354.1958319881078,True,True,True,True,True,True,sobol_train_val,,,
3.0,2048.0,1.7033175639808178,0.2229603764601051,0.585932033881545,0.414067966118455,17,10,0.5882352941176471,1.8591579909436404,0.5651566851884127,100.0,108.86343980561594,0.9925445329881516,0.2730766329531136,1018.0581227907032,1027.198908193922,True,True,True,True,True,True,sobol_train_val,,,
4.0,2048.0,1.2331875702366233,0.0821731511503458,0.3675731908529996,0.6324268091470003,23,8,0.3478260869565217,3.2664719916880127,0.4065690586343408,100.0,103.62576275197938,0.6193925962536349,1.618816833330389e-05,2246.6068965286267,2256.1974752598967,True,True,True,True,True,True,sobol_train_val,,,
5.0,2048.0,1.103864811360836,0.1585700341500341,0.4930036596953868,0.5069963403046132,22,8,0.3636363636363636,4.327703504450619,0.5953152256086469,100.0,95.656749308393,0.9987357153089176,0.1492140319919344,1806.772137654004,1820.154980877151,True,True,True,True,True,True,sobol_train_val,,,
6.0,2048.0,1.5826465440914037,0.1488863334059715,0.6597996599972248,0.3402003400027752,18,12,0.6666666666666666,2.460804465506226,0.4258266787976026,100.0,103.97066867485596,0.9994360396306388,0.2018382847335094,1632.0180209715847,1643.1322265452436,True,True,True,True,True,True,sobol_train_val,,,
7.0,2048.0,1.753136532381177,0.2735235851258039,0.3047589220106602,0.6952410779893399,26,15,0.5769230769230769,1.4901427578181028,0.5217014122754335,100.0,119.17776335364772,0.6307089227429712,0.0059269885717745,1033.7300319600402,1044.031128485719,True,True,True,True,True,True,sobol_train_val,,,
8.0,2048.0,1.3103522518649695,0.0201631282456219,0.5481176398694515,0.4518823601305485,14,7,0.5,2.926466682460159,0.45061369035393,100.0,100.16254307216298,0.977942997094311,0.024101409494983,1799.271661433795,1817.7000916104887,True,True,True,True,True,True,sobol_train_val,,,
9.0,2048.0,1.3127994146198034,0.1917633505538105,0.3372934959828853,0.6627065040171147,19,10,0.5263157894736842,3.539223618619144,0.5817107152193784,100.0,106.95970391871168,0.8022450539687099,0.0029632532752152,1635.9659325341422,1651.1159435014663,True,True,True,True,True,True,sobol_train_val,,,
10.0,2048.0,1.8737363712862132,0.1078114910982549,0.5158081330358981,0.4841918669641019,21,9,0.4285714285714285,1.6912056592293083,0.4403105007484555,100.0,114.69785516646652,0.9168221801842326,0.0060794593650624,1244.9139765718614,1262.711188754194,True,True,True,True,True,True,sobol_train_val,,,
11.0,2048.0,1.5401756428182125,0.2409453975968062,0.4739265687763691,0.5260734312236309,13,4,0.3076923076923077,2.2485632702708243,0.5072786012664438,100.0,108.42508740985376,0.9185208110219756,0.0420838543725865,1338.716803836992,1355.2844239749634,True,True,True,True,True,True,sobol_train_val,,,
12.0,2048.0,1.0232889642938972,0.0630238121375441,0.6790041618049144,0.3209958381950856,27,17,0.6296296296296297,3.703767684381455,0.4643525499850511,100.0,87.83805168959083,0.999998702007013,0.3087237543214937,2117.5910638630453,2126.262764091534,True,True,True,True,True,True,sobol_train_val,,,
13.0,2048.0,1.1438379064202309,0.2865651316009461,0.5533844839781523,0.4466155160218477,28,18,0.6428571428571429,3.067121230904013,0.5251690279692411,100.0,95.13461548120108,0.9999957190758472,0.1495817617621378,1611.7129911149827,1626.0283160299805,True,True,True,True,True,True,sobol_train_val,,,
14.0,2048.0,1.6696204645559192,0.0150400394573807,0.3998697336763143,0.6001302663236856,12,5,0.4166666666666667,1.248112986423075,0.4962689088657498,100.0,113.93578282805709,0.7470979228574544,0.0474208419839047,970.4276562278908,982.0648342052364,True,True,True,True,True,True,sobol_train_val,,,
15.0,2048.0,1.994291516020894,0.1812795488163829,0.641629221662879,0.358370778337121,24,11,0.4583333333333333,2.7077817267738284,0.5515155056491494,100.0,113.40050581475953,0.999100062650653,0.3509391984347915,1345.9372349673577,1353.0641446814898,True,True,True,True,True,True,sobol_train_val,,,
16.0,2048.0,1.4422504315152764,0.1159312139265239,0.4115517538040876,0.5884482461959124,16,9,0.5625,4.185550715401768,0.4210895497351885,100.0,107.95548268159912,0.7088038031765016,0.002892692130833,2609.600290371028,2621.49563752196,True,True,True,True,True,True,sobol_train_val,,,
17.0,2048.0,1.482455817051232,0.1706489573232829,0.5066780850291251,0.4933219149708748,25,8,0.32,1.4002665404230354,0.4754134198650718,100.0,105.96566959297598,0.942009875798832,0.0263259565161309,1050.6300171243188,1068.3765902187963,True,True,True,True,True,True,sobol_train_val,,,
18.0,2048.0,1.954048750922084,0.123936173133552,0.3398805737495422,0.6601194262504577,14,9,0.6428571428571429,3.222504731174558,0.5465133465826512,100.0,122.24444576121395,0.7194926180236427,0.0248859401589919,1630.900725914636,1642.844202729335,True,True,True,True,True,True,sobol_train_val,,,
19.0,2048.0,1.6322224950417876,0.2995917672291397,0.6949716717004776,0.3050283282995224,21,11,0.5238095238095238,4.237827336229384,0.400978122651577,100.0,104.17169364873968,0.9998927038535866,0.2394497019720505,2571.8490192054587,2581.4744388581253,True,True,True,True,True,True,sobol_train_val,,,
20.0,2048.0,1.181272853165865,0.0093487090431153,0.4516114011406898,0.5483885988593102,18,7,0.3888888888888889,2.756842563394457,0.5705521179363131,100.0,99.3387655959002,0.9889894828390186,0.0471389926862633,1350.08686131156,1368.2659077151295,True,True,True,True,True,True,sobol_train_val,,,
21.0,2048.0,1.0596185652539134,0.2328579610213637,0.3776522193104028,0.6223477806895972,16,8,0.5,1.7434883284382523,0.4313687881454826,100.0,97.85140003543944,0.6608605437939443,0.0043269437331517,1388.0089283334728,1398.686540339397,True,True,True,True,True,True,sobol_train_val,,,
22.0,2048.0,1.5038695931434631,0.073718427401036,0.5694496531039477,0.4305503468960523,23,13,0.5652173913043478,3.5882783085107803,0.5899686194956302,100.0,104.62278887503982,0.9999039405465624,0.2702813267832788,1549.685090015225,1558.890712371076,True,True,True,True,True,True,sobol_train_val,,,
23.0,2048.0,1.832401611842215,0.1975186868570745,0.4144318033009767,0.5855681966990233,10,7,0.7,3.855927778501063,0.4577181622385979,100.0,117.09397381427686,0.7224528762391774,0.0495040191150276,2251.375884189089,2262.110151113305,True,True,True,True,True,True,sobol_train_val,,,
24.0,2048.0,1.3541100714355707,0.0947023959830403,0.6327921394258738,0.3672078605741262,30,11,0.3666666666666666,2.403940328769385,0.5147920621559023,100.0,98.94894568762948,0.9993024341775912,0.2873573744910061,1368.83992858325,1377.4870264112276,True,True,True,True,True,True,sobol_train_val,,,
25.0,2048.0,1.272557538934052,0.2651729439385235,0.4467352036386728,0.5532647963613272,25,16,0.64,2.617793048825115,0.4458526559174061,100.0,102.1852055026286,0.8042416548483752,0.0023747744113024,1729.7597139414183,1744.4686567280369,True,True,True,True,True,True,sobol_train_val,,,
26.0,2048.0,1.7909071575850248,0.0305945198982954,0.6002514649182558,0.3997485350817442,15,5,0.3333333333333333,4.4814747299999,0.5763640632852912,100.0,110.38088405282171,0.9907655849584958,0.3132178973875202,1896.2146136812644,1904.1127104766683,True,True,True,True,True,True,sobol_train_val,,,
27.0,2048.0,1.6234927540645003,0.1646481022238731,0.3584416169673204,0.6415583830326796,28,13,0.4642857142857143,2.9771325037814678,0.4714569730684161,100.0,114.26530325207364,0.6781012597501911,7.632960059450327e-05,1822.156099103984,1833.8094307822112,True,True,True,True,True,True,sobol_train_val,,,
28.0,2048.0,1.0630421675741673,0.1360999532975256,0.5885206375271081,0.4114793624728918,11,6,0.5454545454545454,1.5440369518473744,0.5003692999482154,100.0,91.57514155438514,0.9647849431129784,0.2128116318737636,1074.9000357212722,1085.0634440966307,True,True,True,True,True,True,sobol_train_val,,,
29.0,2048.0,1.1915171323344111,0.2126113001257181,0.6626812353730201,0.3373187646269798,13,8,0.6153846153846154,2.1328063242137434,0.4891156561672687,100.0,93.55203867969595,0.9958089422548494,0.3147276219684308,1336.749269458993,1344.3690764247556,True,True,True,True,True,True,sobol_train_val,,,
30.0,2048.0,1.7450249642133713,0.0904596445150673,0.4841650515794753,0.5158349484205247,26,12,0.4615384615384615,4.025485144089907,0.5321271589025856,100.0,112.90146486669188,0.9997747028088232,0.0308141459943586,1919.430395981807,1939.1430880410132,True,True,True,True,True,True,sobol_train_val,,,
31.0,2048.0,1.9193749660626052,0.2570326060988009,0.5259016513824463,0.4740983486175537,19,7,0.3684210526315789,3.4234666233882303,0.4154985649511218,100.0,115.33613856316624,0.8993121890191117,0.0006159969810176,2140.666936136636,2157.844454711004,True,True,True,True,True,True,sobol_train_val,,,
32.0,2048.0,1.3940826002508402,0.0410577066242694,0.3208225652575492,0.6791774347424507,20,13,0.65,2.0129230697639287,0.5569109871983529,100.0,109.7763406031276,0.7022459074395138,0.017355431035458,1163.8426066539855,1175.5888399006274,True,True,True,True,True,True,sobol_train_val,,,
33.0,2048.0,1.3843614468351009,0.2160745354369282,0.4634657733142375,0.5365342266857624,30,15,0.5,1.594185160193592,0.4035407418385148,100.0,104.75419704402827,0.7768821786505041,0.0002165022662512,1334.6509540939412,1348.1837906728151,True,True,True,True,True,True,sobol_train_val,,,
34.0,2048.0,1.9291259963065384,0.0752867384813725,0.683386630564928,0.316613369435072,10,6,0.6,3.03010929543525,0.5746284071356058,100.0,110.9123145255333,0.990945916530238,0.4557144611644459,1393.06795138675,1397.5704041711576,True,True,True,True,True,True,sobol_train_val,,,
35.0,2048.0,1.7197103006765246,0.2511942255310714,0.3250988222658634,0.6749011777341366,23,16,0.6956521739130435,4.43172070523724,0.4791496302932501,100.0,117.68520528879112,0.6213862176661262,0.0030251762724828,2461.2722693307155,2471.326671599586,True,True,True,True,True,True,sobol_train_val,,,
36.0,2048.0,1.2168025746941566,0.0539367025718092,0.5215826831758021,0.4784173168241978,17,6,0.3529411764705882,2.5644220735877754,0.5486382277682423,100.0,98.26777968452387,0.9862662817129956,0.1392964746599596,1344.9669630056264,1358.6871452169066,True,True,True,True,True,True,sobol_train_val,,,
37.0,2048.0,1.0884487619623542,0.2804099983535706,0.6459629636257886,0.3540370363742113,19,7,0.3684210526315789,1.9631751364097,0.4595022017136216,100.0,90.83037964971686,0.9934896831643538,0.2371737374753314,1344.6273472324608,1354.352636082678,True,True,True,True,True,True,sobol_train_val,,,
38.0,2048.0,1.5980550907552242,0.0270489687100052,0.40104202888906,0.5989579711109401,22,13,0.5909090909090909,3.37008955674246,0.518089771643281,100.0,112.20369318770211,0.8289162439102502,0.0030392675375044,1786.1446085510431,1802.1667133609524,True,True,True,True,True,True,sobol_train_val,,,
39.0,2048.0,1.8007812397554517,0.1516867725178599,0.5592077728360891,0.4407922271639108,15,8,0.5333333333333333,4.0756398372352125,0.4358835782855749,100.0,111.81084933406991,0.9802403500733134,0.0143372855496764,2342.481186225079,2361.545923512748,True,True,True,True,True,True,sobol_train_val,,,
40.0,2048.0,1.2627153005450964,0.1420025001280009,0.3877239774912595,0.6122760225087405,26,11,0.4230769230769231,2.185776631068438,0.5928720803931355,100.0,103.81538690443271,0.9473240988858752,0.0034507209725643,1090.8748693135342,1110.2066064998417,True,True,True,True,True,True,sobol_train_val,,,
41.0,2048.0,1.3598927715793252,0.2387469179928302,0.5768615912646056,0.4231384087353944,21,12,0.5714285714285714,2.8098131591454147,0.4740226421505212,100.0,100.68189659771264,0.9996802509134596,0.1076983782230626,1660.25316518137,1675.486929015723,True,True,True,True,True,True,sobol_train_val,,,
42.0,2048.0,1.8266505170613527,0.0608259052969515,0.370221984013915,0.629778015986085,20,9,0.45,4.287981740478426,0.5044486427679657,100.0,118.47764248842408,0.7465313460510998,0.0005504535843237,2233.010312768478,2246.737769074246,True,True,True,True,True,True,sobol_train_val,,,
43.0,2048.0,1.5253068758174777,0.1939592597074806,0.6152285423129797,0.3847714576870202,27,11,0.4074074074074074,3.1691273633390664,0.4495858134701848,100.0,103.8335366120283,0.9996667070875528,0.1445814091226046,1888.739711034355,1902.2573516838788,True,True,True,True,True,True,sobol_train_val,,,
44.0,2048.0,1.0381499752402306,0.1100079718977212,0.4320259314030408,0.5679740685969592,14,9,0.6428571428571429,1.3505189082585274,0.578485893830657,100.0,95.37897111831018,0.8621351557931999,0.1186266495991612,855.4958615266171,866.9305139747694,True,True,True,True,True,True,sobol_train_val,,,
45.0,2048.0,1.1596831222996116,0.183477456215769,0.3074564419686794,0.6925435580313206,12,8,0.6666666666666666,2.350569458026439,0.4172795508056879,100.0,103.4706327532084,0.5138410227275714,0.0192457483418038,1758.6804115035566,1765.2474746849332,True,True,True,True,True,True,sobol_train_val,,,
46.0,2048.0,1.6537827663123608,0.1181296929717063,0.5390961267054081,0.4609038732945919,28,9,0.3214285714285714,3.80617364924401,0.5602056467905641,100.0,109.12570135600076,0.9987705956902098,0.1782383692551347,1731.6425775354444,1744.3120772270968,True,True,True,True,True,True,sobol_train_val,,,
47.0,2048.0,1.9481746004894376,0.2843686502426862,0.494211632758379,0.505788367241621,15,6,0.4,3.641255007963627,0.4936334969475865,100.0,116.92368719981192,0.963570333750452,0.012767921631158,1919.5531835205763,1939.0411587610497,True,True,True,True,True,True,sobol_train_val,,,
48.0,2048.0,1.4883596058934927,0.0128441308625042,0.6524141781032085,0.3475858218967915,25,13,0.52,1.7936366289854049,0.5350336726754904,100.0,101.88127976955974,0.9989076707732232,0.3512974902477029,1070.841870260048,1077.753541401356,True,True,True,True,True,True,sobol_train_val,,,
49.0,2048.0,1.4675336424261332,0.292412814963609,0.3541567180305719,0.6458432819694281,14,5,0.3571428571428571,3.753921590745449,0.5677191136404872,100.0,110.54705888095862,0.8139119857000994,0.0040889332168105,1756.1458092536805,1771.659156791447,True,True,True,True,True,True,sobol_train_val,,,
51.0,2048.0,1.679369255900383,0.1778253301978111,0.4408631075173616,0.5591368924826383,18,10,0.5555555555555556,1.6414569390937686,0.5432915709912777,100.0,112.8033341215766,0.8948462611390336,0.0592294468606568,1008.2041540770877,1023.4277591551008,True,True,True,True,True,True,sobol_train_val,,,
52.0,2048.0,1.1341183362528682,0.1311131187714636,0.6123483959585427,0.3876516040414572,22,11,0.5,3.485847338754684,0.484691790305078,100.0,93.1750733854127,0.99984381522481,0.2003783385295193,1933.96454524584,1945.2934426408112,True,True,True,True,True,True,sobol_train_val,,,
53.0,2048.0,1.013448242098093,0.2046970669180154,0.5365089520812034,0.4634910479187966,23,9,0.391304347826087,4.135795903857797,0.523485261015594,100.0,91.39456639705378,0.9995409951130044,0.1150096601081649,2059.3152037467376,2074.2280048700504,True,True,True,True,True,True,sobol_train_val,,,
54.0,2048.0,1.5500474339351058,0.1018813488073647,0.3165865838527679,0.6834134161472321,17,9,0.5294117647058824,2.6544115383178,0.4539112091064453,100.0,113.95432444901265,0.5773833409019655,0.0028290172893573,1756.3297121977057,1765.141791388655,True,True,True,True,True,True,sobol_train_val,,,
55.0,2048.0,1.8483002316206691,0.2256810159422457,0.6747294396162032,0.3252705603837967,29,18,0.6206896551724138,1.298260407987982,0.5998302064836025,100.0,109.48371633199594,0.995442529536018,0.4607697773028664,748.729566508234,753.1182892286442,True,True,True,True,True,True,sobol_train_val,,,
56.0,2048.0,1.3382037105038762,0.0665420539677143,0.478244026005268,0.521755973994732,11,4,0.3636363636363636,3.120098809339106,0.4287303304299712,100.0,103.03978754588786,0.8292581495591019,0.0105336691238368,2016.7660874079077,2031.5619580183031,True,True,True,True,True,True,sobol_train_val,,,
57.0,2048.0,1.2888816092163324,0.1621567974798381,0.692225332558155,0.307774667441845,16,11,0.6875,3.319449477922171,0.5098440796136856,100.0,95.5644935682252,0.999805865485245,0.3965225055597636,1759.318575461111,1765.019966983847,True,True,True,True,True,True,sobol_train_val,,,
58.0,2048.0,1.774575569666922,0.1336080757901072,0.4605841010808944,0.5394158989191056,24,9,0.375,1.909305504709482,0.4684317020699381,100.0,114.31182054819595,0.8657507423974461,0.000812703137704,1294.834075810391,1311.7517998764351,True,True,True,True,True,True,sobol_train_val,,,
59.0,2048.0,1.576893389225006,0.2676622504368424,0.5055189430713654,0.4944810569286346,12,6,0.5,2.0287638788111506,0.5854440635070205,100.0,108.33406453471396,0.9573633218645188,0.1855666827221212,1040.620492756336,1051.920065358487,True,True,True,True,True,True,sobol_train_val,,,
60.0,2048.0,1.1096492735669017,0.033083254750818,0.3473149046301841,0.6526850953698158,28,17,0.6071428571428571,3.921842475794256,0.4424325220286846,100.0,100.50515205712507,0.6227921350608716,0.0001515792200994,2447.735458181274,2457.7212593005,True,True,True,True,True,True,sobol_train_val,,,
61.0,2048.0,1.2390931732952597,0.2595244830474257,0.4233557645231485,0.5766442354768515,27,14,0.5185185185185185,2.873090101405978,0.5532963007688523,100.0,101.96173042881604,0.9466602119932034,0.0008564527910759,1456.8230809817328,1476.394701647565,True,True,True,True,True,True,sobol_train_val,,,
62.0,2048.0,1.6974414205178618,0.043549011927098,0.629996882751584,0.3700031172484159,13,6,0.4615384615384615,1.4403943388722835,0.4243840185925365,100.0,107.4593048034377,0.961511793367684,0.1803442898086358,1158.0213156797838,1169.141695909887,True,True,True,True,True,True,sobol_train_val,,,
63.0,2048.0,1.90402757935226,0.210122565831989,0.3851352769881486,0.6148647230118514,21,7,0.3333333333333333,2.5137758480384944,0.5296870594844222,100.0,119.61567644429503,0.8177216060713169,0.0010410248554257,1388.7877877127369,1404.664922852647,True,True,True,True,True,True,sobol_train_val,,,
64.0,2048.0,1.409437743015587,0.0879703374579548,0.5683394405990838,0.4316605594009162,19,12,0.631578947368421,4.377857121918351,0.499175613373518,100.0,102.2441617336682,0.9999029323529564,0.1353422028841789,2226.892394217228,2241.1238330236783,True,True,True,True,True,True,sobol_train_val,,,
65.0,2048.0,1.421768847852945,0.1523693474940955,0.3939454928040504,0.6060545071959496,24,14,0.5833333333333334,3.0885985781438645,0.459117359854281,100.0,108.00220340229816,0.7275248850459841,0.0009553574087162,1918.842948210007,1931.695765385615,True,True,True,True,True,True,sobol_train_val,,,
66.0,2048.0,1.891719556413591,0.1433762988075614,0.5529307395219802,0.4470692604780197,16,8,0.5,1.2249235784634946,0.5130053270608187,100.0,113.93247059906724,0.9271563491571182,0.1976797794510812,893.1934873678181,903.5632866303764,True,True,True,True,True,True,sobol_train_val,,,
67.0,2048.0,1.693884326145053,0.2768443660810589,0.4073122978210449,0.5926877021789552,28,10,0.3571428571428571,2.729259098600596,0.4331433456391096,100.0,114.24679828726936,0.7185342415219489,1.5560660802832504e-05,1817.4538944327417,1829.8893744181537,True,True,True,True,True,True,sobol_train_val,,,
68.0,2048.0,1.2426276030018926,0.0238815902732312,0.6397348329424858,0.3602651670575142,12,8,0.6666666666666666,4.162361332029104,0.5885816471651196,100.0,95.66116943767048,0.9987616862589848,0.3887753518759671,1768.782096998597,1774.5654097420695,True,True,True,True,True,True,sobol_train_val,,,
69.0,2048.0,1.1219499055296185,0.2498284561559557,0.5153606060892343,0.4846393939107657,13,8,0.6153846153846154,3.560701334662736,0.4023743519559503,100.0,95.56249022480516,0.8525066947554857,0.0146158823937912,2348.175332098509,2362.874102742128,True,True,True,True,True,True,sobol_train_val,,,
70.0,2048.0,1.564554893411696,0.0532621557824313,0.3313752461224794,0.6686247538775205,27,9,0.3333333333333333,1.6680158332921564,0.5687622237950564,100.0,113.78655356459136,0.7665353075249278,0.0014381055693301,986.9425600251744,1001.212054808912,True,True,True,True,True,True,sobol_train_val,,,
71.0,2048.0,1.7710490077733994,0.2192499062977731,0.6771157521754503,0.3228842478245497,19,8,0.4210526315789473,2.2700410600751635,0.4771911364048719,100.0,107.76779600336192,0.9958044649257874,0.3279616313899735,1395.5015430717824,1403.0192660523555,True,True,True,True,True,True,sobol_train_val,,,
72.0,2048.0,1.2924465714022515,0.0788603642955422,0.4696933422237634,0.5303066577762365,21,11,0.5238095238095238,3.6805779322050514,0.5451293425634504,100.0,102.03035970540368,0.999536032600869,0.0275592340804106,1769.004951458538,1788.648027982323,True,True,True,True,True,True,sobol_train_val,,,
73.0,2048.0,1.3349212892353537,0.2834320169873535,0.6586867365986109,0.3413132634013891,26,12,0.4615384615384615,4.306225788407027,0.4137575644999742,100.0,97.72306369306614,0.999957028246962,0.1751511370319894,2579.822014581927,2591.6067314142874,True,True,True,True,True,True,sobol_train_val,,,
74.0,2048.0,1.8516210531815889,0.0111338753253221,0.4879827398806809,0.512017260119319,14,8,0.5714285714285714,2.483994291443378,0.558258275128901,100.0,115.10499187105518,0.9742503160735062,0.1031986366827373,1258.4364619335754,1273.830973787418,True,True,True,True,True,True,sobol_train_val,,,
75.0,2048.0,1.5621039252728224,0.1873749665915966,0.5453199315816164,0.4546800684183836,22,15,0.6818181818181818,1.4686649680137631,0.4877805577591061,100.0,106.76688584228322,0.9622739821651162,0.1074702919346252,1047.5395930092725,1062.085933563113,True,True,True,True,True,True,sobol_train_val,,,
76.0,2048.0,1.0013538869097829,0.1215465531684458,0.3011786464601755,0.6988213535398244,18,7,0.3888888888888889,2.9496564346365632,0.5338559221476317,100.0,98.47038613033482,0.6455433773440699,0.0004920614435093,1646.0175366570247,1656.9640125063856,True,True,True,True,True,True,sobol_train_val,,,
77.0,2048.0,1.1308053825050592,0.1956614848226308,0.4257542893290519,0.574245710670948,17,5,0.2941176470588235,3.950120044592768,0.4697189409285783,100.0,98.59499430319585,0.8027046590675414,0.0002069030659747,2279.669155728067,2294.6462520425207,True,True,True,True,True,True,sobol_train_val,,,
78.0,2048.0,1.682659544982016,0.1109365780837833,0.6214583992958069,0.378541600704193,23,15,0.6521739130434783,2.105323370732367,0.5017197469249368,100.0,107.36806008015196,0.99967658140539,0.2458334549709831,1266.022671994592,1276.1734643166878,True,True,True,True,True,True,sobol_train_val,,,
79.0,2048.0,1.9810653924942017,0.235322066489607,0.363999143242836,0.636000856757164,11,6,0.5454545454545454,1.8376806191168724,0.4445143984630704,100.0,121.9455557650029,0.6295156448766097,0.0321978857391074,1357.3209673114577,1366.3023043425128,True,True,True,True,True,True,sobol_train_val,,,
80.0,2048.0,1.4554697601124644,0.0569204002618789,0.5831403031945228,0.4168596968054772,29,12,0.4137931034482758,3.2896613750606774,0.5780898582190275,100.0,103.0049862135624,0.9997951455023468,0.2790289210216704,1493.677655897434,1502.6169381757231,True,True,True,True,True,True,sobol_train_val,,,
81.0,2048.0,1.492870389483869,0.2295463353395462,0.4845166575163602,0.5154833424836398,20,14,0.7,2.1543843794614075,0.5199634028598666,100.0,106.9140761657324,0.9537558003630412,0.0513217385661893,1259.9678365445577,1277.0919861198538,True,True,True,True,True,True,sobol_train_val,,,
82.0,2048.0,1.943640735000372,0.0700091206468641,0.6685004767030477,0.3314995232969523,20,7,0.35,4.00239644413814,0.4519641622900963,100.0,111.62237606044933,0.9977587955335554,0.269253002563205,2223.420724903591,2232.658597527622,True,True,True,True,True,True,sobol_train_val,,,
83.0,2048.0,1.642451097257435,0.2037285287864506,0.3228103186935186,0.6771896813064814,13,6,0.4615384615384615,3.445044703222811,0.5939769901335239,100.0,115.97026272304856,0.7768936735973881,0.0124157884203549,1541.116044271908,1555.0530634165348,True,True,True,True,True,True,sobol_train_val,,,
84.0,2048.0,1.1710374560207129,0.1002215858548879,0.5302312295883893,0.4697687704116107,27,15,0.5555555555555556,1.9898343943990768,0.427552499435842,100.0,96.6417376554558,0.9254769985866396,0.0010560337247617,1451.5570418339305,1469.292824410107,True,True,True,True,True,True,sobol_train_val,,,
85.0,2048.0,1.0426912317052484,0.1743685827590525,0.6060767315328122,0.3939232684671878,29,16,0.5517241379310345,2.639371472876519,0.5634157074615359,100.0,90.42207410315638,0.999980936301652,0.3008457954323764,1334.9871227881822,1343.0385186593353,True,True,True,True,True,True,sobol_train_val,,,
86.0,2048.0,1.5208034832030537,0.1272581152617931,0.4470929898321628,0.5529070101678372,12,5,0.4166666666666667,4.45838561207056,0.4079163715243339,100.0,108.80003053154536,0.7523551288458379,0.0040113868845434,2782.957325033848,2795.781014508788,True,True,True,True,True,True,sobol_train_val,,,
87.0,2048.0,1.815288315527141,0.2940828580409288,0.5928563840687275,0.4071436159312724,25,8,0.32,2.99871100159362,0.5382200933992862,100.0,111.12316379432713,0.9965103784926548,0.2465160385918546,1504.667004864942,1514.8506440908077,True,True,True,True,True,True,sobol_train_val,,,
88.0,2048.0,1.3712165728211403,0.00314915003255,0.3604354076087475,0.6395645923912525,16,10,0.625,1.5209479076787829,0.4842955073341727,100.0,107.77983552154171,0.6745150762304218,0.0259866207384739,1138.766482754848,1149.304418722965,True,True,True,True,True,True,sobol_train_val,,,
89.0,2048.0,1.2515972396358848,0.2065067270770668,0.5745608858764171,0.4254391141235829,11,4,0.3636363636363636,1.7219099043868482,0.5529117122292518,100.0,97.73683077470008,0.947877017574434,0.2726951173224575,1023.8950423373684,1031.9577973241292,True,True,True,True,True,True,sobol_train_val,,,
90.0,2048.0,1.8118609003722668,0.0848351499997079,0.3788583166897297,0.6211416833102703,30,20,0.6666666666666666,3.611367426440119,0.4192996306344867,100.0,117.85682814892031,0.6519459216826089,0.00066956078864,2313.0813556514454,2323.6041308765584,True,True,True,True,True,True,sobol_train_val,,,
91.0,2048.0,1.602352206595242,0.260156565438956,0.6362672246992588,0.3637327753007412,17,10,0.5882352941176471,3.834349280688912,0.5269467225298285,100.0,105.09160438275173,0.9995874344105592,0.3101056866159127,1876.787105292621,1884.908020325144,True,True,True,True,True,True,sobol_train_val,,,
92.0,2048.0,1.08418950997293,0.0449547154828906,0.417127563804388,0.5828724361956119,24,11,0.4583333333333333,2.427029372937977,0.494884879142046,100.0,97.37710578970577,0.8254335589481726,0.0003783796371272,1500.9260144943266,1516.71402206587,True,True,True,True,True,True,sobol_train_val,,,
93.0,2048.0,1.2057150462642312,0.2707871197722852,0.3410928528755903,0.6589071471244097,22,10,0.4545454545454545,1.3786884851753711,0.508677776157856,100.0,103.70788673551884,0.6910969464016814,0.0030318306632428,1028.663137494025,1040.689637632359,True,True,True,True,True,True,sobol_train_val,,,
94.0,2048.0,1.730820493772626,0.036688776500523,0.5117953445762395,0.4882046554237604,18,9,0.5,3.245593431126326,0.4625657899305224,100.0,111.71761704650804,0.9484250624949188,0.0045042926433325,1883.710011158964,1902.759689856328,True,True,True,True,True,True,sobol_train_val,,,
95.0,2048.0,1.933392639271915,0.1607408126816153,0.4543132003396749,0.5456867996603251,25,16,0.64,4.216249256394804,0.5834852507337928,100.0,117.9063779113178,0.9999672481539094,0.0647942464396185,1761.8433797445657,1779.7833716083687,True,True,True,True,True,True,sobol_train_val,,,
96.0,2048.0,1.380071721971035,0.1329657110385596,0.6984529267996549,0.3015470732003451,15,5,0.3333333333333333,2.7799312387593087,0.4389235027134419,100.0,97.86698221543412,0.9916267296102758,0.3236886442845578,1758.7537441344984,1765.9498398205394,True,True,True,True,True,True,sobol_train_val,,,
97.0,2048.0,1.4054485885426402,0.2743552071042359,0.5418895188719034,0.4581104811280966,15,8,0.5333333333333333,2.374058187101036,0.598055568523705,100.0,102.91673136774877,0.992578842170472,0.2389884348680097,1123.260615859553,1133.2642868473968,True,True,True,True,True,True,sobol_train_val,,,
98.0,2048.0,1.908047318458557,0.0213930029422044,0.3110292065888643,0.6889707934111358,24,10,0.4166666666666667,3.784195466525852,0.4301174070686102,100.0,122.32504285146824,0.5457391961505617,5.125744494842025e-05,2375.922496811165,2383.8941170511853,True,True,True,True,True,True,sobol_train_val,,,
99.0,2048.0,1.7404798651114106,0.1548605136573314,0.6535226423293352,0.3464773576706648,11,4,0.3636363636363636,3.664743810798973,0.5220859948545694,100.0,107.7551381295649,0.9831671077872322,0.3517684209108427,1826.6790228325988,1833.410962373596,True,True,True,True,True,True,sobol_train_val,,,
100.0,2048.0,1.1960243079811337,0.1458680377341807,0.4992251846939325,0.5007748153060675,28,17,0.6071428571428571,1.771658520027995,0.4556980842724442,100.0,98.31945612999,0.9142473694897176,0.0035217646302388,1280.8204236728325,1298.5817388337855,True,True,True,True,True,True,sobol_train_val,,,
101.0,2048.0,1.074377682991326,0.2217384930700063,0.3738007739186286,0.6261992260813714,26,18,0.6923076923076923,2.8333015194162723,0.5415139885619282,100.0,98.467471780359,0.8093526838618773,0.0050439895744044,1528.6726311452398,1543.9432011361332,True,True,True,True,True,True,sobol_train_val,,,
102.0,2048.0,1.6121346335858109,0.0813495238311588,0.579661163687706,0.4203388363122939,13,5,0.3846153846153846,4.266003975737839,0.4860757317394018,100.0,106.9453166556188,0.9901704094661936,0.1456300801281625,2224.6890322150853,2238.299732907149,True,True,True,True,True,True,sobol_train_val,,,
103.0,2048.0,1.7863925909623504,0.24733671778813,0.4370456516742706,0.5629543483257293,20,10,0.5,3.1926157481968405,0.5663229826837778,100.0,115.33958670293303,0.9912199995383544,0.012649758491055,1484.82858241181,1505.3300624854164,True,True,True,True,True,True,sobol_train_val,,,
104.0,2048.0,1.2770952470600605,0.0507709890604019,0.6163430437445641,0.3836569562554359,20,11,0.55,1.3285411681048571,0.412434976734221,100.0,97.28502203819534,0.9849995488212028,0.091141155029765,1141.0939869346032,1155.8577008496056,True,True,True,True,True,True,sobol_train_val,,,
105.0,2048.0,1.3498396454378965,0.1801984461955726,0.4052739724516868,0.5947260275483132,15,7,0.4666666666666667,1.939686776138842,0.5310222502797842,100.0,105.6914028475909,0.8423950602944039,0.0192283003224747,1178.081109825922,1193.6482726798736,True,True,True,True,True,True,sobol_train_val,,,
106.0,2048.0,1.836695179343224,0.1143694600090384,0.6478530347347259,0.3521469652652741,25,13,0.52,3.392067321483045,0.4974467338994145,100.0,109.9931108803088,0.9998928281160674,0.2921987662596156,1795.936399523063,1804.66138770758,True,True,True,True,True,True,sobol_train_val,,,
107.0,2048.0,1.5149609679356215,0.2906111078336835,0.393640848994255,0.6063591510057449,18,12,0.6666666666666666,4.052151452377438,0.5550373578444123,100.0,110.40997207316656,0.8691102356694056,0.0124591147899495,1899.352902827516,1916.1001062251128,True,True,True,True,True,True,sobol_train_val,,,
108.0,2048.0,1.0485045854002235,0.0183123945258557,0.5596570566296577,0.4403429433703423,21,6,0.2857142857142857,2.2077543712221086,0.423036602512002,100.0,91.90852385770916,0.9697804191923756,0.0003410391188611,1564.5767858484635,1583.3500477429282,True,True,True,True,True,True,sobol_train_val,,,
109.0,2048.0,1.1769718946889045,0.2424991590902209,0.6852828834205865,0.3147171165794135,23,9,0.391304347826087,1.5706964311189948,0.5867821987718344,100.0,92.52299731494992,0.9948681774523728,0.4672700204636844,887.9597086574565,892.0238970640021,True,True,True,True,True,True,sobol_train_val,,,
110.0,2048.0,1.63648553006351,0.0640969212166965,0.4677037436515092,0.5322962563484908,16,10,0.625,3.052087478153408,0.4407067777588964,100.0,110.93903722103433,0.8254728584040865,0.0136666094182578,1920.450453531609,1935.2496605997103,True,True,True,True,True,True,sobol_train_val,,,
111.0,2048.0,1.965170598588884,0.1884829661808908,0.5220380056649446,0.4779619943350554,30,18,0.6,4.408231902401894,0.5115820014849305,100.0,116.39398134908372,0.999995791700736,0.0657227452259938,2139.260578191151,2157.4723999218404,True,True,True,True,True,True,sobol_train_val,,,
112.0,2048.0,1.4713723100721836,0.1037574866786599,0.3310218635946512,0.6689781364053489,10,5,0.5,2.586400182545185,0.4670813415199518,100.0,111.45296856650624,0.6055442691251244,0.0178045713487507,1681.8653914134852,1690.895664730694,True,True,True,True,True,True,sobol_train_val,,,
113.0,2048.0,1.445780836045742,0.2015324810519814,0.6265144310891628,0.3734855689108372,21,13,0.6190476190476191,2.896679538488388,0.4372217332944274,100.0,101.52529308457788,0.9998611826329636,0.1459500082798882,1810.5358584853675,1823.8113240900088,True,True,True,True,True,True,sobol_train_val,,,
114.0,2048.0,1.990722770802677,0.0980249664746224,0.420655546337366,0.579344453662634,19,6,0.3157894736842105,1.4185168641619383,0.5911463640630246,100.0,120.1955163922459,0.8544278488298352,0.120645722125705,823.3581211145215,834.8060151644297,True,True,True,True,True,True,sobol_train_val,,,
115.0,2048.0,1.6573160458356142,0.231744962465018,0.5632206983864307,0.4367793016135692,27,11,0.4074074074074074,2.5373653588816523,0.461240142583847,100.0,108.4840738961144,0.998833209934004,0.0543884243105219,1561.0670469917447,1578.8908623069565,True,True,True,True,True,True,sobol_train_val,,,
116.0,2048.0,1.1561802485957742,0.0722071750089526,0.3839248649775981,0.6160751350224019,13,7,0.5384615384615384,4.355979720968753,0.5167394397780299,100.0,100.74725119354054,0.7871333658530543,0.0068409732240587,2250.915857521016,2265.439022449294,True,True,True,True,True,True,sobol_train_val,,,
117.0,2048.0,1.0268498416990042,0.2962794779799878,0.4578901004046201,0.5421098995953799,12,7,0.5833333333333334,3.343038546200842,0.4804848408326506,100.0,94.19185893641544,0.8636105110782811,0.0192143691921825,1948.7533072200115,1964.5054628992232,True,True,True,True,True,True,sobol_train_val,,,
118.0,2048.0,1.5366373704746366,0.0053451972082257,0.6887488719075918,0.3112511280924082,28,14,0.5,1.8874284479767085,0.5469093762338162,100.0,102.0784003821451,0.9995519542798026,0.4312622648202015,1076.3518908358155,1081.3922392601066,True,True,True,True,True,True,sobol_train_val,,,
119.0,2048.0,1.8614014200866225,0.1721705278381705,0.3461104717105627,0.6538895282894372,16,6,0.375,2.052352971676737,0.4052818179130554,100.0,120.07285892338211,0.5809321477250282,0.0015290067976792,1578.5730375894875,1587.1604251453953,True,True,True,True,True,True,sobol_train_val,,,
120.0,2048.0,1.3251112243160603,0.1250594886951148,0.5004064302891492,0.4995935697108508,24,16,0.6666666666666666,3.899965443648398,0.5732810197398066,100.0,101.9975545174692,0.9999884502256786,0.1285468509346581,1734.748684884353,1749.3227461360102,True,True,True,True,True,True,sobol_train_val,,,
121.0,2048.0,1.2982614412903786,0.253272870182991,0.3145943742245435,0.6854056257754564,29,9,0.3103448275862069,4.112206835579127,0.4918558947741985,100.0,107.34358430283874,0.6191084863252795,9.618305527492003e-07,2298.641564326504,2307.364584341093,True,True,True,True,True,True,sobol_train_val,,,
122.0,2048.0,1.765204201452434,0.0380715929903089,0.5321720089763402,0.4678279910236598,11,7,0.6363636363636364,2.6762885950505733,0.5364175861701369,100.0,111.85404212590004,0.9674408212524362,0.1559990844233734,1399.7963674985008,1412.6817142277546,True,True,True,True,True,True,sobol_train_val,,,
123.0,2048.0,1.5859632808715105,0.213392420578748,0.4778881069272756,0.5221118930727244,23,12,0.5217391304347826,1.2746713151223956,0.415883400849998,100.0,109.41471631973916,0.8139715341124644,0.0058561629426867,1130.2175597685332,1144.7140359948792,True,True,True,True,True,True,sobol_train_val,,,
124.0,2048.0,1.10057067964226,0.0917214151471853,0.6689026903361082,0.3310973096638918,17,8,0.4705882352941176,3.141975841484964,0.5619954377412796,100.0,90.60765570913723,0.9988392188670806,0.4117588616261379,1520.5101238439029,1525.75273694674,True,True,True,True,True,True,sobol_train_val,,,
125.0,2048.0,1.2211272921413183,0.1676239357329905,0.5947482459247112,0.4052517540752888,18,8,0.4444444444444444,3.73033215366304,0.4478111557662487,100.0,96.2813895372144,0.9988775207563636,0.0964179935070009,2177.2963366028343,2192.6265413781102,True,True,True,True,True,True,sobol_train_val,,,
126.0,2048.0,1.715415765531361,0.1398494057357311,0.3521707244217396,0.6478292755782604,22,13,0.5909090909090909,2.323411838617176,0.5798729425296187,100.0,116.62885796609096,0.8193014387776968,0.0137288342334503,1180.953070662414,1196.1424817299005,True,True,True,True,True,True,sobol_train_val,,,
127.0,2048.0,1.885751750320196,0.2639008540660142,0.6065278746187687,0.3934721253812313,14,9,0.6428571428571429,1.6178674282506107,0.4726233569905161,100.0,112.21117164283017,0.9704943422902702,0.2003956253996792,1128.438748021448,1139.5215168765806,True,True,True,True,True,True,sobol_train_val,,,
128.0,2048.0,1.4277048697695136,0.0298030835576355,0.4405131660401821,0.5594868339598179,26,10,0.3846153846153846,3.507724739704281,0.5062354892492295,100.0,106.63295675984232,0.892095535427362,5.561377069463933e-05,1879.1468197430845,1897.0750666530405,True,True,True,True,True,True,sobol_train_val,,,
129.0,2048.0,1.4243699871003628,0.1928600474260747,0.5917629584670067,0.4082370415329933,13,9,0.6923076923076923,2.549401044566184,0.4180018879473209,100.0,101.95723975011282,0.9608829716835208,0.0778295703518914,1721.0597541847476,1736.0246927615708,True,True,True,True,True,True,sobol_train_val,,,
130.0,2048.0,1.887164263986051,0.1087577076628804,0.3616842925548553,0.6383157074451447,27,9,0.3333333333333333,4.445356999151408,0.5593898495659232,100.0,120.07384292472614,0.8208405001764175,2.5521280856332096e-05,2016.4357068467648,2032.447776665428,True,True,True,True,True,True,sobol_train_val,,,
131.0,2048.0,1.7147359158843756,0.2375012224540114,0.6034453123807907,0.3965546876192093,19,9,0.4736842105263157,3.011840433161706,0.4928135050460696,100.0,108.6096541924722,0.998306388786268,0.1970678956183572,1663.3834470659538,1675.235779689045,True,True,True,True,True,True,sobol_train_val,,,
132.0,2048.0,1.223729987628758,0.0597221243195235,0.4499286964535713,0.5500713035464286,21,12,0.5714285714285714,1.6110189333558085,0.5357518121600151,100.0,100.66353663918484,0.9261127112992016,0.0372954853635341,1025.5209166244242,1042.4898629152028,True,True,True,True,True,True,sobol_train_val,,,
133.0,2048.0,1.0952540654689074,0.2856109136715531,0.3239187333732843,0.6760812666267157,24,13,0.5416666666666666,2.193294913507998,0.4747415460646152,100.0,100.8432986056552,0.6161173279269551,0.0006278630086363,1498.305121718657,1508.3061054027453,True,True,True,True,True,True,sobol_train_val,,,
134.0,2048.0,1.593202740885317,0.0139353222213685,0.5289975125342607,0.4710024874657392,16,7,0.4375,4.066686465684325,0.5036294123157858,100.0,108.00672634915838,0.995959374840637,0.0687564190478513,2066.2759152119584,2083.6637333447534,True,True,True,True,True,True,sobol_train_val,,,
135.0,2048.0,1.758697398006916,0.1845732341520488,0.4871144283562898,0.5128855716437102,28,10,0.3571428571428571,3.380855672433972,0.4487692547962069,100.0,113.11234408164228,0.8836700012382528,1.7687782845976857e-05,2016.511632512013,2033.7482553278228,True,True,True,True,True,True,sobol_train_val,,,
136.0,2048.0,1.302845875732601,0.1193673698231577,0.6656309191137552,0.3343690808862448,12,7,0.5833333333333334,1.951024285610765,0.5792074665427208,100.0,96.65797397291328,0.9914536838001412,0.4289218719103988,1033.1159009321077,1037.9524453138372,True,True,True,True,True,True,sobol_train_val,,,
137.0,2048.0,1.3238515369594095,0.2523002953268587,0.4548174563795328,0.5451825436204671,17,7,0.4117647058823529,1.3399793794378638,0.4603435089811682,100.0,103.37656674565584,0.8329114806860435,0.0115854047065713,1081.9995871602332,1097.226246428962,True,True,True,True,True,True,sobol_train_val,,,
138.0,2048.0,1.8646449884399767,0.0551846869289875,0.6981773722916841,0.3018226277083159,23,15,0.6521739130434783,3.1815048133023085,0.5173442132771016,100.0,109.17836367939556,0.99996365499454,0.4166262612567659,1640.510384126453,1645.9962601953218,True,True,True,True,True,True,sobol_train_val,,,
139.0,2048.0,1.534126466140151,0.2173270884901285,0.3431351024657487,0.6568648975342513,11,6,0.5454545454545454,4.280639690905809,0.4351399257779121,100.0,112.6195368946294,0.6005656305943111,0.0089618413219396,2619.831226258488,2628.8751564960094,True,True,True,True,True,True,sobol_train_val,,,
140.0,2048.0,1.0273773418739438,0.0763882395811379,0.5099329683929681,0.4900670316070319,29,14,0.4827586206896552,2.818942775856703,0.5937152964994311,100.0,92.64162490772162,0.9999197434257002,0.1746098630318647,1304.615685407265,1316.9229384026785,True,True,True,True,True,True,sobol_train_val,,,
141.0,2048.0,1.1490325797349217,0.1504468068480491,0.6357537224888801,0.3642462775111199,26,11,0.4230769230769231,1.81208173641935,0.4043847193941474,100.0,92.99566711908,0.9984895159917834,0.1014696343273806,1400.7595784439063,1415.1462183563258,True,True,True,True,True,True,sobol_train_val,,,
142.0,2048.0,1.662480310536921,0.1409044333733618,0.4173936933279037,0.5826063066720963,14,7,0.5,3.6245974676683534,0.5738855190575123,100.0,113.18390062014868,0.9490126441850668,0.022674818546132,1630.7413369010828,1649.3265807802102,True,True,True,True,True,True,sobol_train_val,,,
143.0,2048.0,1.9862911626696589,0.279316518176347,0.5725580275058746,0.4274419724941254,22,14,0.6363636363636364,3.821421277429908,0.4784033074975014,100.0,115.2718060825082,0.9999166316370466,0.1066017062526621,2035.6977027105013,2051.4161125277765,True,True,True,True,True,True,sobol_train_val,,,
144.0,2048.0,1.4521963251754642,0.025804416462779,0.3807602867484092,0.6192397132515908,18,6,0.3333333333333333,2.337159750983119,0.549478773586452,100.0,109.24122435829275,0.8414678820878853,0.0030273639324136,1279.6149506049178,1296.0211669970313,True,True,True,True,True,True,sobol_train_val,,,
145.0,2048.0,1.4744611447677016,0.268901066109538,0.6758622031658887,0.3241377968341112,28,16,0.5714285714285714,3.4706311818212265,0.5540430527180433,100.0,100.89434737368845,0.999990713525798,0.4149667686103315,1641.811624012891,1647.697000872554,True,True,True,True,True,True,sobol_train_val,,,
146.0,2048.0,1.9640041328966615,0.0341801737435162,0.4707849707454442,0.5292150292545558,12,6,0.5,1.6548855288885531,0.4235438065603376,100.0,117.99858756979376,0.7878550538433364,0.0392440782497621,1289.7191154707302,1302.2595394092386,True,True,True,True,True,True,sobol_train_val,,,
147.0,2048.0,1.6374076129868629,0.1632491298951208,0.5125200506299734,0.4874799493700266,25,9,0.36,2.2830703737214204,0.5288426527753473,100.0,109.55578783754152,0.9929037029869494,0.0845262600753183,1269.608484453083,1286.271548631612,True,True,True,True,True,True,sobol_train_val,,,
148.0,2048.0,1.1741269659250977,0.1348514780402183,0.3340050529688596,0.6659949470311404,15,10,0.6666666666666666,3.770547659788281,0.4999181676656007,100.0,102.99018210317212,0.6576031346883495,0.0103013874607271,2112.24263705604,2123.030975990402,True,True,True,True,True,True,sobol_train_val,,,
149.0,2048.0,1.0535789662972093,0.2090153572149574,0.4085566155612468,0.5914433844387532,19,12,0.631578947368421,3.1274093876592817,0.5105873983353376,100.0,96.64292821375336,0.8283067665234651,0.006207699505264,1753.1602015826916,1768.8129140041797,True,True,True,True,True,True,sobol_train_val,,,
150.0,2048.0,1.507963741198182,0.0867212120443582,0.6386337704956531,0.3613662295043469,20,7,0.35,1.2891119085252285,0.4675880568102002,100.0,102.74909595059704,0.9703652806524437,0.260913652000546,1010.0626084514392,1018.8959227584576,True,True,True,True,True,True,sobol_train_val,,,
151.0,2048.0,1.8434480307623744,0.2582707889378071,0.3968254543840885,0.6031745456159114,13,5,0.3846153846153846,2.664969949889928,0.5846030900254846,100.0,117.92701824505212,0.8966552757066044,0.0416597017372107,1264.4296869675995,1280.5049616036886,True,True,True,True,True,True,sobol_train_val,,,
153.0,2048.0,1.2781088864430783,0.1765842167660594,0.3642729006707668,0.6357270993292332,21,10,0.4761904761904761,3.911107831355184,0.5243021534755826,100.0,105.04638207850267,0.7652677396455201,0.0004521975898539,2027.7328525837609,2041.9954174230888,True,True,True,True,True,True,sobol_train_val,,,
154.0,2048.0,1.7833950705826285,0.1300230751745403,0.5826313830912113,0.4173686169087887,18,11,0.6111111111111112,2.0409336123615502,0.4531900655478239,100.0,110.73512234105608,0.993472634331774,0.0869040181617519,1357.3893716944754,1373.477352611325,True,True,True,True,True,True,sobol_train_val,,,
155.0,2048.0,1.6148877711966634,0.2913181847892701,0.4276150532066822,0.5723849467933178,25,17,0.68,1.9017683395184573,0.5991109687834978,100.0,111.72525159267308,0.9478891565410164,0.0794845689070948,964.5843248634347,980.096729324018,True,True,True,True,True,True,sobol_train_val,,,
156.0,2048.0,1.073607949540019,0.0009338015690445,0.6194113008677959,0.380588699132204,14,5,0.3571428571428571,3.328371378220617,0.4295491317287088,100.0,91.06907612235044,0.9923484487104332,0.1241384002180867,2074.9272628539925,2088.5333654068645,True,True,True,True,True,True,sobol_train_val,,,
157.0,2048.0,1.202929743565619,0.2267813670448958,0.5450611542910337,0.4549388457089662,10,3,0.3,4.396094512939453,0.5685386763885617,100.0,97.16618750140016,0.9661463394390256,0.2255017044247855,1955.7634818916551,1965.657607345724,True,True,True,True,True,True,sobol_train_val,,,
158.0,2048.0,1.735557833686471,0.0677934592589735,0.3017027493566274,0.6982972506433726,30,19,0.6333333333333333,2.4969231921248136,0.4099266838282347,100.0,118.89146120964016,0.5109882531735217,0.0004448118144969,1815.695653942491,1822.7123250337463,True,True,True,True,True,True,sobol_train_val,,,
159.0,2048.0,1.912724974565208,0.2059439035132527,0.6567923154681921,0.3432076845318079,17,9,0.5294117647058824,1.4554342506453395,0.5425696630030871,100.0,111.32320975279418,0.9838092016309056,0.3810907676000545,914.6290962229946,920.6989423009892,True,True,True,True,True,True,sobol_train_val,,,
160.0,2048.0,1.3987870514392853,0.1029862686060369,0.489996002241969,0.510003997758031,23,10,0.4347826086956521,2.85948527874425,0.4855079213157296,100.0,104.3115345793504,0.9518524343410728,0.000573035648725,1659.106343701265,1678.5735244479984,True,True,True,True,True,True,sobol_train_val,,,
161.0,2048.0,1.3772270334884524,0.2396974177099764,0.3442709717899561,0.6557290282100439,27,17,0.6296296296296297,3.2782200166024262,0.525889790058136,100.0,108.49961043799529,0.7247753232076761,0.0012175663890815,1763.8686254469794,1776.9643377217826,True,True,True,True,True,True,sobol_train_val,,,
162.0,2048.0,1.9343149587512016,0.0619177468121051,0.502474607899785,0.4975253921002149,14,5,0.3571428571428571,1.8487947011366488,0.4954516349360346,100.0,116.37740080234806,0.924866626596218,0.0723248788228609,1183.6620232576329,1199.047276433963,True,True,True,True,True,True,sobol_train_val,,,
163.0,2048.0,1.729654268361628,0.1906618539243936,0.4575885940343141,0.5424114059656859,21,9,0.4285714285714285,2.090684508439153,0.5506970858201384,100.0,113.40691632937018,0.9741446764669616,0.0361371961613439,1140.441374901772,1159.1253299612458,True,True,True,True,True,True,sobol_train_val,,,
164.0,2048.0,1.2088041175156832,0.106558942515403,0.689230227842927,0.310769772157073,20,11,0.55,3.964481935277581,0.4218091689050198,100.0,93.3605081975295,0.9999193236641732,0.2633561421625905,2393.426980913372,2402.252242807181,True,True,True,True,True,True,sobol_train_val,,,
165.0,2048.0,1.0793592678382993,0.1823776111006736,0.5650509402155877,0.4349490597844123,15,9,0.6,2.909230071119964,0.5824280440807342,100.0,92.764096813339,0.9985620139207336,0.254245479215489,1369.5646401598733,1379.0259034086932,True,True,True,True,True,True,sobol_train_val,,,
166.0,2048.0,1.6091052945703268,0.1171711751259863,0.3818472266197204,0.6181527733802796,25,12,0.48,1.508814458269626,0.4394897935912013,100.0,113.11716316497836,0.6804798151901239,0.0009824960066979,1219.2295553659296,1230.6661990124735,True,True,True,True,True,True,sobol_train_val,,,
167.0,2048.0,1.8048639139160516,0.287809679377824,0.6268553167581559,0.3731446832418441,12,4,0.3333333333333333,2.4467653334140778,0.5064636146649718,100.0,109.9125049908277,0.9691470536456293,0.2933006713251573,1394.735765959444,1402.8363484743304,True,True,True,True,True,True,sobol_train_val,,,
168.0,2048.0,1.2566718570888042,0.016133515164256,0.4202137485146522,0.5797862514853478,29,20,0.6896551724137931,4.343127371650189,0.4650756023824215,100.0,102.57571398072292,0.7847657821365163,0.0008873189161957,2475.5015074949,2489.9462698837992,True,True,True,True,True,True,sobol_train_val,,,
169.0,2048.0,1.3704470796510575,0.2242106362245977,0.6093406811356544,0.3906593188643456,24,7,0.2916666666666667,3.717580217309296,0.5961550561711192,100.0,100.0401705523413,0.9972690838504652,0.346553066208362,1578.614312492409,1585.4594699044424,True,True,True,True,True,True,sobol_train_val,,,
170.0,2048.0,1.818041689693928,0.0832723589614033,0.4378557950258255,0.5621442049741745,17,11,0.6470588235294118,2.2329128162004053,0.425079545378685,100.0,116.00444364594084,0.7478266819672262,0.0186209172743359,1584.026774390839,1596.3767451647716,True,True,True,True,True,True,sobol_train_val,,,
171.0,2048.0,1.5178062031045556,0.2454141682013869,0.5960230588912964,0.4039769411087036,30,15,0.5,1.7082660254091024,0.5209592394530773,100.0,104.1972995485055,0.9988191342399768,0.2256389396726345,1068.334380159423,1079.1233963121265,True,True,True,True,True,True,sobol_train_val,,,
172.0,2048.0,1.0437051076442003,0.048299132566899,0.3511001750826835,0.6488998249173165,10,4,0.4,3.520375685300678,0.4514584785327315,100.0,98.20484951543772,0.6349430254054917,0.0062192049134362,2215.266578751341,2225.380077501692,True,True,True,True,True,True,sobol_train_val,,,
173.0,2048.0,1.1643761591985822,0.272432398237288,0.4750902537256479,0.5249097462743522,15,7,0.4666666666666667,4.176823936868459,0.5403976706787944,100.0,98.0948426381786,0.9947290625686362,0.033122206142273,1990.066565975794,2009.160533716985,True,True,True,True,True,True,sobol_train_val,,,
174.0,2048.0,1.64712898992002,0.0189208692871034,0.671575217321515,0.3284247826784849,26,15,0.5769230769230769,2.7147209381684663,0.4818222552537918,100.0,105.15261645566471,0.9999421654087582,0.3184315088832117,1576.9241007172377,1584.742472088196,True,True,True,True,True,True,sobol_train_val,,,
175.0,2048.0,1.9387189438566568,0.1573323617689311,0.3132858771830797,0.6867141228169202,19,12,0.631578947368421,1.2361383746378125,0.5644118420779705,100.0,122.88553819504278,0.6520171543313268,0.0518682736590725,837.6059913081924,846.6655746780946,True,True,True,True,True,True,sobol_train_val,,,
176.0,2048.0,1.4997760616242886,0.1477905599400401,0.5332086954265832,0.4667913045734168,22,9,0.4090909090909091,3.077257921546697,0.4074111765250564,100.0,105.59602491510547,0.8996448733348134,0.0002207660775779,2031.2099586891115,2048.0962930538226,True,True,True,True,True,True,sobol_train_val,,,
177.0,2048.0,1.4580722153186798,0.1657381502911448,0.434975653141737,0.565024346858263,12,7,0.5833333333333334,2.7687857039272785,0.4898608330637216,100.0,107.60085431627355,0.8236371738780357,0.0302263955368134,1640.936998030652,1655.3109858362163,True,True,True,True,True,True,sobol_train_val,,,
178.0,2048.0,1.9803853062912824,0.1373410711996257,0.6181778557598591,0.3818221442401409,28,11,0.3928571428571428,4.227671762835234,0.5312854701653122,100.0,113.80178639509523,0.999752179081119,0.2815400854893202,1983.9108357719235,1993.0818010475543,True,True,True,True,True,True,sobol_train_val,,,
179.0,2048.0,1.6840718183666468,0.2664094752632081,0.3733177818357944,0.6266822181642056,16,5,0.3125,3.2312503924593328,0.4146557303145528,100.0,115.1743275621663,0.6374590809181985,0.0004458902980869,2153.3125305119265,2163.426539534456,True,True,True,True,True,True,sobol_train_val,,,
180.0,2048.0,1.1274702632799745,0.0316891545429825,0.5799577973783017,0.4200422026216983,24,15,0.625,1.393358800280839,0.5576550211757422,100.0,93.86979570694638,0.995467248209846,0.2503682437355302,886.8486986540604,896.4651298781529,True,True,True,True,True,True,sobol_train_val,,,
181.0,2048.0,1.0059380810707808,0.2557811963371932,0.6556076090782881,0.3443923909217119,21,14,0.6666666666666666,2.386911433842033,0.4465943995863199,100.0,87.86377168969386,0.9999311187431296,0.2289334674047205,1577.643294568,1587.605502042848,True,True,True,True,True,True,sobol_train_val,,,
182.0,2048.0,1.5555968852713704,0.0399573510512709,0.497405519708991,0.502594480291009,19,7,0.3684210526315789,3.874794594570994,0.5755189413204789,100.0,108.06859325015635,0.9953572498741547,0.1301462313066474,1702.74950798638,1717.2725911260318,True,True,True,True,True,True,sobol_train_val,,,
183.0,2048.0,1.8588602729141712,0.2115063758566975,0.5423388417810201,0.4576611582189799,27,13,0.4814814814814814,3.5744468928314745,0.4706175716593861,100.0,113.56508606594969,0.999850638809452,0.0276881533966559,1968.8618523800112,1988.3326015500463,True,True,True,True,True,True,sobol_train_val,,,
184.0,2048.0,1.3296044385060668,0.0892128034494817,0.3106987010687589,0.689301298931241,13,7,0.5384615384615384,1.75910731125623,0.5011167671531439,100.0,108.36633324408103,0.6052057209100032,0.0175046892883241,1218.4000459081392,1227.5563413413,True,True,True,True,True,True,sobol_train_val,,,
185.0,2048.0,1.292973831295967,0.2984948437660932,0.5246906887739896,0.4753093112260104,18,8,0.4444444444444444,1.558044612687081,0.4321842039003968,100.0,100.36947873215928,0.916885660624806,0.0094252668588632,1227.3831250070457,1244.6124045825804,True,True,True,True,True,True,sobol_train_val,,,
186.0,2048.0,1.76853786688298,0.0081098889000713,0.3282072361558675,0.6717927638441324,22,11,0.5,2.9616897538304325,0.5892459008842706,100.0,118.67714316583316,0.7945088743414932,0.0031565627574985,1379.286049643101,1394.2198937429316,True,True,True,True,True,True,sobol_train_val,,,
187.0,2048.0,1.5677982214838266,0.1694055506028235,0.6863485600799322,0.3136514399200678,14,9,0.6428571428571429,4.49873022409156,0.4570004042237997,100.0,102.89234181316344,0.9994675350739078,0.3143050871381764,2453.630170328745,2461.4133542454074,True,True,True,True,True,True,sobol_train_val,,,
188.0,2048.0,1.1206899816170337,0.1228438362479209,0.466427294537425,0.533572705462575,26,8,0.3076923076923077,2.599152819626033,0.5156124355271459,100.0,97.0008912435436,0.9628712440173628,6.877893731166372e-05,1470.924782317443,1490.8225013095862,True,True,True,True,True,True,sobol_train_val,,,
189.0,2048.0,1.2490428518503904,0.1987678167410194,0.3909788988530636,0.6090211011469364,29,11,0.3793103448275862,2.0044039953500032,0.476231505908072,100.0,103.30980784655674,0.7464370370158275,4.037231748522216e-05,1371.4661174635974,1384.9848634432612,True,True,True,True,True,True,sobol_train_val,,,
190.0,2048.0,1.689452481456101,0.0958096090704202,0.5624622382223605,0.4375377617776395,11,7,0.6363636363636364,3.430600962694734,0.5457932982593775,100.0,109.2431387884127,0.9888644989950238,0.2076086714873832,1649.9870122101102,1661.3268247550964,True,True,True,True,True,True,sobol_train_val,,,
191.0,2048.0,1.8968835808336733,0.2339606054127216,0.4042476661503315,0.5957523338496685,23,14,0.6086956521739131,4.013718236424029,0.4002576943486929,100.0,118.81250494602097,0.6733295224422468,0.0010576782097525,2582.40721798717,2593.258322811788,True,True,True,True,True,True,sobol_train_val,,,
192.0,2048.0,1.4146209424361589,0.074972125981003,0.6491690568625926,0.3508309431374073,17,8,0.4705882352941176,2.1431381427682936,0.5713698210194706,100.0,100.09589930087571,0.9952692360153252,0.3895318937050619,1114.796376357728,1120.6256734175372,True,True,True,True,True,True,sobol_train_val,,,
193.0,2048.0,1.4103619735687971,0.2893665689975023,0.4139368008822202,0.5860631991177798,22,8,0.3636363636363636,1.7823998582549394,0.5859381720423699,100.0,107.0391486658969,0.9332912474743416,0.0469306460992935,965.7289862153748,982.424852862117,True,True,True,True,True,True,sobol_train_val,,,
194.0,2048.0,1.901180979795754,0.0172189098782837,0.633076774701476,0.3669232252985239,18,11,0.6111111111111112,3.6525673834607,0.4414497150108218,100.0,111.7616307744396,0.9996192539324446,0.1692967229814812,2109.8257789019663,2122.4951091481585,True,True,True,True,True,True,sobol_train_val,,,
195.0,2048.0,1.7005323953926563,0.1791003928519785,0.3756190385669469,0.6243809614330531,26,14,0.5384615384615384,3.79173932550475,0.5123283704742789,100.0,115.47471087997748,0.7698022190859287,0.0004141697072724,1993.3064886329907,2007.7280530598264,True,True,True,True,True,True,sobol_train_val,,,
196.0,2048.0,1.237925044260919,0.1131294898688793,0.5713212948292494,0.4286787051707506,14,6,0.4285714285714285,2.365129593014717,0.4662407495081425,100.0,97.43490837769993,0.9858500348848294,0.0967548884769044,1500.3164907156329,1515.5362909676876,True,True,True,True,True,True,sobol_train_val,,,
197.0,2048.0,1.1164004504680634,0.189584453869611,0.6955066405236721,0.3044933594763279,11,5,0.4545454545454545,1.3102970832958818,0.5301808938384056,100.0,90.41128959622802,0.9732548588834596,0.4493805458144512,914.0030700499988,918.1479167293536,True,True,True,True,True,True,sobol_train_val,,,
198.0,2048.0,1.5720650581642983,0.1050100442022085,0.4513665534555912,0.5486334465444088,29,17,0.5862068965517241,3.2094750978983937,0.4981923414394259,100.0,109.92352114046167,0.8987691030170257,0.0007311891737748,1771.1631843695066,1789.253640644279,True,True,True,True,True,True,sobol_train_val,,,
199.0,2048.0,1.779648283496499,0.243747130036354,0.5087022133171558,0.4912977866828442,17,12,0.7058823529411765,4.250957370176911,0.5557810565456748,100.0,112.89664701823231,0.9994971010222878,0.1164116551265165,1901.9068238955333,1917.3329642340689,True,True,True,True,True,True,sobol_train_val,,,
200.0,2048.0,1.2818865263834596,0.0652029954828321,0.3380000822246074,0.6619999177753926,23,8,0.3478260869565217,2.8469130358658727,0.4221933402121067,100.0,106.05548377587746,0.5849528090219318,2.5121397849056795e-05,1976.191936430523,1985.0867521370897,True,True,True,True,True,True,sobol_train_val,,,
201.0,2048.0,1.340958995744586,0.1560981949791312,0.5269797436892986,0.4730202563107014,28,18,0.6428571428571429,2.22297720964998,0.5407951338216662,100.0,101.63153518732577,0.9999405009707356,0.1253637384688913,1227.1084924652023,1241.8667926308913,True,True,True,True,True,True,sobol_train_val,,,
202.0,2048.0,1.847528827376664,0.1469638022594153,0.3195585198700428,0.6804414801299572,12,4,0.3333333333333333,4.038716181088239,0.4868949130177498,100.0,120.72371020600592,0.6197666750208425,0.0031901277328727,2239.290006233808,2249.3237136319844,True,True,True,True,True,True,sobol_train_val,,,
203.0,2048.0,1.5510632134974005,0.2754464029334485,0.6652975060045718,0.3347024939954282,24,10,0.4166666666666667,3.41053799316287,0.567139495164156,100.0,103.06407338438476,0.9995442809859786,0.4101888430782393,1569.8471834819115,1575.3318821513435,True,True,True,True,True,True,sobol_train_val,,,
204.0,2048.0,1.0104490583762529,0.0226352529600262,0.4813139997422695,0.5186860002577305,16,8,0.5,1.923054025601596,0.4117134502157569,100.0,92.91918505490764,0.8145155821014426,0.0052121859571816,1499.0027736460786,1513.2779825718544,True,True,True,True,True,True,sobol_train_val,,,
205.0,2048.0,1.1387943178415298,0.2462329323403537,0.3573300700634718,0.6426699299365282,19,11,0.5789473684210527,2.5790829227305947,0.597333280555904,100.0,101.09291579448302,0.868764148839057,0.0125716502751798,1237.0892778774348,1253.539227602782,True,True,True,True,True,True,sobol_train_val,,,
206.0,2048.0,1.6727098701521754,0.0495253069326281,0.5897514071315526,0.4102485928684474,21,10,0.4761904761904761,4.417387083359063,0.4309331551194191,100.0,108.0564623176624,0.9996693619743774,0.0484171210672384,2523.328699712948,2541.0342485013657,True,True,True,True,True,True,sobol_train_val,,,
207.0,2048.0,1.9758821967989209,0.2204882243648171,0.444134497269988,0.5558655027300119,13,5,0.3846153846153846,3.041522385086864,0.5229059405624866,100.0,119.11181087129523,0.9057908191124572,0.0229356039325037,1591.4177125670792,1608.8166507200665,True,True,True,True,True,True,sobol_train_val,,,
208.0,2048.0,1.4626137549057605,0.080250324960798,0.6031178783625364,0.3968821216374636,27,18,0.6666666666666666,1.58304909132421,0.4549799909815192,100.0,102.61388283865654,0.9992872899440676,0.1285488236153038,1161.673254586128,1175.8667229519483,True,True,True,True,True,True,sobol_train_val,,,
209.0,2048.0,1.4876814233139155,0.2144973537884652,0.3044698193669319,0.695530180633068,17,7,0.4117647058823529,4.366513342782855,0.4469915438443422,100.0,112.81780174811593,0.550309372540507,0.0003225638452763,2626.0322929449826,2634.2305083790684,True,True,True,True,True,True,sobol_train_val,,,
210.0,2048.0,1.9507751520723104,0.0929682472720742,0.5486114114522933,0.4513885885477067,24,13,0.5416666666666666,2.5249938159249723,0.5805914649739862,100.0,115.28087773148523,0.999206278895079,0.2231103560464812,1198.3629489334878,1209.421378891714,True,True,True,True,True,True,sobol_train_val,,,
211.0,2048.0,1.650449558161199,0.2545242888852954,0.491127735376358,0.508872264623642,10,6,0.6,1.4258530067279933,0.4733453111723065,100.0,110.52530065727144,0.8219855801300637,0.1230080236516652,1082.6865870969996,1093.110947696382,True,True,True,True,True,True,sobol_train_val,,,
212.0,2048.0,1.1610934846103191,0.0391719396226108,0.6618314251303672,0.3381685748696328,30,10,0.3333333333333333,2.887555828783661,0.5054193120449781,100.0,92.66359027600214,0.9995630785751528,0.331352794104834,1606.7399402498727,1613.987886860629,True,True,True,True,True,True,sobol_train_val,,,
213.0,2048.0,1.031641031615436,0.2626643138006329,0.5861876670271158,0.4138123329728842,25,9,0.36,3.881526243221015,0.491038953140378,100.0,90.602839770601,0.9995693888273302,0.157741960116113,2088.779902833353,2101.705633992735,True,True,True,True,True,True,sobol_train_val,,,
214.0,2048.0,1.529892973601818,0.028708457853645,0.3670461524277925,0.6329538475722074,15,10,0.6666666666666666,2.069004604965448,0.5371387789025903,100.0,111.68579840510444,0.7447735821212947,0.0415528369885392,1224.1859293154432,1236.0696639197572,True,True,True,True,True,True,sobol_train_val,,,
215.0,2048.0,1.821331755258143,0.166533878725022,0.6244565803557633,0.3755434196442366,22,12,0.5454545454545454,1.872186726797372,0.4166026847437024,100.0,110.33404013536556,0.997439530294902,0.1021426941909022,1364.842821160826,1379.856097780674,True,True,True,True,True,True,sobol_train_val,,,
216.0,2048.0,1.3671339023858309,0.1386082967743277,0.4287528250366449,0.5712471749633551,19,9,0.4736842105263157,3.3564423462376,0.5611765902489424,100.0,105.39738158771053,0.9717971687557796,0.0041233897450947,1592.8387518348093,1613.0403297272987,True,True,True,True,True,True,sobol_train_val,,,
217.0,2048.0,1.2602060632780194,0.2306423270143568,0.6428920362144708,0.3571079637855292,14,7,0.5,3.156990975793451,0.4797415712848306,100.0,96.0776028604492,0.9971906967431844,0.2586710393635057,1800.3572292598085,1809.693798797197,True,True,True,True,True,True,sobol_train_val,,,
218.0,2048.0,1.8013065960258243,0.0709534674882888,0.4104691941291093,0.5895308058708906,27,12,0.4444444444444444,1.2610409159213305,0.5477529723197222,100.0,116.5505898227472,0.836751316919662,0.0585179079658535,859.6706531529052,873.3555129959861,True,True,True,True,True,True,sobol_train_val,,,
219.0,2048.0,1.5967970779165626,0.2002833601087331,0.5562341202050447,0.4437658797949553,20,6,0.3,2.694551562611013,0.4061227452009917,100.0,107.27375043034992,0.9363760932634057,0.0003687778040296,1824.75192860174,1842.642866452706,True,True,True,True,True,True,sobol_train_val,,,
220.0,2048.0,1.0916901789605618,0.0969177444465458,0.3972491804510354,0.6027508195489646,20,13,0.65,4.095378957130015,0.5725350784137845,100.0,98.2627405511014,0.920900837991926,0.0062861788839233,1855.623430459852,1874.023855549163,True,True,True,True,True,True,sobol_train_val,,,
221.0,2048.0,1.2123688263818622,0.1734139256179332,0.4727037295699119,0.5272962704300881,25,17,0.68,3.500212351977825,0.4364750305190683,100.0,99.61689016869452,0.836968616784025,0.0023966787091476,2181.825325946776,2197.276568238402,True,True,True,True,True,True,sobol_train_val,,,
222.0,2048.0,1.726127453148365,0.1261518345214426,0.6801264941692352,0.3198735058307648,16,6,0.375,1.6268149050883949,0.5919865269213915,100.0,106.69983593085766,0.9794605491706938,0.473817291476148,879.3343305526424,883.2442228203423,True,True,True,True,True,True,sobol_train_val,,,
223.0,2048.0,1.9219761798158288,0.2973763925023376,0.3344348162412643,0.6655651837587357,29,13,0.4482758620689655,2.3126516176387666,0.4620845030993223,100.0,121.7721220731854,0.6216347351847101,0.0001040108151151,1538.9975245829758,1549.084300844403,True,True,True,True,True,True,sobol_train_val,,,
224.0,2048.0,1.3895273823291063,0.0065840262919664,0.5184198215603828,0.4815801784396172,12,7,0.5833333333333334,3.7424771097488696,0.5159969316795469,100.0,103.19797235746093,0.9862661151803782,0.079566364108805,1904.9454095710469,1921.4716233365905,True,True,True,True,True,True,sobol_train_val,,,
225.0,2048.0,1.395493202842772,0.1862791975960135,0.6719012640416622,0.3280987359583378,18,6,0.3333333333333333,4.148346989694983,0.468876489251852,100.0,98.97974238883565,0.9972194756131422,0.3033942513267098,2263.424252784292,2271.439032382285,True,True,True,True,True,True,sobol_train_val,,,
226.0,2048.0,1.9160419944673777,0.1203088673762977,0.4808862246572971,0.5191137753427029,22,15,0.6818181818181818,2.744708530046045,0.5024641608819366,100.0,116.68651945183302,0.9446983909593514,0.021631621131774,1529.2603953862726,1547.7647990472487,True,True,True,True,True,True,sobol_train_val,,,
227.0,2048.0,1.7476257560774684,0.2821897624991834,0.5352189548313617,0.4647810451686383,15,8,0.5333333333333333,1.2076614028774202,0.4452591953799129,100.0,111.37204856274737,0.8923195966473728,0.0903135473266087,1021.4391548096586,1034.6845281324825,True,True,True,True,True,True,sobol_train_val,,,
228.0,2048.0,1.190839186310768,0.0100426750257611,0.3176417760550976,0.6823582239449024,25,12,0.48,3.107245488837361,0.5772477865219117,100.0,104.07193210690468,0.7508117240971142,0.0004069652372345,1516.1724651131872,1529.9732081752225,True,True,True,True,True,True,sobol_train_val,,,
229.0,2048.0,1.0702835386618972,0.2365677530877292,0.4436577927321195,0.5563422072678805,29,12,0.4137931034482758,3.689103688113392,0.4129177831113338,100.0,96.08292387483824,0.755713961692112,3.495430216808692e-06,2415.349113094728,2427.666193915978,True,True,True,True,True,True,sobol_train_val,,,
230.0,2048.0,1.6181742288172245,0.0580241901800036,0.6096729096025229,0.3903270903974771,10,5,0.5,2.2629000392742453,0.5590053593739868,100.0,106.21785456235108,0.972921168489455,0.3231098596192598,1186.8904319755152,1194.140753584638,True,True,True,True,True,True,sobol_train_val,,,
231.0,2048.0,1.7954934956505897,0.19676068816334,0.3554622437804937,0.6445377562195063,23,14,0.6086956521739131,1.6797894224524497,0.4885226843878626,100.0,118.31045453536524,0.6864632426552174,0.008908785899439,1179.3003610205574,1190.9040048207,True,True,True,True,True,True,sobol_train_val,,,
232.0,2048.0,1.2660488318651917,0.1121868512593209,0.5980393569916487,0.4019606430083513,16,6,0.375,3.55036283461377,0.5330111801624298,100.0,97.48394296418206,0.995008996020717,0.2502413775158761,1769.329435871188,1779.044762732513,True,True,True,True,True,True,sobol_train_val,,,
233.0,2048.0,1.3573517287150023,0.2779378551989793,0.3869840186089277,0.6130159813910723,11,7,0.6363636363636364,2.9377066003158685,0.4016569739207625,100.0,106.50400621102028,0.6314475119697465,0.0228102667222321,2076.470161671973,2085.465326465968,True,True,True,True,True,True,sobol_train_val,,,
234.0,2048.0,1.8311438355594876,0.0251261335797607,0.5662803079932928,0.4337196920067072,28,11,0.3928571428571428,1.4788272351957856,0.5695829801261425,100.0,112.25139814221676,0.9757159193549292,0.2568819728041779,872.7688109137001,882.1337822120612,True,True,True,True,True,True,sobol_train_val,,,
235.0,2048.0,1.5043951896950605,0.153609322104603,0.4236663278192281,0.5763336721807719,15,7,0.4666666666666667,2.4752419363707303,0.4780061691999435,100.0,109.14926107901864,0.8048844545496329,0.0073686852726872,1550.2697342789972,1565.1353741489534,True,True,True,True,True,True,sobol_train_val,,,
236.0,2048.0,1.0571095645427704,0.1444743566215038,0.6295247565954923,0.3704752434045076,24,14,0.5833333333333334,4.313140222337097,0.5444062439724803,100.0,90.2596300646888,0.9999909097471392,0.3194949805074251,2027.959243694526,2036.3408670732229,True,True,True,True,True,True,sobol_train_val,,,
237.0,2048.0,1.1864390289410949,0.2179973443038761,0.5037101559340953,0.4962898440659047,20,10,0.5,3.306696963775903,0.4583965485915541,100.0,97.89625476755045,0.9290815212827854,0.0011406330025992,1975.480611313461,1993.810824409315,True,True,True,True,True,True,sobol_train_val,,,
238.0,2048.0,1.6250729151070118,0.0777588721364736,0.3494137890636921,0.6505862109363079,20,9,0.45,1.818807109259069,0.5138226501643658,100.0,114.6173221312639,0.7145263601428327,0.003946651898692,1181.92324110019,1194.5999692536604,True,True,True,True,True,True,sobol_train_val,,,
239.0,2048.0,1.9604661436751485,0.2487223774194717,0.6919057048857211,0.3080942951142789,27,8,0.2962962962962963,2.119161480199545,0.4339618116617203,100.0,111.30819414451338,0.9949159466843328,0.2966786174014879,1431.9773154594495,1440.2250109749068,True,True,True,True,True,True,sobol_train_val,,,
240.0,2048.0,1.478022305294871,0.0520141803659498,0.4610473416745662,0.5389526583254338,13,8,0.6153846153846154,3.934494367986917,0.5878619818016886,100.0,107.2764374008517,0.9913039289280468,0.0892841288072273,1679.9960217620956,1696.21562570595,True,True,True,True,True,True,sobol_train_val,,,
241.0,2048.0,1.4410820621997118,0.2614102684892714,0.5565643195062875,0.4434356804937125,23,11,0.4782608695652174,1.9760277561843396,0.5078597392886877,100.0,103.41084120208694,0.996866815727158,0.1298996300965846,1210.2200230543513,1224.6795595180472,True,True,True,True,True,True,sobol_train_val,,,
242.0,2048.0,1.9973822543397544,0.0460573464632034,0.3905476618558168,0.6094523381441832,17,9,0.5294117647058824,3.460689262580126,0.4632857890799641,100.0,121.35466593768854,0.7243777729219013,0.0038077765508482,2034.665126265828,2047.396474451436,True,True,True,True,True,True,sobol_train_val,,,
243.0,2048.0,1.6667736247181892,0.2076139446347951,0.6449063319712877,0.3550936680287123,29,20,0.6896551724137931,3.985341972671449,0.5842056328430771,100.0,106.34297720135072,0.9999992768105816,0.3921746393297096,1696.3960315985698,1702.6960221479512,True,True,True,True,True,True,sobol_train_val,,,
244.0,2048.0,1.1447619004175067,0.0860842664726078,0.4023277197033166,0.5976722802966834,11,4,0.3636363636363636,2.1732264180667697,0.438105845823884,100.0,99.78763161381032,0.7093200351380984,0.0085943575230311,1569.6717834164797,1581.4766713091872,True,True,True,True,True,True,sobol_train_val,,,
245.0,2048.0,1.0162936411798,0.1596484713256359,0.3277822151780128,0.6722177848219872,14,5,0.3571428571428571,1.5296687914989888,0.5520963456481696,100.0,98.06399807595182,0.7170499407726177,0.0119788913258837,1002.4291906144566,1014.7898005559476,True,True,True,True,True,True,sobol_train_val,,,
246.0,2048.0,1.5452481200918555,0.1317223177291452,0.5187987595796585,0.4812012404203415,26,16,0.6153846153846154,2.991777684912085,0.4200223000720143,100.0,107.15776980968512,0.8934372469036537,0.0014784300593182,1945.127911927157,1962.0379736225564,True,True,True,True,True,True,sobol_train_val,,,
247.0,2048.0,1.8689077999442816,0.2695482951588928,0.4645133256912231,0.5354866743087769,18,10,0.5555555555555556,4.47035432914272,0.5276644343510271,100.0,116.22505096609484,0.9761952461349158,0.0065006222508365,2110.633672371817,2131.0308823830333,True,True,True,True,True,True,sobol_train_val,,,
248.0,2048.0,1.3195503549650311,0.0355918664485216,0.6820920631289482,0.3179079368710518,22,9,0.4090909090909091,2.629240676946938,0.4940645519644022,100.0,96.6773014396963,0.9988916741784836,0.3576809704700615,1524.1123191555955,1530.7279948679875,True,True,True,True,True,True,sobol_train_val,,,
249.0,2048.0,1.307352827861905,0.20248170113191,0.4962662741541862,0.5037337258458138,27,16,0.5925925925925926,2.415287255030125,0.5626739146187901,100.0,101.63015730641928,0.9998831132339532,0.1048358242468682,1240.1318796481596,1255.808438141561,True,True,True,True,True,True,sobol_train_val,,,
250.0,2048.0,1.7541520753875377,0.099116657115519,0.6505641818046569,0.3494358181953431,13,6,0.4615384615384615,3.844706663489341,0.4087615426629782,100.0,108.13880442092268,0.9945214108721832,0.153049959667703,2340.171253974845,2352.8758373592564,True,True,True,True,True,True,sobol_train_val,,,
251.0,2048.0,1.5818748995661736,0.2284459931775927,0.3079242616891861,0.6920757383108139,21,8,0.3809523809523809,3.6028227877803145,0.5390595410019159,100.0,115.04829757907538,0.6677590314543113,0.0002364818267037,1844.5394093456189,1856.099379517584,True,True,True,True,True,True,sobol_train_val,,,
252.0,2048.0,1.106619860045612,0.0687577064149081,0.5387841239571571,0.4612158760428428,19,13,0.6842105263157895,1.729019453935325,0.4835479939356446,100.0,94.39102069548612,0.9794252988308108,0.068160036873442,1185.823946174199,1202.2929808275298,True,True,True,True,True,True,sobol_train_val,,,
253.0,2048.0,1.2282674424350262,0.2951774792745709,0.613140419498086,0.386859580501914,16,10,0.625,2.7971619430929424,0.5192181767895818,100.0,95.97642043364232,0.9991881966512124,0.2556710602916933,1521.179865365198,1530.756485726555,True,True,True,True,True,True,sobol_train_val,,,
254.0,2048.0,1.7102210959419608,0.004385685827583,0.4338426250964403,0.5661573749035598,24,8,0.3333333333333333,4.197583462949842,0.4528059002012014,100.0,113.74032461573027,0.7928313198317283,2.2870236117148487e-05,2416.403193679518,2431.092102905141,True,True,True,True,True,True,sobol_train_val,,,
255.0,2048.0,1.8758058603852987,0.1756096872501075,0.5764093089848756,0.4235906910151243,12,5,0.4166666666666667,3.2596266562119123,0.5948198709636927,100.0,112.89305333418248,0.9814900321062744,0.3004761035059261,1407.9217724906582,1415.9850470774716,True,True,True,True,True,True,sobol_train_val,,,
256.0,2048.0,1.4357052193954587,0.1283481677994132,0.3705493215471506,0.6294506784528494,28,14,0.5,1.363270524982363,0.426808419264853,100.0,109.15707660738376,0.6461173324730878,0.0004700022268892,1187.8090255236543,1198.2508276661824,True,True,True,True,True,True,sobol_train_val,,,
257.0,2048.0,1.4348983094096184,0.1748162568546831,0.4799711480736732,0.5200288519263268,16,10,0.625,3.852393403183669,0.560121120326221,100.0,105.57115301590056,0.9983188092331104,0.0728819325944751,1763.5929517418149,1780.8833641386811,True,True,True,True,True,True,sobol_train_val,,,
258.0,2048.0,1.8785981191322207,0.1282545424997806,0.6733296066522598,0.3266703933477402,23,8,0.3478260869565217,2.4205037780106067,0.4187331601977349,100.0,110.1552330827178,0.9963087770281904,0.2249679921789221,1616.6191374620305,1626.960801568749,True,True,True,True,True,True,sobol_train_val,,,
259.0,2048.0,1.7072459924966097,0.2942377064377069,0.3181667923927307,0.6818332076072693,10,4,0.4,1.7399286900646984,0.5353135086596013,100.0,117.64826163068663,0.6457824005360371,0.0337756088233081,1104.8408778568155,1114.4523744557466,True,True,True,True,True,True,sobol_train_val,,,
260.0,2048.0,1.2292577186599374,0.003852751571685,0.5349630638957024,0.4650369361042976,29,15,0.5172413793103449,3.604816715978086,0.4923752030357718,100.0,98.2380044299652,0.9999831644905598,0.0555232896548865,1947.308829175483,1965.1350010732783,True,True,True,True,True,True,sobol_train_val,,,
261.0,2048.0,1.1077336128801107,0.2273780420422554,0.6107105258852243,0.3892894741147756,25,14,0.56,4.195589921995997,0.5033871842548251,100.0,92.39578329065812,0.999988892554456,0.2266731739327673,2161.240421963269,2171.688610502139,True,True,True,True,True,True,sobol_train_val,,,
262.0,2048.0,1.5787791358307004,0.0683895626105368,0.4423521924763918,0.5576478075236082,15,7,0.4666666666666667,2.786252319719642,0.4744993194937706,100.0,110.37733193330769,0.8356367766967949,0.0067979012320701,1686.8056411960338,1702.5595539362523,True,True,True,True,True,True,sobol_train_val,,,
263.0,2048.0,1.757064949721098,0.2018530611880123,0.5973929304629564,0.4026070695370436,22,8,0.3636363636363636,1.358054389245808,0.5793520368635654,100.0,109.72544600284276,0.9644731687029848,0.3308686666827031,815.4423727979624,822.3429133028962,True,True,True,True,True,True,sobol_train_val,,,
264.0,2048.0,1.3064223965629935,0.0988948535174131,0.3555965457111597,0.6444034542888404,18,13,0.7222222222222222,3.251939529273659,0.4489138266071677,100.0,106.14876960428506,0.6359010214524566,0.0114952028783072,2068.377250526973,2078.299940033037,True,True,True,True,True,True,sobol_train_val,,,
265.0,2048.0,1.3166667893528938,0.2706484272144734,0.5664139423519372,0.4335860576480628,13,4,0.3076923076923077,3.4650871887803074,0.5177855804562569,100.0,99.8045896196029,0.9791559456445048,0.1820259845815737,1794.98608737416,1806.8250188381196,True,True,True,True,True,True,sobol_train_val,,,
266.0,2048.0,1.8698675436899064,0.0359281064942479,0.3863367337733507,0.6136632662266492,27,17,0.6296296296296297,1.9845078173093496,0.4607848746702075,100.0,118.85143873620694,0.7133331683809878,0.0036830115888601,1375.8622870479417,1388.2648440911828,True,True,True,True,True,True,sobol_train_val,,,
267.0,2048.0,1.5441054720431566,0.1603090083226561,0.6282182980328799,0.3717817019671201,20,10,0.5,2.174401651136577,0.5929809620603919,100.0,103.92529404063072,0.997669926027977,0.3746289483853268,1063.1314443337133,1069.3603068212587,True,True,True,True,True,True,sobol_train_val,,,
268.0,2048.0,1.0193605134263637,0.131911929231137,0.4247032765299081,0.5752967234700919,20,9,0.45,3.9970448252744974,0.4344055898487568,100.0,94.9724207157454,0.7507675510991451,0.000169278509557,2487.6952912066304,2500.876223348293,True,True,True,True,True,True,sobol_train_val,,,
269.0,2048.0,1.1477053072303534,0.2084392810240387,0.3491572305560111,0.6508427694439889,24,11,0.4583333333333333,2.980075231846422,0.5737378850579262,100.0,101.650002355756,0.8184115799791671,0.000522338020681,1468.4469772847838,1484.187783446725,True,True,True,True,True,True,sobol_train_val,,,
270.0,2048.0,1.665751655586064,0.0861457086168229,0.5042343139648438,0.4957656860351562,15,9,0.6,1.528493158891797,0.4042370839044452,100.0,110.47138613027874,0.8206011184086076,0.0379750723437117,1276.1495697778157,1289.2543216588556,True,True,True,True,True,True,sobol_train_val,,,
271.0,2048.0,1.998221393674612,0.2623822311870754,0.4624748259782791,0.5375251740217208,28,19,0.6785714285714286,2.620761015359312,0.5497240653261543,100.0,118.9616845009278,0.9989020231402856,0.0230994758380222,1319.4809355629448,1339.7420991067809,True,True,True,True,True,True,sobol_train_val,,,
272.0,2048.0,1.4383220365270972,0.046558385901153,0.6909899607300758,0.3090100392699242,11,4,0.3636363636363636,4.465956003405154,0.4786485977470874,100.0,99.5745581598913,0.9905261411550952,0.3647306433948839,2358.1737515765385,2364.497264149595,True,True,True,True,True,True,sobol_train_val,,,
273.0,2048.0,1.478526416234672,0.249360173754394,0.3892168771475553,0.6107831228524447,22,12,0.5454545454545454,1.4744290078058837,0.4240797648206353,100.0,109.63510242840503,0.6734606359003348,0.0032012208711003,1243.0252411302654,1254.0322827121795,True,True,True,True,True,True,sobol_train_val,,,
274.0,2048.0,1.9579776227474213,0.0522451381199061,0.5575767692178488,0.4424232307821512,18,7,0.3888888888888889,2.9292268403805792,0.5545790124684572,100.0,115.15403385879284,0.991524457456988,0.2090458088512317,1420.6388491479483,1432.1094806061335,True,True,True,True,True,True,sobol_train_val,,,
275.0,2048.0,1.628354617394507,0.2190744495950639,0.4024856712669133,0.5975143287330866,26,9,0.3461538461538461,4.311964491382241,0.4992845516651868,100.0,112.8789982585397,0.8038058804925661,1.6016763483155018e-05,2262.660457696184,2278.0212494119432,True,True,True,True,True,True,sobol_train_val,,,
276.0,2048.0,1.185141185298562,0.0781361723318696,0.6442835610359907,0.3557164389640093,14,9,0.6428571428571429,2.4635395816527303,0.5282090382650495,100.0,93.85542618949722,0.9982040034693984,0.3281658321634825,1364.462695395784,1371.816734931395,True,True,True,True,True,True,sobol_train_val,,,
277.0,2048.0,1.0556892128661275,0.1545582490973174,0.5202019236981869,0.4797980763018131,11,7,0.6363636363636364,1.830509863514453,0.4675411412492394,100.0,93.28454178414133,0.8977451887314215,0.0902380989083145,1291.8470304145255,1305.0806287281107,True,True,True,True,True,True,sobol_train_val,,,
278.0,2048.0,1.507798520848155,0.1450164472684264,0.3268419660627842,0.6731580339372158,29,11,0.3793103448275862,3.3078722951933743,0.5105404842644929,100.0,112.53124335043952,0.6677475540723825,1.360719765313855e-05,1838.4348241967616,1849.9713913207124,True,True,True,True,True,True,sobol_train_val,,,
279.0,2048.0,1.8285337602719665,0.2787404419854283,0.6818598158657551,0.3181401841342449,17,8,0.4705882352941176,3.942974527459591,0.4435183923691511,100.0,108.8691770410736,0.9988778717882288,0.2840979156937274,2239.232891649856,2247.9302636310936,True,True,True,True,True,True,sobol_train_val,,,
280.0,2048.0,1.357978422194719,0.0252289130352437,0.465062003582716,0.534937996417284,23,13,0.5652173913043478,2.123559308052063,0.5849429743364454,100.0,103.99182642103516,0.9975285247273546,0.0872389650404838,1074.726866073952,1091.1542650446268,True,True,True,True,True,True,sobol_train_val,,,
281.0,2048.0,1.2686286447569728,0.1957795690745115,0.6511135272681713,0.3488864727318287,28,12,0.4285714285714285,2.737021501455456,0.4538267452269792,100.0,96.09328630254272,0.999814469978031,0.231461495608738,1697.5099836281308,1707.646874966006,True,True,True,True,True,True,sobol_train_val,,,
282.0,2048.0,1.7948365360498428,0.1116766576655209,0.4960348851978778,0.5039651148021221,12,6,0.5,4.143130755610764,0.5249388316646219,100.0,113.62584554330164,0.9759092172837928,0.061739864688931,2001.1549431914236,2018.551540143129,True,True,True,True,True,True,sobol_train_val,,,
283.0,2048.0,1.6196244293823838,0.2357332625426351,0.5378447331488132,0.4621552668511868,24,15,0.625,3.096335767116398,0.4290101097896695,100.0,108.36543824278029,0.9395778974841404,0.0031691394736679,1942.3216198812024,1960.613966405797,True,True,True,True,True,True,sobol_train_val,,,
284.0,2048.0,1.0669100526720283,0.0579535916447639,0.3093280933797359,0.690671906620264,16,5,0.3125,1.2056679602712392,0.5985719453543424,100.0,100.41983663917853,0.7212456757018495,0.033079031994383,780.9644265858882,792.3620210025643,True,True,True,True,True,True,sobol_train_val,,,
285.0,2048.0,1.187588226981461,0.2815200713463127,0.4332205217331648,0.5667794782668352,19,7,0.3684210526315789,2.2648938691243528,0.4095837373286486,100.0,100.11108760643748,0.73352796314695,0.0003274391500705,1687.802731355452,1700.2580559487842,True,True,True,True,True,True,sobol_train_val,,,
286.0,2048.0,1.748954338952899,0.0098439071327447,0.6132992293685675,0.3867007706314325,21,14,0.6666666666666666,3.700013022590429,0.5681957283988595,100.0,109.08536542054549,0.999945897842912,0.3194645537012952,1656.4368704930184,1664.3296487122595,True,True,True,True,True,True,sobol_train_val,,,
287.0,2048.0,1.915506607852876,0.1851699091494083,0.3715626295655965,0.6284373704344035,13,8,0.6153846153846154,3.555579455941915,0.4855579005554318,100.0,120.3261395982962,0.7052370428207193,0.0180395880261909,2002.7255419023836,2014.4496484139247,True,True,True,True,True,True,sobol_train_val,,,
288.0,2048.0,1.3979504443705082,0.119963473174721,0.5750791918486357,0.4249208081513643,27,12,0.4444444444444444,1.6874760637991129,0.5426196407526731,100.0,101.74684593721258,0.9958419615403457,0.2204182091544408,1017.6786080130374,1028.536871144347,True,True,True,True,True,True,sobol_train_val,,,
289.0,2048.0,1.388291328214109,0.296728868689388,0.633992463722825,0.3660075362771749,23,16,0.6956521739130435,1.2558215900324283,0.4959876036271453,100.0,99.82555205935608,0.990899526847938,0.2713096756139244,942.6853931108076,951.6428473751648,True,True,True,True,True,True,sobol_train_val,,,
290.0,2048.0,1.925197597593069,0.0063444854691624,0.412508987262845,0.587491012737155,17,6,0.3529411764705882,3.1493071373552084,0.526425763219595,100.0,119.1254266564726,0.8678177794692004,0.0029197935748915,1635.9768042747276,1653.2659332781034,True,True,True,True,True,True,sobol_train_val,,,
292.0,2048.0,1.2129337694495916,0.125765951257199,0.3758755538612603,0.6241244461387396,11,6,0.5454545454545454,2.683644932694733,0.5500634608790278,100.0,102.74476886579606,0.7965643739849769,0.0317645976639622,1435.5267475603762,1449.1822908965362,True,True,True,True,True,True,sobol_train_val,,,
293.0,2048.0,1.092378587462008,0.1993613267317414,0.4503294542431831,0.549670545756817,14,7,0.5,1.6377211354672907,0.4394428646191954,100.0,96.59458716974706,0.7918529587610008,0.0146804306866073,1288.6446614573904,1302.315058610757,True,True,True,True,True,True,sobol_train_val,,,
294.0,2048.0,1.5941266436129808,0.0964036918245255,0.6968128651380538,0.3031871348619461,26,11,0.4230769230769231,3.502209384273738,0.5823811195790768,100.0,103.23392789609534,0.9997890911690486,0.4795521611344014,1543.435439510972,1547.493039313432,True,True,True,True,True,True,sobol_train_val,,,
295.0,2048.0,1.8046486182138324,0.2298666338436305,0.3386471211910247,0.6613528788089753,18,6,0.3333333333333333,3.750160548649729,0.4654154956340789,100.0,119.1053202350938,0.6332514226121425,0.0002599697716334,2199.190799202832,2209.598509988763,True,True,True,True,True,True,sobol_train_val,,,
296.0,2048.0,1.2588464692234993,0.0708787260577082,0.5085684403777122,0.4914315596222878,22,13,0.5909090909090909,2.317871343065053,0.5068035123869776,100.0,99.8819229383268,0.998912978699426,0.0313664811569632,1361.7685822350647,1380.986922546056,True,True,True,True,True,True,sobol_train_val,,,
297.0,2048.0,1.3638211926445365,0.1674881041981279,0.3194238886237144,0.6805761113762856,27,11,0.4074074074074074,2.516517147794365,0.4257162146270275,100.0,109.0039481537894,0.5561977314060687,2.0339194666440333e-05,1794.9245627553487,1803.14897433626,True,True,True,True,True,True,sobol_train_val,,,
298.0,2048.0,1.8227206580340864,0.1390904523432254,0.5276261150836944,0.4723738849163056,13,9,0.6923076923076923,4.3621119252406055,0.5967917209491134,100.0,113.24574435715022,0.9973670226933656,0.210253969575659,1760.988106401794,1772.343716373281,True,True,True,True,True,True,sobol_train_val,,,
299.0,2048.0,1.529175673611462,0.2634719107300043,0.4826195567846297,0.5173804432153702,21,12,0.5714285714285714,2.8758566642180083,0.4509194700047373,100.0,107.8802756795276,0.8763185878806433,0.003205285547762,1794.759912754947,1811.5728307592703,True,True,True,True,True,True,sobol_train_val,,,
300.0,2048.0,1.0342825707048178,0.0287510183639824,0.664259548485279,0.335740451514721,19,9,0.4736842105263157,1.4246741839684545,0.5204202264547348,100.0,88.58691655293433,0.993002312571104,0.3613155101378075,978.875930199778,985.1773464547168,True,True,True,True,True,True,sobol_train_val,,,
301.0,2048.0,1.1636115470901132,0.2552037075161933,0.5900070641189814,0.4099929358810186,16,7,0.4375,2.0701830404810604,0.4814793221652508,100.0,94.69988630262606,0.9910042752229244,0.1581576625235258,1332.6466302822907,1345.416754126438,True,True,True,True,True,True,sobol_train_val,,,
302.0,2048.0,1.6498529184609652,0.0393792905844748,0.3568049032241105,0.6431950967758895,24,12,0.5,3.8932257950305935,0.540054733119905,100.0,114.94665438972066,0.7752096176250106,0.0004639246922376,1921.782460015219,1936.403491376209,True,True,True,True,True,True,sobol_train_val,,,
303.0,2048.0,1.9520434392616155,0.2156163697130978,0.6016893971711397,0.3983106028288603,12,8,0.6666666666666666,3.3608433765359225,0.4074611453339458,100.0,113.71420108075672,0.962872050023483,0.0764608259128867,2110.533061366525,2125.7279372350977,True,True,True,True,True,True,sobol_train_val,,,
304.0,2048.0,1.4844922348856926,0.0933222245424985,0.4450493279844522,0.5549506720155477,28,8,0.2857142857142857,1.880663782171905,0.5644618064165116,100.0,107.95207805741704,0.9611253165373508,0.0468530383177007,1042.74809135839,1060.3520320591758,True,True,True,True,True,True,sobol_train_val,,,
305.0,2048.0,1.4636652804911137,0.2212730716913938,0.5499412856996059,0.4500587143003941,19,11,0.5789473684210527,4.047193138115108,0.5320167513564229,100.0,104.18493536371084,0.999754970091311,0.1542677843222701,1948.7535616480689,1962.3224327058583,True,True,True,True,True,True,sobol_train_val,,,
306.0,2048.0,1.972846276126802,0.0803342227824032,0.303456375747919,0.6965436242520809,22,11,0.5,2.227378338295966,0.4905921187251806,100.0,123.951251012333,0.5941323417118801,0.0016326421780531,1421.979577773305,1431.4049232642617,True,True,True,True,True,True,sobol_train_val,,,
307.0,2048.0,1.6754403542727232,0.24716412210837,0.66167246773839,0.33832753226161,15,6,0.4,1.9347536757588384,0.5572167042642832,100.0,106.07272781820684,0.984343602706231,0.4052672136565804,1067.0104705108529,1072.4293970760757,True,True,True,True,True,True,sobol_train_val,,,
308.0,2048.0,1.1380477072671056,0.0500485137104988,0.491749607771635,0.508250392228365,25,17,0.68,3.411716330330819,0.4142174178734422,100.0,96.77322644108052,0.8379746922879625,0.0021395890865175,2230.4269384402983,2245.5474267263044,True,True,True,True,True,True,sobol_train_val,,,
309.0,2048.0,1.0095799211412668,0.2765423920936882,0.3656419824808836,0.6343580175191164,30,19,0.6333333333333333,4.416208358947188,0.5752766998484731,100.0,96.55149252750584,0.8603394181702554,0.000420129992985,1989.6813830324256,2006.5956252784044,True,True,True,True,True,True,sobol_train_val,,,
310.0,2048.0,1.5539153153076768,0.0230302903801202,0.5871270176023244,0.4128729823976755,11,4,0.3636363636363636,2.5673836598172786,0.4463521625846624,100.0,105.33680011127764,0.9622576339419388,0.1218148157565178,1636.7164976607328,1650.2747264420263,True,True,True,True,True,True,sobol_train_val,,,
311.0,2048.0,1.8443713337183,0.1567548729479312,0.4289841618388891,0.5710158381611109,24,10,0.4166666666666667,1.5786475754342972,0.5012613479048014,100.0,116.8661562969056,0.8547378338296607,0.0053790704783408,1076.2215926971237,1092.867676084327,True,True,True,True,True,True,sobol_train_val,,,
312.0,2048.0,1.3421330926939845,0.1472124994732439,0.623906908556819,0.376093091443181,17,9,0.5294117647058824,3.0330458153039217,0.470762156881392,100.0,98.8718137609996,0.9989285496442988,0.2023023830047511,1770.017585495119,1781.3305330176872,True,True,True,True,True,True,sobol_train_val,,,
313.0,2048.0,1.2850137539207935,0.2426189599558711,0.4099203806370496,0.5900796193629503,12,5,0.4166666666666667,3.657787010539323,0.5896872576326131,100.0,103.72530416628194,0.9474843416077272,0.0358629735172653,1605.8154207385285,1623.4074017666494,True,True,True,True,True,True,sobol_train_val,,,
314.0,2048.0,1.778443924151361,0.0648398618213832,0.6431240405887365,0.3568759594112635,29,17,0.5862068965517241,1.7900833955034612,0.432625556178391,100.0,108.87855026536022,0.9996476089837382,0.1755602711294953,1290.758731685985,1303.0271398313446,True,True,True,True,True,True,sobol_train_val,,,
315.0,2048.0,1.5729640405625105,0.1888958788476884,0.3981891985982656,0.6018108014017344,15,10,0.6666666666666666,2.367126723658293,0.5148781144991517,100.0,111.69177941740617,0.7824606779570906,0.0361262634314664,1397.265934147052,1410.3814774921116,True,True,True,True,True,True,sobol_train_val,,,
316.0,2048.0,1.1135781975463033,0.1047935390844941,0.5548308085650205,0.4451691914349794,25,10,0.4,3.8026454575359816,0.4562660787254572,100.0,94.14821817589126,0.9997200058636766,0.0246471107917285,2186.8819000624976,2205.796575980244,True,True,True,True,True,True,sobol_train_val,,,
317.0,2048.0,1.235225299373269,0.1782836395315825,0.680749224871397,0.319250775128603,20,6,0.3,3.198568566329777,0.5456456776708365,100.0,94.34955218313166,0.9959278593815224,0.4183028082457932,1590.1725566384507,1595.3116788966774,True,True,True,True,True,True,sobol_train_val,,,
318.0,2048.0,1.7013097489252689,0.1130777752026915,0.4725454397499561,0.5274545602500439,20,13,0.65,1.30830035218969,0.4760838808491826,100.0,112.28476286079592,0.8468577355636528,0.0606264564252851,1018.6211058917116,1032.225189188,True,True,True,True,True,True,sobol_train_val,,,
319.0,2048.0,1.900098174810409,0.288403189368546,0.5174070455133915,0.4825929544866085,27,14,0.5185185185185185,2.8392290990799665,0.5716151023283601,100.0,115.20034857101456,0.9996915290084852,0.1559589829196579,1335.3010817150314,1349.0105635707496,True,True,True,True,True,True,sobol_train_val,,,
320.0,2048.0,1.413366618566215,0.0167275979183614,0.3357655487954616,0.6642344512045384,14,6,0.4285714285714285,4.245738142635673,0.4005029711872339,100.0,109.7669342450028,0.5594001055523657,0.0010160729854276,2788.410501034459,2796.47467462273,True,True,True,True,True,True,sobol_train_val,,,
321.0,2048.0,1.4179005268961191,0.233582161925733,0.5023403089493512,0.4976596910506488,29,10,0.3448275862068966,2.956485770177096,0.442183288000524,100.0,104.4359617219912,0.9005381379382748,8.615284512063236e-06,1861.1108027063904,1877.039259902193,True,True,True,True,True,True,sobol_train_val,,,
322.0,2048.0,1.895587437786162,0.0738938751630485,0.3449173953384161,0.6550826046615839,12,8,0.6666666666666666,1.5503706090152265,0.586671743541956,100.0,120.84319421066874,0.6968431894313066,0.0969750836923176,902.4924787186344,910.973128881522,True,True,True,True,True,True,sobol_train_val,,,
323.0,2048.0,1.6899554282426834,0.1985357134602964,0.6905358370393514,0.3094641629606486,25,14,0.56,2.59717152910307,0.4658001467585563,100.0,105.607933122728,0.9998875995541964,0.3357577940464545,1571.7727311842918,1579.073070703249,True,True,True,True,True,True,sobol_train_val,,,
324.0,2048.0,1.2465569851920009,0.0951706694439053,0.4565509688109159,0.543449031189084,15,7,0.4666666666666667,4.487833428941667,0.5118877662345767,100.0,101.12490660881956,0.931549692996436,0.0036276617003314,2261.580181181013,2280.419681203829,True,True,True,True,True,True,sobol_train_val,,,
325.0,2048.0,1.1180815435945988,0.1693016256205737,0.3821031264960766,0.6178968735039234,20,8,0.4,3.441498145088553,0.4979462882503867,100.0,99.60864289682712,0.7608531011827595,0.0002297485842013,1950.5619448601417,1964.5810937323645,True,True,True,True,True,True,sobol_train_val,,,
326.0,2048.0,1.5684227412566545,0.1220401061698794,0.5645259149372577,0.4354740850627423,21,11,0.5238095238095238,2.00638489862904,0.5299348391592502,100.0,106.34867780099142,0.9966752649656744,0.1811990203770352,1161.9895280266564,1174.4474300517109,True,True,True,True,True,True,sobol_train_val,,,
327.0,2048.0,1.7671201061457396,0.297951609827578,0.4187854088842868,0.5812145911157132,14,9,0.6428571428571429,2.150812533684075,0.422341738641262,100.0,115.51817577754258,0.7045463866176954,0.0279360086104891,1563.712569613223,1574.5351144954543,True,True,True,True,True,True,sobol_train_val,,,
328.0,2048.0,1.2963759424164891,0.0071598163805902,0.6277703903615475,0.3722296096384525,27,9,0.3333333333333333,4.018921832833439,0.555929453484714,100.0,97.50869755268924,0.9994922708593869,0.3308459740428285,1851.551739655889,1858.9120697563087,True,True,True,True,True,True,sobol_train_val,,,
329.0,2048.0,1.331053415313363,0.2115781176835298,0.4387715362012386,0.5612284637987615,22,14,0.6363636363636364,4.219178965687751,0.4873324520885944,100.0,104.08631342634254,0.8535788799834368,0.0024111877753569,2283.7821688817166,2300.29838908664,True,True,True,True,True,True,sobol_train_val,,,
330.0,2048.0,1.8554893815889957,0.0900484395213425,0.6079131998121738,0.3920868001878261,19,8,0.4210526315789473,2.7643752383999525,0.541232674382627,100.0,111.53718075238272,0.9958600715881272,0.2790759680612622,1405.4609728610917,1414.576820643577,True,True,True,True,True,True,sobol_train_val,,,
331.0,2048.0,1.5581745207309723,0.2562925354577601,0.3505760081112384,0.6494239918887615,26,12,0.4615384615384615,1.3816435066983104,0.4109829409047961,100.0,112.95599312419024,0.5949388258920526,0.0003577915971081,1231.761179201167,1240.7875544477731,True,True,True,True,True,True,sobol_train_val,,,
332.0,2048.0,1.0052827624604106,0.0409396134316921,0.5962796263396739,0.4037203736603261,15,9,0.6,3.230062521714717,0.5664089873433114,100.0,89.43444445637408,0.9992037708879132,0.2878378808559317,1544.0843771515188,1552.4767524671338,True,True,True,True,True,True,sobol_train_val,,,
333.0,2048.0,1.1269375272095203,0.2667560149915516,0.6705382596701384,0.3294617403298616,10,5,0.5,3.875982864852994,0.4307878203690052,100.0,91.38840076105276,0.9923438461608178,0.2453238900312075,2326.58996934725,2335.84746513518,True,True,True,True,True,True,sobol_train_val,,,
334.0,2048.0,1.686527899466455,0.0327995862811803,0.4763967212289571,0.5236032787710428,30,13,0.4333333333333333,2.398626327887177,0.5971879472956061,100.0,111.82422640492808,0.9986069660006932,0.1241675296179287,1120.2270806276863,1135.0685465494366,True,True,True,True,True,True,sobol_train_val,,,
335.0,2048.0,1.977136043831706,0.1659380614757537,0.533855977281928,0.466144022718072,17,5,0.2941176470588235,1.7635181763209402,0.455222980491817,100.0,116.26901860330202,0.9395231896007932,0.0483816740803393,1234.4202292467294,1251.003664115672,True,True,True,True,True,True,sobol_train_val,,,
336.0,2048.0,1.459398684091866,0.1380119078792631,0.3131522458046674,0.6868477541953326,24,16,0.6666666666666666,3.5829392904415727,0.5231489315629005,100.0,111.77665016506518,0.6538242772591066,0.002628321794708,1912.570996506612,1923.6388263359456,True,True,True,True,True,True,sobol_train_val,,,
337.0,2048.0,1.496800214983523,0.1578664415515959,0.6176291868090629,0.3823708131909371,13,6,0.4615384615384615,2.24140511546284,0.5811297254636884,100.0,103.0613530424813,0.9859186627400804,0.3521715213826868,1122.0578406243924,1128.6668804934204,True,True,True,True,True,True,sobol_train_val,,,
338.0,2048.0,1.9397122878581283,0.1487314760684967,0.4352078914642334,0.5647921085357666,27,15,0.5555555555555556,3.721991180721671,0.4475298028439283,100.0,118.66647419541982,0.7874411535882306,0.0003660627403294,2200.424275828095,2214.93013589457,True,True,True,True,True,True,sobol_train_val,,,
339.0,2048.0,1.646318475715816,0.2725271668285131,0.5808980494737626,0.4191019505262374,19,13,0.6842105263157895,3.5320906776934864,0.5047833967953921,100.0,107.7078270568548,0.999847139123424,0.169881435320653,1838.745978404537,1851.710119451517,True,True,True,True,True,True,sobol_train_val,,,
340.0,2048.0,1.1671686246991158,0.0197154452092945,0.3719146147370338,0.6280853852629662,21,8,0.3809523809523809,1.709454197343439,0.4727093944326043,100.0,101.4868665987384,0.7047732234522321,0.000623311860793,1257.253084282743,1269.5766328705813,True,True,True,True,True,True,sobol_train_val,,,
341.0,2048.0,1.0466211130842566,0.2456371150910854,0.4980282936245203,0.5019717063754797,24,8,0.3333333333333333,2.713533165771514,0.537088038213551,100.0,93.63981475024713,0.9963793548187656,0.0685155421616948,1445.1920910410847,1462.3458500400764,True,True,True,True,True,True,sobol_train_val,,,
342.0,2048.0,1.516875084489584,0.0489289180375635,0.655449654534459,0.344550345465541,16,10,0.625,4.165108544938266,0.4909882109612226,100.0,102.50298801716406,0.999699701008011,0.2985626318150322,2164.62879930692,2172.981100154535,True,True,True,True,True,True,sobol_train_val,,,
343.0,2048.0,1.8191557126119733,0.2245799255557358,0.3096862602978945,0.6903137397021055,28,15,0.5357142857142857,3.072847357671708,0.5615203011780977,100.0,120.46446870607956,0.7054085579710557,0.0006749563915246,1531.2586160286105,1543.8313692869897,True,True,True,True,True,True,sobol_train_val,,,
344.0,2048.0,1.3673477675765753,0.0843414533883333,0.5436696175485849,0.4563303824514151,12,5,0.4166666666666667,1.2276456758379937,0.4169463941827416,100.0,101.85083326902468,0.8864788414915525,0.064294374309843,1100.4058645078885,1114.0929005248045,True,True,True,True,True,True,sobol_train_val,,,
345.0,2048.0,1.2555256644263864,0.2876189223490655,0.3295373443514108,0.6704626556485891,17,10,0.5882352941176471,1.853998199198395,0.5483858238905668,100.0,105.58601103805472,0.7079547644467603,0.0178985913963416,1129.3285573193511,1141.2066172237548,True,True,True,True,True,True,sobol_train_val,,,
347.0,2048.0,1.6062210453674195,0.1820402277633547,0.4662684816867113,0.5337315183132887,11,4,0.3636363636363636,3.966462936904281,0.5719998816028238,100.0,110.2683383021897,0.9574568964528068,0.0987306256280717,1759.7249649376822,1774.7262625514825,True,True,True,True,True,True,sobol_train_val,,,
348.0,2048.0,1.08032213896513,0.1160698975436389,0.68697066642344,0.31302933357656,29,19,0.6551724137931034,2.1015815924853083,0.405587549880147,100.0,89.49424475805318,0.9999920943353788,0.2282181146625709,1542.934396228941,1553.6655634613078,True,True,True,True,True,True,sobol_train_val,,,
349.0,2048.0,1.2096434673294425,0.1901596711948514,0.5610584035515784,0.4389415964484215,26,17,0.6538461538461539,1.497917761467397,0.5916458796709776,100.0,96.90181684280446,0.9980235631248894,0.2594663900934281,850.8494407770512,860.1864154651164,True,True,True,True,True,True,sobol_train_val,,,
350.0,2048.0,1.7268906347453594,0.1055858342908322,0.3919182926416397,0.6080817073583603,14,4,0.2857142857142857,2.907248682249337,0.4361343847587705,100.0,115.5193373673996,0.6938138589902794,0.0016071510609073,1898.4055728215635,1910.145885085692,True,True,True,True,True,True,sobol_train_val,,,
351.0,2048.0,1.9372614370658996,0.2396348300389945,0.6494004368782043,0.3505995631217957,22,10,0.4545454545454545,4.33545326963067,0.5160446086898446,100.0,112.03327428219222,0.999645172167704,0.3209348200493768,2093.7660864082595,2101.7145526383665,True,True,True,True,True,True,sobol_train_val,,,
352.0,2048.0,1.3762043174356222,0.0610912671312689,0.4036983296275138,0.5963016703724862,18,9,0.5,2.4415614481084047,0.4621321815997362,100.0,106.46164776068788,0.7480911545831603,0.0028660675710337,1604.2801678499068,1617.6252643765729,True,True,True,True,True,True,sobol_train_val,,,
353.0,2048.0,1.4015192361548543,0.2054195512086153,0.3618180744349956,0.6381819255650043,12,4,0.3333333333333333,2.048605009820312,0.503002410940826,100.0,108.54978836142584,0.7172526510844155,0.0106277475975575,1317.7032398099936,1330.1055121288368,True,True,True,True,True,True,sobol_train_val,,,
354.0,2048.0,1.911976246163249,0.1020539355464279,0.5911159105598927,0.4088840894401073,28,17,0.6071428571428571,3.916314519569277,0.4694147348403931,100.0,113.20751210898044,0.9999918130704288,0.1289691710945382,2115.095113711949,2130.0596385343965,True,True,True,True,True,True,sobol_train_val,,,
355.0,2048.0,1.736612013541162,0.226696325931698,0.4486224748194217,0.5513775251805783,16,9,0.5625,3.3392652721144254,0.5766118846833705,100.0,113.85406220538675,0.9911247830694296,0.0502628436012019,1503.0169539955864,1521.397069170174,True,True,True,True,True,True,sobol_train_val,,,
356.0,2048.0,1.199892658740282,0.0670074664056301,0.6044824086129665,0.3955175913870334,24,10,0.4166666666666667,1.903752432949841,0.4446232890710235,100.0,95.3841818895778,0.9973416679276912,0.1137468055545763,1345.9718093231236,1360.436834527446,True,True,True,True,True,True,sobol_train_val,,,
357.0,2048.0,1.070448282174766,0.291068344283849,0.5287410002201796,0.4712589997798204,21,10,0.4761904761904761,2.494938699156046,0.5589546320959926,100.0,93.51911003169596,0.9986273051307224,0.1579829744910266,1293.7760096239083,1306.8735314857695,True,True,True,True,True,True,sobol_train_val,,,
358.0,2048.0,1.616063505411148,0.0002759780734777,0.3244432296603918,0.6755567703396081,19,11,0.5789473684210527,4.38520101858303,0.4128670513629913,100.0,115.28318695875907,0.5518300147180608,0.0010796490292772,2783.298247493245,2791.27488638399,True,True,True,True,True,True,sobol_train_val,,,
359.0,2048.0,1.7825247133150697,0.1761880338191986,0.6670587416738272,0.3329412583261728,27,19,0.7037037037037037,2.8542781909927726,0.5333548806607723,100.0,108.29529106597374,0.9999929051583146,0.3757667570074753,1464.7649483249031,1471.5661852571022,True,True,True,True,True,True,sobol_train_val,,,
360.0,2048.0,1.2809635791927576,0.128925942722708,0.4861987303942441,0.5138012696057559,13,5,0.3846153846153846,1.447763252723962,0.4888663804158568,100.0,101.19455896179232,0.8950884599447048,0.0586807562708838,1062.1366662675644,1077.0224909729454,True,True,True,True,True,True,sobol_train_val,,,
361.0,2048.0,1.3459107400849462,0.2584884395822882,0.6972625326365232,0.3027374673634768,18,12,0.6666666666666666,1.6592995841056108,0.5702158421278,100.0,96.98996918013704,0.9985189315971325,0.4701992265631096,947.7234881209284,951.8741798784218,True,True,True,True,True,True,sobol_train_val,,,
362.0,2048.0,1.8406245540827515,0.0431360903196036,0.4562459465116262,0.5437540534883738,22,7,0.3181818181818182,3.4791202909313137,0.4022898403927684,100.0,115.88999869818332,0.7632896450598249,5.038290021104736e-05,2274.4874738552653,2287.743256020537,True,True,True,True,True,True,sobol_train_val,,,
363.0,2048.0,1.5110926097258923,0.209379634167999,0.5104581322520971,0.4895418677479028,14,6,0.4285714285714285,3.771739021874964,0.5438710337504744,100.0,106.56906488524676,0.9906171585243314,0.1077597130781778,1795.9288160475287,1811.371658893105,True,True,True,True,True,True,sobol_train_val,,,
364.0,2048.0,1.0523724295198915,0.0878505276516079,0.3428794484585523,0.6571205515414477,26,14,0.5384615384615384,2.2947822743095454,0.477470963448286,100.0,98.77508688129257,0.6558727837929396,0.0003502189843748,1533.3118888246097,1544.3691975650993,True,True,True,True,True,True,sobol_train_val,,,
365.0,2048.0,1.173043000511825,0.1637415851466357,0.4184316478669643,0.5815683521330357,29,17,0.5862068965517241,1.277399620693177,0.5134819895029068,100.0,100.14135432305886,0.8459090364576977,0.0133980462744582,953.456273077583,969.2989230100956,True,True,True,True,True,True,sobol_train_val,,,
366.0,2048.0,1.640414908528328,0.1358160031959414,0.634448168426752,0.365551831573248,11,5,0.4545454545454545,3.1262184128165247,0.4580558924004436,100.0,106.03134648888584,0.9855897574382372,0.2189966518156087,1838.064794281786,1848.5988659764207,True,True,True,True,True,True,sobol_train_val,,,
367.0,2048.0,1.9613022739067676,0.2689539263024926,0.3801139064133167,0.6198860935866832,23,9,0.391304347826087,4.114960428792983,0.5879096692427992,100.0,120.97911426422672,0.9216190516631844,0.0005563998708263,1735.2892824149735,1754.266372047293,True,True,True,True,True,True,sobol_train_val,,,
368.0,2048.0,1.475240195170045,0.0349980703555047,0.5726926676928996,0.4273073323071004,17,11,0.6470588235294118,2.660556281916797,0.4340095035731792,100.0,103.81003694175882,0.9877905231703166,0.0313803673429456,1712.9831490633485,1731.1482602407298,True,True,True,True,True,True,sobol_train_val,,,
369.0,2048.0,1.4496496375650167,0.2797035447321832,0.471334645524621,0.528665354475379,26,11,0.4230769230769231,3.1770912436768413,0.4640193516388535,100.0,106.22395441317713,0.8793032469986084,8.4428930634513e-05,1892.9772568716328,1910.1640854302627,True,True,True,True,True,True,sobol_train_val,,,
370.0,2048.0,1.9868553625419736,0.0268923947587609,0.6756308633834123,0.3243691366165877,13,7,0.5384615384615384,1.3314897847361862,0.5085932973772287,100.0,112.28808600693208,0.9708119319146868,0.3904248809889422,933.1570347361908,938.807786270922,True,True,True,True,True,True,sobol_train_val,,,
371.0,2048.0,1.6612444631755352,0.1506874931976199,0.3330657113343477,0.6669342886656523,20,12,0.6,2.817751702666283,0.437665256485343,100.0,116.04812843382432,0.5902105104067857,0.0026731723701321,1878.6560055980788,1887.6902082683207,True,True,True,True,True,True,sobol_train_val,,,
372.0,2048.0,1.152250393293798,0.141553100477904,0.5139242116361856,0.4860757883638144,19,6,0.3157894736842105,4.268927501421421,0.5837650390341877,100.0,96.54880822746634,0.995090884621614,0.1708519489432034,1835.213314196758,1847.7046178489632,True,True,True,True,True,True,sobol_train_val,,,
373.0,2048.0,1.0307186767458916,0.2174029754474759,0.6380119070410728,0.3619880929589272,15,5,0.3333333333333333,3.636309269908815,0.4197762602940202,100.0,89.1618144486373,0.9943532601755962,0.1454695239204544,2264.2783696805964,2276.8974360066263,True,True,True,True,True,True,sobol_train_val,,,
374.0,2048.0,1.5327700031921268,0.0771650760434567,0.4087155640125274,0.5912844359874725,25,17,0.68,1.8132731968536973,0.551850301399827,100.0,110.35175081017452,0.8698118933308235,0.0342567902219182,1064.3550626521069,1080.0296914966752,True,True,True,True,True,True,sobol_train_val,,,
375.0,2048.0,1.865329848602414,0.2528154912404716,0.5513539642095566,0.4486460357904434,12,7,0.5833333333333334,2.34564895844087,0.4942129399627447,100.0,113.42712659591837,0.9656961308084911,0.1273024126495734,1385.4697726736522,1399.4362944156812,True,True,True,True,True,True,sobol_train_val,,,
376.0,2048.0,1.3211813727393746,0.056107865832746,0.3954955771565437,0.6045044228434563,28,14,0.5,3.8258352342993023,0.5278128178790211,100.0,105.22065057969496,0.8374695416433442,0.0001134069197762,1951.1699288763768,1967.5504382939612,True,True,True,True,True,True,sobol_train_val,,,
378.0,2048.0,1.7613353924825788,0.1185586273670196,0.3652856796979904,0.6347143203020096,17,8,0.4705882352941176,2.5441938584670423,0.563111468590796,100.0,117.20938567032964,0.8230902807359316,0.0101005537869958,1306.6503103991693,1322.197963658758,True,True,True,True,True,True,sobol_train_val,,,
379.0,2048.0,1.5898931585252285,0.2851276125758886,0.619569581747055,0.380430418252945,30,10,0.3333333333333333,1.6001253406517206,0.4828174712136387,100.0,105.26856312373604,0.9914736773744152,0.2211822617903986,1106.0380970263402,1116.7388197391367,True,True,True,True,True,True,sobol_train_val,,,
380.0,2048.0,1.0966422846540809,0.01297995345667,0.4269923314452171,0.5730076685547829,10,6,0.6,3.009856038540602,0.5383290227502584,100.0,97.46638274864524,0.8647775164788735,0.0515494506153469,1593.3008616268044,1607.8232804371569,True,True,True,True,True,True,sobol_train_val,,,
381.0,2048.0,1.2249946668744087,0.2371460996568203,0.3031060520559549,0.696893947944045,14,9,0.6428571428571429,4.068670460768044,0.4526605520397425,100.0,105.61562918583934,0.5482104462337867,0.0067357326458538,2482.7548306730887,2490.720578780644,True,True,True,True,True,True,sobol_train_val,,,
382.0,2048.0,1.7115469379350543,0.0586019651032984,0.5441211450845003,0.4558788549154997,25,9,0.36,2.20418890574947,0.5190728330984712,100.0,110.29422782347626,0.9932058784111988,0.1280265109277095,1261.2672258684245,1275.928167743968,True,True,True,True,True,True,sobol_train_val,,,
383.0,2048.0,1.8896815795451405,0.1926515531726181,0.4897639948874711,0.5102360051125289,18,8,0.4444444444444444,1.9562310721725225,0.4270514192059636,100.0,115.85300633410412,0.850776201967577,0.0054183329180186,1416.1356082486918,1431.9072082797911,True,True,True,True,True,True,sobol_train_val,,,
384.0,2048.0,1.42377641890198,0.1080771435052156,0.657341131940484,0.3426588680595159,21,12,0.5714285714285714,3.38852697154507,0.5950628753751517,100.0,100.10914276693684,0.9998720878757168,0.4242507251240625,1468.4622603532232,1473.532150998365,True,True,True,True,True,True,sobol_train_val,,,
385.0,2048.0,1.428238781169057,0.2645768405869603,0.3123358082026243,0.6876641917973757,20,10,0.5,2.675100687425584,0.4823237288743257,100.0,110.98908822422204,0.6023552411037154,0.0010593370165934,1677.7180608997285,1687.3735045570816,True,True,True,True,True,True,sobol_train_val,,,
386.0,2048.0,1.8832968482747676,0.0299978449009358,0.5408520456403494,0.4591479543596506,20,11,0.55,4.100491480529308,0.5393121788278222,100.0,114.12488005067166,0.9996219561809108,0.1489653197873596,1908.8797465764917,1922.9211553862333,True,True,True,True,True,True,sobol_train_val,,,
387.0,2048.0,1.718664325773716,0.1687395173124969,0.499091025814414,0.500908974185586,13,9,0.6923076923076923,3.137565412838012,0.4067143933847547,100.0,111.8399394863858,0.8148292981445335,0.0385158985235668,2077.530349660888,2090.5174424360544,True,True,True,True,True,True,sobol_train_val,,,
388.0,2048.0,1.2198001248762012,0.140190795622766,0.6541700702160597,0.3458299297839403,26,9,0.3461538461538461,1.266178579442203,0.5653020184487104,100.0,94.61058054431032,0.9847107849530116,0.399995877703983,823.6937309060439,829.0408943829289,True,True,True,True,True,True,sobol_train_val,,,
389.0,2048.0,1.0991229079663754,0.2143798328004777,0.5782329641282558,0.4217670358717442,28,10,0.3571428571428571,2.331904174759984,0.4265571881085634,100.0,93.02548053208858,0.9988293236327136,0.0128029443252206,1601.4595275822194,1620.4495366533206,True,True,True,True,True,True,sobol_train_val,,,
390.0,2048.0,1.589335381053388,0.0922276044264435,0.3747168518602848,0.6252831481397152,11,7,0.6363636363636364,3.734742981847376,0.5960457334294915,100.0,112.88417116560282,0.8552388112868599,0.0490573218947415,1615.3370573786449,1629.7457422340465,True,True,True,True,True,True,sobol_train_val,,,
391.0,2048.0,1.7626258339732883,0.2541136560961604,0.6165999360382557,0.3834000639617443,25,13,0.52,3.5194396952167155,0.4501761512830853,100.0,109.29071406663962,0.999904921287654,0.1484166640707386,2027.158455187063,2040.677070191674,True,True,True,True,True,True,sobol_train_val,,,
392.0,2048.0,1.2989160316064954,0.0381381849758327,0.4365207783877849,0.5634792216122151,15,6,0.4,1.619055735412985,0.5212638717144727,100.0,103.25999776339472,0.8798351854998311,0.0293792939060886,1066.6105751696632,1082.682147773884,True,True,True,True,True,True,sobol_train_val,,,
393.0,2048.0,1.3277189303189516,0.1712244607508182,0.6473274938762188,0.3526725061237812,10,6,0.6,1.4076201058924198,0.4401621023193002,100.0,97.8357003922211,0.9555075483189542,0.2553562458167191,1128.6652282249158,1137.124497499841,True,True,True,True,True,True,sobol_train_val,,,
394.0,2048.0,1.8607761720195413,0.1245122493244707,0.4055300064384937,0.5944699935615063,29,13,0.4482758620689655,2.894698309432715,0.5815623182803392,100.0,118.00342130260948,0.9677966495819152,0.0009783396417458,1333.932569147766,1354.339534144424,True,True,True,True,True,True,sobol_train_val,,,
395.0,2048.0,1.5380563363432884,0.2954797533340752,0.5605722762644291,0.4394277237355709,16,6,0.375,4.348305680416524,0.4645986031740904,100.0,105.7278355639911,0.9950666596169344,0.059850029974922,2358.042911714086,2375.458018548031,True,True,True,True,True,True,sobol_train_val,,,
396.0,2048.0,1.023448939435184,0.005237266793847,0.3922119818627834,0.6077880181372166,23,15,0.6521739130434783,2.532161313761025,0.507524655945599,100.0,96.15447442587742,0.7915704816089371,0.0047076755515124,1521.087313149039,1535.7655305233714,True,True,True,True,True,True,sobol_train_val,,,
397.0,2048.0,1.1528999619185925,0.231110028270632,0.4683505039662122,0.5316494960337877,21,14,0.6666666666666666,1.8926321058534088,0.4967095116153359,100.0,97.94883906535745,0.9058664482970024,0.0250279350983423,1240.3690463983771,1257.1825253632787,True,True,True,True,True,True,sobol_train_val,,,
398.0,2048.0,1.6586114903911948,0.0719710662961006,0.6851478662341832,0.3148521337658168,18,5,0.2777777777777778,3.3507129739969965,0.5256096322089434,100.0,105.04427931089998,0.9915212227350574,0.4086299294756624,1693.1942823317424,1698.6593698029308,True,True,True,True,True,True,sobol_train_val,,,
399.0,2048.0,1.9902209993451836,0.2004582356661558,0.3299835320562124,0.6700164679437877,25,11,0.44,3.901946285460144,0.4203559767454863,100.0,123.34169199682822,0.5692489284326003,5.21847419329546e-05,2462.894315745016,2471.367574973317,True,True,True,True,True,True,sobol_train_val,,,
400.0,2048.0,1.448267881758511,0.097642517555505,0.5233439397066831,0.4766560602933168,15,8,0.5333333333333333,2.063250117190182,0.5507819341495633,100.0,104.58613250536848,0.9843289711383604,0.1473642722199623,1139.778561652613,1153.263157035132,True,True,True,True,True,True,sobol_train_val,,,
401.0,2048.0,1.4705317849293351,0.187651336658746,0.4215952709317207,0.5784047290682792,24,9,0.375,3.402964368648827,0.5464656695723533,100.0,108.35663101003333,0.92931736773955,0.0002231786032589,1671.169949044471,1690.361434386033,True,True,True,True,True,True,sobol_train_val,,,
402.0,2048.0,1.967933053150773,0.1037000488489866,0.6251098841428757,0.3748901158571243,16,11,0.6875,1.9416677162982523,0.4753657413646578,100.0,113.3505323920055,0.9934561142790004,0.218582876224937,1251.7841689557772,1262.778859471952,True,True,True,True,True,True,sobol_train_val,,,
403.0,2048.0,1.6335397539660337,0.2415209010243415,0.3833748042583465,0.6166251957416535,28,16,0.5714285714285714,2.2154288973659275,0.570892765186727,100.0,113.64729646030996,0.8848852323200617,0.0064279402427925,1157.197557373299,1174.7293880567556,True,True,True,True,True,True,sobol_train_val,,,
404.0,2048.0,1.1779953092336657,0.0635998883284628,0.5634524211287498,0.4365475788712502,12,6,0.5,4.057355011906474,0.4013187684118748,100.0,95.888184467496,0.9329138897841696,0.012311847634796,2563.322569852545,2580.1810334837,True,True,True,True,True,True,sobol_train_val,,,
405.0,2048.0,1.04964957293123,0.2895046804100274,0.6877350393682717,0.3122649606317282,13,5,0.3846153846153846,3.0468835313804448,0.590503816306591,100.0,88.4833969338946,0.992736219314239,0.4762262204470361,1394.082378340612,1397.897507403559,True,True,True,True,True,True,sobol_train_val,,,
406.0,2048.0,1.5118926204741,0.0179801610298454,0.4592203605920076,0.5407796394079925,27,15,0.5555555555555556,1.5630222922191024,0.4319039834663272,100.0,108.18928485597588,0.8067634169057658,0.0020889188384118,1243.5709012018467,1258.2543341519258,True,True,True,True,True,True,sobol_train_val,,,
407.0,2048.0,1.8395801605656743,0.1795316160656511,0.5010286767035722,0.4989713232964278,19,12,0.631578947368421,2.5844188551418483,0.5141592105850578,100.0,114.43543465942992,0.9897332760521668,0.0392526749083157,1419.906215227394,1438.839169940867,True,True,True,True,True,True,sobol_train_val,,,
408.0,2048.0,1.348877502605319,0.1141838528215885,0.3459511373192072,0.6540488626807928,21,7,0.3333333333333333,4.39733524248004,0.4570853091776371,100.0,107.66579611934304,0.6371868836298079,2.885138803961481e-05,2581.580430884402,2592.048288389739,True,True,True,True,True,True,sobol_train_val,,,
409.0,2048.0,1.2741799736395478,0.248401806782931,0.5320133421570062,0.4679866578429937,26,17,0.6538461538461539,3.7853836753405625,0.5760203523561358,100.0,99.62039266691846,0.999995142080699,0.187556125633255,1683.998867497177,1696.6671941810423,True,True,True,True,True,True,sobol_train_val,,,
410.0,2048.0,1.7873244378715754,0.0511442838236689,0.3152174789458513,0.6847825210541487,14,5,0.3571428571428571,2.385773240961134,0.4455089464783668,100.0,119.56254796173192,0.5665696045569564,0.002378850508273,1639.504311815025,1648.0053976185663,True,True,True,True,True,True,sobol_train_val,,,
411.0,2048.0,1.6110194055363536,0.2223642731085419,0.6702338088303804,0.3297661911696196,22,10,0.4545454545454545,1.776069446559995,0.5004200406372548,100.0,104.35219669359094,0.9962555516372974,0.3447597797264643,1138.6073623084362,1145.669988554032,True,True,True,True,True,True,sobol_train_val,,,
412.0,2048.0,1.0774757862091064,0.0815764761529862,0.4768749419599771,0.5231250580400229,18,11,0.6111111111111112,3.673236048594117,0.4715077152475714,100.0,95.2936127582438,0.8980238791803187,0.004824179205546,2114.6892593886264,2132.060296483632,True,True,True,True,True,True,sobol_train_val,,,
413.0,2048.0,1.1990008568391204,0.1556510841473937,0.3524031147360801,0.6475968852639198,17,9,0.5294117647058824,4.257511338405311,0.5327630741521716,100.0,103.11786692011668,0.7519071926650831,0.0020357570457344,2143.877837063391,2157.688287763266,True,True,True,True,True,True,sobol_train_val,,,
414.0,2048.0,1.7394872196018696,0.1459668117575347,0.5941990435123443,0.4058009564876557,23,10,0.4347826086956521,2.8288909924216568,0.4897515729069709,100.0,109.43046198123432,0.9987511635202588,0.1727318950347341,1595.5279062414384,1608.3325332936806,True,True,True,True,True,True,sobol_train_val,,,
415.0,2048.0,1.908856657333672,0.2752921178005635,0.4391094774007797,0.5608905225992202,11,3,0.2727272727272727,1.3168257147073743,0.5563727267086506,100.0,117.89654224603304,0.8096621958621035,0.1436471003489545,864.7500664050704,874.3459458669709,True,True,True,True,True,True,sobol_train_val,,,
416.0,2048.0,1.4026549439877272,0.0219310881569981,0.6074682667851448,0.3925317332148552,29,18,0.6206896551724138,3.1914279389195146,0.4149603059515357,100.0,100.94460596756409,0.999995653687382,0.0540387906977147,2024.904378629824,2042.6053190334092,True,True,True,True,True,True,sobol_train_val,,,
417.0,2048.0,1.3811568664386868,0.1615627147257328,0.5516247533261776,0.4483752466738224,21,9,0.4285714285714285,3.623079290147871,0.5745807196944952,100.0,101.98590531543924,0.9989628913177676,0.2204056628852137,1628.3236094302074,1639.1940459930977,True,True,True,True,True,True,sobol_train_val,,,
418.0,2048.0,1.9303865190595388,0.1330145657993853,0.394983498007059,0.605016501992941,19,10,0.5263157894736842,1.7231012050062418,0.4034930499270558,100.0,119.82861910444832,0.6590497581706749,0.0045997232383588,1395.9839257059502,1406.374652548692,True,True,True,True,True,True,sobol_train_val,,,
419.0,2048.0,1.7335216542705894,0.2717556503601372,0.6398695118725299,0.36013048812747,27,16,0.5925925925925926,2.435518518928438,0.5489788884297013,100.0,107.98560924450402,0.9999152228251128,0.3440692368653887,1265.3850511307978,1272.6116759957065,True,True,True,True,True,True,sobol_train_val,,,
420.0,2048.0,1.204935293644667,0.037177226319909,0.4066654972732066,0.5933345027267933,13,5,0.3846153846153846,3.838763397373259,0.4794902864843607,100.0,101.48904754264714,0.7787206003198869,0.0027843261077627,2188.4394653230843,2202.733110020696,True,True,True,True,True,True,sobol_train_val,,,
421.0,2048.0,1.083289141766727,0.2612898864783347,0.3328039657324552,0.6671960342675447,12,4,0.3333333333333333,3.2411797016859056,0.5186249818652868,100.0,100.1453839314048,0.687728260222309,0.0033726983169918,1807.8858203281447,1819.8228960462288,True,True,True,True,True,True,sobol_train_val,,,
422.0,2048.0,1.6051768884062767,0.0453149870038032,0.5144451554864644,0.4855548445135356,28,19,0.6785714285714286,1.3701989519409834,0.4600374074652791,100.0,108.73637002639556,0.9170967465249006,0.041829602940192,1068.0410372968977,1084.2179656559977,True,True,True,True,True,True,sobol_train_val,,,
423.0,2048.0,1.808731303550303,0.207200450822711,0.4694370653480291,0.5305629346519709,16,9,0.5625,2.7787403253838416,0.592239218391478,100.0,114.77468311194974,0.9910550647197818,0.1102938479479377,1257.3275317625228,1272.6956365503347,True,True,True,True,True,True,sobol_train_val,,,
424.0,2048.0,1.2528030443936586,0.0850487952120602,0.6776411574333906,0.3223588425666094,24,12,0.5,4.204537005443126,0.4352507118135691,100.0,94.9346608754896,0.999961246777797,0.2594229597951189,2446.109064882575,2455.195626787573,True,True,True,True,True,True,sobol_train_val,,,
425.0,2048.0,1.37437551189214,0.2929908754304051,0.4885072868317365,0.5114927131682635,29,15,0.5172413793103449,4.004380574449897,0.5041049422696233,100.0,103.70556567586776,0.984969487355306,0.0001312469946011,2061.3786005364127,2082.0052801048773,True,True,True,True,True,True,sobol_train_val,,,
426.0,2048.0,1.8141118492931128,0.0027478172443807,0.6584297921508551,0.3415702078491449,11,5,0.4545454545454545,2.165278334822505,0.4736789461225271,100.0,109.215050677024,0.9777075784799968,0.3036695030978877,1363.0312506001285,1370.9029180626412,True,True,True,True,True,True,sobol_train_val,,,
427.0,2048.0,1.521675049327314,0.1737159091047942,0.3002625282853842,0.6997374717146159,23,7,0.3043478260869565,1.995041045732796,0.5785366211086511,100.0,113.8329412100216,0.7111408021288796,0.0009391762819218,1093.5076943191432,1106.1715109702957,True,True,True,True,True,True,sobol_train_val,,,
428.0,2048.0,1.0398377440869808,0.1270031249150633,0.5467477928847074,0.4532522071152925,17,11,0.6470588235294118,3.452716039214283,0.4496365452185273,100.0,91.98909620884928,0.983413184329604,0.0122726337523666,2066.620984817911,2085.593263015317,True,True,True,True,True,True,sobol_train_val,,,
429.0,2048.0,1.1683045728132129,0.2029476857744157,0.6208107404410839,0.3791892595589161,18,12,0.6666666666666666,4.450714675616473,0.5608415486291051,100.0,93.988203382437,0.9999506623184466,0.3239311268478635,1999.5349721618072,2007.0132846638624,True,True,True,True,True,True,sobol_train_val,,,
430.0,2048.0,1.643199123442173,0.1001313949003815,0.4258883006870746,0.5741116993129254,22,9,0.4090909090909091,2.634164422005415,0.4179154571145773,100.0,112.45184948463856,0.7314884400257828,0.0002405738757335,1818.7151855297311,1831.3054352730624,True,True,True,True,True,True,sobol_train_val,,,
431.0,2048.0,1.9425877342000604,0.2286191521212458,0.5841776408255099,0.41582235917449,14,7,0.5,1.5100543518550693,0.534495422616601,100.0,114.0407603841748,0.9592364853049876,0.2575305629839864,955.3777882191836,964.4639440166416,True,True,True,True,True,True,sobol_train_val,,,
432.0,2048.0,1.4959086496382952,0.0694796185009181,0.3626922987401485,0.6373077012598515,26,15,0.5769230769230769,2.996726471744478,0.4930952513590455,100.0,110.97953531209116,0.714757108286147,0.0007645694306784,1755.9241382656749,1768.665244808401,True,True,True,True,True,True,sobol_train_val,,,
433.0,2048.0,1.4542039018124342,0.2346374968998134,0.6675598386675119,0.3324401613324881,16,5,0.3125,2.4820098599419,0.4104021571576595,100.0,100.60887388488914,0.9880890865136838,0.207076158423959,1698.6995091547658,1709.152344067548,True,True,True,True,True,True,sobol_train_val,,,
434.0,2048.0,1.9842531951144335,0.0567159114405512,0.4859202075749635,0.5140797924250364,25,15,0.6,4.29533213423565,0.5674761092290282,100.0,117.9220400261196,0.9999581324580438,0.0941322333859354,1854.097736374725,1870.664101057189,True,True,True,True,True,True,sobol_train_val,,,
435.0,2048.0,1.680142927914858,0.1945373201742768,0.5307802814990281,0.4692197185009719,12,7,0.5833333333333334,2.944449285417795,0.484837138466537,100.0,109.98555462284008,0.9632872497275904,0.0712339690715921,1675.6054037017886,1691.8941792562564,True,True,True,True,True,True,sobol_train_val,,,
436.0,2048.0,1.1313996529206634,0.1105854607187211,0.3225776944309473,0.6774223055690527,29,12,0.4137931034482758,1.4609941299073397,0.5434369146823883,100.0,102.05128181612145,0.7058511567363384,0.000575660297717,990.2471158357324,1002.8366819478392,True,True,True,True,True,True,sobol_train_val,,,
437.0,2048.0,1.0020697116851809,0.1864155923947691,0.44810581356287,0.5518941864371301,27,13,0.4814814814814814,2.112994608376175,0.4546417318284512,100.0,93.64527006392984,0.8215169506924772,0.0001785159751664,1478.794999548679,1494.0816360573838,True,True,True,True,True,True,sobol_train_val,,,
438.0,2048.0,1.559464725665748,0.1210672575049102,0.6047455698251725,0.3952544301748275,13,7,0.5384615384615384,3.955326794274151,0.5242157792672515,100.0,104.96318394647489,0.996788501511498,0.2489228583528202,1939.1878554662292,1949.154960696016,True,True,True,True,True,True,sobol_train_val,,,
439.0,2048.0,1.8549313638359308,0.2826192690990865,0.3598122477531433,0.6401877522468566,20,14,0.7,3.30055542876944,0.4282927809283137,100.0,119.45153463966892,0.6235421448400588,0.0077722773345466,2127.995637245273,2137.604843689688,True,True,True,True,True,True,sobol_train_val,,,
440.0,2048.0,1.3335338020697236,0.0110941769555211,0.5930147215723991,0.4069852784276009,20,7,0.35,1.839664651080966,0.5993926525115967,100.0,99.50542653696652,0.9850745123344468,0.3309797040892393,946.513312890676,953.5296039859824,True,True,True,True,True,True,sobol_train_val,,,
441.0,2048.0,1.2891059648245573,0.220167935360223,0.3790175125002861,0.6209824874997139,15,9,0.6,1.213211425859481,0.4682833140715957,100.0,104.86427621075904,0.6835162498111567,0.0332720391230482,1033.1079805817683,1043.4941418118694,True,True,True,True,True,True,sobol_train_val,,,
442.0,2048.0,1.7724062027409673,0.0793807100504636,0.5739383935928344,0.4260616064071656,25,8,0.32,3.087407566420734,0.5096956960856914,100.0,110.752739171163,0.9966778161711056,0.1672699618838295,1635.4786324690742,1648.562429850078,True,True,True,True,True,True,sobol_train_val,,,
443.0,2048.0,1.5638688243925571,0.2506001427769661,0.4157970696687698,0.5842029303312302,18,8,0.4444444444444444,4.153871700447053,0.4426785618066788,100.0,110.88361173537096,0.7455836072467794,0.0006046905701427,2471.818529066903,2485.0430292521046,True,True,True,True,True,True,sobol_train_val,,,
444.0,2048.0,1.1246188646182418,0.0533431925810873,0.6372809067368507,0.3627190932631493,22,11,0.5,2.724845467507839,0.585690107755363,100.0,92.20177608622782,0.9996591699168182,0.3809391432797005,1291.7451460516645,1297.672426524613,True,True,True,True,True,True,sobol_train_val,,,
445.0,2048.0,1.245174989104271,0.2774878833442926,0.511563578620553,0.488436421379447,24,14,0.5833333333333334,1.6724298516288398,0.4248246079310775,100.0,99.3969999065788,0.8859189820370089,0.0047180368118423,1309.1430972397156,1325.630023913396,True,True,True,True,True,True,sobol_train_val,,,
446.0,2048.0,1.6933208284899592,0.0241274264641106,0.3416425723582506,0.6583574276417494,17,8,0.4705882352941176,3.5691905790008605,0.5537368945777417,100.0,116.49133074053202,0.7617146002423657,0.0031026030165975,1741.9600251998324,1756.0556854890224,True,True,True,True,True,True,sobol_train_val,,,
447.0,2048.0,1.8929542247205973,0.1534521759487688,0.6998571444302797,0.3001428555697203,30,11,0.3666666666666666,3.681769331172109,0.4984420508146286,100.0,109.7182974376248,0.9997802954535464,0.3980588313838241,1906.91284434492,1912.8132052488631,True,True,True,True,True,True,sobol_train_val,,,
448.0,2048.0,1.4185498589649796,0.1437684752047061,0.4533734206110238,0.5466265793889762,11,7,0.6363636363636364,2.281752825435251,0.5289535013958812,100.0,105.98127694277456,0.870787232922396,0.0816567906278683,1310.6947598486563,1324.1280494744008,True,True,True,True,True,True,sobol_train_val,,,
449.0,2048.0,1.406493604183197,0.2106184554286301,0.6839115127921104,0.3160884872078896,26,14,0.5384615384615384,1.921008320432156,0.5127600353211165,100.0,98.944245578329,0.9996622138097624,0.3838760398917634,1176.9404775296932,1182.9961058483627,True,True,True,True,True,True,sobol_train_val,,,
450.0,2048.0,1.905048820190132,0.0889474499970674,0.4632088720798492,0.5367911279201507,15,6,0.4,3.3206246495246887,0.4588720696046948,100.0,117.027732094886,0.8525940810935893,0.0040278452871277,1953.1190227573936,1969.42740165478,True,True,True,True,True,True,sobol_train_val,,,
451.0,2048.0,1.696603486314416,0.2595807753503322,0.5206666082143783,0.4793333917856217,22,8,0.3636363636363636,3.93032257379964,0.5887292811647058,100.0,110.67096019040684,0.9975178383873556,0.1875626837943701,1658.9967163998776,1671.1981749870336,True,True,True,True,True,True,sobol_train_val,,,
452.0,2048.0,1.241854407824576,0.0443794981576502,0.3265270188450813,0.6734729811549187,19,11,0.5789473684210527,2.033161866478622,0.4332909811288118,100.0,105.28987544359512,0.573853866132136,0.0030442647154882,1532.8336648719776,1541.4331497516669,True,True,True,True,True,True,sobol_train_val,,,
453.0,2048.0,1.1125321369618175,0.2678467120975256,0.4003946039825677,0.5996053960174322,17,12,0.7058823529411765,1.435995951667428,0.5694965582340956,100.0,98.831762889996,0.8156803468762878,0.0864650986621112,909.5777369425768,921.2582505710424,True,True,True,True,True,True,sobol_train_val,,,
454.0,2048.0,1.57593294698745,0.0337489415891468,0.6460971195250749,0.3539028804749251,23,8,0.3478260869565217,2.8646104029379784,0.4031086878851056,100.0,104.19060086289636,0.997856882461102,0.1252539033127011,1895.6814143117683,1909.3671176320845,True,True,True,True,True,True,sobol_train_val,,,
455.0,2048.0,1.7757193930447102,0.1624878876842558,0.3887614596635103,0.6112385403364897,10,5,0.5,4.376681550778448,0.544687975384295,100.0,116.72161276767162,0.8198443067475905,0.0284169320310737,2065.883324623287,2080.47738400786,True,True,True,True,True,True,sobol_train_val,,,
456.0,2048.0,1.2858159160241485,0.1347133576869964,0.5579011622816323,0.4420988377183676,30,17,0.5666666666666667,2.502073431853205,0.4767497707158327,100.0,99.19058456151862,0.9999704573663916,0.0727203055443153,1522.851704447843,1539.711449810994,True,True,True,True,True,True,sobol_train_val,,,
457.0,2048.0,1.3370911329984665,0.2254552069120109,0.3689160410314798,0.6310839589685202,25,11,0.44,2.303528328984976,0.5581137048080563,100.0,106.5539371625332,0.8336002856318897,0.0010042256817051,1249.9570698678758,1266.1996966622469,True,True,True,True,True,True,sobol_train_val,,,
458.0,2048.0,1.851397174410522,0.0659174194559455,0.577899931743741,0.422100068256259,15,8,0.5333333333333333,3.764830888342112,0.4136129926890135,100.0,112.3348206637221,0.9754556281493,0.0143009057187917,2284.078722589596,2302.615710001961,True,True,True,True,True,True,sobol_train_val,,,
459.0,2048.0,1.547133857384324,0.2043249176815152,0.4321609456092119,0.5678390543907881,28,18,0.6428571428571429,3.491063824854791,0.5340981502085924,100.0,109.9358887854059,0.924904682415352,0.0023208616093768,1747.378645965665,1766.332698859882,True,True,True,True,True,True,sobol_train_val,,,
460.0,2048.0,1.0143779749050736,0.1008174031041562,0.6145817849785089,0.3854182150214911,12,4,0.3333333333333333,1.6491436173208056,0.4880227843299508,100.0,89.24368451973265,0.9618426231145224,0.250276080430082,1150.351469041668,1159.133852475268,True,True,True,True,True,True,sobol_train_val,,,
461.0,2048.0,1.13492645137012,0.1772883905097842,0.5405249908566474,0.4594750091433526,14,5,0.3571428571428571,2.646724472846836,0.5021580504253507,100.0,95.2302959132287,0.981283373305172,0.1035581096075295,1524.9037403186553,1539.9018194107975,True,True,True,True,True,True,sobol_train_val,,,
462.0,2048.0,1.6765782060101628,0.1301773513667285,0.3065412253141403,0.6934587746858597,27,18,0.6666666666666666,4.1305798050016165,0.4701572429388762,100.0,117.35789389269009,0.5777676422048341,0.0008837289173151,2380.7638910467845,2389.732238489318,True,True,True,True,True,True,sobol_train_val,,,
463.0,2048.0,1.9719527997076511,0.2923151842318475,0.6521581351757049,0.3478418648242951,20,12,0.6,3.109189124498516,0.5773585874587297,100.0,112.65408842628636,0.9996787474021852,0.3977641911757946,1406.579516372562,1412.483165613538,True,True,True,True,True,True,sobol_train_val,,,
464.0,2048.0,1.4665426379069686,0.0013809034600853,0.4947371825575828,0.5052628174424172,21,10,0.4761904761904761,1.2962668301537632,0.4437831262126565,100.0,105.92854285365598,0.8798273902208256,0.0120916298961073,1079.0870756149511,1095.4332159606397,True,True,True,True,True,True,sobol_train_val,,,
465.0,2048.0,1.4916112972423434,0.2840284058824181,0.5992385368794202,0.4007614631205798,11,7,0.6363636363636364,4.285988260991871,0.451914183050394,100.0,103.45477749467004,0.9899649522073494,0.1253449892221999,2392.712447808197,2406.807037186745,True,True,True,True,True,True,sobol_train_val,,,
466.0,2048.0,1.9468467459082603,0.0117296925745904,0.3535344686359167,0.6464655313640832,29,10,0.3448275862068966,2.798903375957161,0.5199134251102805,100.0,121.61061853517988,0.7363517444269604,4.291273318545995e-05,1549.96512666219,1563.475580906642,True,True,True,True,True,True,sobol_train_val,,,
467.0,2048.0,1.654316947795451,0.1832838381640613,0.6110181447118521,0.3889818552881479,17,7,0.4117647058823529,1.345302711054683,0.4278954459354281,100.0,107.01881903732033,0.963660764071348,0.1395327784915249,1107.376966041595,1120.0973737372017,True,True,True,True,True,True,sobol_train_val,,,
468.0,2048.0,1.1572246719151735,0.1174548519775271,0.4418769311159849,0.5581230688840151,23,13,0.5652173913043478,3.1614403962157667,0.5943199381232261,100.0,98.9080173443786,0.9998009967118257,0.0610471534220317,1410.9529278146113,1428.5781719717306,True,True,True,True,True,True,sobol_train_val,,,
469.0,2048.0,1.0355708645656705,0.1938938110135495,0.3163548700511455,0.6836451299488544,22,12,0.5454545454545454,3.813860229123384,0.4084553934633732,100.0,99.12002878359874,0.5346634392291393,0.00019021526417,2574.698160907342,2582.3018455597226,True,True,True,True,True,True,sobol_train_val,,,
470.0,2048.0,1.5259645339101553,0.1091683315113186,0.5370590038597584,0.4629409961402416,18,9,0.5,2.35578604247421,0.5639547308906913,100.0,106.13110796742268,0.9948990918143032,0.1830595472572374,1205.5915978897194,1217.8983430222822,True,True,True,True,True,True,sobol_train_val,,,
471.0,2048.0,1.825199141167104,0.2382418742403388,0.4796485759317874,0.5203514240682126,26,10,0.3846153846153846,1.804546024929732,0.4836588276550174,100.0,114.80405318729277,0.9274068757505116,0.0016437675719689,1196.4466136449912,1215.3117425940743,True,True,True,True,True,True,sobol_train_val,,,
472.0,2048.0,1.3632650785148144,0.0598396363668143,0.6737897120416164,0.3262102879583836,14,10,0.7142857142857143,3.643248874694109,0.537583415210247,100.0,98.07809913530537,0.9995690459176912,0.3935621388278154,1778.7260651909362,1784.5402690612866,True,True,True,True,True,True,sobol_train_val,,,
473.0,2048.0,1.26413447689265,0.1517935574054718,0.4596437059342861,0.5403562940657138,19,6,0.3157894736842105,3.018406977597624,0.418959747813642,100.0,101.53672866643323,0.7909686554875557,0.000142737021657,2019.6036586114108,2033.705609289848,True,True,True,True,True,True,sobol_train_val,,,
474.0,2048.0,1.7973767295479774,0.142801081482321,0.6936290241777896,0.3063709758222104,21,13,0.6190476190476191,1.5930094907060264,0.5525718279182911,100.0,107.88185902003676,0.9977209252179736,0.447400172355185,945.7455832800122,950.5056015170452,True,True,True,True,True,True,sobol_train_val,,,
475.0,2048.0,1.6006658682599664,0.2809560944326222,0.3478640981018543,0.6521359018981456,13,7,0.5384615384615384,2.555942276772112,0.4949317947030067,100.0,114.08624570932398,0.6747784629496019,0.0142547893604854,1558.864868043716,1569.946555524595,True,True,True,True,True,True,sobol_train_val,,,
476.0,2048.0,1.0878227669745684,0.0279938902705907,0.5052865616977215,0.4947134383022785,27,12,0.4444444444444444,4.427322416380048,0.5269936366006732,100.0,94.77400076375898,0.9999422897933902,0.061322541077398,2152.335766185222,2169.958326678749,True,True,True,True,True,True,sobol_train_val,,,
477.0,2048.0,1.2162972586229444,0.2515755311585962,0.6310100387781858,0.3689899612218141,28,13,0.4642857142857143,3.3744874460622665,0.4631994059309363,100.0,95.1357033551916,0.9999517440063158,0.2034196783813931,1957.3526290427887,1968.5008295975813,True,True,True,True,True,True,sobol_train_val,,,
478.0,2048.0,1.72219761274755,0.0550098024308681,0.422024654969573,0.577975345030427,12,7,0.5833333333333334,1.971655332762748,0.5093113906681538,100.0,114.40248752652286,0.8018415547005614,0.0560965900318782,1236.5467009905458,1249.3239163537737,True,True,True,True,True,True,sobol_train_val,,,
479.0,2048.0,1.925845026038587,0.2163094986230135,0.5677163328975439,0.4322836671024561,24,16,0.6666666666666666,2.18695190101862,0.4383875444531441,100.0,114.191393920174,0.992176704419427,0.0239511161459035,1454.231246922957,1473.241115306418,True,True,True,True,True,True,sobol_train_val,,,
480.0,2048.0,1.3856600187718868,0.075920529384166,0.3852939467877149,0.614706053212285,16,6,0.375,4.087342554610222,0.5829492909833789,100.0,107.32913830511194,0.919542870142672,0.0030993668256629,1785.0431849123397,1803.6683956289216,True,True,True,True,True,True,sobol_train_val,,,
481.0,2048.0,1.3915638094767928,0.2573825779370963,0.4302438173443079,0.5697561826556921,14,8,0.5714285714285714,4.480295870359987,0.4300674382597208,100.0,106.00732479686128,0.7507517305163991,0.0055019121521272,2704.1423867876742,2717.118709997518,True,True,True,True,True,True,sobol_train_val,,,
482.0,2048.0,1.919970873743296,0.0421807279810309,0.6228213805705309,0.377178619429469,26,13,0.5,2.6060938227921726,0.598005604185164,100.0,112.44365065218447,0.9995856604751574,0.3695511083498012,1176.1727559544909,1182.6864409663738,True,True,True,True,True,True,sobol_train_val,,,
483.0,2048.0,1.7437578858807683,0.2128146456554532,0.3684886503964662,0.6315113496035338,18,6,0.3333333333333333,1.5396355711854994,0.4560410173609853,100.0,116.70379974556818,0.6756564828997408,0.002104039948812,1192.548909051943,1203.952264881882,True,True,True,True,True,True,sobol_train_val,,,
484.0,2048.0,1.1947075258940458,0.0911430685780942,0.5845033053308726,0.4154966946691274,22,15,0.6818181818181818,2.968655897118152,0.5224289324134588,100.0,95.79022195763724,0.999966449178546,0.2047141345997996,1581.3303164008405,1592.6923158304944,True,True,True,True,True,True,sobol_train_val,,,
485.0,2048.0,1.066354178823531,0.1646866573020815,0.6604464694857597,0.3395535305142403,23,14,0.6086956521739131,4.03396213799715,0.486614740267396,100.0,89.73702036282606,0.999990591007256,0.3022228545991504,2164.223858284334,2173.1127608444717,True,True,True,True,True,True,sobol_train_val,,,
486.0,2048.0,1.6221031490713358,0.1369115556590259,0.4928689718246459,0.507131028175354,17,6,0.3529411764705882,2.137207317631692,0.5420530015602708,100.0,109.8058645455436,0.96565808425447,0.093428620438391,1186.6498518052802,1202.1633771194242,True,True,True,True,True,True,sobol_train_val,,,
487.0,2048.0,1.7916256366297605,0.2656510940752923,0.5470796376466751,0.4529203623533249,29,12,0.4137931034482758,2.0246226830407976,0.4117983074858785,100.0,111.97842072910908,0.9299876054394168,0.0001517852044702,1470.918848354995,1488.8531110743197,True,True,True,True,True,True,sobol_train_val,,,
488.0,2048.0,1.2699171751737597,0.0315527508035302,0.3060649052262306,0.6939350947737695,11,6,0.5454545454545454,3.424645095784217,0.5656863179057836,100.0,106.83165797224116,0.682570356765508,0.0169978600357873,1688.6446391609254,1699.8499748031136,True,True,True,True,True,True,sobol_train_val,,,
489.0,2048.0,1.353422841988504,0.1974387955851853,0.5171149745583534,0.4828850254416466,16,7,0.4375,3.211598138138652,0.497106840647757,100.0,102.26705437300365,0.9927807158082796,0.0358932950802679,1757.882432044994,1776.6767316837213,True,True,True,True,True,True,sobol_train_val,,,
490.0,2048.0,1.835073221474886,0.0939318526536226,0.3362561613321304,0.6637438386678696,24,14,0.5833333333333334,1.3982699691317977,0.5306823525577784,100.0,119.8548794584862,0.6979476229946425,0.0163890755084345,965.5369486736198,977.2447814127464,True,True,True,True,True,True,sobol_train_val,,,
491.0,2048.0,1.5005268724635243,0.2323387585580348,0.6788701415061951,0.3211298584938049,12,8,0.6666666666666666,2.7491586880758403,0.4230835314840078,100.0,101.46148002768696,0.9952839345913784,0.247403264329084,1783.6702827312972,1793.0999482028697,True,True,True,True,True,True,sobol_train_val,,,
492.0,2048.0,1.0609774570912125,0.0728015438653528,0.4745742365717887,0.5254257634282112,28,11,0.3928571428571428,4.232607948873192,0.5550842823460698,100.0,94.82258387096068,0.9998481191627688,0.0535356034559741,1954.3933958539717,1972.456358763755,True,True,True,True,True,True,sobol_train_val,,,
493.0,2048.0,1.1825101161375642,0.2992007341235876,0.3984418634325266,0.6015581365674734,27,8,0.2962962962962963,3.5934980954043567,0.4413404071703553,100.0,101.07943641771686,0.7132205534895217,1.5769001181240163e-06,2254.041725778554,2265.310482381569,True,True,True,True,True,True,sobol_train_val,,,
494.0,2048.0,1.629002282395959,0.0082670261152088,0.5543006110936404,0.4456993889063596,13,8,0.6153846153846154,1.7511718042194842,0.587415823712945,100.0,108.09143328040284,0.9731585441749276,0.2601073247622564,935.8502055637732,944.9121908857647,True,True,True,True,True,True,sobol_train_val,,,
495.0,2048.0,1.9565977780148387,0.1704042666591703,0.4118086952716112,0.5881913047283889,21,11,0.5238095238095238,2.4059372995980084,0.4665453728288412,100.0,119.79796203967489,0.7691633765387945,0.0032053345819622,1536.0125257017603,1550.0520712972732,True,True,True,True,True,True,sobol_train_val,,,
496.0,2048.0,1.4818901419639587,0.123293799161911,0.6411046776920557,0.3588953223079443,19,8,0.4210526315789473,3.8668339719995855,0.5110460283234716,100.0,102.03218496380332,0.9988663550876968,0.2988084215262533,1962.287993874423,1970.647480168078,True,True,True,True,True,True,sobol_train_val,,,
497.0,2048.0,1.4449509046971798,0.1807922422885894,0.3397222451865673,0.6602777548134326,30,20,0.6666666666666666,1.7021117543801665,0.5909010827541351,100.0,110.46176750450844,0.7973113991657171,0.0229085269825695,948.0740508356432,962.0910568270932,True,True,True,True,True,True,sobol_train_val,,,
498.0,2048.0,1.9935148945078252,0.1149638288654387,0.5073012359440326,0.4926987640559673,10,4,0.4,3.5412206877954304,0.4369764564558864,100.0,117.42864629618867,0.8742378604262374,0.0345294943135967,2121.303984716907,2136.5245871272746,True,True,True,True,True,True,sobol_train_val,,,
499.0,2048.0,1.6707020606845615,0.2865174223668873,0.4529425658285617,0.5470574341714383,23,11,0.4782608695652174,3.711451258510351,0.516887060366571,100.0,112.21085202628548,0.9367693112971068,0.000732847541727,1887.6305857488785,1907.015299130772,True,True,True,True,True,True,sobol_train_val,,,
500.0,2048.0,1.1408320562914014,0.0142192807048559,0.6939588449895382,0.3060411550104618,16,9,0.5625,2.253782958816737,0.4613877676427364,100.0,91.20494328676556,0.9986478905137453,0.3382728608247714,1466.160395654079,1473.0620877544488,True,True,True,True,True,True,sobol_train_val,,,
501.0,2048.0,1.020162435248494,0.2407328979112207,0.5696822803467512,0.4303177196532488,18,10,0.5555555555555556,1.2428936974145472,0.5476436972618103,100.0,90.67816383005106,0.973460026587608,0.2361605418437279,858.2173173137409,867.796645302012,True,True,True,True,True,True,sobol_train_val,,,
502.0,2048.0,1.5413807043805718,0.0623312316834926,0.3771031644195318,0.6228968355804683,21,9,0.4285714285714285,3.0594372572377324,0.4812191663309931,100.0,111.62791314617424,0.7265108945397923,0.0004230603075303,1818.950894889845,1831.9739549305575,True,True,True,True,True,True,sobol_train_val,,,
503.0,2048.0,1.872836209833622,0.1914042223244905,0.6313885983079672,0.3686114016920327,14,5,0.3571428571428571,4.183554045762866,0.5728396629914642,100.0,111.22195877041968,0.990700910963642,0.3634533674015294,1802.8988846786367,1809.4704180800936,True,True,True,True,True,True,sobol_train_val,,,
504.0,2048.0,1.3156204922124743,0.106679315585643,0.4153724323958158,0.5846275676041841,25,15,0.6,2.6968752320855858,0.4048404656350612,100.0,104.41222258670138,0.6974067161649338,0.0007552721214014,1925.7189656340888,1937.200104284675,True,True,True,True,True,True,sobol_train_val,,,
505.0,2048.0,1.311220210045576,0.2737774321809411,0.6011912357062101,0.3988087642937898,20,8,0.4,2.083312336821109,0.5362730054184794,100.0,98.66124920579182,0.9939641946071756,0.2615525158101502,1188.5036860641928,1197.8558364558658,True,True,True,True,True,True,sobol_train_val,,,
506.0,2048.0,1.7502832552418113,0.0208146563731133,0.4453309949487447,0.5546690050512553,19,13,0.6842105263157895,3.983297103457153,0.4917113095521926,100.0,114.26759946457366,0.8646407802998475,0.0118771386337168,2123.037440533361,2139.5602887285995,True,True,True,True,True,True,sobol_train_val,,,
507.0,2048.0,1.5858047362416985,0.1589702214114368,0.5879709150642156,0.4120290849357844,26,16,0.6153846153846154,3.2708730834536253,0.5622376792132855,100.0,106.07886834902354,0.9999777627335908,0.2671792660514092,1535.1710031989026,1544.600902917853,True,True,True,True,True,True,sobol_train_val,,,
508.0,2048.0,1.1026914166286588,0.1499771727249026,0.3586733859032392,0.6413266140967608,13,6,0.4615384615384615,1.8676348865032195,0.4161256378516555,100.0,99.89641063486118,0.6102385718124413,0.0056974467635035,1496.1988887402506,1505.4424026346494,True,True,True,True,True,True,sobol_train_val,,,
509.0,2048.0,1.232134835794568,0.2234887330792844,0.4831513665616512,0.5168486334383489,11,5,0.4545454545454545,2.4523279571905734,0.5803112594410778,100.0,99.87872945409458,0.9580169486693544,0.1397216511329346,1217.5946654385216,1230.564137203459,True,True,True,True,True,True,sobol_train_val,,,
510.0,2048.0,1.706352279521525,0.0830991910770535,0.6640117324888706,0.3359882675111294,28,14,0.5,4.32330202544108,0.4482494682073593,100.0,106.70455432892066,0.9999808138785304,0.2504661895192793,2400.931023437736,2410.672135514299,True,True,True,True,True,True,sobol_train_val,,,
511.0,2048.0,1.879735730588436,0.2443994393572211,0.3214450486004352,0.6785549513995648,15,9,0.6,2.914767358079553,0.5055042080581188,100.0,121.3468634679482,0.6374747088552823,0.0122981594562581,1671.168326380829,1681.3679560975268,True,True,True,True,True,True,sobol_train_val,,,
512.0,2048.0,1.431776816956699,0.0478331389836967,0.5257424645125865,0.4742575354874134,25,8,0.32,1.488963996525854,0.4718920713290572,100.0,104.08750278809124,0.9617341877375044,0.0378167356881839,1094.600967466214,1112.2373757439243,True,True,True,True,True,True,sobol_train_val,,,
513.0,2048.0,1.4335709987208247,0.2226831464096903,0.3256399549543857,0.6743600450456142,20,8,0.4,2.254109568335116,0.4927373139187693,100.0,110.65756231737106,0.6412841850561627,0.0006913744548083,1448.4444576427609,1459.1797269928245,True,True,True,True,True,True,sobol_train_val,,,
514.0,2048.0,1.8798858374357224,0.0824406693689525,0.5213436625897884,0.4786563374102116,20,13,0.65,3.709310331288725,0.5357244461774826,100.0,114.65498578009029,0.9997576514262616,0.1067233577545124,1776.3620674024362,1792.297182671778,True,True,True,True,True,True,sobol_train_val,,,
515.0,2048.0,1.7056569093838334,0.2440333253704011,0.4639088205993175,0.5360911794006824,27,16,0.5925925925925926,3.544771723821759,0.4183222226798535,100.0,112.66006624471794,0.7971787586861132,0.0005034127542521,2244.866838322584,2259.22165789084,True,True,True,True,True,True,sobol_train_val,,,
516.0,2048.0,1.2308863941580055,0.0473211223259568,0.6830503828823566,0.3169496171176433,14,7,0.5,1.6967495477758348,0.5597590094432234,100.0,94.163925808135,0.9906324706326644,0.4411424611569906,990.9602710682587,995.5345843757602,True,True,True,True,True,True,sobol_train_val,,,
517.0,2048.0,1.1025325478985906,0.2732651042751968,0.5587673362344503,0.4412326637655497,12,5,0.4166666666666667,2.700426470953971,0.4485038427636027,100.0,93.68568244732882,0.9728522061962688,0.0495737051168093,1719.7238863174016,1736.5317341282523,True,True,True,True,True,True,sobol_train_val,,,
518.0,2048.0,1.584001673385501,0.0204493766650557,0.3880636941641568,0.6119363058358431,29,15,0.5172413793103449,4.178191636316478,0.5789908796548844,100.0,112.30107184478057,0.921366594723982,0.0002674490280871,1819.2794060605163,1838.2071813999107,True,True,True,True,True,True,sobol_train_val,,,
519.0,2048.0,1.7515410548076034,0.1583114298060536,0.6454252999275922,0.3545747000724077,15,10,0.6666666666666666,3.059764462988824,0.4748604767024517,100.0,108.2261633567628,0.9988185301649778,0.254611217855316,1740.324911017145,1750.0918081406498,True,True,True,True,True,True,sobol_train_val,,,
520.0,2048.0,1.3119248189032078,0.149172459449619,0.4012836601585149,0.598716339841485,25,8,0.32,1.2407521739602088,0.5037971680983901,100.0,104.7701842913238,0.8068542198532627,0.0018326462323628,957.3225231253956,972.6346343052376,True,True,True,True,True,True,sobol_train_val,,,
521.0,2048.0,1.3153524128720164,0.2412453990429639,0.6152824904769658,0.3847175095230342,30,21,0.7,1.86630080351606,0.4347768545150757,100.0,98.38033812276689,0.999975671407078,0.1151698897853504,1344.689739178282,1359.1250920280484,True,True,True,True,True,True,sobol_train_val,,,
522.0,2048.0,1.871160447597504,0.0626966868527233,0.4312975328415632,0.5687024671584369,10,4,0.4,3.273618652112781,0.5934010563418268,100.0,117.3613611632366,0.9137002176319262,0.1007526371377496,1437.1628177592495,1450.9201823056692,True,True,True,True,True,True,sobol_train_val,,,
523.0,2048.0,1.5425035739317536,0.1920631893910467,0.5770136248320341,0.4229863751679659,24,12,0.5,3.978738593962043,0.4603647803887725,100.0,105.35365100805626,0.9998911251972892,0.0813240781905588,2209.772635647912,2226.224380027738,True,True,True,True,True,True,sobol_train_val,,,
524.0,2048.0,1.0209838841110468,0.1074842020869255,0.369590812548995,0.6304091874510049,17,10,0.5882352941176471,2.0892791848629715,0.517414315789938,100.0,96.81318571740304,0.7539268679978343,0.0111263545279513,1311.4985743946995,1324.8688439328887,True,True,True,True,True,True,sobol_train_val,,,
525.0,2048.0,1.14251705724746,0.1815974411554634,0.4940630681812763,0.5059369318187237,19,10,0.5263157894736842,1.4844060709699989,0.4782294571399689,100.0,96.84248292284845,0.9249324268662616,0.0239701724851102,1100.9269258331044,1118.1507828216363,True,True,True,True,True,True,sobol_train_val,,,
526.0,2048.0,1.6709794979542494,0.1156219605356454,0.6530479602515697,0.3469520397484302,22,9,0.4090909090909091,2.9207336221821603,0.5493537543341518,100.0,106.2111646985939,0.9985599369580896,0.3696174169079889,1446.6249792425808,1453.1331485663304,True,True,True,True,True,True,sobol_train_val,,,
527.0,2048.0,1.9926845645532008,0.2868831463158131,0.3074051044881343,0.6925948955118657,15,5,0.3333333333333333,4.321968133002519,0.4046073948964477,100.0,124.21248127744616,0.5160086038739177,0.0004385774153833,2761.291579403846,2768.370744507118,True,True,True,True,True,True,sobol_train_val,,,
528.0,2048.0,1.443819273263216,0.0147309095598757,0.5398279942572116,0.4601720057427884,26,16,0.6153846153846154,2.455073335301131,0.5741570256650448,100.0,103.97705171228957,0.9999002031717684,0.1986011512065001,1214.8204930498723,1226.5631574097304,True,True,True,True,True,True,sobol_train_val,,,
529.0,2048.0,1.481129266321659,0.2998597771860659,0.4412104535847902,0.5587895464152097,16,7,0.4375,2.969989002775401,0.5285709584131837,100.0,107.9901671100762,0.9275295749081152,0.0074767668239138,1566.178519755326,1584.882589823657,True,True,True,True,True,True,sobol_train_val,,,
530.0,2048.0,1.95541341137141,0.0090719886124134,0.6119125369936227,0.3880874630063773,24,14,0.5833333333333334,1.536890979856253,0.499695298448205,100.0,113.48244226926982,0.9932531157888268,0.2301083007522303,1029.9565153478366,1040.641424820206,True,True,True,True,True,True,sobol_train_val,,,
531.0,2048.0,1.6306174714118242,0.1709168437868356,0.3544059786945581,0.6455940213054419,12,8,0.6666666666666666,2.6106509615667166,0.5541682656854391,100.0,114.57514475489631,0.7338530776759361,0.0491389719584674,1384.1565964518516,1395.4337252684622,True,True,True,True,True,True,sobol_train_val,,,
532.0,2048.0,1.182839692570269,0.1236593303270637,0.5985461134463548,0.4014538865536452,28,11,0.3928571428571428,4.47433039303869,0.4237178446725011,100.0,95.04138284722524,0.9999205753425175,0.0526535110363993,2633.545662859276,2650.5596948226885,True,True,True,True,True,True,sobol_train_val,,,
533.0,2048.0,1.0621696319431069,0.1978045865893364,0.6744827896356582,0.3255172103643418,27,9,0.3333333333333333,3.4292028184980152,0.5845327997580171,100.0,89.23402611054172,0.9995297096682692,0.443449851472892,1544.8408775246446,1549.3767080428302,True,True,True,True,True,True,sobol_train_val,,,
534.0,2048.0,1.5012956755235791,0.0944435485638678,0.4787805810570716,0.5212194189429283,13,8,0.6153846153846154,2.0186566217802464,0.4431570444256067,100.0,107.30549992549214,0.8261257872946401,0.0423299676599268,1431.6164310745587,1445.120806783107,True,True,True,True,True,True,sobol_train_val,,,
535.0,2048.0,1.834735240787268,0.2331440244801342,0.5361650750041007,0.4638349249958993,21,11,0.5238095238095238,2.13854061383754,0.5109018322080374,100.0,113.24095271367742,0.9953774970451276,0.0965593880855181,1250.3109870543665,1266.5081638803588,True,True,True,True,True,True,sobol_train_val,,,
536.0,2048.0,1.3517993679270148,0.073459742590785,0.3170250535011291,0.6829749464988708,19,8,0.4210526315789473,4.0312173561193045,0.4679513158276677,100.0,108.758322408884,0.5956700628688276,0.0002131713933683,2369.887949642108,2379.3416250911023,True,True,True,True,True,True,sobol_train_val,,,
537.0,2048.0,1.2712271437048912,0.1643206103704869,0.5061573028564452,0.4938426971435548,14,8,0.5714285714285714,4.232281529903411,0.5989430192857981,100.0,100.3094162588643,0.9979687316091528,0.1768361057447563,1745.7382215072564,1758.0702839672108,True,True,True,True,True,True,sobol_train_val,,,
538.0,2048.0,1.7922604633495212,0.1363996060565113,0.3471739694476127,0.6528260305523872,26,13,0.5,2.751299424748868,0.4294300133362412,100.0,118.5305245831538,0.608323583247404,0.0001931792330547,1860.0543278627183,1869.572351678987,True,True,True,True,True,True,sobol_train_val,,,
539.0,2048.0,1.6218915153294802,0.2648455744609236,0.6929617777466773,0.3070382222533226,18,7,0.3888888888888889,1.3947195170447229,0.5245189281180501,100.0,103.98671409057567,0.9817664421123616,0.4311580715048191,937.333502539141,942.1499662841318,True,True,True,True,True,True,sobol_train_val,,,
540.0,2048.0,1.0646205404773357,0.0308942961506545,0.4605403929948806,0.5394596070051194,22,15,0.6818181818181818,3.216959760803729,0.4534556712955236,100.0,95.37259545105344,0.8386234437019137,0.0048299931300679,1995.7311757723487,2011.2630495685708,True,True,True,True,True,True,sobol_train_val,,,
541.0,2048.0,1.1940644141286612,0.2567238623276353,0.3844023007899522,0.6155976992100478,23,14,0.6086956521739131,3.8632837227545673,0.5422003094106913,100.0,101.8929659311695,0.8375848159016072,0.0017772787265982,1916.8331264598828,1933.117692046576,True,True,True,True,True,True,sobol_train_val,,,
542.0,2048.0,1.7424395130947232,0.0413760907016694,0.5683857593685389,0.4316142406314611,17,6,0.3529411764705882,2.411298719421029,0.4851873988285661,100.0,110.25728876893668,0.9834354122987884,0.1279797886911746,1438.7928711350198,1453.057651612501,True,True,True,True,True,True,sobol_train_val,,,
543.0,2048.0,1.921712439507246,0.2123023937456309,0.4227200154215097,0.5772799845784903,29,12,0.4137931034482758,1.7508459814824162,0.5685662301257253,100.0,118.70974367116564,0.9265447376222762,0.0404071978291705,977.4398594895569,994.5417910213166,True,True,True,True,True,True,sobol_train_val,,,
544.0,2048.0,1.391783251427114,0.0907778648659587,0.6301412869244813,0.3698587130755186,11,6,0.5454545454545454,3.595638235844672,0.4100030686706304,100.0,100.02424342273508,0.9880914351434824,0.1150339578853944,2249.1368899147533,2263.002137786068,True,True,True,True,True,True,sobol_train_val,,,
545.0,2048.0,1.3859398253262043,0.2509173016995191,0.585204791650176,0.414795208349824,19,6,0.3157894736842105,3.163580339960754,0.5504803111776709,100.0,101.13780648816557,0.9927130034006936,0.2524386202174322,1551.3484225310908,1561.0185719136134,True,True,True,True,True,True,sobol_train_val,,,
546.0,2048.0,1.927524766884744,0.0542045270092785,0.3676260065287351,0.6323739934712649,21,14,0.6666666666666666,1.3449739378876984,0.42154356315732,100.0,120.7144056468328,0.6230840517433703,0.0170782721377643,1171.1079027330277,1180.3086693803623,True,True,True,True,True,True,sobol_train_val,,,
547.0,2048.0,1.7210636120289564,0.2157977350987494,0.6219358544796705,0.3780641455203295,13,7,0.5384615384615384,2.8042673528194424,0.5260577395558357,100.0,108.21872943602192,0.9935225976122743,0.2871617496722162,1475.1164282783482,1483.8664809280572,True,True,True,True,True,True,sobol_train_val,,,
548.0,2048.0,1.2154721887782216,0.0755546852946281,0.4309193577617407,0.5690806422382593,27,12,0.4444444444444444,4.282438601832837,0.4955707533285022,100.0,101.02151850190307,0.8542357662193963,2.94227425973503e-05,2285.3285641239963,2302.005524466957,True,True,True,True,True,True,sobol_train_val,,,
549.0,2048.0,1.0861494038254025,0.1514280256815254,0.3053915716707706,0.6946084283292293,28,13,0.4642857142857143,3.648612661007792,0.5064360609278082,100.0,101.19367695665728,0.6187257963306122,2.184785844107721e-05,2049.7602146425943,2059.972929091493,True,True,True,True,True,True,sobol_train_val,,,
550.0,2048.0,1.6003925586119294,0.1422884825617074,0.5479702316224575,0.4520297683775425,12,7,0.5833333333333334,1.8009965563192964,0.4649992175400257,100.0,107.6059083487819,0.9320115204596144,0.1061175048229705,1247.1733258068457,1260.860529993975,True,True,True,True,True,True,sobol_train_val,,,
551.0,2048.0,1.798195779323578,0.2801510877907276,0.4937336318194866,0.5062663681805134,24,16,0.6666666666666666,2.3579254022799434,0.58279739767313,100.0,113.7716328069015,0.9995402937651754,0.1316428687094303,1141.5136785027446,1156.1818927920303,True,True,True,True,True,True,sobol_train_val,,,
552.0,2048.0,1.265262576751411,0.0273347885347902,0.6597502417862415,0.3402497582137584,16,6,0.375,3.813532039895653,0.4398103160783648,100.0,95.76535931011064,0.996998012812267,0.2301950216987754,2244.3119253163995,2254.324947831332,True,True,True,True,True,True,sobol_train_val,,,
553.0,2048.0,1.3614596165716648,0.1942589549347758,0.4736864157021045,0.5263135842978954,11,7,0.6363636363636364,4.424578617978841,0.5208340264856816,100.0,103.81650776834351,0.9394282801939752,0.0452158241065615,2180.529390222749,2197.4947795543576,True,True,True,True,True,True,sobol_train_val,,,
554.0,2048.0,1.825045502744615,0.1096805403940379,0.6795464508235454,0.3204535491764546,29,10,0.3448275862068966,2.557277736626565,0.451284440420568,100.0,108.85924005881476,0.9988719195631242,0.291275181061408,1589.20142803073,1597.730786182966,True,True,True,True,True,True,sobol_train_val,,,
555.0,2048.0,1.5266715418547392,0.2390464908443391,0.3369553528726101,0.6630446471273899,17,7,0.4117647058823529,1.5870416591875254,0.5964267505332828,100.0,112.64981534193949,0.7846111869435004,0.0340482540457634,894.3774575566275,907.5074729944844,True,True,True,True,True,True,sobol_train_val,,,
556.0,2048.0,1.0368234338238835,0.0604983502998948,0.5162530995905399,0.4837469004094601,23,12,0.5217391304347826,3.022963323444128,0.4253024145960808,100.0,92.77319889617796,0.8979634705526631,0.0004401443144559,1983.445371153796,2000.3548760929837,True,True,True,True,True,True,sobol_train_val,,,
557.0,2048.0,1.15737240947783,0.2846868085674941,0.641970094665885,0.358029905334115,22,13,0.5909090909090909,4.081374126859009,0.5640974082052708,100.0,93.08203663171577,0.9999744006762504,0.3653246432438607,1851.12825087911,1857.5027427269931,True,True,True,True,True,True,sobol_train_val,,,
558.0,2048.0,1.656116389669478,0.0125351434573531,0.4111101847141981,0.588889815285802,18,9,0.5,2.191508843097836,0.4070479175075889,100.0,113.24435991442787,0.6914399323342646,0.0027509442459549,1635.4422361846916,1646.7539497650728,True,True,True,True,True,True,sobol_train_val,,,
559.0,2048.0,1.945600673556328,0.1837957771494984,0.5536280345171689,0.4463719654828311,26,9,0.3461538461538461,1.9689113315194844,0.5404679609462619,100.0,115.02235500096464,0.9876702244235396,0.1845710150802854,1108.816621281367,1121.1342904645785,True,True,True,True,True,True,sobol_train_val,,,
560.0,2048.0,1.4909106669947505,0.1178208692930638,0.3993301745504141,0.6006698254495859,14,10,0.7142857142857143,3.3758231087587776,0.4818437203764915,100.0,109.61233770480952,0.7430866079859854,0.0296680514517091,1957.4505514909515,1969.6329157889725,True,True,True,True,True,True,sobol_train_val,,,
561.0,2048.0,1.4652285715565083,0.1780930741690099,0.6948288410902023,0.3051711589097977,25,11,0.44,2.0359050809405743,0.4146344589069486,100.0,100.15349345536816,0.9990383300717648,0.2653515640742445,1466.3333143924438,1475.1839547128775,True,True,True,True,True,True,sobol_train_val,,,
562.0,2048.0,1.97130636498332,0.1308361323550343,0.4522516801953316,0.5477483198046684,15,8,0.5333333333333333,3.92898769788444,0.5575849186629057,100.0,118.75144450038044,0.9821651244387922,0.0317735683967635,1772.8123003704245,1792.0717486905055,True,True,True,True,True,True,sobol_train_val,,,
563.0,2048.0,1.676793341524899,0.2926803952082991,0.5066332444548607,0.4933667555451393,28,18,0.6428571428571429,3.326592290494591,0.4902239043265581,100.0,110.65139331214463,0.9912015843773244,0.0027464802965006,1808.3166335211895,1829.0281482779344,True,True,True,True,True,True,sobol_train_val,,,
564.0,2048.0,1.1366713400930166,0.00189317939803,0.3406181752681732,0.6593818247318268,11,3,0.2727272727272727,1.916452165134251,0.5315997103229165,100.0,101.59487097298666,0.7108199436967736,0.0144300506451447,1202.7995388875197,1214.8946418565083,True,True,True,True,True,True,sobol_train_val,,,
565.0,2048.0,1.0150170782580972,0.2259672218933701,0.4144800413399934,0.5855199586600066,13,5,0.3846153846153846,2.508040476590395,0.4703948961570859,100.0,95.1483359133818,0.77863668955701,0.0044880278776602,1628.6119202106402,1642.6960606336925,True,True,True,True,True,True,sobol_train_val,,,
566.0,2048.0,1.5484404731541872,0.0662835127674043,0.6320572677999734,0.3679427322000266,26,17,0.6538461538461539,4.372125991713255,0.5008452605456114,100.0,103.92250145134608,0.9999973824849648,0.2653589569369032,2204.1936564194566,2214.1559837825257,True,True,True,True,True,True,sobol_train_val,,,
567.0,2048.0,1.849659259431064,0.2049833963625133,0.3777977798134088,0.6222022201865911,19,11,0.5789473684210527,2.867353414557874,0.4467682499438524,100.0,118.71280468507842,0.6797103720046571,0.0039410390954478,1838.9685499175048,1850.337279886724,True,True,True,True,True,True,sobol_train_val,,,
568.0,2048.0,1.3368828520178797,0.101622929982841,0.5688127715140581,0.4311872284859419,20,9,0.45,1.4346612785942852,0.5756439605727792,100.0,100.29045277367352,0.9766938989715028,0.2681293407479908,861.0286351734192,869.7960737016832,True,True,True,True,True,True,sobol_train_val,,,
569.0,2048.0,1.2865804424509406,0.2673350245691835,0.3580076772719621,0.6419923227280379,25,14,0.56,1.6470050442963835,0.4566800694912672,100.0,105.50225715040136,0.6576248809851196,0.0015486293084711,1267.056658454329,1277.9899610889065,True,True,True,True,True,True,sobol_train_val,,,
570.0,2048.0,1.7769149206578732,0.033383173495531,0.5888660881668328,0.4111339118331671,14,6,0.4285714285714285,3.49139122730121,0.5152432756498456,100.0,110.41012688106927,0.9921349174537304,0.2094584832541128,1778.2426447465168,1789.6038335928256,True,True,True,True,True,True,sobol_train_val,,,
571.0,2048.0,1.5743137495592237,0.1618297342211008,0.4462032739073038,0.5537967260926961,21,7,0.3333333333333333,3.759467888809741,0.4322603950276971,100.0,110.14451510182658,0.7858750285097923,7.285972222535893e-05,2310.0402579908564,2324.267691361202,True,True,True,True,True,True,sobol_train_val,,,
572.0,2048.0,1.1121908035129309,0.1339081582613289,0.6004995930939913,0.3995004069060087,18,11,0.6111111111111112,2.3070770108141003,0.5892732668668031,100.0,92.81765960355,0.9992183758652344,0.3225906687754045,1137.7078057026877,1145.1101655340426,True,True,True,True,True,True,sobol_train_val,,,
573.0,2048.0,1.240665734745562,0.2098135158419609,0.526436311006546,0.473563688993454,17,12,0.7058823529411765,1.290903640072793,0.4001387637108564,100.0,98.8224044284118,0.8353627931035471,0.0633150808410865,1181.1731628312918,1193.3745672693171,True,True,True,True,True,True,sobol_train_val,,,
574.0,2048.0,1.6958459336310625,0.0882884153164923,0.320577834546566,0.679422165453434,23,8,0.3478260869565217,3.1127379968762394,0.5712020652368665,100.0,117.29898337148768,0.7472234580679863,0.0002986198700607,1509.7372094840755,1523.5001427889783,True,True,True,True,True,True,sobol_train_val,,,
575.0,2048.0,1.9053827030584216,0.2592153106816113,0.6631185725331306,0.3368814274668694,10,5,0.5,4.12844064803794,0.4764969179406762,100.0,110.99417284682988,0.9891099357968532,0.3049678481376617,2184.320117979637,2192.418628224941,True,True,True,True,True,True,sobol_train_val,,,
576.0,2048.0,1.408105470240116,0.043866966292262,0.4838223308324814,0.5161776691675186,30,17,0.5666666666666667,2.6470524592325093,0.5460098851472139,100.0,104.7491993512457,0.9999500514471504,0.0546805095486913,1369.0264841736905,1387.2880090494796,True,True,True,True,True,True,sobol_train_val,,,
577.0,2048.0,1.4191968301311135,0.277121486607939,0.6534778375178575,0.3465221624821425,15,10,0.6666666666666666,1.4613201493397354,0.5123009925708175,100.0,100.09640706330804,0.9899429693559846,0.3331714781414337,994.2290084475508,1001.418001711274,True,True,True,True,True,True,sobol_train_val,,,
578.0,2048.0,1.8942687083035707,0.0236139625310897,0.4999627266079187,0.5000372733920813,25,8,0.32,2.942308948282152,0.4661645464599132,100.0,115.62594508219256,0.936465055667474,0.0001091680253647,1731.5431929892434,1750.5927663684795,True,True,True,True,True,True,sobol_train_val,,,
579.0,2048.0,1.6915755225345492,0.1526463087648153,0.5417466286569833,0.4582533713430167,18,8,0.4444444444444444,4.29888218678534,0.586307343840599,100.0,109.91354094965544,0.998143167225465,0.2197182188905743,1793.5998400613644,1804.6108915250013,True,True,True,True,True,True,sobol_train_val,,,
580.0,2048.0,1.2449593171477318,0.1431085129268467,0.3116695214062929,0.6883304785937071,22,11,0.5,2.4766486368142067,0.4417700616642833,100.0,105.9035202587528,0.5580153399848123,0.000381995581256,1733.4611255298587,1741.8287903895125,True,True,True,True,True,True,sobol_train_val,,,
581.0,2048.0,1.123312666080892,0.2195082776248455,0.4371911525726318,0.5628088474273683,23,13,0.5652173913043478,1.843215299863368,0.5555644815787673,100.0,97.99560085147073,0.9565016686730232,0.0217502896649085,1067.4050100220643,1086.0236534898022,True,True,True,True,True,True,sobol_train_val,,,
582.0,2048.0,1.5632302574813366,0.0785740063525736,0.6157061979174614,0.3842938020825386,16,7,0.4375,3.2951936094090337,0.4219279401004314,100.0,104.7411711277714,0.9963786813925344,0.094147520097408,2042.1059288217084,2057.367906744157,True,True,True,True,True,True,sobol_train_val,,,
583.0,2048.0,1.7726139472797513,0.2500869554467499,0.3738490477204322,0.6261509522795677,29,11,0.3793103448275862,3.9556530165486032,0.5303486377000809,100.0,117.16440715034048,0.7959935528990141,2.064229072279287e-05,1971.974765623724,1987.2363429507543,True,True,True,True,True,True,sobol_train_val,,,
584.0,2048.0,1.2908434625715015,0.0529759246855974,0.5789262324571609,0.4210737675428391,10,7,0.7,2.110854068398476,0.4983112601563334,100.0,98.725915838989,0.95624721091922,0.1990486956481749,1308.6926703142617,1319.3132337797977,True,True,True,True,True,True,sobol_train_val,,,
585.0,2048.0,1.3323377380147576,0.1870748600922525,0.3931088596582412,0.6068911403417587,15,5,0.3333333333333333,2.723511974606663,0.5668252669274807,100.0,105.6104880259723,0.8957916848820764,0.0089648170279347,1366.1393693547327,1383.7756806514567,True,True,True,True,True,True,sobol_train_val,,,
586.0,2048.0,1.8541664201766253,0.1218735734000802,0.55990522056818,0.4400947794318199,24,15,0.625,4.1566166790202255,0.4113503908738494,100.0,112.93256796151924,0.949788909170246,0.0019599324125928,2494.295951578828,2512.707781171849,True,True,True,True,True,True,sobol_train_val,,,
587.0,2048.0,1.5598064763471484,0.2831320686265826,0.4048400685191154,0.5951599314808846,11,6,0.5454545454545454,3.0828500404022634,0.5408652244135738,100.0,111.1478583312387,0.8389964379940642,0.0362915764857096,1589.4645375337857,1604.1780027567984,True,True,True,True,True,True,sobol_train_val,,,
588.0,2048.0,1.00368944555521,0.0114610548131167,0.6481984257698059,0.3518015742301941,28,12,0.4285714285714285,1.2191772904247045,0.486916172504425,100.0,87.98244222135611,0.9927778991331014,0.2850972781111543,959.977005410504,968.2564320347368,True,True,True,True,True,True,sobol_train_val,,,
589.0,2048.0,1.1321567883715034,0.2350040690973401,0.522475378587842,0.477524621412158,26,12,0.4615384615384615,2.2771954899653792,0.5227809093892575,100.0,95.67226344212696,0.9992553580966936,0.0872562955368763,1308.734568934639,1325.0579232660798,True,True,True,True,True,True,sobol_train_val,,,
590.0,2048.0,1.6813310645520687,0.0572295485995709,0.3306790832430124,0.6693209167569876,13,7,0.5384615384615384,3.687735005188733,0.4548061287030577,100.0,116.6018639955454,0.6012091321919916,0.0063844100057787,2231.932893319541,2241.213912356025,True,True,True,True,True,True,sobol_train_val,,,
591.0,2048.0,1.9826418654993176,0.1953433605842292,0.6858174834400415,0.3141825165599585,20,14,0.7,3.567857670038938,0.5976047990843654,100.0,111.91977031820608,0.9999411020810284,0.474303469364704,1488.0579069231892,1492.2901979257751,True,True,True,True,True,True,sobol_train_val,,,
592.0,2048.0,1.4538704361766577,0.1112455984577536,0.4674590487033128,0.5325409512966872,20,7,0.35,1.6751742462627588,0.4311558425426483,100.0,106.45487620158804,0.8209578607258039,0.0010740307275641,1299.614948124324,1314.7061315337685,True,True,True,True,True,True,sobol_train_val,,,
593.0,2048.0,1.4942274186760187,0.2034605523571372,0.5625914819538593,0.4374085180461406,29,15,0.5172413793103449,3.840097093116492,0.4731224300339818,100.0,104.58330668769788,0.9999819805573302,0.075483316166895,2101.341644196932,2118.1836811792177,True,True,True,True,True,True,sobol_train_val,,,
594.0,2048.0,1.942306556738913,0.1004983398132026,0.3840749435126781,0.6159250564873219,11,5,0.4545454545454545,2.432773337513209,0.5051476057618857,100.0,120.45050596337222,0.7479605149546912,0.0276065627081539,1441.4132533207294,1453.98197241999,True,True,True,True,True,True,sobol_train_val,,,
595.0,2048.0,1.6440255641937256,0.2292784868739545,0.6257871292531489,0.374212870746851,23,7,0.3043478260869565,1.7276593272574243,0.4471655938774347,100.0,106.3598573269398,0.983859800121676,0.1831043932197344,1239.7681169883251,1251.4685100681145,True,True,True,True,True,True,sobol_train_val,,,
596.0,2048.0,1.169440063647926,0.0702860014513134,0.4207083977758884,0.5792916022241116,17,11,0.6470588235294118,3.617112829349935,0.5807166898623108,100.0,99.9577109418242,0.97671280052393,0.0192756331328794,1625.0445938243142,1644.361159284821,True,True,True,True,True,True,sobol_train_val,,,
597.0,2048.0,1.040109682828188,0.2937969918362796,0.3468403842300176,0.6531596157699824,18,12,0.6666666666666666,4.209095318242907,0.4165812315419316,100.0,98.22741549646396,0.592349732374405,0.0030068011584242,2729.6742609120142,2738.592482730632,True,True,True,True,True,True,sobol_train_val,,,
598.0,2048.0,1.5233469223603606,0.0034080309793353,0.5003570478409528,0.4996429521590472,22,8,0.3636363636363636,2.772773674037308,0.5611063119024038,100.0,107.18428391265344,0.9941285158226252,0.1141424077359619,1364.6166734230694,1379.8527706716554,True,True,True,True,True,True,sobol_train_val,,,
599.0,2048.0,1.8129852395504715,0.174082557298243,0.4585227858275175,0.5414772141724825,14,6,0.4285714285714285,1.3715332316234707,0.4914022002369165,100.0,115.21941314687632,0.8467824808353657,0.0566769239255793,1011.8649099683054,1025.773497250938,True,True,True,True,True,True,sobol_train_val,,,
600.0,2048.0,1.373557833023369,0.1275168380700051,0.6886014040559529,0.311398595944047,26,16,0.6153846153846154,3.238433936331421,0.5374532008543611,100.0,97.95594165914464,0.9999904583457812,0.4206116526910287,1620.7362590358994,1626.5495211259108,True,True,True,True,True,True,sobol_train_val,,,
601.0,2048.0,1.2529581729322672,0.2604840952903032,0.4775499042123555,0.5224500957876445,21,9,0.4285714285714285,3.4523890301585194,0.4060036387294531,100.0,100.6575247895521,0.8038500939612718,0.0001644734704646,2283.954434625321,2298.1898794964104,True,True,True,True,True,True,sobol_train_val,,,
602.0,2048.0,1.8105381364002824,0.0446551007218658,0.6693476926535368,0.3306523073464632,19,10,0.5263157894736842,1.9971823724918067,0.5723671408370137,100.0,108.83358179091056,0.9969205548202346,0.4246083108840125,1044.4890184700378,1049.6969007777568,True,True,True,True,True,True,sobol_train_val,,,
603.0,2048.0,1.6039229482412338,0.2068341300822794,0.3143542569130659,0.685645743086934,27,17,0.6296296296296297,2.1617268992587926,0.4800071651116013,100.0,115.35205336451288,0.6027488012135767,0.0019363615879628,1439.733928727058,1449.3501854252602,True,True,True,True,True,True,sobol_train_val,,,
604.0,2048.0,1.0825806437060237,0.0845354072749614,0.5327142383903265,0.4672857616096735,13,4,0.3076923076923077,4.009743180591613,0.5479697350412607,100.0,93.79732261523594,0.9821963345578548,0.1619253255704806,1906.3364334223916,1918.907938466376,True,True,True,True,True,True,sobol_train_val,,,
605.0,2048.0,1.2031372226774693,0.161049594450742,0.6067714609205723,0.3932285390794277,12,4,0.3333333333333333,2.9931756324134766,0.4617639686912298,100.0,95.41655121829253,0.9801372723320912,0.1715732900172259,1800.1724678207106,1812.0603857336612,True,True,True,True,True,True,sobol_train_val,,,
606.0,2048.0,1.7333754068240523,0.1326473649591207,0.439973547309637,0.5600264526903629,28,19,0.6785714285714286,1.5154163617640732,0.5156275661662221,100.0,114.06350155054218,0.8676598855066497,0.0382213910501855,1021.295654180656,1036.7284113148858,True,True,True,True,True,True,sobol_train_val,,,
607.0,2048.0,1.9310856591910124,0.271096059679985,0.5950890593230724,0.4049109406769275,16,9,0.5625,2.633837615791708,0.436551427282393,100.0,113.48230044255088,0.9942091804323572,0.0799335714946854,1662.5450216217655,1678.8369735702909,True,True,True,True,True,True,sobol_train_val,,,
608.0,2048.0,1.3824015678837895,0.0363705896772444,0.3517291910946369,0.648270808905363,24,12,0.5,4.452855799533427,0.5920140925794839,100.0,108.38205642675496,0.8614405869361198,0.0004611674821178,1892.181059411072,1909.1596082888864,True,True,True,True,True,True,sobol_train_val,,,
609.0,2048.0,1.4038397278636694,0.1551373324356973,0.4075616180896759,0.592438381910324,26,17,0.6538461538461539,4.059493972174823,0.4449936015531421,100.0,107.0755753055734,0.7335839320897634,0.0009496285354925,2436.1192631895774,2449.004248673872,True,True,True,True,True,True,sobol_train_val,,,
610.0,2048.0,1.909618069417775,0.145600108243525,0.6392017111182212,0.3607982888817788,14,5,0.3571428571428571,2.215101107675582,0.5770310238003731,100.0,111.75975271521249,0.9764993197760052,0.3919596560220099,1109.2014890543635,1114.843821640509,True,True,True,True,True,True,sobol_train_val,,,
611.0,2048.0,1.7391571067273617,0.27463189791888,0.3942928031086921,0.6057071968913079,22,10,0.4545454545454545,1.9470311030745504,0.4689955957233905,100.0,115.71597095078346,0.7411199727421396,0.0016104427814402,1338.7716524041489,1352.0864200680985,True,True,True,True,True,True,sobol_train_val,,,
612.0,2048.0,1.1973852505907416,0.0211249466054141,0.552494940161705,0.447505059838295,18,10,0.5555555555555556,3.399415299575776,0.5026320984587074,100.0,96.78525739825945,0.9994466709722948,0.1102197756691402,1825.624202554845,1840.8225271576057,True,True,True,True,True,True,sobol_train_val,,,
613.0,2048.0,1.0767075195908546,0.2475953595712781,0.6767718393355607,0.3232281606644392,17,9,0.5294117647058824,4.402698045317083,0.4884462876245379,100.0,89.64311746651117,0.9997601168192336,0.3385036778817915,2318.4789792667457,2325.4452241988347,True,True,True,True,True,True,sobol_train_val,,,
615.0,2048.0,1.788947494700551,0.2219972941093146,0.515114015713334,0.4848859842866659,11,3,0.2727272727272727,1.565161061938852,0.4132383175194263,100.0,112.90078127855908,0.8478363327094003,0.0426827279788021,1263.534541488733,1277.3006779276295,True,True,True,True,True,True,sobol_train_val,,,
616.0,2048.0,1.274517417885363,0.0810635944828391,0.3319117654114961,0.6680882345885039,29,19,0.6551724137931034,3.046555932238698,0.5593747248873114,100.0,106.05480744030471,0.7509489420147146,0.0018138552404795,1551.2101350775768,1565.0072195702485,True,True,True,True,True,True,sobol_train_val,,,
617.0,2048.0,1.3482422586530447,0.2903113030828535,0.5460563410073518,0.4539436589926482,24,8,0.3333333333333333,3.670493233669549,0.477832119166851,100.0,101.26409663525754,0.9983864041697174,0.051768140202746,2022.1226846579905,2040.0504255984165,True,True,True,True,True,True,sobol_train_val,,,
618.0,2048.0,1.83826965559274,0.0186397165060043,0.3011349979788065,0.6988650020211935,16,11,0.6875,1.7774039229378102,0.5442810190841556,100.0,121.19334833896625,0.6133317105251751,0.039737438457344,1097.4784507177562,1106.0422917316894,True,True,True,True,True,True,sobol_train_val,,,
619.0,2048.0,1.5136267952620983,0.1798987682908773,0.6593251559883355,0.3406748440116645,28,16,0.5714285714285714,2.3798059995286165,0.4018798550590873,100.0,102.31668176998043,0.9999474938919852,0.1523523491581288,1664.515172400389,1677.118770839791,True,True,True,True,True,True,sobol_train_val,,,
620.0,2048.0,1.0498616239055991,0.1146969099529087,0.4878417689353227,0.5121582310646773,12,6,0.5,3.7899394311010832,0.569854686409235,100.0,94.05282430456828,0.9901825640557282,0.1086516061176912,1734.1901307791306,1749.2263795466024,True,True,True,True,True,True,sobol_train_val,,,
621.0,2048.0,1.1793131455779076,0.1881646983325481,0.3633634537458419,0.6366365462541581,13,5,0.3846153846153846,3.18546049464494,0.4335985645651817,100.0,102.14726403432246,0.6400923678066777,0.001878334909491,2103.193103170754,2113.475852942336,True,True,True,True,True,True,sobol_train_val,,,
622.0,2048.0,1.6341824484989047,0.1040663645602762,0.5832846716046334,0.4167153283953666,27,14,0.5185185185185185,1.321381673309952,0.5875475598499178,100.0,107.35590293181964,0.9765619412915484,0.3072084702383382,788.6837973842555,796.3866632220431,True,True,True,True,True,True,sobol_train_val,,,
623.0,2048.0,1.9677140284329653,0.2421807331033051,0.4250212773680686,0.5749787226319314,19,11,0.5789473684210527,2.826147581264377,0.458418001793325,100.0,119.5810531331781,0.779593048702313,0.006125075833226,1748.311848580168,1762.4434269041928,True,True,True,True,True,True,sobol_train_val,,,
624.0,2048.0,1.4687907556071875,0.0644056398421526,0.6215047776699065,0.3784952223300935,21,7,0.3333333333333333,4.258846411015838,0.5138929285109043,100.0,102.2501010745774,0.9980910874307258,0.2652814176126234,2109.443462285048,2118.8277402155964,True,True,True,True,True,True,sobol_train_val,,,
625.0,2048.0,1.448116404004395,0.2314772564917802,0.3232534255832434,0.6767465744167567,11,6,0.5454545454545454,1.2689227773807945,0.5841355422511697,100.0,111.1234805243684,0.6708301129891517,0.0758028170157113,824.314183305792,832.8896872948933,True,True,True,True,True,True,sobol_train_val,,,
626.0,2048.0,1.9884253274649384,0.0724841994233429,0.5298949461430311,0.4701050538569689,30,14,0.4666666666666667,3.136229553446173,0.4380845863372087,100.0,116.61910465602472,0.942929882083572,9.941324936138825e-05,1903.695871580008,1922.564902735728,True,True,True,True,True,True,sobol_train_val,,,
627.0,2048.0,1.6598614221438766,0.2012649343349039,0.4850577544420957,0.5149422455579042,17,6,0.3529411764705882,4.1064597115851935,0.5081739675253629,100.0,110.93493913800114,0.9808227366806952,0.0052132598839258,2064.955571374098,2085.364516367199,True,True,True,True,True,True,sobol_train_val,,,
628.0,2048.0,1.1535967029631138,0.0983021490275859,0.6682615157216787,0.3317384842783213,24,16,0.6666666666666666,2.6705439420416948,0.4636488484218716,100.0,92.26598337411916,0.9999845676272788,0.2845227423927149,1645.5788243759496,1654.0164285157646,True,True,True,True,True,True,sobol_train_val,,,
629.0,2048.0,1.025250512175262,0.1718843598850071,0.5923186846077442,0.4076813153922558,22,14,0.6363636363636364,1.625023763626814,0.5273929158225655,100.0,90.2190031174689,0.9990094363889562,0.2278762016629442,1043.45321667125,1053.8286971294203,True,True,True,True,True,True,sobol_train_val,,,
630.0,2048.0,1.5382138341665268,0.1253180678933858,0.3606770984828472,0.6393229015171529,19,6,0.3157894736842105,3.514883152674884,0.4938418645411729,100.0,112.11210618372225,0.7123839591767797,0.0001998334376309,1978.0445613172756,1990.7513184482348,True,True,True,True,True,True,sobol_train_val,,,
631.0,2048.0,1.8600729340687396,0.2959931820631027,0.6056363545358181,0.3943636454641819,25,11,0.44,3.7374865835532542,0.5522213768213987,100.0,111.70008113745332,0.9996580941269576,0.2861389732296917,1724.7185578982303,1733.6828802983014,True,True,True,True,True,True,sobol_train_val,,,
632.0,2048.0,1.326462620869279,0.0056036495603621,0.4474326707422733,0.5525673292577267,15,8,0.5333333333333333,2.330568911600858,0.4201961623504758,100.0,103.6829331531132,0.7660066539554117,0.0078520991154087,1672.4803399932578,1685.6159959311533,True,True,True,True,True,True,sobol_train_val,,,
633.0,2048.0,1.3005931647494435,0.2137196799740195,0.6364192225039005,0.3635807774960995,20,10,0.5,2.5300217572599646,0.5386903692036867,100.0,97.38802400037667,0.9990569550094572,0.3258730674504362,1352.7168384183508,1360.2202936978738,True,True,True,True,True,True,sobol_train_val,,,
634.0,2048.0,1.7628954034298658,0.0914215299300849,0.4164964519441128,0.5835035480558872,20,11,0.55,4.348634066339582,0.4832276472821831,100.0,115.500566885862,0.8044693991448163,0.001592912533199,2339.5026226011546,2354.7292281460263,True,True,True,True,True,True,sobol_train_val,,,
635.0,2048.0,1.588512442074716,0.2535999714396894,0.5746148936450481,0.4253851063549518,14,10,0.7142857142857143,2.88933471981436,0.5627012925222517,100.0,106.5333543112904,0.9975997805550126,0.2458938323868336,1397.1233721621163,1407.2150940525205,True,True,True,True,True,True,sobol_train_val,,,
636.0,2048.0,1.0979986675083635,0.0377715485170483,0.3781298823654651,0.6218701176345349,27,10,0.3703703703703703,1.4111693778075276,0.4088377457112074,100.0,99.09498103004574,0.6396126415566449,3.740066772126813e-05,1269.3941380235372,1279.4943448160031,True,True,True,True,True,True,sobol_train_val,,,
637.0,2048.0,1.2195241777226329,0.2642099375836551,0.4542619224637746,0.5457380775362253,29,10,0.3448275862068966,2.0578859436325727,0.5946521271020173,100.0,100.40298136395614,0.9912984695614334,0.0882005442976273,1034.9708121968108,1051.040659851,True,True,True,True,True,True,sobol_train_val,,,
638.0,2048.0,1.7169806957244873,0.0294850392267107,0.6991847585886717,0.3008152414113283,12,7,0.5833333333333334,3.905496141314506,0.4266895005479455,100.0,105.9770028623015,0.997271721036774,0.2986655350429168,2299.4065271812865,2307.481109225072,True,True,True,True,True,True,sobol_train_val,,,
639.0,2048.0,1.8844271088019011,0.167933146096766,0.3409442525357007,0.6590557474642993,25,14,0.56,3.3485732269473374,0.5194347517564892,100.0,120.74777292295414,0.7083711413461748,0.0010145145241957,1786.9834120430537,1799.641227400096,True,True,True,True,True,True,sobol_train_val,,,
640.0,2048.0,1.4290676210075617,0.1395314893685281,0.5124291863292455,0.4875708136707545,15,6,0.4,1.892960682325065,0.4530713003128767,100.0,104.41984556814624,0.9233699853828362,0.0163733096961283,1327.8782378645474,1345.3186435275757,True,True,True,True,True,True,sobol_train_val,,,
641.0,2048.0,1.4220420205965638,0.2378053818829357,0.4572493065148592,0.5427506934851408,23,12,0.5217391304347826,4.2732838081195945,0.5649399075657129,100.0,105.9499130589664,0.999840538971207,0.039390728921539,1895.920559407092,1914.9996358494984,True,True,True,True,True,True,sobol_train_val,,,
642.0,2048.0,1.8894693050533533,0.0594082932919263,0.6896702352911234,0.3103297647088766,17,7,0.4117647058823529,2.8115842253901064,0.4063034558668733,100.0,109.92673518724256,0.9960880215844982,0.2419275355857001,1839.3710255680069,1849.0333518588736,True,True,True,True,True,True,sobol_train_val,,,
643.0,2048.0,1.7121828822419047,0.1931643292307853,0.3440289113670587,0.6559710886329413,30,9,0.3,1.3326216649264098,0.5397231163457036,100.0,116.84090695730164,0.7460452907553443,0.0011918375715048,918.7495352706384,932.4922202572964,True,True,True,True,True,True,sobol_train_val,,,
644.0,2048.0,1.2263058722019196,0.1084440001286566,0.5030127007514238,0.4969872992485762,10,6,0.6,3.17414504578337,0.4826858397573232,100.0,99.10355620353796,0.91546000387362,0.0609825387160145,1830.4209080539856,1845.654360373137,True,True,True,True,True,True,sobol_train_val,,,
645.0,2048.0,1.0968610560521483,0.1848961237818002,0.6270939081907272,0.3729060918092728,15,10,0.6666666666666666,3.826966923940927,0.5216738555580378,100.0,91.60510333026347,0.9997034209684544,0.2854455303834236,1935.0629120208296,1943.615536185192,True,True,True,True,True,True,sobol_train_val,,,
646.0,2048.0,1.5916339345276356,0.1190722879953682,0.4196730449795722,0.5803269550204277,26,10,0.3846153846153846,2.3427029510959985,0.4505373084917665,100.0,111.42954818908804,0.7637143005598517,9.120034548633196e-05,1574.5699620994997,1588.399378735807,True,True,True,True,True,True,sobol_train_val,,,
647.0,2048.0,1.7600182862952352,0.285933640692383,0.5653876170516015,0.4346123829483985,19,9,0.4736842105263157,1.8176289196126163,0.5956845762208104,100.0,110.73540364597756,0.9862136825959956,0.2797564632216278,932.1857891467662,940.9168382321952,True,True,True,True,True,True,sobol_train_val,,,
648.0,2048.0,1.3014868777245283,0.0136400766670703,0.3814037501811981,0.6185962498188019,22,13,0.5909090909090909,3.630142376571894,0.4261472042649984,100.0,105.1360693671403,0.6640292561247946,0.0008182395991466,2337.436182429257,2348.30640718565,True,True,True,True,True,True,sobol_train_val,,,
649.0,2048.0,1.321512215770781,0.2170365641824901,0.5953888475894928,0.4046111524105071,27,11,0.4074074074074074,3.0061043732799586,0.5071533912792802,100.0,99.10881338986042,0.9996365054845312,0.2025314031808789,1638.4539798290236,1649.9405712888365,True,True,True,True,True,True,sobol_train_val,,,
650.0,2048.0,1.8669461850076916,0.0766515998169779,0.3512491688132286,0.6487508311867713,14,7,0.5,1.6052853444591164,0.4641785088926554,100.0,120.01004373924845,0.6408630809422131,0.0169357790702716,1205.1472946271892,1215.0950672688618,True,True,True,True,True,True,sobol_train_val,,,
651.0,2048.0,1.5315849659964442,0.2520096475258469,0.6086092427372932,0.3913907572627068,21,13,0.6190476190476191,2.543666619714349,0.5819824125617743,100.0,104.1754910605486,0.9996905569216692,0.3277094785566549,1218.9250747531662,1226.4458841863811,True,True,True,True,True,True,sobol_train_val,,,
652.0,2048.0,1.0299570113420486,0.0554479247890412,0.4379067033529281,0.5620932966470719,20,7,0.35,4.439624824002385,0.440533366985619,100.0,94.91755636061998,0.7826888729978727,4.263702528260145e-05,2664.101439693108,2678.201583864874,True,True,True,True,True,True,sobol_train_val,,,
653.0,2048.0,1.1506280368193984,0.2790438657626509,0.3140147048979997,0.6859852951020002,15,5,0.3333333333333333,3.3879991365596647,0.5512010747566819,100.0,102.95680677801188,0.6982425933294709,0.0011695442238044,1735.9307188015232,1748.2790531144512,True,True,True,True,True,True,sobol_train_val,,,
654.0,2048.0,1.660907719284296,0.026085667591542,0.5331543181091547,0.4668456818908453,25,17,0.68,1.9581703928299248,0.4207262877374887,100.0,109.47074833297114,0.9100982456755736,0.0141498208065828,1428.971594168512,1445.7731556724912,True,True,True,True,True,True,sobol_train_val,,,
655.0,2048.0,1.9876234056428077,0.1501743181608617,0.4757209960371256,0.5242790039628744,12,7,0.5833333333333334,2.20043703764677,0.5252393212169408,100.0,118.31816264834862,0.9032813668538886,0.0892540696761253,1254.1571711986155,1268.318319031189,True,True,True,True,True,True,sobol_train_val,,,
656.0,2048.0,1.4508411716669798,0.1411858471110463,0.6714236129075288,0.3285763870924711,29,14,0.4827586206896552,4.073830667417496,0.4962903710082173,100.0,100.41883418808254,0.9999832320480048,0.3379522915247921,2109.5621345104423,2116.7853203910427,True,True,True,True,True,True,sobol_train_val,,,
657.0,2048.0,1.4760624039918184,0.1629358084872365,0.3727816559374332,0.6272183440625667,18,11,0.6111111111111112,1.9075050878338515,0.4009568482637405,100.0,110.12780627949468,0.6176422646696207,0.0069518938254491,1530.174932533856,1539.414630493499,True,True,True,True,True,True,sobol_train_val,,,
658.0,2048.0,1.9624257842078805,0.135156129207462,0.5802040182054042,0.4197959817945957,22,7,0.3181818181818182,3.334104278683662,0.5704820184037089,100.0,114.56195866686136,0.9942833038495724,0.2684455273910245,1509.9535758276756,1519.3832639096315,True,True,True,True,True,True,sobol_train_val,,,
659.0,2048.0,1.63873802870512,0.2685875820927322,0.4345367543399334,0.5654632456600666,14,6,0.4285714285714285,3.9168431413359936,0.475776488147676,100.0,112.0630713346494,0.8252698608357588,0.0040191091397358,2184.0667294787736,2199.688328966312,True,True,True,True,True,True,sobol_train_val,,,
660.0,2048.0,1.172773684374988,0.0344846611842513,0.6185221619904041,0.3814778380095959,26,13,0.5,2.0466649023815986,0.5468275897204876,100.0,94.1858267070296,0.9995740285687448,0.3027331747105577,1153.1635181250222,1161.257789379779,True,True,True,True,True,True,sobol_train_val,,,
661.0,2048.0,1.0512414686381817,0.2579753405414521,0.5427742715924978,0.4572257284075022,29,17,0.5862068965517241,1.448291278257966,0.4574954837560653,100.0,92.4817496848308,0.9890035661446088,0.0136181033401279,1118.146933245409,1137.3312516434507,True,True,True,True,True,True,sobol_train_val,,,
662.0,2048.0,1.5102630695328116,0.042768912948668,0.3103517841547727,0.6896482158452273,11,5,0.4545454545454545,2.852338679786772,0.5145205585286021,100.0,113.18128502214536,0.6268137494915645,0.0117523835597881,1639.0161733952443,1648.976602670799,True,True,True,True,True,True,sobol_train_val,,,
663.0,2048.0,1.8409007247537372,0.2087200311943888,0.656141124293208,0.3438588757067919,23,9,0.391304347826087,4.388953470624983,0.4315426355227828,100.0,109.8480107043954,0.9994836342204294,0.2038687969796322,2492.394387914176,2503.6414246584213,True,True,True,True,True,True,sobol_train_val,,,
664.0,2048.0,1.3475945936515927,0.0870438764803111,0.4971558298915624,0.5028441701084376,17,11,0.6470588235294118,2.489777908567339,0.5900936417281628,100.0,102.71435135323613,0.9976389650667296,0.1494932525169443,1186.3123409133243,1199.8609805677515,True,True,True,True,True,True,sobol_train_val,,,
665.0,2048.0,1.2797138709574938,0.2915811963379383,0.6863018121570348,0.3136981878429652,12,4,0.3333333333333333,2.290425764769316,0.4711366413161159,100.0,95.4649104227745,0.980393799534172,0.3561759657956954,1452.6198702948316,1458.8883095665285,True,True,True,True,True,True,sobol_train_val,,,
666.0,2048.0,1.7818281957879665,0.0006429106928408,0.4671606998890638,0.5328393001109362,28,17,0.6071428571428571,3.7779067019931967,0.500000137090683,100.0,114.25967729694248,0.9331951624535508,0.0011146831812195,1974.5909802026968,1993.7841746331303,True,True,True,True,True,True,sobol_train_val,,,
667.0,2048.0,1.616214282810688,0.1768473920412361,0.5245467137545347,0.4754532862454653,16,9,0.5625,3.4779878145083787,0.4459288500249386,100.0,108.68868872444568,0.9391442840746324,0.0094094246325657,2060.8116286613977,2079.04508546583,True,True,True,True,True,True,sobol_train_val,,,
668.0,2048.0,1.0722432537004352,0.129732346907258,0.328842556104064,0.671157443895936,24,10,0.4166666666666667,1.6622463782317936,0.5763914262875914,100.0,99.91792770692882,0.7725701273270652,0.0027351300330128,986.812308872852,1001.104230658354,True,True,True,True,True,True,sobol_train_val,,,
669.0,2048.0,1.2005961500108242,0.206225646380335,0.4043890304863453,0.5956109695136547,21,10,0.4761904761904761,2.6594236149452626,0.4153796372935176,100.0,101.4328384105582,0.6914390599487129,0.0003849849328419,1883.3634150345315,1894.822255634084,True,True,True,True,True,True,sobol_train_val,,,
670.0,2048.0,1.737868576310575,0.1027141258120536,0.6485302679240703,0.3514697320759297,19,11,0.5789473684210527,4.117907413467765,0.5567432284355164,100.0,107.83760345426134,0.9998038039788142,0.3688604141891859,1852.3525132403413,1858.92083627429,True,True,True,True,True,True,sobol_train_val,,,
671.0,2048.0,1.9101739432662723,0.2270629864186048,0.391022177785635,0.608977822214365,27,18,0.6666666666666666,3.1218613193370404,0.4893810711801052,100.0,119.54248007530418,0.7626906221110071,0.0032122760697565,1783.91927039414,1797.9263928250425,True,True,True,True,True,True,sobol_train_val,,,
672.0,2048.0,1.4013610081747174,0.067521194089204,0.5617262221872806,0.4382737778127193,13,5,0.3846153846153846,1.2835678847506642,0.5323437428101897,100.0,102.2249283620045,0.9316221772331268,0.2367782434818606,895.8011462422251,904.7469725141364,True,True,True,True,True,True,sobol_train_val,,,
673.0,2048.0,1.375862343236804,0.1909662793390452,0.603592386841774,0.396407613158226,17,10,0.5882352941176471,1.7156226580962537,0.4790734361857175,100.0,100.34659015936676,0.9932078233982864,0.1799393882181225,1172.930534903446,1185.0356916308383,True,True,True,True,True,True,sobol_train_val,,,
675.0,2048.0,1.7280873991549015,0.2400020057335495,0.5918127104640007,0.4081872895359992,11,4,0.3636363636363636,3.724935608357191,0.4038610735908151,100.0,109.24672995335813,0.959783577357611,0.048670922361113,2320.2583696528377,2336.4524218348047,True,True,True,True,True,True,sobol_train_val,,,
676.0,2048.0,1.2104091113433242,0.0616043454967439,0.3609539866447449,0.6390460133552551,29,19,0.6551724137931034,2.240271858405322,0.5749975699931383,100.0,103.17111872594528,0.8403768366592644,0.0066054550989957,1184.2138374589294,1200.2896410734024,True,True,True,True,True,True,sobol_train_val,,,
677.0,2048.0,1.0819332152605057,0.2881322627887129,0.4870619464665651,0.5129380535334349,26,17,0.6538461538461539,1.230590306315571,0.4356181632727385,100.0,95.12977064533573,0.8522410258163742,0.0139444990990769,1086.6503096930114,1101.876994673433,True,True,True,True,True,True,sobol_train_val,,,
678.0,2048.0,1.606554257683456,0.015838127117604,0.6663578275591134,0.3336421724408865,14,4,0.2857142857142857,3.071713897772133,0.5926554964855313,100.0,104.35409377348924,0.9808008371389788,0.4502346587602802,1366.419893473046,1370.7566138167692,True,True,True,True,True,True,sobol_train_val,,,
679.0,2048.0,1.8071746472269297,0.1827000721357762,0.3237682614475488,0.6762317385524512,22,9,0.4090909090909091,4.171277601923793,0.4596211293712258,100.0,119.69254830297598,0.5990707226799497,9.418724852584554e-05,2429.772322808657,2439.2591311210617,True,True,True,True,True,True,sobol_train_val,,,
680.0,2048.0,1.254338257946074,0.1168756635859608,0.5296270985156297,0.4703729014843703,18,9,0.5,2.709178426489234,0.5182575304061174,100.0,99.12328975348872,0.9975437557519024,0.0946796404961374,1487.749173039067,1503.7515685740543,True,True,True,True,True,True,sobol_train_val,,,
681.0,2048.0,1.3690938036888838,0.2451233779080212,0.343577005341649,0.656422994658351,13,6,0.4615384615384615,2.096419818419963,0.4492227451875806,100.0,108.30240795335423,0.6180157354894142,0.0070969947434265,1504.7753885583725,1514.4217524232863,True,True,True,True,True,True,sobol_train_val,,,
682.0,2048.0,1.819372114725411,0.0485622268170118,0.5095917616039514,0.4904082383960486,27,15,0.5555555555555556,3.9702132252976297,0.5781716506928205,100.0,113.73300495187029,0.9999615865592064,0.1518373398573229,1706.9029593873297,1720.7315395931562,True,True,True,True,True,True,sobol_train_val,,,
683.0,2048.0,1.5162278600037098,0.2239196822047233,0.4553566817194223,0.5446433182805777,19,13,0.6842105263157895,3.2839567649178205,0.4740439165383577,100.0,108.4209046274396,0.8537953107517389,0.0132719285474496,1908.7887571456044,1924.7153911085363,True,True,True,True,True,True,sobol_train_val,,,
684.0,2048.0,1.0453063761815429,0.0835352906025946,0.6979341555386781,0.3020658444613219,21,7,0.3333333333333333,1.8545276015996928,0.50451874230057,100.0,88.07974929641568,0.9945189342811585,0.4066622501924073,1189.6055488147183,1194.866149317927,True,True,True,True,True,True,sobol_train_val,,,
685.0,2048.0,1.1669615805149078,0.1570600155740976,0.5720154047012329,0.4279845952987671,24,8,0.3333333333333333,2.439624291099608,0.4934596495702862,100.0,95.30975546516628,0.9963705081305578,0.1364215443497187,1456.6078042387137,1470.487353467992,True,True,True,True,True,True,sobol_train_val,,,
686.0,2048.0,1.6445816783234477,0.1480721172876656,0.3810007736086845,0.6189992263913155,16,10,0.625,4.335982088092714,0.5349086504429579,100.0,113.98902696991628,0.807933125862971,0.0097931023756408,2108.481287395559,2123.59987327724,True,True,True,True,True,True,sobol_train_val,,,
687.0,2048.0,1.9410182628780603,0.2721601755358279,0.6353090897202491,0.3646909102797508,28,15,0.5357142857142857,2.902087098732591,0.4175022292882204,100.0,112.51255459885834,0.9999274954428164,0.1265767371724735,1842.7246987133185,1856.841127812666,True,True,True,True,True,True,sobol_train_val,,,
688.0,2048.0,1.4974385583773255,0.0192025490105152,0.4177315026521682,0.5822684973478318,12,5,0.4166666666666667,1.5016678593121469,0.5604771504178643,100.0,109.16843832064268,0.8421255929502021,0.0849241354218494,934.0567546381528,946.6268940662064,True,True,True,True,True,True,sobol_train_val,,,
689.0,2048.0,1.4606518941000104,0.2660958476364612,0.5132545884698629,0.486745411530137,21,14,0.6666666666666666,4.492995799239725,0.5430198736488819,100.0,105.20988726801772,0.999962987919184,0.1036511939713108,2071.1686622745747,2087.017123634829,True,True,True,True,True,True,sobol_train_val,,,
690.0,2048.0,1.9778438117355108,0.0319934994913637,0.3339571487158537,0.6660428512841463,18,7,0.3888888888888889,2.5934206444770096,0.4844689240679145,100.0,122.94593646803702,0.6465417005807661,0.0013315193587799,1592.0008750571733,1602.8161692148362,True,True,True,True,True,True,sobol_train_val,,,
691.0,2048.0,1.6863730242475867,0.1654244002886116,0.676499418541789,0.323500581458211,25,11,0.44,1.5523085528053342,0.5678443236276507,100.0,105.91094036091545,0.9949391659886482,0.4341523368255442,903.2758176776688,908.2158318743102,True,True,True,True,True,True,sobol_train_val,,,
692.0,2048.0,1.1251309476792812,0.1376452926546335,0.4706390764564275,0.5293609235435724,14,8,0.5714285714285714,2.955956164933741,0.4108191981911659,100.0,97.01153193024606,0.7927262959353791,0.0087149800349455,2027.98507982749,2041.5788662199336,True,True,True,True,True,True,sobol_train_val,,,
693.0,2048.0,1.004582921974361,0.2112111934460699,0.3961855091154575,0.6038144908845424,10,5,0.5,4.020860360562801,0.5997599132359028,100.0,95.37624762831058,0.9249715462616744,0.0432997982614967,1717.822273590015,1734.1815092206632,True,True,True,True,True,True,sobol_train_val,,,
694.0,2048.0,1.5569291189312937,0.0895356103777885,0.550483014434576,0.4495169855654239,30,13,0.4333333333333333,2.1502823445014654,0.4287088682875037,100.0,106.48722997782151,0.9634799958723124,0.0001263283903037,1490.8624455789825,1509.9420780735916,True,True,True,True,True,True,sobol_train_val,,,
695.0,2048.0,1.8572876760736108,0.2554861765354871,0.4078186802566051,0.5921813197433949,16,5,0.3125,2.011547459475696,0.5237996919080615,100.0,117.85151748481547,0.8441580663392908,0.0111382825232501,1201.761637430961,1217.9000661957923,True,True,True,True,True,True,sobol_train_val,,,
696.0,2048.0,1.331199886277318,0.0402803217060864,0.6386789448559284,0.3613210551440716,23,14,0.6086956521739131,3.437747069913894,0.454274471104145,100.0,98.16709681172348,0.9999713412615072,0.2046537428849777,2008.7670736267896,2019.889360667957,True,True,True,True,True,True,sobol_train_val,,,
697.0,2048.0,1.2955497251823545,0.1696688683703541,0.4278601177036762,0.5721398822963237,28,10,0.3571428571428571,3.2238926779478785,0.585276116989553,100.0,103.4428420207069,0.99859793121377,0.0234299240130307,1455.609536706803,1475.3901191812413,True,True,True,True,True,True,sobol_train_val,,,
698.0,2048.0,1.7659848388284445,0.1225532515905797,0.6188763074576855,0.3811236925423145,11,8,0.7272727272727273,1.3859990327619016,0.4423134006559849,100.0,109.2987340102676,0.9133509999899284,0.2475908521471526,1104.7035636428468,1112.8069291963648,True,True,True,True,True,True,sobol_train_val,,,
699.0,2048.0,1.5701032718643546,0.2987582850269973,0.3646152876317501,0.6353847123682499,25,14,0.56,2.761429821141064,0.5100608572363854,100.0,112.76276610706503,0.7428911897387398,0.0012610400610865,1586.143653563486,1599.7296754623285,True,True,True,True,True,True,sobol_train_val,,,
700.0,2048.0,1.11836202070117,0.0078194266185164,0.5821943797171116,0.4178056202828883,15,7,0.4666666666666667,4.220313212368637,0.4686973048374057,100.0,93.5219979837616,0.9981729753772314,0.1106448341032139,2322.9878959351067,2337.8032132678954,True,True,True,True,True,True,sobol_train_val,,,
701.0,2048.0,1.2476838482543826,0.2342420822940766,0.6564465310424565,0.3435534689575434,20,8,0.4,3.5799940760247404,0.5293177088722587,100.0,95.35415891423833,0.9989734137942204,0.3518635053243095,1794.8162364451832,1801.588735729808,True,True,True,True,True,True,sobol_train_val,,,
702.0,2048.0,1.6907733604311943,0.0746997172012925,0.4904302757233381,0.5095697242766619,20,11,0.55,1.764652220159769,0.4988550879061222,100.0,111.47800346619572,0.9444950532317408,0.0342862763511025,1146.3835479212612,1164.0997191538158,True,True,True,True,True,True,sobol_train_val,,,
703.0,2048.0,1.8953147688880565,0.1990491298958659,0.544813359901309,0.455186640098691,13,8,0.6153846153846154,2.392457080353052,0.553323857486248,100.0,114.254708172074,0.9836416731649144,0.1905617613466858,1234.7384989373552,1246.6983314750078,True,True,True,True,True,True,sobol_train_val,,,
704.0,2048.0,1.416227923706174,0.0955370376817882,0.3022343453019857,0.6977656546980142,26,9,0.3461538461538461,3.880337794683873,0.4244604004547,100.0,111.03233204872794,0.5251346085387274,3.6366613783408665e-06,2499.148387544465,2505.134001129726,True,True,True,True,True,True,sobol_train_val,,,
705.0,2048.0,1.4126593871042132,0.1787961283698678,0.5358562298119067,0.4641437701880933,11,5,0.4545454545454545,3.416073227114976,0.432877754792571,100.0,103.28563258166564,0.924732488517386,0.0263951853332501,2102.663744465064,2119.3355550489305,True,True,True,True,True,True,sobol_train_val,,,
706.0,2048.0,1.8988453820347784,0.11344321584329,0.317495846003294,0.682504153996706,28,16,0.5714285714285714,1.928585608396679,0.5883648814633489,100.0,121.89561371844474,0.757180972344264,0.0098822214227574,1023.0307492361296,1036.5703584304854,True,True,True,True,True,True,sobol_train_val,,,
707.0,2048.0,1.7031159112229943,0.2890621776692569,0.6726357661187649,0.3273642338812351,15,10,0.6666666666666666,2.228511201962829,0.4592364693060517,100.0,106.39357121395682,0.9975742124231464,0.2900108626207422,1428.050135886598,1436.5791400393057,True,True,True,True,True,True,sobol_train_val,,,
709.0,2048.0,1.1148240165784955,0.2434241353534162,0.3547242727130651,0.6452757272869349,20,6,0.3,3.0341780950315296,0.4771147426217794,100.0,100.41986521606282,0.6783374482459443,6.683599979116679e-05,1867.5730742562232,1879.2373837658704,True,True,True,True,True,True,sobol_train_val,,,
710.0,2048.0,1.5736644174903631,0.0654979722574353,0.5980845909565686,0.4019154090434313,20,13,0.65,1.575700978003442,0.5451017739251256,100.0,105.49601659027996,0.9945538288429752,0.2672242766948122,963.6547248451658,972.9849758915166,True,True,True,True,True,True,sobol_train_val,,,
711.0,2048.0,1.778296916745603,0.1892616173252463,0.4430179070681333,0.5569820929318667,26,14,0.5384615384615384,2.571740366052836,0.402694889344275,100.0,114.96519469169704,0.7413725328238899,0.0004707779820613,1822.508006013836,1835.1644849963805,True,True,True,True,True,True,sobol_train_val,,,
712.0,2048.0,1.2832150422036648,0.1053051802329719,0.6098153706640005,0.3901846293359995,13,6,0.4615384615384615,4.410040482133627,0.5691315863281489,100.0,97.6389882913458,0.9963505179478084,0.3171840300688234,1938.9067769368728,1946.5646570198635,True,True,True,True,True,True,sobol_train_val,,,
713.0,2048.0,1.3432678235694766,0.2757368177175521,0.4240086790174245,0.5759913209825754,18,10,0.5555555555555556,3.798893202189356,0.4876065047457814,100.0,104.89886479734292,0.8248205401751827,0.0028238125953829,2108.070280712488,2123.7520264822097,True,True,True,True,True,True,sobol_train_val,,,
714.0,2048.0,1.845197133719921,0.0223717832006514,0.6290878128260373,0.3709121871739627,21,10,0.4761904761904761,2.372287317551672,0.5337307002395392,100.0,110.70769605397402,0.99784487202517,0.3069403169325674,1279.5719034355357,1287.8674419342226,True,True,True,True,True,True,sobol_train_val,,,
715.0,2048.0,1.553635255433619,0.1563887377269566,0.3872291427105665,0.6127708572894335,15,5,0.3333333333333333,1.7895551732741295,0.4139804426580667,100.0,111.58726621815362,0.6592325035849529,0.0021892843369406,1424.3683852088686,1434.9535450778142,True,True,True,True,True,True,sobol_train_val,,,
716.0,2048.0,1.0078999269753697,0.1467004593461751,0.5657452788203954,0.4342547211796046,25,17,0.68,3.659726718440652,0.5585299843922258,100.0,90.37272085257688,0.9999974629228244,0.2225058502934453,1730.215097922522,1741.649465203296,True,True,True,True,True,True,sobol_train_val,,,
717.0,2048.0,1.1372293578460813,0.2207607672549784,0.6916579701006412,0.3083420298993587,29,17,0.5862068965517241,4.2452097175642844,0.4441511483862996,100.0,91.15418181464612,0.9999990865150676,0.3057684038603238,2437.48307059925,2446.1266221483875,True,True,True,True,True,True,sobol_train_val,,,
718.0,2048.0,1.6743129547685385,0.0799689643085002,0.4615789018571377,0.5384210981428623,10,3,0.3,2.841169009823352,0.577775439247489,100.0,112.01622910937084,0.905586372485872,0.1371092864595902,1352.9440392421675,1364.9707197622884,True,True,True,True,True,True,sobol_train_val,,,
719.0,2048.0,1.9745194157585504,0.2465053159743547,0.503364335745573,0.4966356642544269,23,9,0.391304347826087,1.3045475006103515,0.4697403911501169,100.0,117.16989223802204,0.9106888013577344,0.0435602205274456,1007.6891838749629,1023.8579967113736,True,True,True,True,True,True,sobol_train_val,,,
720.0,2048.0,1.4639383666217327,0.0492437881417572,0.3498481221497058,0.6501518778502942,16,9,0.5625,3.2037297564558687,0.5017900282517076,100.0,110.60326709347748,0.6964514148808033,0.0057183220659894,1822.162943215897,1834.2121754890595,True,True,True,True,True,True,sobol_train_val,,,
721.0,2048.0,1.4861107021570206,0.2548376482911408,0.6449561435729265,0.3550438564270735,27,10,0.3703703703703703,2.68739699749276,0.5939069025218486,100.0,102.03099817000292,0.9990272910483108,0.402854714084946,1234.543701192521,1240.1009410792635,True,True,True,True,True,True,sobol_train_val,,,
722.0,2048.0,1.952384042553604,0.0388673264533281,0.4015973780304193,0.5984026219695806,13,9,0.6923076923076923,4.088221921026706,0.4275312369689346,100.0,120.0578327170337,0.6843369422399312,0.0230066013951382,2493.1374885056,2503.705509469923,True,True,True,True,True,True,sobol_train_val,,,
723.0,2048.0,1.6490886453539133,0.2148108713328838,0.556711358204484,0.4432886417955159,21,12,0.5714285714285714,3.149834775645286,0.5202776340767741,100.0,108.48757272384938,0.9996536575675552,0.1482989640895358,1630.8810481288565,1644.790919281042,True,True,True,True,True,True,sobol_train_val,,,
724.0,2048.0,1.1624162727966905,0.0926637933589518,0.3899154055863618,0.6100845944136382,19,9,0.4736842105263157,1.253882466070354,0.4523272186517715,100.0,100.74271921085432,0.7079178576242271,0.0048830559670284,1086.0344272723432,1098.096278636476,True,True,True,True,True,True,sobol_train_val,,,
725.0,2048.0,1.0339479874819515,0.166829365119338,0.4643628180027008,0.5356371819972991,16,7,0.4375,2.3183987785130737,0.5379485778510571,100.0,94.23304873880652,0.9762237734312632,0.0247010958278988,1295.3477737100673,1314.276660202486,True,True,True,True,True,True,sobol_train_val,,,
726.0,2048.0,1.527563107199967,0.1382857938297093,0.682721708714962,0.317278291285038,24,12,0.5,3.74822162752971,0.4840728169307112,100.0,102.0205441288415,0.9999181909348492,0.3446521230705468,2016.021004712617,2023.0717415811216,True,True,True,True,True,True,sobol_train_val,,,
727.0,2048.0,1.823909554630518,0.2629596733488142,0.3277297928929328,0.6722702071070672,12,8,0.6666666666666666,3.5059608528390527,0.5635407416149973,100.0,119.91677136934236,0.7063792341812188,0.0344684051146744,1685.7750553201913,1696.9209367087255,True,True,True,True,True,True,sobol_train_val,,,
728.0,2048.0,1.3645789688453078,0.0283858269453048,0.5195256322622299,0.4804743677377701,28,9,0.3214285714285714,1.632561328355223,0.4080902308225632,100.0,102.4963923851348,0.8776858153360825,4.1484431509462986e-05,1322.449962073773,1338.7095875460525,True,True,True,True,True,True,sobol_train_val,,,
729.0,2048.0,1.258631557226181,0.2000203820876777,0.3084634512662887,0.6915365487337113,23,16,0.6956521739130435,1.4203182645142078,0.5265775477513671,100.0,106.41801065084638,0.6300173100951962,0.0193693525551557,1014.2764716082484,1024.0337514740463,True,True,True,True,True,True,sobol_train_val,,,
730.0,2048.0,1.8029039530083537,0.0972086688503622,0.5385409668087959,0.461459033191204,17,6,0.3529411764705882,2.882023754250258,0.4945645354688167,100.0,112.4831586542274,0.985874525177552,0.0813897946407303,1603.2073487398989,1619.7595246983738,True,True,True,True,True,True,sobol_train_val,,,
731.0,2048.0,1.5954400096088648,0.2303791897371411,0.4967082366347313,0.5032917633652687,29,14,0.4827586206896552,4.360980432294309,0.5529390871524811,100.0,109.05251530720705,0.9999625362029754,0.0898248820393855,1967.2328734661544,1983.8304353381077,True,True,True,True,True,True,sobol_train_val,,,
732.0,2048.0,1.0930243218317628,0.0712442337535321,0.6502229392528533,0.3497770607471466,11,6,0.5454545454545454,2.51946295844391,0.4193758366629481,100.0,90.86248564492683,0.9895691131082068,0.1803898103972982,1716.7012315077611,1727.957157466099,True,True,True,True,True,True,sobol_train_val,,,
733.0,2048.0,1.2146719377487898,0.297094683162868,0.5759647358208895,0.4240352641791105,14,8,0.5714285714285714,1.8795317052863536,0.5833175038918853,100.0,96.62325025646628,0.989621454707356,0.2804769931109367,1002.4309274903844,1010.9710736671188,True,True,True,True,True,True,sobol_train_val,,,
734.0,2048.0,1.723786232061684,0.0068562026135623,0.3708870951086283,0.6291129048913717,26,10,0.3846153846153846,3.36378977112472,0.4388045869767666,100.0,116.16893223220336,0.660868418366388,2.498657825300721e-05,2119.709122096689,2130.6671728473484,True,True,True,True,True,True,sobol_train_val,,,
735.0,2048.0,1.924557764083147,0.1731323442421853,0.6125977609306574,0.3874022390693425,18,6,0.3333333333333333,3.888869685027748,0.5088943481445313,100.0,112.8347321448432,0.9941843039007132,0.2443492638520047,1950.0077795124084,1960.23215588154,True,True,True,True,True,True,sobol_train_val,,,
736.0,2048.0,1.386983982287347,0.1264241376891732,0.4340831715613603,0.5659168284386397,22,14,0.6363636363636364,2.076350321061909,0.4628311930224299,100.0,105.76067728274212,0.8010399991212263,0.0081802397144882,1419.7500829730495,1434.3085217188593,True,True,True,True,True,True,sobol_train_val,,,
737.0,2048.0,1.3968273513019085,0.281885227560997,0.3751801755279302,0.6248198244720697,28,12,0.4285714285714285,2.4697090258821843,0.5220586199313402,100.0,107.96968034132055,0.7848246512951776,0.0001557045884708,1427.8704650825043,1442.7225647990058,True,True,True,True,True,True,sobol_train_val,,,
738.0,2048.0,1.9146849354729056,0.0103561305440962,0.5716655414551497,0.4283344585448503,12,6,0.5,4.3076093648560345,0.4556218782439828,100.0,113.84301147399287,0.9852136773564624,0.0775391396203171,2351.975825457685,2368.3852855674827,True,True,True,True,True,True,sobol_train_val,,,
739.0,2048.0,1.749223118647933,0.1859745045192539,0.4134006153792142,0.5865993846207858,24,15,0.625,2.932171858102083,0.5984247433021664,100.0,115.29865504528424,0.9974358715441328,0.0214691367926979,1289.4976807918852,1309.505323915365,True,True,True,True,True,True,sobol_train_val,,,
740.0,2048.0,1.1892646895721557,0.1206221636384725,0.6333230312913656,0.3666769687086344,16,5,0.3125,1.4732951606623828,0.4304377507418394,100.0,94.27512056132338,0.9692096981976396,0.1888768655506881,1183.3128907547764,1194.0428763090729,True,True,True,True,True,True,sobol_train_val,,,
741.0,2048.0,1.0677401293069124,0.1964379952289164,0.5092356689274311,0.4907643310725689,19,8,0.4210526315789473,2.126504922006279,0.5661064106971025,100.0,94.00391163764488,0.9916978972633558,0.1394618663815841,1140.4689997889293,1154.1795646322385,True,True,True,True,True,True,sobol_train_val,,,
742.0,2048.0,1.6207558074966073,0.1124821297824382,0.3377504281699657,0.6622495718300343,21,14,0.6666666666666666,3.9418400840833785,0.4121695736423135,100.0,114.92374085773918,0.572833669948952,0.0024782929469587,2550.931857358604,2559.3556396977256,True,True,True,True,True,True,sobol_train_val,,,
743.0,2048.0,1.7931522652506828,0.2362451869994402,0.6959421060979366,0.3040578939020634,13,8,0.6153846153846154,3.3140419422648844,0.5416817354038358,100.0,107.7280196961746,0.998089556703117,0.4402944960194596,1611.8660385915643,1616.785590822211,True,True,True,True,True,True,sobol_train_val,,,
744.0,2048.0,1.2683519376441836,0.0583195966668426,0.4510195769369602,0.5489804230630397,27,13,0.4814814814814814,1.8261545341461896,0.4861946474760771,100.0,101.92910662275192,0.8768974953375471,0.0009606499498838,1237.5319929378345,1254.754617444142,True,True,True,True,True,True,sobol_train_val,,,
745.0,2048.0,1.3586745224893093,0.1539000073447823,0.6651534713804721,0.3348465286195279,22,12,0.5454545454545454,1.2005052027292549,0.5547231266275048,100.0,98.18793317425455,0.9881046089814044,0.4059206361609175,813.8799166825,819.2219500559556,True,True,True,True,True,True,sobol_train_val,,,
746.0,2048.0,1.8297829320654275,0.1442111573182046,0.4819493554532528,0.5180506445467472,18,8,0.4444444444444444,3.100087038986385,0.4226735461503267,100.0,114.82938639487612,0.8336195546530754,0.0016068089306334,1989.099154239126,2004.4941450046256,True,True,True,True,True,True,sobol_train_val,,,
747.0,2048.0,1.506004085764289,0.2782286996953189,0.5269330315291881,0.4730669684708118,26,9,0.3461538461538461,4.1411924245767295,0.5310923378914595,100.0,105.94089493443944,0.9991380107106144,0.1100079202518373,1985.9300436157475,2001.47000829704,True,True,True,True,True,True,sobol_train_val,,,
748.0,2048.0,1.055538852699101,0.0248630924150347,0.3202918656170368,0.6797081343829632,14,8,0.5714285714285714,2.737551493942737,0.497467996366322,100.0,99.65758760751947,0.6296575393134369,0.0077772744816993,1678.1602624440127,1688.3140696629512,True,True,True,True,True,True,sobol_train_val,,,
749.0,2048.0,1.183884086087346,0.2489946185611188,0.4441778119653463,0.5558221880346537,11,8,0.7272727272727273,1.6855379233136771,0.5114569673314691,100.0,99.65169368757626,0.7887370780582623,0.1150557485994007,1139.254961376642,1149.1875672785488,True,True,True,True,True,True,sobol_train_val,,,
750.0,2048.0,1.6276507088914514,0.0517325179651379,0.6023818027228116,0.3976181972771884,29,11,0.3793103448275862,3.556109257880598,0.4669074822217226,100.0,106.6490468979532,0.9997183593366568,0.148707963971247,1991.3102949122597,2004.8879788491413,True,True,True,True,True,True,sobol_train_val,,,
751.0,2048.0,1.958136267960072,0.2182694574818015,0.3574713747948408,0.6425286252051592,17,8,0.4705882352941176,3.6948508489876986,0.5870537143200636,100.0,121.70489406165888,0.8570794536573025,0.0060382722709055,1615.3469650904412,1632.0498547061477,True,True,True,True,True,True,sobol_train_val,,,
752.0,2048.0,1.4803292555734515,0.077477082889527,0.5891126539558171,0.4108873460441828,23,13,0.5652173913043478,2.2686445570550857,0.4409294681623578,100.0,103.46257066953808,0.9994725716316408,0.0687919611422709,1506.78772742983,1523.527275313951,True,True,True,True,True,True,sobol_train_val,,,
753.0,2048.0,1.4385329401120543,0.2079276057891547,0.4908857107162475,0.5091142892837525,14,4,0.2857142857142857,3.609978102799505,0.4610172644257545,100.0,105.3265482923572,0.9077155879882528,0.0035824478242585,2090.727996216221,2108.4992569885426,True,True,True,True,True,True,sobol_train_val,,,
754.0,2048.0,1.9999543018639088,0.0857799550518393,0.6623694583773613,0.3376305416226387,27,17,0.6296296296296297,1.7361787889152764,0.5164677305147052,100.0,112.92139129117196,0.9994433831178048,0.3467912475061519,1070.5774840865572,1077.8261082460483,True,True,True,True,True,True,sobol_train_val,,,
755.0,2048.0,1.6644419403746724,0.2617240564897656,0.3041304722428322,0.6958695277571678,20,10,0.5,2.422441131714732,0.4373957863077521,100.0,117.16140683954768,0.5398008626218737,0.0009977258044925,1693.965100812206,1701.819436001675,True,True,True,True,True,True,sobol_train_val,,,
756.0,2048.0,1.1470707338303328,0.0457531630061566,0.5490514546632767,0.4509485453367233,20,9,0.45,3.851864388026297,0.5912715859711171,100.0,95.3594192739501,0.9992989082605518,0.2378046902210261,1658.3479033525332,1668.3966077516511,True,True,True,True,True,True,sobol_train_val,,,
757.0,2048.0,1.017618247307837,0.2698435110971331,0.6247931975871324,0.3752068024128676,25,11,0.44,3.2538770735263824,0.4052603676915169,100.0,89.07721752293367,0.9998628418077145,0.0743585098141269,2128.295416729692,2143.795114280074,True,True,True,True,True,True,sobol_train_val,,,
758.0,2048.0,1.543885329738259,0.0352690930478274,0.4283093843609094,0.5716906156390906,16,10,0.625,1.3575251835398374,0.5732107384130358,100.0,109.98157468073862,0.8477919630589692,0.1159799553672405,852.3600769390097,863.7758551502382,True,True,True,True,True,True,sobol_train_val,,,
759.0,2048.0,1.8705108789727087,0.159943529125303,0.586426294222474,0.4135737057775259,29,19,0.6551724137931034,2.791414290480316,0.4808480909094214,100.0,112.48426504030056,0.9999860142773862,0.1399275659184271,1599.6091152116924,1613.8132966742785,True,True,True,True,True,True,sobol_train_val,,,
760.0,2048.0,1.3179853856563568,0.1313993850722909,0.3665053892880678,0.6334946107119321,12,5,0.4166666666666667,4.191839436907321,0.5472237952053547,100.0,106.1028216750841,0.8009415445278549,0.0070544397577198,2025.4349177920697,2040.4260044412024,True,True,True,True,True,True,sobol_train_val,,,
761.0,2048.0,1.304807431064546,0.2281827134080231,0.5555026222020387,0.4444973777979613,17,11,0.6470588235294118,3.9908759649842978,0.4157642913982272,100.0,99.7923987251976,0.9443078739481664,0.0091614765446205,2449.5047102187864,2467.192913738214,True,True,True,True,True,True,sobol_train_val,,,
762.0,2048.0,1.756735596805811,0.0690483290702104,0.397300124540925,0.602699875459075,24,8,0.3333333333333333,2.1787561937235296,0.5618275031447411,100.0,116.00859780067124,0.9038259616446058,0.0022657881459369,1158.82190624255,1177.211361170267,True,True,True,True,True,True,sobol_train_val,,,
763.0,2048.0,1.579539311118424,0.2022182933986187,0.6422578606754541,0.3577421393245459,11,5,0.4545454545454545,1.9815629901364444,0.4921214856207371,100.0,104.38356068617384,0.9749191246701996,0.2989458366776893,1250.343638848619,1258.2554104145556,True,True,True,True,True,True,sobol_train_val,,,
764.0,2048.0,1.1089172791689634,0.0994071529246866,0.4106181282550096,0.5893818717449903,30,16,0.5333333333333333,3.4662208453752097,0.5366343518719077,100.0,98.38503395593602,0.8860178660421626,0.0001370828353193,1773.3065814752802,1791.0457403328965,True,True,True,True,True,True,sobol_train_val,,,
765.0,2048.0,1.229595952667296,0.1753282483667135,0.3350655943155288,0.6649344056844712,25,14,0.56,4.46301177246496,0.4723028196021914,100.0,104.63028973195088,0.6348094470391707,0.0001663054757983,2553.552192318341,2564.0429518849623,True,True,True,True,True,True,sobol_train_val,,,
766.0,2048.0,1.708869719877839,0.1286206145770847,0.5182681575417518,0.4817318424582482,15,7,0.4666666666666667,2.621894075721502,0.505866126716137,100.0,111.02311522061824,0.9827958886461096,0.0645026508665289,1468.2400744154822,1485.5589053032872,True,True,True,True,True,True,sobol_train_val,,,
767.0,2048.0,1.877405214123428,0.2948961996473372,0.4734324976801872,0.5265675023198129,22,8,0.3636363636363636,1.5223245014436542,0.4478875495493412,100.0,116.11701399840064,0.8553815552697005,0.0026095346397799,1163.8980545050892,1180.2187438483236,True,True,True,True,True,True,sobol_train_val,,,
768.0,2048.0,1.434128776192665,0.0046582907438278,0.6800721526145934,0.3199278473854066,18,12,0.6666666666666666,2.984429571591318,0.5799005111679435,100.0,99.7596596586589,0.9998206762817402,0.4484356346686742,1382.6086974808147,1387.2158069049397,True,True,True,True,True,True,sobol_train_val,,,
769.0,2048.0,1.4374398114159703,0.2945193330757319,0.5706524271517992,0.4293475728482008,27,16,0.5925925925925926,2.167056574299932,0.4069370808079839,100.0,102.9046120553674,0.9608237138126272,0.0020340747391168,1564.0617920774152,1582.4552548843876,True,True,True,True,True,True,sobol_train_val,,,
770.0,2048.0,1.8760184478014708,0.0035804746672511,0.3765112433582544,0.6234887566417455,13,6,0.4615384615384615,3.98969749873504,0.5655735369771719,100.0,119.32106569851078,0.8499157167007229,0.0128860501331629,1813.478655779896,1829.698402068378,True,True,True,True,True,True,sobol_train_val,,,
771.0,2048.0,1.7095853155478835,0.1750980103388428,0.6339460853487253,0.3660539146512747,21,8,0.3809523809523809,3.4577438453212377,0.4821498665958643,100.0,107.62010529955478,0.9982558167267036,0.2426574648397784,1887.4975463730707,1897.6644151613225,True,True,True,True,True,True,sobol_train_val,,,
772.0,2048.0,1.226956520229578,0.1279823935590684,0.4132419992238283,0.5867580007761717,19,12,0.631578947368421,1.977162002865225,0.539187147654593,100.0,101.93125763397308,0.8658615474293678,0.0264133213849303,1173.6239271024656,1189.4641296936652,True,True,True,True,True,True,sobol_train_val,,,
773.0,2048.0,1.106401371769607,0.2021162247285246,0.3386907696723937,0.6613092303276062,16,10,0.625,2.6262954625301065,0.4501974107697606,100.0,100.69506625594396,0.6103505415243493,0.0069271456084736,1781.2897977047176,1790.7548694342968,True,True,True,True,True,True,sobol_train_val,,,
774.0,2048.0,1.5801342874765396,0.0986041325144469,0.5078320309519767,0.4921679690480233,24,7,0.2916666666666667,4.471488372981548,0.5213339623063803,100.0,108.34081208411057,0.9970081159859026,0.0586739417366453,2152.3502066283804,2170.3658059458007,True,True,True,True,True,True,sobol_train_val,,,
775.0,2048.0,1.755469494499266,0.2276410474441945,0.4504704251885414,0.5495295748114586,12,5,0.4166666666666667,2.98560843737796,0.4261941287666559,100.0,114.21588286470995,0.7781026093660278,0.0093649565670539,1944.394437151116,1957.951298313128,True,True,True,True,True,True,sobol_train_val,,,
776.0,2048.0,1.3079949859529734,0.0680986823514103,0.6961744457483291,0.3038255542516709,28,14,0.5,1.5340237213298678,0.5957315051928163,100.0,95.98882859215132,0.9990193580170474,0.4906614713976662,850.717660714002,854.4456452943534,True,True,True,True,True,True,sobol_train_val,,,
777.0,2048.0,1.3192198248580098,0.1600136940367519,0.4821810275316238,0.5178189724683762,23,11,0.4782608695652174,1.7341818242333829,0.4647175218909979,100.0,102.3933312570294,0.8982975878557746,0.0028836079537601,1239.7227728469518,1257.2532647928754,True,True,True,True,True,True,sobol_train_val,,,
778.0,2048.0,1.8672916572541,0.1322345864027738,0.6646034613251686,0.3353965386748314,17,10,0.5882352941176471,3.599071903154254,0.5076923998072743,100.0,110.16403667038855,0.9994670947815704,0.3398874334341161,1840.443341268346,1847.817191867773,True,True,True,True,True,True,sobol_train_val,,,
779.0,2048.0,1.5464334404096007,0.2703529849648475,0.3188873693346977,0.6811126306653024,29,20,0.6896551724137931,3.846644607279449,0.4398967022076249,100.0,113.78247139693252,0.5687302303778896,0.0007728216725476,2391.7289745490257,2400.317875929419,True,True,True,True,True,True,sobol_train_val,,,
780.0,2048.0,1.017055470496416,0.03625063681975,0.5278727054595946,0.4721272945404053,11,4,0.3636363636363636,2.41475764978677,0.5813457433134317,100.0,91.76710780752984,0.961775085671848,0.2153994640975047,1212.381335177245,1222.373957976857,True,True,True,True,True,True,sobol_train_val,,,
781.0,2048.0,1.1463844208046794,0.2620687399059534,0.6022225189954042,0.3977774810045957,14,5,0.3571428571428571,1.365209052711725,0.4206763233989477,100.0,93.83288098672308,0.9566188341819928,0.1141766363224151,1156.201672564859,1169.357443176094,True,True,True,True,True,True,sobol_train_val,,,
782.0,2048.0,1.667110651731491,0.0468628850765526,0.4448000077158212,0.5551999922841788,26,16,0.6153846153846154,3.259096467029303,0.5511511059477925,100.0,112.3914644325265,0.9853863348064166,0.0045559030982331,1569.8595961204896,1590.6074920454548,True,True,True,True,True,True,sobol_train_val,,,
783.0,2048.0,1.996614404954016,0.208125948999077,0.5904428634792567,0.4095571365207433,18,9,0.5,4.202746023796498,0.4966333085671067,100.0,114.94277756353524,0.9990081159319264,0.1763391296361545,2119.6058129563,2132.444696895682,True,True,True,True,True,True,sobol_train_val,,,
784.0,2048.0,1.4398908410221338,0.0864503659307956,0.3564575929194689,0.6435424070805311,22,9,0.4090909090909091,2.7934108679182827,0.5255822543054819,100.0,109.7491122426884,0.7508503785769263,0.0004591888614509,1555.023492587675,1568.899801193026,True,True,True,True,True,True,sobol_train_val,,,
785.0,2048.0,1.4771999027580025,0.2188019670546054,0.6609406359493732,0.3390593640506267,12,8,0.6666666666666666,3.102083714772016,0.5709203308448195,100.0,101.3685922661852,0.997524595658948,0.4079784647477578,1452.10203320499,1457.5692538117337,True,True,True,True,True,True,sobol_train_val,,,
786.0,2048.0,1.9593423204496505,0.0784175754524767,0.4918008856475353,0.5081991143524647,29,11,0.3793103448275862,1.2114116912707686,0.4013951651751995,100.0,117.22859666798172,0.8213111099768478,0.0004063020960806,1109.6881976723448,1124.4910010513522,True,True,True,True,True,True,sobol_train_val,,,
787.0,2048.0,1.6267496310174463,0.2490875330753624,0.5493074439465999,0.4506925560534001,16,7,0.4375,2.742770789097994,0.5460963040590286,100.0,108.18801344015304,0.9914548117134984,0.1818025113625197,1395.3670681572416,1407.721089762291,True,True,True,True,True,True,sobol_train_val,,,
788.0,2048.0,1.1867080619558692,0.052526381984353,0.3036049760878086,0.6963950239121914,25,15,0.6,4.148876392096281,0.4750452069565654,100.0,104.4412062541835,0.5780714508253602,0.0003024880595105,2415.1029363044754,2424.1467739557843,True,True,True,True,True,True,sobol_train_val,,,
789.0,2048.0,1.0582402423024178,0.2784497835673392,0.4296152736991643,0.5703847263008357,20,10,0.5,3.548425677604973,0.5143759733065962,100.0,96.12667752856862,0.8836099107861429,0.000995657452976,1898.0362067284727,1915.5500933916303,True,True,True,True,True,True,sobol_train_val,,,
790.0,2048.0,1.505224565975368,0.0254921570420265,0.6237549107521771,0.3762450892478228,20,9,0.45,1.6803182409144937,0.4573509030044079,100.0,103.09779432160354,0.9915677232420054,0.1873472486084134,1200.164795877134,1211.8815339971604,True,True,True,True,True,True,sobol_train_val,,,
791.0,2048.0,1.830867351964116,0.1542677175253629,0.3663704168051481,0.633629583194852,27,9,0.3333333333333333,2.2577384557574987,0.5903358787298203,100.0,118.70303943047776,0.8918849195216594,0.0016942547539336,1109.8942654482548,1127.8424260135714,True,True,True,True,True,True,sobol_train_val,,,
792.0,2048.0,1.3556676814332604,0.1452798192389309,0.5870730098336935,0.4129269901663065,13,8,0.6153846153846154,3.6928537859581407,0.4317848769947887,100.0,100.27513117040786,0.9908902529454666,0.0556866459714405,2213.874176504852,2230.7903637022937,True,True,True,True,True,True,sobol_train_val,,,
793.0,2048.0,1.2672982271760702,0.2360560001805424,0.3979475077241658,0.6020524922758341,18,7,0.3888888888888889,4.319308683089912,0.5007344625890255,100.0,103.60973241997137,0.7967089054240163,0.0003569851042659,2294.736381589985,2309.805414334456,True,True,True,True,True,True,sobol_train_val,,,
794.0,2048.0,1.7961898194625974,0.0576583399437367,0.5553685080260038,0.4446314919739962,22,15,0.6818181818181818,2.4708877933211624,0.47187096234411,100.0,111.82694628650596,0.999305397883272,0.0584798262362892,1493.8147718051016,1511.6556957119185,True,True,True,True,True,True,sobol_train_val,,,
795.0,2048.0,1.618023168295622,0.196102465968579,0.4095806997269391,0.5904193002730609,15,8,0.5333333333333333,1.4817716628313065,0.5759500740095973,100.0,112.39643407042354,0.8461384629805635,0.0881600925785369,889.2672609976661,901.7973148463471,True,True,True,True,True,True,sobol_train_val,,,
796.0,2048.0,1.068488403223455,0.1113815641030669,0.6435644175857305,0.3564355824142695,25,12,0.48,2.9365733432583507,0.4454874932765961,100.0,90.25336388261763,0.999892997432334,0.200032746126112,1831.8371806192376,1842.8415723586445,True,True,True,True,True,True,sobol_train_val,,,
797.0,2048.0,1.1901355311274529,0.1854741848073899,0.5177433289587497,0.4822566710412502,30,12,0.4,3.9374389984644944,0.5564979515969753,100.0,97.58796002940905,0.9999009912271074,0.1334966429770979,1827.396736325937,1841.6788312297424,True,True,True,True,True,True,sobol_train_val,,,
798.0,2048.0,1.7463689101859927,0.1196497762575745,0.3353224419057369,0.6646775580942631,11,6,0.5454545454545454,2.1180280202999717,0.4151343559846282,100.0,117.92579476003078,0.5600731877861699,0.01868067513063,1596.0649029677286,1603.6552408049522,True,True,True,True,True,True,sobol_train_val,,,
799.0,2048.0,1.9178441036492584,0.2818242190405726,0.680988185852766,0.319011814147234,24,15,0.625,1.824976166244596,0.5324913678690791,100.0,110.74936274385853,0.999356941860411,0.4014720185343666,1071.696285391932,1077.542024384486,True,True,True,True,True,True,sobol_train_val,,,
800.0,2048.0,1.3956511178985238,0.0095300833694636,0.4720043428242206,0.5279956571757793,17,6,0.3529411764705882,3.3023422244936222,0.4895286917686462,100.0,104.78754111779494,0.9231591491838432,0.0015630406939081,1845.7160484100036,1864.3299805315328,True,True,True,True,True,True,sobol_train_val,,,
801.0,2048.0,1.3898696694523096,0.172608417738229,0.3185095727443695,0.6814904272556306,13,7,0.5384615384615384,2.883199319243431,0.5490491667762398,100.0,109.74465426389388,0.6900771494358372,0.0133302106877709,1529.4687113852583,1541.0681855846417,True,True,True,True,True,True,sobol_train_val,,,
802.0,2048.0,1.923596330918372,0.1254933726042509,0.534525690972805,0.465474309027195,26,11,0.4230769230769231,1.4320206868462264,0.4795117396861315,100.0,115.15652821896788,0.9554977738915438,0.0775706034573623,1036.4762230424633,1052.3307128890071,True,True,True,True,True,True,sobol_train_val,,,
803.0,2048.0,1.7249309718608856,0.2970103517174721,0.4802158430218696,0.5197841569781304,20,6,0.3,2.5238613395020364,0.5742662977427244,100.0,112.57603464188936,0.9737377289897152,0.1143333943354907,1232.387081472135,1247.1559238167033,True,True,True,True,True,True,sobol_train_val,,,
804.0,2048.0,1.2116033462807536,0.0060720660723745,0.6727950066328048,0.3272049933671952,20,13,0.65,4.369460136909038,0.4031298028305173,100.0,93.87477998353016,0.9999805160359844,0.1883598334191553,2671.937438934982,2683.0180279279366,True,True,True,True,True,True,sobol_train_val,,,
805.0,2048.0,1.090079266577959,0.2301300678402185,0.597144766524434,0.4028552334755659,24,16,0.6666666666666666,3.355309679266065,0.5925109246745706,100.0,92.20923324580792,0.9999920957155444,0.3200937791605045,1484.643713883512,1492.8276286191644,True,True,True,True,True,True,sobol_train_val,,,
806.0,2048.0,1.596464148722589,0.0705882755108177,0.3561285350471734,0.6438714649528265,15,6,0.4,1.8751337114721536,0.4354735929518938,100.0,113.6969542651853,0.6281635761560779,0.0034762059226498,1417.4381408148274,1427.3834909533389,True,True,True,True,True,True,sobol_train_val,,,
807.0,2048.0,1.8020631950348616,0.1996246338821947,0.6103651348501444,0.3896348651498555,28,13,0.4642857142857143,2.064647511485964,0.518499756976962,100.0,110.32770152439798,0.9989235104366458,0.2495363030970211,1202.3713205301058,1212.4810480640558,True,True,True,True,True,True,sobol_train_val,,,
808.0,2048.0,1.2613937826827168,0.0961131133139133,0.4427860964089631,0.5572139035910368,11,6,0.5454545454545454,3.8876945072785016,0.4598633574321866,100.0,101.98930145418944,0.8061203589796602,0.0160295234750821,2278.2384970918465,2292.5002411151563,True,True,True,True,True,True,sobol_train_val,,,
809.0,2048.0,1.365388059988618,0.2631768981926143,0.6288551438599825,0.3711448561400174,16,7,0.4375,4.099131612014025,0.5789059866219759,100.0,99.36009580187893,0.9979674554149904,0.3603643229439413,1779.270433478055,1785.8187012045155,True,True,True,True,True,True,sobol_train_val,,,
810.0,2048.0,1.8211156660690904,0.0290739772841334,0.4245577756315469,0.575442224368453,23,12,0.5217391304347826,2.68939056918025,0.4499570796266198,100.0,116.511333517691,0.7709032082158971,0.0011761335016442,1723.227508922046,1737.2375549333242,True,True,True,True,True,True,sobol_train_val,,,
811.0,2048.0,1.5305403620004654,0.1671929324045777,0.5671488735824823,0.4328511264175176,10,6,0.6,1.2615695376880467,0.5040773766115307,100.0,105.3497703629152,0.9077967704229216,0.2320118977513816,940.309206563404,948.9430837269769,True,True,True,True,True,True,sobol_train_val,,,
812.0,2048.0,1.0329560516402123,0.1394132531248033,0.3862884599715471,0.613711540028453,30,10,0.3333333333333333,3.1550508683547376,0.4736025493592024,100.0,96.67147495471238,0.7338381338334772,1.369667416446415e-06,1928.7741314721743,1941.144602963528,True,True,True,True,True,True,sobol_train_val,,,
814.0,2048.0,1.6521865194663403,0.0936264532618224,0.6910347655415534,0.3089652344584466,15,10,0.6666666666666666,2.3107121064327654,0.493214357830584,100.0,104.73735208694244,0.998391527007965,0.3752210420595774,1374.726222748854,1381.0506021398794,True,True,True,True,True,True,sobol_train_val,,,
815.0,2048.0,1.949469489976764,0.2548900737427175,0.3485169157385825,0.6514830842614174,21,12,0.5714285714285714,1.6305673571303485,0.5606247859075666,100.0,121.8424717569959,0.7567083326956817,0.0286078047144165,979.2103180466625,992.0064906191384,True,True,True,True,True,True,sobol_train_val,,,
816.0,2048.0,1.4870432736352086,0.0396836461499333,0.5043772041797637,0.4956227958202363,18,9,0.5,3.4950515613891184,0.4176498632878065,100.0,106.15223582211564,0.8648579681605786,0.0017408493370608,2215.7892658963515,2231.843857364329,True,True,True,True,True,True,sobol_train_val,,,
817.0,2048.0,1.4613602319732308,0.2468919100239872,0.4030252899974584,0.5969747100025415,28,18,0.6428571428571429,2.3613779277540745,0.4851025385782123,100.0,108.73283995968067,0.7803244512318392,0.0025675658918572,1487.445968181782,1501.8917683637756,True,True,True,True,True,True,sobol_train_val,,,
818.0,2048.0,1.9751742351800203,0.0503301872871816,0.6440399747341871,0.3559600252658129,12,4,0.3333333333333333,3.796899329312146,0.5436534896492958,100.0,112.9503123743234,0.981800016671645,0.3605219366106049,1779.5368189262938,1786.1050465726832,True,True,True,True,True,True,sobol_train_val,,,
819.0,2048.0,1.672864462248981,0.2210007327608764,0.389658410474658,0.610341589525342,24,11,0.4583333333333333,3.652040144708008,0.410283238440752,100.0,114.35626248537308,0.6606913040431087,9.238819800736048e-05,2379.101993471358,2389.773249436934,True,True,True,True,True,True,sobol_train_val,,,
820.0,2048.0,1.1406007334589958,0.0806157683953642,0.5572359558194875,0.4427640441805125,16,8,0.5,1.7843385826796294,0.567308365367353,100.0,94.923769578825,0.9878135748095618,0.228830692120676,1010.262013744054,1020.4517761792522,True,True,True,True,True,True,sobol_train_val,,,
821.0,2048.0,1.0111487349495292,0.1564639127813279,0.6814148135483264,0.3185851864516735,19,11,0.5789473684210527,2.8463852008804675,0.428368983976543,100.0,87.36887168461908,0.99982874825803,0.256511784221295,1850.2435418908656,1859.1790326554396,True,True,True,True,True,True,sobol_train_val,,,
822.0,2048.0,1.5523083321750164,0.1474754417315125,0.465400206297636,0.534599793702364,21,10,0.4761904761904761,4.252896690834313,0.5994200304150581,100.0,108.99305172680096,0.9993288636592402,0.1085920742387191,1730.2369477858424,1745.7244770509524,True,True,True,True,True,True,sobol_train_val,,,
823.0,2048.0,1.8457303391769528,0.2762515900656581,0.5196596942842007,0.4803403057157993,13,5,0.3846153846153846,3.2057232297956944,0.4543213851749897,100.0,113.98466494040524,0.9370608426588516,0.018343335869004,1891.1906894810595,1909.1285598685613,True,True,True,True,True,True,sobol_train_val,,,
824.0,2048.0,1.340812211856246,0.0232933918945491,0.3270820833742618,0.6729179166257382,27,18,0.6666666666666666,1.315457289945334,0.5238466074690222,100.0,108.09977948589972,0.6716142544576666,0.0139182204440762,967.3220974907422,978.3925767670412,True,True,True,True,True,True,sobol_train_val,,,
825.0,2048.0,1.2827125499024987,0.18921834602952,0.5378941155970096,0.4621058844029904,22,7,0.3181818181818182,1.9274103322997689,0.4428524240851402,100.0,99.6885657883418,0.964738852927604,0.000911889783181,1365.7540831060328,1384.909463125826,True,True,True,True,True,True,sobol_train_val,,,
826.0,2048.0,1.780783237889409,0.1044980169273912,0.3085981808602809,0.6914018191397191,18,11,0.6111111111111112,3.4043705158866944,0.5858151389285922,100.0,119.65718168689352,0.7309617695239856,0.0099778332484717,1560.612528322331,1573.404857471893,True,True,True,True,True,True,sobol_train_val,,,
827.0,2048.0,1.570384363643825,0.2429415551014244,0.6512609951198101,0.3487390048801899,26,14,0.5384615384615384,4.039848061278462,0.4680606266483664,100.0,103.91469745539176,0.9999783204373138,0.2549522999494511,2202.600662934758,2212.2460623161687,True,True,True,True,True,True,sobol_train_val,,,
828.0,2048.0,1.1161196902394297,0.064544466510415,0.4954021997749805,0.5045978002250195,14,6,0.4285714285714285,2.220031011756509,0.50942417755723,100.0,95.97420112265156,0.9667139774060672,0.0415145299666728,1332.020982395488,1349.7125732697325,True,True,True,True,True,True,sobol_train_val,,,
829.0,2048.0,1.2367978980764749,0.2887077667750418,0.3714125510305166,0.6285874489694834,11,5,0.4545454545454545,1.5841807809658348,0.4988051101565361,100.0,103.60308051975504,0.7117221096539845,0.029473325457168,1135.1426052145807,1146.5456450378215,True,True,True,True,True,True,sobol_train_val,,,
830.0,2048.0,1.6997142992913723,0.0164142027497291,0.5757084082812071,0.4242915917187929,29,16,0.5517241379310345,3.0385763777419923,0.5292677296325564,100.0,109.08291798902076,0.9999624118581228,0.1983616732827368,1554.4079156050416,1566.3475279311328,True,True,True,True,True,True,sobol_train_val,,,
831.0,2048.0,1.9014533357694745,0.1785880576819181,0.4331676702946424,0.5668323297053576,17,12,0.7058823529411765,4.421742806117981,0.4248033484444022,100.0,117.9383802637156,0.7436408714950169,0.0127773004843026,2651.6383068057426,2664.1325607476647,True,True,True,True,True,True,sobol_train_val,,,
832.0,2048.0,1.4120343830436468,0.1127642218954861,0.6140265312045812,0.3859734687954188,23,8,0.3478260869565217,2.5729160293936726,0.5536668039858341,100.0,101.00480819894848,0.996586823361596,0.3056280687042869,1319.3289590919858,1327.4203552607028,True,True,True,True,True,True,sobol_train_val,,,
833.0,2048.0,1.4153284868225455,0.198254120349884,0.4490640439093112,0.5509359560906888,18,8,0.4444444444444444,1.3871899399906396,0.5890007877722383,100.0,106.03375631671906,0.9042827762314632,0.1314175119123634,826.8708934952682,838.9417067422752,True,True,True,True,True,True,sobol_train_val,,,
834.0,2048.0,1.8981365673244,0.095442979875952,0.6041415356099605,0.3958584643900394,22,11,0.5,3.235604935046285,0.4335136566311121,100.0,112.53805322517968,0.9994954594112384,0.0875165599208597,1948.29092855222,1964.3079906456223,True,True,True,True,True,True,sobol_train_val,,,
835.0,2048.0,1.687646602280438,0.2333004464395344,0.3623576335608959,0.6376423664391041,14,9,0.6428571428571429,4.224726935662329,0.5126350160688162,100.0,115.6355714466809,0.7285060419290819,0.0142586798957221,2186.5664784012047,2199.177137532853,True,True,True,True,True,True,sobol_train_val,,,
836.0,2048.0,1.2488886769860983,0.0741660621017217,0.5908723600208758,0.4091276399791241,26,8,0.3076923076923077,2.769919360522181,0.4586982192471623,100.0,97.19545807100496,0.9975971883712056,0.1109163828800813,1699.4396481577878,1714.23749240269,True,True,True,True,True,True,sobol_train_val,,,
837.0,2048.0,1.1194443264976144,0.2976884798146784,0.6665164526551961,0.3334835473448039,29,11,0.3793103448275862,1.7561630803160369,0.5447580778971315,100.0,91.26170835058484,0.9985156509693618,0.3890725052386882,1050.7550810843973,1056.5305176059294,True,True,True,True,True,True,sobol_train_val,,,
838.0,2048.0,1.5670981276780367,0.007450570911169,0.4864388834685087,0.5135611165314913,11,7,0.6363636363636364,3.5755799531936647,0.4767710421234369,100.0,108.69013167653134,0.8870674266584616,0.046774193918976,2012.1291117775104,2027.4001147279916,True,True,True,True,True,True,sobol_train_val,,,
839.0,2048.0,1.7686850680038333,0.1690386582165956,0.5282960336655378,0.4717039663344622,23,13,0.5652173913043478,3.868625937122851,0.5691823180764913,100.0,112.04953930078938,0.999875439500692,0.1713563670369881,1710.755711153732,1723.772431179173,True,True,True,True,True,True,sobol_train_val,,,
840.0,2048.0,1.294772855937481,0.1223310244269669,0.324781372770667,0.675218627229333,17,8,0.4705882352941176,2.3912657735869285,0.4027456166222691,100.0,106.88525620904886,0.5430677867558006,0.0010722374503694,1808.0566907199025,1815.7639915270368,True,True,True,True,True,True,sobol_train_val,,,
841.0,2048.0,1.3284699013456702,0.2565878877416253,0.5106055404990911,0.4893944595009089,12,6,0.5,2.6043142064474525,0.5342659059911966,100.0,101.78078511989366,0.9744218713182408,0.1062762220596777,1400.130577646722,1415.095059592733,True,True,True,True,True,True,sobol_train_val,,,
842.0,2048.0,1.858034785836935,0.0406169942580163,0.3422467987984419,0.6577532012015581,28,12,0.4285714285714285,4.494980322942138,0.4881417149677872,100.0,120.13757027539329,0.6686158989237981,2.1450003121835445e-05,2420.3467048452667,2431.835258374614,True,True,True,True,True,True,sobol_train_val,,,
843.0,2048.0,1.555877109058201,0.2118735934607684,0.6973119508475065,0.3026880491524935,16,6,0.375,2.963627107534557,0.5578971179202199,100.0,102.31207505691674,0.9945785851228872,0.4617445492343366,1442.1832141722914,1446.530246975819,True,True,True,True,True,True,sobol_train_val,,,
844.0,2048.0,1.0076183583587408,0.089725942723453,0.4555159743875265,0.5444840256124734,24,14,0.5833333333333334,1.5575155975297093,0.4133475806564093,100.0,93.6079266139132,0.7749138214665805,0.0022061097606307,1316.4708171807426,1329.9005450116424,True,True,True,True,True,True,sobol_train_val,,,
845.0,2048.0,1.1282888958230617,0.1662515907548367,0.3800610907375812,0.6199389092624188,21,15,0.7142857142857143,2.1450756870210173,0.57772774733603,100.0,100.0005651623095,0.8519271941793072,0.0351618396175628,1143.9610002228192,1158.8908471922537,True,True,True,True,True,True,sobol_train_val,,,
846.0,2048.0,1.6851993817836046,0.1377074467018246,0.5734199099242687,0.4265800900757313,19,7,0.3684210526315789,4.013189030718058,0.444103460945189,100.0,108.82113822635608,0.9970616885589028,0.0431218744429119,2281.2599069043604,2299.3809961007023,True,True,True,True,True,True,sobol_train_val,,,
847.0,2048.0,1.978712479583919,0.267069380544126,0.4182815097272396,0.5817184902727603,27,13,0.4814814814814814,3.435762933455408,0.5021306844428182,100.0,120.0316247786672,0.8398460429191388,0.0002844743686623,1844.2887306517212,1860.7840963802537,True,True,True,True,True,True,sobol_train_val,,,
848.0,2048.0,1.4577993229031565,0.0324949624948203,0.6350774206221104,0.3649225793778896,13,7,0.5384615384615384,2.000653510261327,0.4700810518115759,100.0,101.59254049879286,0.98866258945406,0.2364835189148179,1315.3484563857246,1325.3205571838043,True,True,True,True,True,True,sobol_train_val,,,
849.0,2048.0,1.4981572814285755,0.2727995398454368,0.333310442045331,0.666689557954669,23,7,0.3043478260869565,3.9593191777355967,0.4279718307778239,100.0,112.05835658030212,0.5826754604294246,9.15771035583528e-06,2500.316894938891,2507.531834540642,True,True,True,True,True,True,sobol_train_val,,,
850.0,2048.0,1.9383781468495729,0.0194339325651526,0.5133895520120859,0.4866104479879141,16,10,0.625,2.0944357803091407,0.5943474918603897,100.0,116.1175534328371,0.9856984902978992,0.1910303374353383,1020.872903802132,1032.7481201656644,True,True,True,True,True,True,sobol_train_val,,,
851.0,2048.0,1.6478929799050093,0.1581389771774411,0.471677366271615,0.5283226337283851,30,15,0.5,1.8468563701026144,0.4515936605632305,100.0,111.07980602664504,0.8596214389867984,0.0005615415945711,1314.6568893645774,1331.17941107565,True,True,True,True,True,True,sobol_train_val,,,
852.0,2048.0,1.1655712695792315,0.1484501271508634,0.6751935262233019,0.3248064737766981,10,4,0.4,3.278750009089708,0.5195440715178847,100.0,92.44559453883636,0.9862527237684932,0.3875371008078784,1722.4938467824609,1728.1386907517376,True,True,True,True,True,True,sobol_train_val,,,
853.0,2048.0,1.0440395269542933,0.2248704744502902,0.5510085135698318,0.4489914864301682,15,7,0.4666666666666667,4.341189231164753,0.4839244334027171,100.0,92.00693127575676,0.9980042025242444,0.0743008770024175,2316.819165242854,2333.410509502526,True,True,True,True,True,True,sobol_train_val,,,
854.0,2048.0,1.519418486393988,0.0840780998580157,0.395929516851902,0.6040704831480981,25,15,0.6,2.447295135352761,0.5378001898527145,100.0,110.44500078586616,0.8507811795829698,0.005016168951257,1350.3511108589678,1366.9432170217033,True,True,True,True,True,True,sobol_train_val,,,
855.0,2048.0,1.8168525993824003,0.2459275416098535,0.6377637788653373,0.3622362211346627,18,12,0.6666666666666666,1.5036522846668958,0.4083362750709057,100.0,109.8576989665209,0.982103155304171,0.1388333414853769,1210.7313345238772,1223.7349324284887,True,True,True,True,True,True,sobol_train_val,,,
856.0,2048.0,1.369688990525901,0.0486654410138726,0.4092474937438964,0.5907525062561035,21,8,0.3809523809523809,2.912980759050697,0.5637867813929915,100.0,106.1024281142266,0.936449298300213,0.0013520576218085,1432.272883458643,1451.563708429412,True,True,True,True,True,True,sobol_train_val,,,
857.0,2048.0,1.256886575371027,0.1817173850722611,0.6203044533729554,0.3796955466270446,26,16,0.6153846153846154,3.526545129530132,0.4952950537204742,100.0,96.60225624827176,0.999992884285036,0.233404048134955,1897.547912771216,1908.5900661058392,True,True,True,True,True,True,sobol_train_val,,,
858.0,2048.0,1.806608266197145,0.1163650441914796,0.4269440934062004,0.5730559065937997,13,4,0.3076923076923077,1.7039108988828957,0.5273080704733729,100.0,116.11636428961594,0.8463895947440899,0.050941004970054,1072.5497536713558,1086.838069920228,True,True,True,True,True,True,sobol_train_val,,,
860.0,2048.0,1.0787132503464818,0.0157668189145624,0.3651401191949844,0.6348598808050157,19,10,0.5263157894736842,3.7164463701657953,0.5525015376508235,100.0,98.89851122296426,0.8138335746054501,0.001722511477131,1834.0506223013977,1849.6204958164444,True,True,True,True,True,True,sobol_train_val,,,
861.0,2048.0,1.2070656660944223,0.2393304493278265,0.4891237158328294,0.5108762841671706,15,8,0.5333333333333333,3.080203535500914,0.4385615825653076,100.0,98.95559253741828,0.8661463506075952,0.0064679360944189,1961.2941900698252,1977.357379330892,True,True,True,True,True,True,sobol_train_val,,,
862.0,2048.0,1.7294455701485276,0.061404858995229,0.6574839625507592,0.3425160374492407,25,12,0.48,1.235003931261599,0.5830745039507746,100.0,107.40043353580842,0.9829371911582956,0.424769941913511,763.8631339999328,768.808232629744,True,True,True,True,True,True,sobol_train_val,,,
863.0,2048.0,1.9349544793367384,0.1898554139770567,0.3023684505373239,0.6976315494626761,11,4,0.3636363636363636,2.7208905852399763,0.4629765367135405,100.0,123.20639581211292,0.5569472883821587,0.0070733872632605,1737.6400611416825,1745.816991865117,True,True,True,True,True,True,sobol_train_val,,,
864.0,2048.0,1.3785341857001183,0.1058995485305786,0.5441659856587648,0.4558340143412351,28,19,0.6785714285714286,4.172468607500195,0.5090396963059902,100.0,102.1358712878731,0.999999048346523,0.1045173590552219,2101.3706557917144,2117.6541678873505,True,True,True,True,True,True,sobol_train_val,,,
865.0,2048.0,1.3999103382229805,0.2264150390401482,0.6899020548909902,0.3100979451090098,22,10,0.4545454545454545,3.766191740334034,0.456062482483685,100.0,98.61322126634258,0.9997687814488624,0.3203293389433786,2144.396901219546,2151.925102531826,True,True,True,True,True,True,sobol_train_val,,,
866.0,2048.0,1.913546959869564,0.0672800830565392,0.4566995333880186,0.5433004666119814,19,11,0.5789473684210527,2.28923746375367,0.5224992226809263,100.0,117.41677175726448,0.9286989661704984,0.02535132310772,1293.3565422738805,1311.2905806264127,True,True,True,True,True,True,sobol_train_val,,,
867.0,2048.0,1.73528921790421,0.2051381017081439,0.5016084413975477,0.4983915586024523,26,17,0.6538461538461539,1.6537540359422565,0.4297041792422533,100.0,112.13488496790632,0.8699910406368683,0.0126891238152435,1267.9773884100975,1283.9251308632356,True,True,True,True,True,True,sobol_train_val,,,
868.0,2048.0,1.2012535640969872,0.1023263884708285,0.3449687328189611,0.6550312671810389,15,6,0.4,3.473576992470771,0.5976911703124642,100.0,103.440099777382,0.8507503180307384,0.0045286874903266,1545.4883427381474,1561.85454842434,True,True,True,True,True,True,sobol_train_val,,,
869.0,2048.0,1.0727781560271978,0.1759246378205716,0.4195138074457645,0.5804861925542355,10,3,0.3,4.122317848261446,0.4120211767032742,100.0,96.92747338092488,0.7102157904452207,0.0046654511701354,2659.9841424986857,2671.675549545153,True,True,True,True,True,True,sobol_train_val,,,
870.0,2048.0,1.613756556995213,0.1292164312675595,0.6277164421975612,0.3722835578024388,30,19,0.6333333333333333,2.6679163444787264,0.5659580122679472,100.0,105.60061313275162,0.9999902967414684,0.3422141021906836,1304.2921050008113,1311.9204264375278,True,True,True,True,True,True,sobol_train_val,,,
871.0,2048.0,1.785079654306173,0.2908050706610083,0.3827342979609966,0.6172657020390033,17,9,0.5294117647058824,1.284755798522383,0.4864407021552324,100.0,117.135054622959,0.7201818580293129,0.0264752755242963,1005.2053462612656,1016.9729988241692,True,True,True,True,True,True,sobol_train_val,,,
872.0,2048.0,1.2783857872709632,0.0005665901117026,0.5643738813698291,0.4356261186301708,24,10,0.4166666666666667,3.1335766682401296,0.541927788592875,100.0,98.79334473138022,0.9993298769885922,0.1967342267449928,1574.2756487434278,1586.009502934649,True,True,True,True,True,True,sobol_train_val,,,
873.0,2048.0,1.3443133756518364,0.2096746802330017,0.3502362914383411,0.6497637085616589,28,16,0.5714285714285714,3.332123443018645,0.4234040539711714,100.0,107.39194045800916,0.6073251670182381,0.0001309984807343,2209.103778029806,2218.5525107118037,True,True,True,True,True,True,sobol_train_val,,,
874.0,2048.0,1.842199052684009,0.0875276022590696,0.5967200629413127,0.4032799370586872,12,6,0.5,1.8966079361736772,0.5554536359384656,100.0,111.5836831762648,0.9714615525976124,0.2968036595953017,1053.871726542858,1061.941350567038,True,True,True,True,True,True,sobol_train_val,,,
875.0,2048.0,1.509758459404111,0.2587836493737995,0.4385299049317837,0.5614700950682163,25,9,0.36,2.0414612506516274,0.4970304558053612,100.0,108.80020004614067,0.8714723435792598,0.000418398795344,1292.2116283089458,1309.483548832765,True,True,True,True,True,True,sobol_train_val,,,
876.0,2048.0,1.053729490377009,0.0428133275359869,0.6084508635103703,0.3915491364896297,15,10,0.6666666666666666,3.9091687073931096,0.5306547988206148,100.0,90.72081248051552,0.9997034412765382,0.2624013980973806,1934.9949798709476,1944.2481039719785,True,True,True,True,True,True,sobol_train_val,,,
878.0,2048.0,1.638111804611981,0.0346938751637935,0.3126111131161451,0.6873888868838549,21,7,0.3333333333333333,1.4534953295253217,0.5112139778211713,100.0,116.23323407324608,0.6378160662352647,0.0016743385207821,1044.3827049675724,1055.0353912295698,True,True,True,True,True,True,sobol_train_val,,,
879.0,2048.0,1.963845681399107,0.1640552569180726,0.6708745073527097,0.3291254926472903,14,6,0.4285714285714285,2.5006746606901284,0.4410748014226556,100.0,111.96243197895222,0.9899668656001516,0.2665244736032728,1588.4360597204286,1597.5411536912218,True,True,True,True,True,True,sobol_train_val,,,
880.0,2048.0,1.4726586183533072,0.1355116856284439,0.4759536739438772,0.5240463260561228,27,14,0.5185185185185185,4.390934705827385,0.5871990490704775,100.0,106.66942470655852,0.99996432514727,0.107562044029919,1835.3012606450843,1850.8776477049948,True,True,True,True,True,True,sobol_train_val,,,
881.0,2048.0,1.4519852278754115,0.1509596002288162,0.5808517307043075,0.4191482692956925,17,7,0.4117647058823529,1.6072666780091822,0.5171036472544074,100.0,102.9821402557326,0.9751958537011968,0.2125951983492709,1044.7006230022923,1055.398496606927,True,True,True,True,True,True,sobol_train_val,,,
882.0,2048.0,1.9845579415559769,0.1412713218480348,0.3726475909352302,0.6273524090647697,23,15,0.6521739130434783,3.017001027055085,0.4616531796753406,100.0,121.71428006759167,0.6885325171012595,0.0042839999580367,1847.8566049472508,1859.567167218104,True,True,True,True,True,True,sobol_train_val,,,
883.0,2048.0,1.6637898618355391,0.2799757741391658,0.6174847826361656,0.3825152173638344,11,7,0.6363636363636364,4.444828776922077,0.5907333269715309,100.0,107.05117444244075,0.9963713429041744,0.3549880282766245,1825.8474905634837,1832.6064701086432,True,True,True,True,True,True,sobol_train_val,,,
884.0,2048.0,1.1496668700128794,0.0266107396222651,0.4358436405658721,0.5641563594341279,29,13,0.4482758620689655,2.551340752467513,0.4368575258180499,100.0,98.86448429728785,0.7739204458218489,2.9109057900065864e-05,1743.3472315284407,1757.208308988153,True,True,True,True,True,True,sobol_train_val,,,
885.0,2048.0,1.0291193248704076,0.2531063463538885,0.3098271954804659,0.6901728045195341,26,12,0.4615384615384615,1.9504958605393767,0.5728670289739967,100.0,99.12759078616864,0.7241707286064448,0.0008914501655645,1113.1278509178198,1126.15663211558,True,True,True,True,True,True,sobol_train_val,,,
886.0,2048.0,1.5343464445322752,0.055844818521291,0.5430312577635049,0.4569687422364951,14,7,0.5,3.3827955831773577,0.4049166567623615,100.0,106.1584143096652,0.9069105876728611,0.0082634607257601,2186.6787662210486,2203.3330571335823,True,True,True,True,True,True,sobol_train_val,,,
887.0,2048.0,1.8640013402327893,0.2176936679519713,0.498072001710534,0.501927998289466,22,14,0.6363636363636364,4.062933614104986,0.54727453738451,100.0,115.04851287995116,0.999904433556899,0.0829281709869465,1863.2082578594368,1880.2921484143692,True,True,True,True,True,True,sobol_train_val,,,
888.0,2048.0,1.3225327469408512,0.0769018650054931,0.6547132093459367,0.3452867906540633,18,6,0.3333333333333333,2.198456103634089,0.4808988315984607,100.0,97.49337996871948,0.9905121136503704,0.2922386593854576,1380.4762246573898,1388.6987835452417,True,True,True,True,True,True,sobol_train_val,,,
889.0,2048.0,1.304460528306663,0.2848050358705222,0.4657319266349077,0.5342680733650923,13,9,0.6923076923076923,2.82329967264086,0.5623626984655857,100.0,102.49231667961452,0.9594222510987996,0.0815403934617702,1401.344739814763,1417.0664898479802,True,True,True,True,True,True,sobol_train_val,,,
890.0,2048.0,1.7590265572071075,0.013275366090238,0.687217316403985,0.312782683596015,27,10,0.3703703703703703,4.27447162354365,0.416299488209188,100.0,107.228270504251,0.9997668464108936,0.2489783443817159,2511.9885249116787,2521.5348442801665,True,True,True,True,True,True,sobol_train_val,,,
891.0,2048.0,1.592442282475531,0.1842068301513791,0.3290988747030496,0.6709011252969503,19,9,0.4736842105263157,3.18263767696917,0.5360014988109469,100.0,114.54805217561716,0.7073375542040933,0.0016712120923902,1677.5429210049715,1690.1484083365503,True,True,True,True,True,True,sobol_train_val,,,
892.0,2048.0,1.0940702352672815,0.1188539176248014,0.524021266773343,0.4759787332266569,21,12,0.5714285714285714,1.3370321980677544,0.4914886340498924,100.0,94.4213454447584,0.9605906004967308,0.0723310644194399,1004.3874906404752,1020.2260669272788,True,True,True,True,True,True,sobol_train_val,,,
893.0,2048.0,1.2233915897086265,0.1923468662425875,0.6498362958431243,0.3501637041568757,24,13,0.5416666666666666,2.338292030710727,0.5058184482157231,100.0,94.83168203056204,0.9998017644527964,0.3079220730278245,1374.73459595487,1382.681650306081,True,True,True,True,True,True,sobol_train_val,,,
894.0,2048.0,1.7131119053810837,0.1083904291503131,0.4033509835600852,0.5966490164399147,16,7,0.4375,3.8184746799990537,0.4722551425918936,100.0,114.81979218421498,0.7626543053726712,0.0018307124725789,2170.5208582303053,2184.4515275652984,True,True,True,True,True,True,sobol_train_val,,,
895.0,2048.0,1.8883569752797484,0.2368415764532983,0.5615914896130562,0.4384085103869438,28,9,0.3214285714285714,3.628954173903912,0.5802411569282413,100.0,113.60011201201404,0.9984132168971892,0.2455857812867,1578.6299102472535,1588.848561911601,True,True,True,True,True,True,sobol_train_val,,,
896.0,2048.0,1.425139207392931,0.0589154133573174,0.3916690319776534,0.6083309680223465,12,7,0.5833333333333334,1.805913859605789,0.4482281967997551,100.0,108.16706311825824,0.6850481541632653,0.030518036333249,1351.2298765113596,1361.6469609512362,True,True,True,True,True,True,sobol_train_val,,,
897.0,2048.0,1.425910851918161,0.1684306036680936,0.6406055875122547,0.3593944124877453,29,9,0.3103448275862069,4.353841147944331,0.535383789986372,100.0,100.6236364445018,0.9995548140819046,0.3291065101397371,2055.459961481536,2062.9508132349065,True,True,True,True,True,True,sobol_train_val,,,
898.0,2048.0,1.8856019265949728,0.1405090277083218,0.4066221825778484,0.5933778174221516,11,7,0.6363636363636364,2.5376927613280715,0.4923966532573104,100.0,118.49408840821344,0.749796050007955,0.052850761889177,1526.3188460089143,1537.820393107482,True,True,True,True,True,True,sobol_train_val,,,
899.0,2048.0,1.716111329384148,0.2642680861987173,0.552263506501913,0.447736493498087,23,12,0.5217391304347826,1.4131538646295665,0.5598067013546825,100.0,110.15145613535714,0.9694875268187048,0.2241879181717741,873.6582162835579,883.9659411085427,True,True,True,True,True,True,sobol_train_val,,,
900.0,2048.0,1.2223760467022655,0.0303162351250648,0.39484219327569,0.60515780672431,17,7,0.4117647058823529,2.900228220317513,0.4183699101209641,100.0,102.39691218503935,0.6784069191905474,0.0006226893766499,1998.654794864924,2009.810264007907,True,True,True,True,True,True,sobol_train_val,,,
901.0,2048.0,1.1007298612967134,0.2537862983532249,0.4688017096370458,0.5311982903629542,18,8,0.4444444444444444,3.8946022535674274,0.5796237461268902,100.0,96.29220676838906,0.998147783917094,0.0848862829091701,1724.728201838138,1741.1229170518964,True,True,True,True,True,True,sobol_train_val,,,
902.0,2048.0,1.5877665374428034,0.0384379539638757,0.6777851920574903,0.3222148079425097,22,13,0.5909090909090909,2.0559018440544605,0.4491367047652602,100.0,103.59897024223052,0.9994989905633284,0.2832055398574707,1382.2857293686377,1390.9375705109542,True,True,True,True,True,True,sobol_train_val,,,
903.0,2048.0,1.7639466850087049,0.2140523470938205,0.3320706199854612,0.6679293800145387,14,9,0.6428571428571429,1.885289291013032,0.5032619623467326,100.0,118.43650784298876,0.6345271446061562,0.033535252365753,1242.8692251956818,1252.1703601042702,True,True,True,True,True,True,sobol_train_val,,,
904.0,2048.0,1.29755699634552,0.0925272465683519,0.514491867646575,0.485508132353425,26,10,0.3846153846153846,3.343366532586515,0.4743252664804459,100.0,100.80364623016716,0.9786916932762856,5.681674423388319e-05,1905.1388516889228,1925.2180658349864,True,True,True,True,True,True,sobol_train_val,,,
905.0,2048.0,1.3253795867785811,0.2957658050581813,0.3005121823400259,0.6994878176599741,21,13,0.6190476190476191,3.1447190559469163,0.5933503245934844,100.0,108.61177009411216,0.7307427245747523,0.0056570701243202,1467.566775633789,1480.4883096625294,True,True,True,True,True,True,sobol_train_val,,,
906.0,2048.0,1.8630773462355137,0.0049785892479121,0.5462143372744321,0.4537856627255678,19,7,0.3684210526315789,1.2733364392071962,0.4347261272370815,100.0,113.53594886705964,0.925786654299501,0.0526578623363327,1060.662353394283,1076.3564020277647,True,True,True,True,True,True,sobol_train_val,,,
907.0,2048.0,1.5355148138478398,0.1715103543363511,0.4888542633503675,0.5111457366496325,27,11,0.4074074074074074,2.682256236020476,0.5177580118179321,100.0,107.84204428195324,0.9985593182067264,0.0141093837529067,1461.333956334216,1481.7618396320806,True,True,True,True,True,True,sobol_train_val,,,
908.0,2048.0,1.026028586551547,0.1242534125223755,0.6579943265765905,0.3420056734234095,13,7,0.5384615384615384,4.107650680281222,0.460708480887115,100.0,88.47668569692206,0.99866249228744,0.2592171500827869,2316.864644628162,2325.937067359191,True,True,True,True,True,True,sobol_train_val,,,
909.0,2048.0,1.1544954413548112,0.2007261293940246,0.5838333941996097,0.4161666058003903,12,7,0.5833333333333334,3.5136917844414706,0.5498919999226928,100.0,94.59537051065848,0.9962967606966178,0.246215840707442,1699.4844644066682,1709.2839227274046,True,True,True,True,True,True,sobol_train_val,,,
910.0,2048.0,1.6570389214903116,0.0973656630143523,0.3631311617791652,0.6368688382208347,28,13,0.4642857142857143,1.6133118691854178,0.4787677071988582,100.0,114.8959899679175,0.6961102610478482,0.0006197134749866,1176.38367584218,1188.5508211846525,True,True,True,True,True,True,sobol_train_val,,,
911.0,2048.0,1.991553264670074,0.2313780488446354,0.6205644838511943,0.3794355161488056,16,6,0.375,2.326154850237072,0.5735211193561554,100.0,113.95519526915768,0.9836976851843257,0.3505334300638406,1152.065225231491,1158.8877075082537,True,True,True,True,True,True,sobol_train_val,,,
912.0,2048.0,1.4469127506017685,0.0716943397186696,0.4264244861900806,0.5735755138099194,24,17,0.7083333333333334,3.728997480589896,0.4039714930579066,100.0,107.58971008455283,0.713221048243067,0.003278629537952,2448.223282682118,2460.0074972084203,True,True,True,True,True,True,sobol_train_val,,,
913.0,2048.0,1.47213302180171,0.2418389095924794,0.5309319455176591,0.4690680544823409,15,7,0.4666666666666667,1.7689147216267882,0.4995499547570944,100.0,104.9676402019424,0.9655304597967036,0.09554794041534,1151.194769988398,1166.384601079309,True,True,True,True,True,True,sobol_train_val,,,
914.0,2048.0,1.96635468211025,0.0632907690480351,0.3219469163566827,0.6780530836433172,25,13,0.52,3.666079270653426,0.5284256102517247,100.0,123.14312949000322,0.6821220097864961,0.0005226255392066,1883.003183150343,1894.950073968454,True,True,True,True,True,True,sobol_train_val,,,
915.0,2048.0,1.634870147332549,0.1879692172631621,0.6676141802221536,0.3323858197778464,19,12,0.631578947368421,3.778227635007352,0.4239608490839601,100.0,104.97892594727692,0.9998911768466118,0.216143909193895,2255.9407763616205,2266.578182304484,True,True,True,True,True,True,sobol_train_val,,,
916.0,2048.0,1.1766420053318143,0.1033908027224242,0.4851914394646882,0.5148085605353118,22,7,0.3181818181818182,2.37861453294754,0.5544112656265497,100.0,98.16027099719749,0.9879081686382616,0.081142074334795,1260.3502665242725,1276.7696748756762,True,True,True,True,True,True,sobol_train_val,,,
917.0,2048.0,1.0473120976239445,0.1798314655199646,0.3597613036632537,0.6402386963367462,24,9,0.375,1.3225727403536438,0.4435945983976125,100.0,98.03499805382415,0.646419794941884,0.0002032736284299,1152.6354286468743,1163.222999524822,True,True,True,True,True,True,sobol_train_val,,,
918.0,2048.0,1.5141919711604714,0.1138565576635301,0.5937462195754051,0.4062537804245949,17,11,0.6470588235294118,3.1971726902760564,0.5849703492596745,100.0,104.1735554646654,0.9995234834125764,0.3058521818800883,1434.4121661999295,1442.5387391184,True,True,True,True,True,True,sobol_train_val,,,
919.0,2048.0,1.8370328769087791,0.2898046891205013,0.4479568794369697,0.5520431205630303,30,18,0.6,4.263259974494576,0.4672207975760102,100.0,116.08318517827632,0.8405346077986743,0.0003136734459022,2352.9930072937523,2369.207359691294,True,True,True,True,True,True,sobol_train_val,,,
920.0,2048.0,1.3514629555866122,0.0176530240103602,0.6053797453641891,0.3946202546358108,10,5,0.5,2.834637182112784,0.5101713094860315,100.0,99.64229361723255,0.98135882886532,0.2443921660216752,1562.8888314347123,1572.5416939927445,True,True,True,True,True,True,sobol_train_val,,,
921.0,2048.0,1.275784995406866,0.222105658147484,0.4162405103445052,0.5837594896554947,16,9,0.5625,2.209894314967096,0.4291839690878987,100.0,103.25558916027512,0.7236138478036996,0.0074338423444404,1600.419903582295,1612.5719820051904,True,True,True,True,True,True,sobol_train_val,,,
922.0,2048.0,1.7857576003298163,0.0818626083433628,0.6369442895054817,0.3630557104945183,25,10,0.4,4.051822679210454,0.5986969795078039,100.0,109.21236666078909,0.9995629237997036,0.3938832355648482,1652.6213745737232,1658.49248272126,True,True,True,True,True,True,sobol_train_val,,,
923.0,2048.0,1.6123459544032812,0.2481433186680078,0.3795582756400108,0.6204417243599891,12,4,0.3333333333333333,3.397431298345327,0.4536040548235178,100.0,113.2727462237538,0.6914585783279737,0.0038545587768601,2079.890765802516,2091.618384114379,True,True,True,True,True,True,sobol_train_val,,,
924.0,2048.0,1.0761111276224256,0.0514305439777672,0.5736997663974761,0.4263002336025239,29,18,0.6206896551724138,1.936137116979808,0.5246673161163926,100.0,92.41461678977896,0.9999462420078308,0.187534544763764,1170.7653460913025,1182.6878258208562,True,True,True,True,True,True,sobol_train_val,,,
925.0,2048.0,1.1966672260314226,0.2750150576233863,0.6993191111832857,0.3006808888167143,27,18,0.6666666666666666,2.591763968858868,0.4859209569171071,100.0,92.74166820837472,0.9999947443014544,0.381220101867309,1537.5070004885122,1544.2898405840383,True,True,True,True,True,True,sobol_train_val,,,
926.0,2048.0,1.7417979249730706,0.022198758367449,0.4536154452711343,0.5463845547288657,14,5,0.3571428571428571,4.404682433791458,0.5429338719695807,100.0,113.80830203845852,0.9684048261586108,0.0202245355239336,2030.281788716912,2049.659613192352,True,True,True,True,True,True,sobol_train_val,,,
927.0,2048.0,1.9063055887818336,0.1553738658316433,0.5111235354095697,0.4888764645904303,20,10,0.5,3.05422683795914,0.4095624748617411,100.0,115.5259665108411,0.8644695435556001,0.0017324410964418,1995.4317990343,2011.47872966945,True,True,True,True,True,True,sobol_train_val,,,
928.0,2048.0,1.4052288634702563,0.1462343227118253,0.3419819194823503,0.6580180805176497,20,11,0.55,1.5703682418912648,0.5681256407871842,100.0,109.3331426459588,0.7614978328288328,0.023077320353856,958.967619978058,972.0641329064318,True,True,True,True,True,True,sobol_train_val,,,
929.0,2048.0,1.3797921985387802,0.2714464662596583,0.4985594656318426,0.5014405343681574,10,4,0.4,1.9895079754292964,0.4213982298970222,100.0,103.54193208265758,0.8360645284450192,0.0351520133320692,1477.8758487788227,1491.6422170609042,True,True,True,True,True,True,sobol_train_val,,,
930.0,2048.0,1.931713062338531,0.0374951879493892,0.6544178050011396,0.3455821949988604,29,19,0.6551724137931034,3.447185439895838,0.550334976427257,100.0,111.7780236532646,0.999996299776284,0.3720543043442259,1621.3678867793674,1628.2329367283162,True,True,True,True,True,True,sobol_train_val,,,
931.0,2048.0,1.7319548074156046,0.1612536585889756,0.3119014751166105,0.6880985248833895,16,9,0.5625,3.9988459920510646,0.495813744328916,100.0,118.43908203413628,0.6149389276157557,0.0037471269647845,2193.362025589985,2203.278544534036,True,True,True,True,True,True,sobol_train_val,,,
932.0,2048.0,1.2065403098240497,0.1333326542750001,0.5411978658288716,0.4588021341711283,23,11,0.4782608695652174,2.159746002126485,0.5263007290661335,100.0,97.38612405020876,0.99837260664402,0.1297340354787597,1248.5877978539102,1262.9850689437674,True,True,True,True,True,True,sobol_train_val,,,
933.0,2048.0,1.0858630668371916,0.2068733948282897,0.6170368798077106,0.3829631201922894,22,10,0.4545454545454545,1.5173976584337652,0.4654367581009865,100.0,91.52779200159796,0.9941337194650844,0.183934055171029,1129.7802048714136,1141.4340395940085,True,True,True,True,True,True,sobol_train_val,,,
934.0,2048.0,1.602625829167664,0.0853488659486174,0.4361784271895885,0.5638215728104115,18,9,0.5,3.00407242141664,0.5068735999986529,100.0,111.15220989342282,0.8798142835769801,0.0045759287720816,1659.4675995904902,1676.8609198324957,True,True,True,True,True,True,sobol_train_val,,,
935.0,2048.0,1.8110420145094397,0.2609626712277531,0.5787679933011531,0.4212320066988468,25,16,0.64,4.458059789333492,0.4390798082575202,100.0,111.44795562744196,0.999988194724769,0.0406314608252569,2493.231613576009,2511.553965365404,True,True,True,True,True,True,sobol_train_val,,,
936.0,2048.0,1.2504694228991866,0.0456148996017873,0.374471727758646,0.625528272241354,15,5,0.3333333333333333,2.641511613316834,0.5820668883621692,100.0,103.90154274048388,0.8831568083791335,0.0092381380024662,1296.550468682074,1313.7175758872431,True,True,True,True,True,True,sobol_train_val,,,
937.0,2048.0,1.373022198677063,0.174002231284976,0.560527042299509,0.439472957700491,20,14,0.7,2.428362478595227,0.4510383857414126,100.0,101.50787493568129,0.993134795347012,0.034006685080767,1560.674785918174,1579.0511561323194,True,True,True,True,True,True,sobol_train_val,,,
938.0,2048.0,1.815442237071693,0.1267447178252041,0.392949952930212,0.6070500470697879,20,7,0.35,3.831604689359665,0.5205879732966423,100.0,117.45223627102462,0.8192507130951036,0.0003703132292869,1952.1405288598964,1968.0611814762408,True,True,True,True,True,True,sobol_train_val,,,
939.0,2048.0,1.520096668973565,0.2932770707644522,0.647185032814741,0.3528149671852589,13,6,0.4615384615384615,3.615924565214663,0.42545081153512,100.0,102.81022805771543,0.99497155654825,0.1775131681383835,2185.507445562417,2197.3650142498327,True,True,True,True,True,True,sobol_train_val,,,
940.0,2048.0,1.0414389753714204,0.0024892821907997,0.4061698921024799,0.5938301078975201,27,15,0.5555555555555556,1.7159444270655513,0.596575148962438,100.0,96.3129198042936,0.9490460300481924,0.039053199145114,930.5049485834048,947.7912201242572,True,True,True,True,True,True,sobol_train_val,,,
941.0,2048.0,1.1708900313824415,0.2288867441006004,0.330129462108016,0.669870537891984,28,15,0.5357142857142857,2.784488961473107,0.407781489007175,100.0,103.0245536859358,0.5574025575144281,6.246208618532481e-05,2008.6331754599807,2016.7549032111,True,True,True,True,True,True,sobol_train_val,,,
942.0,2048.0,1.6406518490985036,0.0692024622112512,0.522706664726138,0.477293335273862,11,5,0.4545454545454545,4.210283195134252,0.564830981194973,100.0,109.31882574170136,0.9824785047661292,0.1684780609646372,1864.902728971462,1877.5595215568023,True,True,True,True,True,True,sobol_train_val,,,
943.0,2048.0,1.9448870904743671,0.2032154358923435,0.4683983486145734,0.5316016513854266,24,8,0.3333333333333333,3.2469267273321742,0.4814031161367893,100.0,117.6846568360058,0.903085816997478,0.0001335912540809,1820.6173578898652,1838.854711945221,True,True,True,True,True,True,sobol_train_val,,,
944.0,2048.0,1.4935711836442351,0.0998543978668749,0.6844133641570807,0.3155866358429193,15,9,0.6,1.3759437032975257,0.5400273581966758,100.0,101.13983542388758,0.9882723728654652,0.4255992700548655,902.8333125593948,907.814314077651,True,True,True,True,True,True,sobol_train_val,,,
945.0,2048.0,1.4567835433408618,0.1948556304909288,0.3830370306968689,0.6169629693031311,26,12,0.4615384615384615,4.161027249041944,0.5572442729026079,100.0,109.28334920845164,0.8649236363279263,0.000154702932815,1936.5282144125408,1953.7773615882952,True,True,True,True,True,True,sobol_train_val,,,
946.0,2048.0,1.9817116633057597,0.1102766431868076,0.5638969942927361,0.4361030057072639,14,8,0.5714285714285714,2.7320046672597527,0.4142938116565346,100.0,115.44149272333756,0.940235042898218,0.0318569899008679,1791.7412143729782,1808.526939563818,True,True,True,True,True,True,sobol_train_val,,,
947.0,2048.0,1.6824440965428948,0.2349556479603052,0.4213547244668006,0.5786452755331993,22,15,0.6818181818181818,1.2203650689683854,0.5316473888233304,100.0,113.5155493740528,0.8075809161486379,0.0811107833726833,882.3268323694568,894.2313744141898,True,True,True,True,True,True,sobol_train_val,,,
948.0,2048.0,1.1290603000670671,0.0564069357700645,0.6256525427103042,0.3743474572896957,18,7,0.3888888888888889,3.094565426185727,0.4902715813368559,100.0,92.65454468645264,0.997397911513912,0.2391552105345817,1747.4891850734034,1757.422789016027,True,True,True,True,True,True,sobol_train_val,,,
950.0,2048.0,1.5607969965785742,0.010766611341387,0.3454119477421045,0.6545880522578955,23,15,0.6521739130434783,2.276007324177772,0.4710277477279305,100.0,113.20066594003488,0.6485315388286205,0.0050039192319104,1511.5755620166888,1522.227888680564,True,True,True,True,True,True,sobol_train_val,,,
951.0,2048.0,1.8533588042482732,0.1867152993567288,0.6880762819200754,0.3119237180799246,11,6,0.5454545454545454,1.6666819408535956,0.5751087652519346,100.0,109.2202857141432,0.9790428570772858,0.4731098601573107,925.4893249379328,929.471292889855,True,True,True,True,True,True,sobol_train_val,,,
952.0,2048.0,1.3351292870938778,0.1207398187369108,0.4587783981114626,0.5412216018885374,29,13,0.4482758620689655,3.5634467127732927,0.4462330531328917,100.0,103.56370913766148,0.8284392407576474,1.9910155416305392e-05,2165.9203850155877,2181.429032599342,True,True,True,True,True,True,sobol_train_val,,,
953.0,2048.0,1.2916818810626864,0.250341226067394,0.6696041632443666,0.3303958367556334,24,13,0.5416666666666666,2.949983044154942,0.5151925334706903,100.0,96.24212804977869,0.9999212928831582,0.3587686188480456,1591.0500605940374,1597.674821769762,True,True,True,True,True,True,sobol_train_val,,,
954.0,2048.0,1.7698531970381737,0.0536290230229496,0.4770254496484994,0.5229745503515005,16,8,0.5,1.4665240407921374,0.456629328802228,100.0,113.67979881590492,0.8511269599797712,0.0318619649764651,1125.226850597728,1140.099179192375,True,True,True,True,True,True,sobol_train_val,,,
955.0,2048.0,1.566173897124827,0.2199091767892241,0.5312864694744348,0.4687135305255652,28,10,0.3571428571428571,2.4875453274697064,0.5896169763058423,100.0,107.2876856245494,0.9972822581062962,0.2069483537504814,1176.7632505421268,1188.1438641591117,True,True,True,True,True,True,sobol_train_val,,,
956.0,2048.0,1.12229092605412,0.0796666997484862,0.3152699012309313,0.6847300987690688,12,8,0.6666666666666666,4.300863581802696,0.4326041059568524,100.0,102.01646094058032,0.5471313290474238,0.0111648512812157,2704.5866009685574,2712.264761995089,True,True,True,True,True,True,sobol_train_val,,,
957.0,2048.0,1.243815963156521,0.1531753862276673,0.439839819073677,0.560160180926323,13,8,0.6153846153846154,3.2932126139290627,0.5717403242364526,100.0,101.5725782670754,0.9646516799175708,0.0467417075227324,1542.2033461699,1559.7592474966025,True,True,True,True,True,True,sobol_train_val,,,
958.0,2048.0,1.6946416851133108,0.1440364158712327,0.607418455183506,0.392581544816494,27,9,0.3333333333333333,1.832318209670484,0.4006770242005587,100.0,108.04248927240354,0.9922464823894556,0.0318143290154952,1390.4973077851778,1408.2506942940229,True,True,True,True,True,True,sobol_train_val,,,
959.0,2048.0,1.8913853904232385,0.2772109667770564,0.3530353710055351,0.6469646289944648,19,8,0.4210526315789473,2.105650576483458,0.5453739684075117,100.0,120.46714912626226,0.7693143828536213,0.0060248784215272,1196.2825956589274,1210.4889633323774,True,True,True,True,True,True,sobol_train_val,,,
960.0,2048.0,1.420156817883253,0.0243952391669154,0.594052004814148,0.405947995185852,21,11,0.5238095238095238,3.947978521138429,0.4758610026910901,100.0,101.78242571293988,0.9998246080920172,0.1471130246230295,2143.3764656177614,2156.958285686345,True,True,True,True,True,True,sobol_train_val,,,
961.0,2048.0,1.408791054971516,0.2598897269926965,0.3682481635361909,0.6317518364638091,16,10,0.625,3.4837077822536227,0.4658216089010238,100.0,108.52435624572873,0.6830756236075683,0.0072220100501917,2092.29852046912,2103.7343507439728,True,True,True,True,True,True,sobol_train_val,,,
962.0,2048.0,1.9027132596820595,0.0440613040700554,0.5850459281355143,0.4149540718644857,24,9,0.375,1.6417853250168264,0.5119580594822765,100.0,113.19616208423504,0.981556162252502,0.2070654480812863,1050.7589017160856,1062.0229615052044,True,True,True,True,True,True,sobol_train_val,,,
963.0,2048.0,1.699187039397657,0.2109272433444857,0.4299060080200433,0.5700939919799566,12,6,0.5,2.296170774288475,0.4418200260028243,100.0,113.6179402040205,0.7545955204367403,0.0197052504907515,1573.1410201418746,1585.783438950316,True,True,True,True,True,True,sobol_train_val,,,
964.0,2048.0,1.239309038966894,0.0886290933005511,0.6232660133391619,0.3767339866608381,28,16,0.5714285714285714,3.757470862660557,0.5863573126494884,100.0,96.01638368132387,0.9999940904574506,0.3575054373394533,1635.7059751358363,1642.8991497400218,True,True,True,True,True,True,sobol_train_val,,,
965.0,2048.0,1.110955665819347,0.1628152834251523,0.5474208444356918,0.4525791555643081,27,14,0.5185185185185185,3.1147346357814967,0.4225646048784256,100.0,94.2785072196088,0.947927921718718,0.0001471567129177,2011.6684269127825,2029.9154019646803,True,True,True,True,True,True,sobol_train_val,,,
966.0,2048.0,1.5775322690606115,0.1344136266969144,0.3056230023503303,0.6943769976496696,13,6,0.4615384615384615,1.3018102638423443,0.5562011508271099,100.0,115.02524313121336,0.6428237071389318,0.0365671100140071,891.130149669678,900.5373850877635,True,True,True,True,True,True,sobol_train_val,,,
967.0,2048.0,1.7743679890409112,0.2681742313317954,0.6606896862387657,0.3393103137612343,21,6,0.2857142857142857,2.65227179126814,0.4977722471579909,100.0,108.29616919057008,0.991493858221815,0.3269244610868923,1498.474242262267,1506.0021396857665,True,True,True,True,True,True,sobol_train_val,,,
968.0,2048.0,1.2871443945914507,0.0334493329748511,0.4923297464847564,0.5076702535152435,19,12,0.631578947368421,4.136124480329454,0.5298096291720867,100.0,101.18202990608488,0.9997390697518916,0.0419925279857688,2006.9175029578732,2025.729694805205,True,True,True,True,True,True,sobol_train_val,,,
969.0,2048.0,1.339399938471615,0.2040388994850218,0.6781432330608368,0.3218567669391632,14,5,0.3571428571428571,3.924586673732847,0.4113034663721919,100.0,97.3214980442478,0.9947392676860114,0.2250010401807772,2406.565515576353,2416.4887333320785,True,True,True,True,True,True,sobol_train_val,,,
970.0,2048.0,1.8490654584020376,0.1010761141777038,0.4746267184615135,0.5253732815384865,26,18,0.6923076923076923,2.0274280194193124,0.5667783379554748,100.0,115.47696615326272,0.9909974181276672,0.0799279205874191,1068.732702508593,1085.6812744279443,True,True,True,True,True,True,sobol_train_val,,,
971.0,2048.0,1.549705876968801,0.225169351324439,0.5164853885769843,0.4835146114230156,18,10,0.5555555555555556,1.915273735765368,0.4872560702264309,100.0,107.33738818580532,0.9696189412315248,0.0396584098678866,1237.0290474715089,1255.0138946141478,True,True,True,True,True,True,sobol_train_val,,,
972.0,2048.0,1.0118288211524489,0.0661762942560017,0.3364066332578659,0.6635933667421341,22,11,0.5,3.314892732538283,0.5412051176652313,100.0,97.61418487100092,0.7326591662384062,0.0004924806409996,1747.8393879636822,1761.1646141949473,True,True,True,True,True,True,sobol_train_val,,,
973.0,2048.0,1.1333615137264132,0.2920473240315914,0.4124410111457109,0.5875589888542891,23,10,0.4347826086956521,4.383825150132179,0.4553421018645167,100.0,99.1023944313436,0.7572061417146595,5.037170431509086e-05,2564.674213058859,2578.284706289952,True,True,True,True,True,True,sobol_train_val,,,
974.0,2048.0,1.6781813129782677,0.0016577915288507,0.6409576032310724,0.3590423967689276,17,9,0.5294117647058824,2.5092193054966625,0.5233168780803681,100.0,106.71367363482716,0.9976115622278816,0.3160859962844994,1369.516377297899,1377.460044411953,True,True,True,True,True,True,sobol_train_val,,,
975.0,2048.0,1.9705900410190225,0.1770204079337418,0.399172169342637,0.6008278306573629,29,18,0.6206896551724138,1.4431379405781626,0.4305222176015377,100.0,120.51402005084104,0.6980100221778779,0.0038824530028208,1187.8886515421227,1199.6082236580503,True,True,True,True,True,True,sobol_train_val,,,
976.0,2048.0,1.4678672719746828,0.1304541159421205,0.5542508590966463,0.4457491409033537,11,4,0.3636363636363636,2.871754838246852,0.5969711696729063,100.0,104.16434691124869,0.9659605179533648,0.2762964503987156,1296.4535396600954,1304.7540454864695,True,True,True,True,True,True,sobol_train_val,,,
977.0,2048.0,1.4900405537337065,0.182965724542737,0.4525082923471927,0.5474917076528072,20,12,0.6,2.561679258663207,0.5049999807029962,100.0,107.8536011433872,0.9035445746106064,0.010421392548986,1481.6338483724696,1499.3633558696993,True,True,True,True,True,True,sobol_train_val,,,
978.0,2048.0,1.948455614037812,0.1177638662047684,0.6943046294152736,0.3056953705847264,19,9,0.4736842105263157,4.433055181615054,0.4729748094454408,100.0,111.000633797405,0.9995068251588948,0.3542247509997698,2320.995333066665,2327.9347258639773,True,True,True,True,True,True,sobol_train_val,,,
979.0,2048.0,1.652956012636423,0.2837104157544672,0.339190649241209,0.660809350758791,26,10,0.3846153846153846,3.024142054002732,0.5809619667008519,100.0,115.63672714697977,0.8090623829288588,0.0002813325404422,1431.9508030332631,1447.490075313275,True,True,True,True,True,True,sobol_train_val,,,
980.0,2048.0,1.158547437749803,0.012038829177618,0.5075490303337573,0.4924509696662427,13,9,0.6923076923076923,1.5987409159541128,0.4474108751863241,100.0,96.9325949885672,0.8495074377841554,0.0852033755733815,1235.772995802469,1247.940152949341,True,True,True,True,True,True,sobol_train_val,,,
981.0,2048.0,1.037877842783928,0.2379419197328388,0.6319235917180777,0.3680764082819223,12,8,0.6666666666666666,2.179809186793864,0.561547664180398,100.0,89.56245445360645,0.995432048142266,0.3480991562168929,1172.8281645164668,1179.496226095181,True,True,True,True,True,True,sobol_train_val,,,
982.0,2048.0,1.523634689860046,0.0601668264716863,0.4151273678988218,0.5848726321011781,28,9,0.3214285714285714,4.080195795837789,0.4170225882902741,100.0,109.91215368655976,0.7120972703676813,1.689830002358026e-06,2565.070966794064,2575.4654492374816,True,True,True,True,True,True,sobol_train_val,,,
983.0,2048.0,1.827776962891221,0.193593692779541,0.5701192837208509,0.4298807162791491,15,7,0.4666666666666667,3.367346145585179,0.5367188753560186,100.0,112.06452652307256,0.9944072836895006,0.2038853968321055,1648.7450683476284,1660.421498815147,True,True,True,True,True,True,sobol_train_val,,,
984.0,2048.0,1.3607101673260331,0.1094953590072691,0.3767607774585485,0.6232392225414515,25,13,0.52,1.964510209020227,0.4906678792089224,100.0,106.93906218229245,0.7385044171143628,0.0012577753285429,1311.2970424530447,1324.649115663966,True,True,True,True,True,True,sobol_train_val,,,
985.0,2048.0,1.2625600080937147,0.2812145998701453,0.5878284182399511,0.4121715817600488,30,15,0.5,1.352657868526876,0.5721249038353562,100.0,97.67291146680026,0.9921946489073816,0.2854151690133222,838.802960304448,847.3001653691606,True,True,True,True,True,True,sobol_train_val,,,
986.0,2048.0,1.7989741237834096,0.0277076485566794,0.3593133311718702,0.6406866688281299,10,6,0.6,3.168799573648721,0.4057613972574472,100.0,118.25233219308136,0.5886870270123442,0.0233952783825801,2157.1735453376123,2165.1988351170435,True,True,True,True,True,True,sobol_train_val,,,
987.0,2048.0,1.5993088372051716,0.1520519404672086,0.6011460613459348,0.3988539386540651,23,16,0.6956521739130435,4.2933451272547245,0.5481143202632666,100.0,106.01859442891664,0.9999922955714404,0.2723226387377171,1960.693815857344,1970.4323298550971,True,True,True,True,True,True,sobol_train_val,,,
988.0,2048.0,1.0891569470986724,0.1425147162750363,0.4460689302533864,0.5539310697466135,16,6,0.375,2.8062640900723634,0.4801517458632588,100.0,96.62327890152436,0.8565745720781549,0.0016285366381162,1706.0625515567308,1722.5422716160042,True,True,True,True,True,True,sobol_train_val,,,
989.0,2048.0,1.218600332736969,0.2165864492766559,0.3214929528534412,0.6785070471465589,18,6,0.3333333333333333,1.798999431822449,0.516358851827681,100.0,104.77533481584167,0.6632457358692736,0.0013952466310069,1195.3000242023363,1206.6626572790176,True,True,True,True,True,True,sobol_train_val,,,
990.0,2048.0,1.719856354407966,0.0756527496501803,0.525007926672697,0.474992073327303,21,13,0.6190476190476191,3.637706522829831,0.4624952498823404,100.0,111.06374777608744,0.971907844178892,0.0056184485999636,2048.9035312083533,2068.5720713522755,True,True,True,True,True,True,sobol_train_val,,,
991.0,2048.0,1.9284265730530024,0.2518526444211602,0.4832972608506679,0.5167027391493321,14,8,0.5714285714285714,3.80831241896376,0.5915757801383734,100.0,116.86576513476076,0.9935597428736648,0.1310049534767606,1594.9901117858435,1609.5483506659757,True,True,True,True,True,True,sobol_train_val,,,
992.0,2048.0,1.3831165814772248,0.0547421864233911,0.6633745171129704,0.3366254828870296,25,10,0.4,2.350241858884692,0.436113110370934,100.0,98.88493376462606,0.9989686572279004,0.2294090244471614,1563.9578342992004,1574.0849843228957,True,True,True,True,True,True,sobol_train_val,,,
993.0,2048.0,1.392897980287671,0.2131238632835447,0.5207209855318069,0.4792790144681931,25,16,0.64,2.756515554338693,0.5768833883106709,100.0,103.21812950738934,0.9999442912363352,0.1692313757154886,1315.0341979865352,1327.8980835251884,True,True,True,True,True,True,sobol_train_val,,,
994.0,2048.0,1.9186138371005652,0.0908251404762268,0.3257981911301613,0.6742018088698387,15,5,0.3333333333333333,4.239968662988394,0.444845967553556,100.0,122.01195268720647,0.5863612320712459,0.0006238494214977,2523.0187805428004,2532.0701331875784,True,True,True,True,True,True,sobol_train_val,,,
995.0,2048.0,1.7453552708029747,0.2576916720718145,0.6840631172060966,0.3159368827939034,29,12,0.4137931034482758,3.218953295610845,0.5028773887082935,100.0,107.01565647079563,0.999827455567585,0.3719115435113465,1712.082013169638,1718.5683745487106,True,True,True,True,True,True,sobol_train_val,,,
996.0,2048.0,1.193133051507175,0.0418626775033771,0.4625781297683715,0.5374218702316285,12,6,0.5,1.4056291465647517,0.4692408874630928,100.0,99.3552110137236,0.8283380060656909,0.048868271116115,1101.0493291327537,1114.4539156447236,True,True,True,True,True,True,sobol_train_val,,,
997.0,2048.0,1.063810747116804,0.2659781835973263,0.3886124659329653,0.6113875340670347,14,8,0.5714285714285714,2.4003894894383846,0.5334249801933766,100.0,97.6302314598666,0.8109433974850867,0.0192097549883077,1380.2836285456003,1394.8813908421282,True,True,True,True,True,True,sobol_train_val,,,
998.0,2048.0,1.6246847053989768,0.0312527135945856,0.558535373583436,0.441464626416564,27,13,0.4814814814814814,3.861289788410067,0.4888876548036933,100.0,107.86398458250306,0.9999215388325862,0.0970940703217673,2037.2254988908692,2053.260463165044,True,True,True,True,True,True,sobol_train_val,,,
999.0,2048.0,1.7892843838781118,0.1650139105506241,0.4003436956554651,0.5996563043445349,20,8,0.4,3.5879515022970736,0.5586403889581562,100.0,116.62792010635678,0.9053405249521732,0.001372322888316,1682.2712456662955,1700.771069303648,True,True,True,True,True,True,sobol_train_val,,,
1000.0,2048.0,1.2722202586010098,0.1366116810590028,0.6468285579234361,0.3531714420765639,21,14,0.6666666666666666,1.7456294523552058,0.4125039830803871,100.0,96.31071973571544,0.9992399786674458,0.1449086261699316,1341.4996859015885,1354.3554434728012,True,True,True,True,True,True,sobol_train_val,,,
1001.0,2048.0,1.3547455985099075,0.2320524743758142,0.4327016491442919,0.5672983508557081,25,9,0.36,1.5453706475906073,0.5440387925133109,100.0,104.93270010225764,0.9219040563460106,0.0226918687912666,977.2395617718212,994.9333664127968,True,True,True,True,True,True,sobol_train_val,,,
1002.0,2048.0,1.833712280727923,0.0730599889531731,0.6143431935459376,0.3856568064540624,15,9,0.6,2.974387322366238,0.4775898911058903,100.0,110.88957417919976,0.997473124844142,0.1952529011202043,1690.421401469993,1702.3066105223645,True,True,True,True,True,True,sobol_train_val,,,
1003.0,2048.0,1.50213573127985,0.1971526337787509,0.3693595174700022,0.6306404825299978,22,12,0.5454545454545454,4.486032852251083,0.5699992582201958,100.0,110.90896169665086,0.8573254791467465,0.0012446612351641,1998.2967911464327,2015.2439522710845,True,True,True,True,True,True,sobol_train_val,,,
1004.0,2048.0,1.05940670799464,0.0941904212348163,0.5775632549077272,0.4224367450922728,19,8,0.4210526315789473,2.611826588027179,0.4020244253799319,100.0,91.76216640101148,0.965253458243235,0.0009285358133222,1826.5805752400584,1844.7631630300837,True,True,True,True,True,True,sobol_train_val,,,
1005.0,2048.0,1.1799552105367184,0.1701367126777768,0.6517181277275085,0.3482818722724915,17,8,0.4705882352941176,2.01748138256371,0.5882788321003318,100.0,93.50069412970072,0.9955443124013598,0.4110832762331694,1038.2213778037856,1043.422503802059,True,True,True,True,True,True,sobol_train_val,,,
1006.0,2048.0,1.6315801134333014,0.1235709934495389,0.4950764700770378,0.5049235299229622,24,14,0.5833333333333334,3.4174999720416963,0.4343298353254795,100.0,109.96018641198953,0.8742510435006449,0.0012264863070307,2099.974756814477,2116.633859970186,True,True,True,True,True,True,sobol_train_val,,,
1007.0,2048.0,1.9542679395526648,0.2989330175332725,0.5399868980050087,0.4600131019949913,10,7,0.7,4.026819423772395,0.5134546265006066,100.0,115.6164754971631,0.9630679613072456,0.1390719805933471,1997.4283765939035,2010.952328335908,True,True,True,True,True,True,sobol_train_val,,,
1008.0,2048.0,1.484197129495442,0.0085440566763281,0.3067832857370376,0.6932167142629624,30,11,0.3666666666666666,2.1300605588592587,0.4579796982929111,100.0,112.64522994708142,0.5659897483377525,1.1951713761144228e-05,1498.8967321802793,1507.552458383567,True,True,True,True,True,True,sobol_train_val,,,
1009.0,2048.0,1.4424017453566194,0.2861990025267005,0.6116569336503743,0.3883430663496257,19,10,0.5263157894736842,3.265138498786837,0.4377416383475065,100.0,101.85631840344917,0.9994442387890649,0.1135556364641936,1980.3503784389573,1994.977125511227,True,True,True,True,True,True,sobol_train_val,,,
1010.0,2048.0,1.9960869047790768,0.0145279887132346,0.4417355667799711,0.5582644332200288,21,9,0.4285714285714285,1.8619029695168137,0.5837925957515836,100.0,119.60035939388445,0.9427005148842404,0.084575515655587,975.4256927113076,990.7970398856608,True,True,True,True,True,True,sobol_train_val,,,
1011.0,2048.0,1.668370339088142,0.1804739861749112,0.5999745529145002,0.4000254470854998,13,4,0.3076923076923077,2.077576436754316,0.4636988261714577,100.0,107.6599437435534,0.9599610856165348,0.1836234576423189,1362.5204001106122,1373.8158671979013,True,True,True,True,True,True,sobol_train_val,,,
1012.0,2048.0,1.1431408524513245,0.1152726994827389,0.3534911897033452,0.6465088102966547,27,17,0.6296296296296297,3.9775632563978434,0.5082239467650652,100.0,101.35957203748468,0.7182593545671311,0.0005288998896942,2152.3592685000503,2165.235783512752,True,True,True,True,True,True,sobol_train_val,,,
1014.0,2048.0,1.5400179512798786,0.1070067716762423,0.6738364599645137,0.3261635400354863,12,5,0.4166666666666667,1.4961084318347275,0.5280295955017209,100.0,102.56399448303432,0.969806869045258,0.4092884214851109,975.26579511067,980.339572411578,True,True,True,True,True,True,sobol_train_val,,,
1015.0,2048.0,1.8744393261149528,0.2404330858960747,0.3157195501029491,0.684280449897051,24,11,0.4583333333333333,2.459471556544304,0.4196571389213204,100.0,121.44101982948943,0.5438737041425965,0.0002059322544532,1751.9960665340825,1759.8498861399244,True,True,True,True,True,True,sobol_train_val,,,
1016.0,2048.0,1.314055560156703,0.0626585653983056,0.5372029788792133,0.4627970211207867,16,9,0.5625,4.330447899084538,0.5516823548823595,100.0,100.58680880091998,0.9992422904762625,0.1617313930162759,1983.913684769768,1997.065722442444,True,True,True,True,True,True,sobol_train_val,,,
1017.0,2048.0,1.308674835599959,0.1592290330678224,0.3482110150158405,0.6517889849841595,11,4,0.3636363636363636,3.704093703813851,0.4831807332113385,100.0,106.46580067437075,0.6691248937328995,0.0049558396398427,2136.655859619615,2147.9110230617443,True,True,True,True,True,True,sobol_train_val,,,
1018.0,2048.0,1.7528667990118263,0.1496912372298538,0.5048511318862438,0.4951488681137562,29,16,0.5517241379310345,2.246422933135181,0.5386434536427259,100.0,112.42557071801622,0.9995885264279843,0.0811058255210497,1222.3717644649878,1239.4722819214844,True,True,True,True,True,True,sobol_train_val,,,
1019.0,2048.0,1.5834691701456904,0.2740360812284052,0.4598933957517147,0.5401066042482854,17,10,0.5882352941176471,1.6947557117789982,0.4091776300221681,100.0,109.9260813010216,0.7676947087755535,0.0154522627704435,1364.49309278198,1377.2534690685277,True,True,True,True,True,True,sobol_train_val,,,
1020.0,2048.0,1.104988858103752,0.020528557151556,0.6930955089628696,0.3069044910371303,23,8,0.3478260869565217,3.533862395491451,0.5630411753430963,100.0,90.11698266250716,0.9992033056305362,0.4555347863863231,1659.9253120643853,1664.2743481936711,True,True,True,True,True,True,sobol_train_val,,,
1022.0,2048.0,1.7050008811056614,0.0475650932639837,0.3858300726860761,0.6141699273139238,18,12,0.6666666666666666,2.702419907413423,0.5951880853623152,100.0,115.22777926484684,0.894937818164604,0.0395627504580791,1251.3806031079048,1267.4057351824922,True,True,True,True,True,True,sobol_train_val,,,
1023.0,2048.0,1.8813350619748237,0.2237655401229858,0.6306657325476408,0.3693342674523592,26,14,0.5384615384615384,1.2484392086975276,0.4524376858025789,100.0,111.4198033251476,0.9779805854013138,0.2103306785833545,1004.8726259803892,1015.6287479325032,True,True,True,True,True,True,sobol_train_val,,,
1024.0,2048.0,1.4302003514021635,0.0828312688507139,0.4224635537713765,0.5775364462286234,14,7,0.5,3.0649806909263133,0.5188011357560753,100.0,107.282974450111,0.8652643981285486,0.0117593338213297,1659.3614515143015,1675.9546502660066,True,True,True,True,True,True,sobol_train_val,,,
1025.0,2048.0,1.4300285326316953,0.1584588459692895,0.5141318749636411,0.4858681250363589,20,11,0.55,1.7420312955044208,0.5031401310116053,100.0,104.3931126058934,0.9804439994570804,0.0536323666885937,1130.2140189692195,1147.8345218727663,True,True,True,True,True,True,sobol_train_val,,,
1026.0,2048.0,1.881483620032668,0.1493193039670586,0.3324918385595083,0.6675081614404916,21,8,0.3809523809523809,3.589647295698524,0.4742521667852998,100.0,120.98685036559044,0.632259564980441,0.0001750082922851,2084.3038202296534,2094.734709857129,True,True,True,True,True,True,sobol_train_val,,,
1027.0,2048.0,1.7043031295761466,0.2731194091960787,0.6773763265460729,0.322623673453927,14,5,0.3571428571428571,3.85769322970882,0.5795015277341008,100.0,106.28964068369964,0.9920968748549034,0.4490085898386273,1672.7159973890637,1677.2950297736936,True,True,True,True,True,True,sobol_train_val,,,
1028.0,2048.0,1.2341845743358135,0.0203031088225543,0.4691741447895765,0.5308258552104235,27,17,0.6296296296296297,2.402086684294045,0.449063229188323,100.0,100.36986345732748,0.8500713698544704,0.0018501435679944,1607.3948954435066,1623.4053120458038,True,True,True,True,True,True,sobol_train_val,,,
1029.0,2048.0,1.1048475159332156,0.2438853370025754,0.3953122340142727,0.6046877659857273,28,19,0.6785714285714286,1.402025943249464,0.5598797056823969,100.0,98.75097856050138,0.8486818592981527,0.0389154034571026,912.1198621692502,926.8145178978052,True,True,True,True,True,True,sobol_train_val,,,
1030.0,2048.0,1.5836483165621758,0.0471725611947476,0.5519523479044437,0.4480476520955563,12,4,0.3333333333333333,3.2206320564262567,0.4184918368235231,100.0,107.08752536710216,0.9354841449609848,0.0190414296465552,2042.5441242150323,2059.7138026298508,True,True,True,True,True,True,sobol_train_val,,,
1031.0,2048.0,1.7521384516730905,0.2228282692842185,0.4069457836449146,0.5930542163550854,25,12,0.48,4.236363763175905,0.5354571701958776,100.0,115.58033058813356,0.875656703271333,0.0003044078770583,2034.6938019541356,2052.3349475380364,True,True,True,True,True,True,sobol_train_val,,,
1032.0,2048.0,1.3093656171113253,0.0825852205976843,0.6401478998363017,0.3598521001636983,15,8,0.5333333333333333,2.7581928153522317,0.4925189670175314,100.0,97.5285206810862,0.9977204004491708,0.2717130113379133,1584.167441288159,1593.1841268746732,True,True,True,True,True,True,sobol_train_val,,,
1033.0,2048.0,1.3137543397024274,0.28703098827973,0.4260034196078777,0.5739965803921223,10,4,0.4,2.134256989136338,0.5735945099964738,100.0,104.01515976088348,0.8793901444403833,0.0889574174318039,1136.2818982033612,1149.5394013700345,True,True,True,True,True,True,sobol_train_val,,,
1034.0,2048.0,1.8747027423232796,0.0148793220520019,0.6209247060120106,0.3790752939879894,30,15,0.5,4.024122574087232,0.4040937963873148,100.0,111.56236479443788,0.9999814138209724,0.0619367532763792,2432.727691616294,2449.4218141639685,True,True,True,True,True,True,sobol_train_val,,,
1035.0,2048.0,1.5392051031813023,0.1814524557441472,0.3627589680254459,0.6372410319745541,17,11,0.6470588235294118,3.421694951690733,0.5499650027602911,100.0,112.06500280654537,0.7892690560414815,0.0137472163667158,1702.543550026297,1716.9140331493634,True,True,True,True,True,True,sobol_train_val,,,
1036.0,2048.0,1.02233749255538,0.1154775490052998,0.5842423997819424,0.4157576002180576,23,7,0.3043478260869565,2.014782885555178,0.4788896353915334,100.0,90.34474761155629,0.9917640093755448,0.1408037295514904,1323.6274533968374,1336.9856008268744,True,True,True,True,True,True,sobol_train_val,,,
1037.0,2048.0,1.14287022780627,0.1919159196317195,0.6583057265728711,0.3416942734271289,22,8,0.3636363636363636,2.616040014009923,0.5176358038559556,100.0,92.20241946412972,0.9981034702525562,0.3416615240733303,1459.2710126526397,1466.2246694654912,True,True,True,True,True,True,sobol_train_val,,,
1038.0,2048.0,1.66866422444582,0.1073375062085688,0.4883843626827001,0.5116156373172999,19,13,0.6842105263157895,4.483340987563133,0.460634994879365,100.0,111.03409117440624,0.897531071230302,0.0093194240929512,2471.4305638744563,2488.709735194181,True,True,True,True,True,True,sobol_train_val,,,
1039.0,2048.0,1.9952435800805688,0.2413909566588699,0.5466721769422292,0.4533278230577707,26,15,0.5769230769230769,2.978602297324687,0.5932284917682409,100.0,116.23799888743385,0.999860032675147,0.235925090474901,1309.6605911456024,1320.2405473325612,True,True,True,True,True,True,sobol_train_val,,,
1040.0,2048.0,1.4432215709239244,0.0628428149968385,0.3001888107508421,0.6998111892491579,15,7,0.4666666666666667,1.5426805285736918,0.4346530290320516,100.0,111.81950548244116,0.5272152289049622,0.0048991000754624,1277.3249574356096,1284.745952065524,True,True,True,True,True,True,sobol_train_val,,,
1041.0,2048.0,1.483452944085002,0.2329989004880189,0.6050563767552375,0.3949436232447625,24,14,0.5833333333333334,4.326353277079761,0.4672942787408828,100.0,103.08442122249296,0.9999810191157714,0.1548515582625739,2339.019246574824,2352.2614219868165,True,True,True,True,True,True,sobol_train_val,,,
1042.0,2048.0,1.955034432001412,0.0733151924796402,0.4484147161245346,0.5515852838754653,16,6,0.375,2.462268063146621,0.5102935222908854,100.0,118.54518943126608,0.90404198356486,0.0111791017987926,1400.8198801559224,1418.718614517358,True,True,True,True,True,True,sobol_train_val,,,
1043.0,2048.0,1.6312407441437244,0.1979525760747492,0.5932763159275054,0.4067236840724946,28,12,0.4285714285714285,1.4920154079794885,0.4436676925048232,100.0,106.99620788995992,0.989608210154536,0.0963116192891269,1138.9783471245423,1154.3269751865157,True,True,True,True,True,True,sobol_train_val,,,
1044.0,2048.0,1.180272034369409,0.0945921085774898,0.3600727066397666,0.6399272933602334,12,6,0.5,2.9247072550468145,0.5850921861827374,100.0,102.28772537982366,0.8357913470288074,0.0227281578882369,1403.2585533087606,1418.3366371254046,True,True,True,True,True,True,sobol_train_val,,,
1045.0,2048.0,1.0586320459842682,0.1710625399835407,0.4856004420667886,0.5143995579332113,13,7,0.5384615384615384,3.973451011721045,0.4238385409116745,100.0,94.41094725676948,0.8380175252696203,0.0065300113441425,2482.2626785271245,2497.290534179456,True,True,True,True,True,True,sobol_train_val,,,
1046.0,2048.0,1.5028716353699565,0.1238055970519781,0.6672419894486665,0.3327580105513334,27,13,0.4814814814814814,2.080368486978114,0.5543378798291088,100.0,101.83511621785158,0.9995168137939456,0.4001085819354692,1130.9368382135085,1136.6489331009957,True,True,True,True,True,True,sobol_train_val,,,
1047.0,2048.0,1.8334035072475672,0.2997123599052429,0.3223071414977312,0.6776928585022688,19,7,0.3684210526315789,1.857789028342813,0.4994280224665999,100.0,120.31841540591046,0.6419536328113669,0.0019290772387421,1236.2868089592175,1247.00849218357,True,True,True,True,True,True,sobol_train_val,,,
1048.0,2048.0,1.3550928914919496,0.0089251452125608,0.530510875955224,0.469489124044776,21,15,0.7142857142857143,3.2679290492087603,0.5283526115119457,100.0,101.91076962907732,0.9999370044629126,0.1114511803692596,1668.0151335278858,1683.4000217507808,True,True,True,True,True,True,sobol_train_val,,,
1049.0,2048.0,1.2716064285486937,0.212156837247312,0.3415242288261652,0.6584757711738348,26,8,0.3076923076923077,3.0684776787646117,0.4094405530020595,100.0,105.63735651525678,0.578310270104001,2.7548539503400745e-06,2138.70816342896,2146.1825002986707,True,True,True,True,True,True,sobol_train_val,,,
1050.0,2048.0,1.7899369718506932,0.0906317356042563,0.5114471394568681,0.4885528605431318,14,9,0.6428571428571429,1.2466432174667716,0.5680526316165924,100.0,113.03636819213516,0.8965472750662159,0.2186170137901123,807.5241157347468,816.4531825550837,True,True,True,True,True,True,sobol_train_val,,,
1051.0,2048.0,1.624459479004145,0.2568711309693753,0.4533042896538972,0.5466957103461028,22,11,0.5,2.705915444623679,0.4857986472547054,100.0,111.11691754751308,0.879845077914104,0.0018319264739324,1600.2152483443372,1617.610427769869,True,True,True,True,True,True,sobol_train_val,,,
1052.0,2048.0,1.0639974540099502,0.0415227876976132,0.699789148941636,0.300210851058364,18,8,0.4444444444444444,4.187303725630045,0.5428604876622558,100.0,88.64035098156245,0.9994947926348752,0.4474089047285341,1990.5702964486395,1995.0783511980624,True,True,True,True,True,True,sobol_train_val,,,
1053.0,2048.0,1.1924886256456375,0.2649905587546527,0.5740722045302391,0.4259277954697609,17,8,0.4705882352941176,3.5373637782409784,0.4536771593615413,100.0,96.01979207390798,0.9984632594943916,0.0630016370769138,2069.086290055955,2086.035716789941,True,True,True,True,True,True,sobol_train_val,,,
1054.0,2048.0,1.745977389626205,0.0310387087985873,0.3791494071483612,0.6208505928516388,23,13,0.5652173913043478,1.6929773063398896,0.5247891426086426,100.0,116.38626987223824,0.7839258056386275,0.0126152055695821,1087.4149237444824,1101.7040458252866,True,True,True,True,True,True,sobol_train_val,,,
1055.0,2048.0,1.918419087305665,0.164172769524157,0.6373655050992966,0.3626344949007034,11,7,0.6363636363636364,2.2499258648604155,0.4292574487626552,100.0,111.99285205537734,0.9727482175767472,0.1914429622571268,1513.66630142873,1524.7913530768362,True,True,True,True,True,True,sobol_train_val,,,
1056.0,2048.0,1.3931152755394578,0.1362511924467981,0.4158805206418037,0.5841194793581963,29,11,0.3793103448275862,3.702317044045776,0.5988191938027739,100.0,106.51614189068158,0.999434639503248,0.0249171029820435,1560.9468259231985,1580.6413462817864,True,True,True,True,True,True,sobol_train_val,,,
1057.0,2048.0,1.3833642024546862,0.280295639578253,0.3748319528996944,0.6251680471003056,21,12,0.5714285714285714,4.133929621707648,0.4392021130770445,100.0,107.61949508199145,0.6678004881901495,0.0007540227063148,2522.8775003887904,2533.974669012939,True,True,True,True,True,True,sobol_train_val,,,
1058.0,2048.0,1.928140194155276,0.0274799108505249,0.578346923738718,0.421653076261282,19,9,0.4736842105263157,2.656164548546076,0.5821402775123715,100.0,113.91953915210053,0.996291799992492,0.2783466979216047,1240.105116442018,1249.2081575976842,True,True,True,True,True,True,sobol_train_val,,,
1059.0,2048.0,1.7206919267773628,0.1512794639915227,0.4365874297916889,0.563412570208311,27,10,0.3703703703703703,1.2996168558485806,0.4655586877837777,100.0,113.88800515810266,0.8158477072593243,0.0012196507178117,1039.8939877590417,1055.3087389930454,True,True,True,True,True,True,sobol_train_val,,,
1060.0,2048.0,1.2178032798692584,0.1421404947526753,0.6166646890342236,0.3833353109657764,13,9,0.6923076923076923,3.1186290403828023,0.5069466013461351,100.0,95.57377385342772,0.9982069984122602,0.2455746962920864,1693.2119981569963,1703.0701479584764,True,True,True,True,True,True,sobol_train_val,,,
1061.0,2048.0,1.0894351564347744,0.2156514666974544,0.5407279621809721,0.4592720378190279,12,7,0.5833333333333334,3.75528418533504,0.4957402598112821,100.0,93.78567807413305,0.9918163221151628,0.0818691952206164,2013.806284628938,2030.011279407716,True,True,True,True,True,True,sobol_train_val,,,
1062.0,2048.0,1.5990529349073768,0.0754089907743036,0.3122128780931234,0.6877871219068765,28,9,0.3214285714285714,2.3000837235711518,0.5261785196140408,100.0,115.3113195215048,0.6588739286404445,4.6776270380870167e-05,1360.118733007478,1371.436727302505,True,True,True,True,True,True,sobol_train_val,,,
1063.0,2048.0,1.7997792270034552,0.2510641467757523,0.654094436392188,0.345905563607812,16,7,0.4375,1.6395970987156032,0.4213251331821084,100.0,109.02988202890396,0.9825036510863328,0.2030368441548971,1249.098157938777,1259.887478258015,True,True,True,True,True,True,sobol_train_val,,,
1064.0,2048.0,1.2617323594167829,0.0543519426137208,0.4990173023194074,0.5009826976805926,24,13,0.5416666666666666,3.4876189858652653,0.5502131421118974,100.0,100.2536503752961,0.999901375656565,0.0895395916124861,1679.188275541732,1695.5765328362008,True,True,True,True,True,True,sobol_train_val,,,
1065.0,2048.0,1.3608440030366182,0.1839419058524072,0.6848345797508955,0.3151654202491045,29,13,0.4482758620689655,2.874962751567364,0.4813300149515271,100.0,97.718502252184,0.9999143274439096,0.3453117234925124,1665.033840345524,1671.9744692336185,True,True,True,True,True,True,sobol_train_val,,,
1066.0,2048.0,1.8276208201423287,0.1179664263501763,0.4680383589118718,0.5319616410881282,11,7,0.6363636363636364,1.4386349114589392,0.5399055283516645,100.0,115.22860837128394,0.8361686329343386,0.1543267349997856,942.496722371798,952.3277004420338,True,True,True,True,True,True,sobol_train_val,,,
1067.0,2048.0,1.5243402644991877,0.2845401121303439,0.523079102858901,0.476920897141099,23,15,0.6521739130434783,2.5124256206676363,0.4077080119401217,100.0,106.51315741220252,0.8790332423929194,0.0059859280462798,1753.9338708751914,1770.0049226500398,True,True,True,True,True,True,sobol_train_val,,,
1068.0,2048.0,1.0371948136016726,0.0123878742568194,0.3297205936163663,0.6702794063836337,17,7,0.4117647058823529,4.379320719558746,0.5647087642922998,100.0,98.71293358231868,0.7566685146588509,0.0006197703357868,2057.413004472207,2071.387117976443,True,True,True,True,True,True,sobol_train_val,,,
1069.0,2048.0,1.1587117426097393,0.2389020787551999,0.4058587364852428,0.5941412635147572,18,6,0.3333333333333333,3.318080515321344,0.4255727367475629,100.0,100.10667459668376,0.7064369240242546,0.0001468884350557,2183.135966428225,2195.0976422919634,True,True,True,True,True,True,sobol_train_val,,,
1070.0,2048.0,1.652830465696752,0.0603533654473721,0.6476550705730915,0.3523449294269085,22,14,0.6363636363636364,1.9107625622302291,0.5966481547802687,100.0,105.9467137908535,0.9992936736324116,0.4099371285440823,961.7583156213202,967.2145094166384,True,True,True,True,True,True,sobol_train_val,,,
1071.0,2048.0,1.9491306003183129,0.1944073679856956,0.3924922622740268,0.6075077377259732,14,7,0.5,2.0306174986995758,0.4511606980115175,100.0,120.30197125225942,0.7035178738180281,0.0141286570776822,1420.0937053446248,1431.7199354317836,True,True,True,True,True,True,sobol_train_val,,,
1072.0,2048.0,1.4893270479515195,0.1098283817991614,0.5608506463468075,0.4391493536531925,26,12,0.4615384615384615,3.920076999999583,0.520661354996264,100.0,104.51167514257789,0.9998779061978136,0.1566496881574351,1943.7500378040804,1957.2135514856943,True,True,True,True,True,True,sobol_train_val,,,
1073.0,2048.0,1.4685347015038133,0.2048365524038672,0.4591019991785288,0.5408980008214712,15,10,0.6666666666666666,1.9614034647122025,0.5750357575714589,100.0,107.09603952299436,0.93642268739324,0.106351482996617,1051.8231460178226,1065.8487551102005,True,True,True,True,True,True,sobol_train_val,,,
1074.0,2048.0,1.9699604157358408,0.1014755132608115,0.6876185942441224,0.3123814057558776,25,9,0.36,3.3719493725337086,0.4461111297830939,100.0,111.61702621926696,0.9990585194343424,0.300938926474478,1961.650569638686,1969.9338972914816,True,True,True,True,True,True,sobol_train_val,,,
1075.0,2048.0,1.6783838151022792,0.226113489177078,0.3458819884806871,0.6541180115193128,11,5,0.4545454545454545,4.077090502157807,0.5014047307893634,100.0,115.99597885355814,0.6843673024940665,0.0092939531367175,2187.960402386107,2199.534750366682,True,True,True,True,True,True,sobol_train_val,,,
1076.0,2048.0,1.133121445775032,0.0664292084053158,0.5009606752544641,0.4990393247455359,28,16,0.5714285714285714,2.1844140610657634,0.4709054365754127,100.0,96.34208869454022,0.9457154175938712,0.001260509389946,1425.6875644112806,1444.6073316557022,True,True,True,True,True,True,sobol_train_val,,,
1077.0,2048.0,1.0124656623229384,0.2928289557807147,0.6252436771988868,0.3747563228011131,26,14,0.5384615384615384,1.595654953736812,0.5317692168056964,100.0,88.89123674661533,0.9992456816406068,0.2959296677427425,1022.80836861364,1030.9830619118202,True,True,True,True,True,True,sobol_train_val,,,
1078.0,2048.0,1.5490457750856876,0.0020411683246493,0.4217271596193313,0.5782728403806687,13,5,0.3846153846153846,3.028752872161567,0.4903446843847632,100.0,110.3245255138554,0.8204296281418322,0.0073267107556965,1747.181733456307,1762.590925776193,True,True,True,True,True,True,sobol_train_val,,,
1079.0,2048.0,1.8492984296754005,0.1779485234990716,0.5635370016098022,0.4364629983901977,20,7,0.35,4.429967670422047,0.5573664886876941,100.0,112.72008552044724,0.99686086602625,0.2193991921888785,1956.0277448767013,1967.1827752730155,True,True,True,True,True,True,sobol_train_val,,,
1080.0,2048.0,1.3391904663294554,0.1306910089217126,0.383458249270916,0.616541750729084,20,12,0.6,2.5662883311510085,0.4143672898411751,100.0,106.1222215272619,0.6529314667456502,0.0026072802862439,1837.055804294644,1847.457691312707,True,True,True,True,True,True,sobol_train_val,,,
1081.0,2048.0,1.2879265630617738,0.2590668965131044,0.594509844481945,0.405490155518055,14,6,0.4285714285714285,2.352334909234196,0.5454961797222495,100.0,98.20114264945488,0.98791853567176,0.2667246094421044,1269.3931255173882,1278.443739967874,True,True,True,True,True,True,sobol_train_val,,,
1082.0,2048.0,1.7736090812832117,0.0437191260047256,0.3527119994163513,0.6472880005836488,25,16,0.64,3.8043200047686696,0.4759344853460788,100.0,117.92213950067696,0.6717224384038148,0.0014390086218293,2172.2595132381816,2183.712387751621,True,True,True,True,True,True,sobol_train_val,,,
1083.0,2048.0,1.577863815240562,0.2099579290486872,0.6077298551797867,0.3922701448202133,18,10,0.5555555555555556,3.639797975029796,0.5718621596693992,100.0,105.31957478712371,0.9994651847848444,0.3144482469135982,1631.7876862720923,1639.7296731779643,True,True,True,True,True,True,sobol_train_val,,,
1084.0,2048.0,1.110600620508194,0.0884333990514278,0.4393699184060096,0.5606300815939904,21,10,0.4761904761904761,1.7950056161731482,0.4007501197978854,100.0,97.52294489878808,0.7326602094179977,0.0008076659279981,1471.8419068904789,1484.115167553099,True,True,True,True,True,True,sobol_train_val,,,
1085.0,2048.0,1.240060738287866,0.1619764317758381,0.3148977074772119,0.6851022925227881,23,10,0.4347826086956521,2.808349586091936,0.5895435890182852,100.0,105.64506000480088,0.7660885420048839,0.0007670705975379,1358.8192778744897,1372.9870821780487,True,True,True,True,True,True,sobol_train_val,,,
1086.0,2048.0,1.6983975358307362,0.1340554263442754,0.5316954750567674,0.4683045249432326,16,8,0.5,4.289331992436201,0.432481799274683,100.0,110.3740153260078,0.9339459621562184,0.0038600311676454,2488.252558477005,2506.4486945272884,True,True,True,True,True,True,sobol_train_val,,,
1087.0,2048.0,1.9030753942206504,0.2671888947486877,0.4766043830662965,0.5233956169337035,30,19,0.6333333333333333,3.170886766165495,0.5151195332407952,100.0,116.55394289310324,0.980034396466922,0.0027351395288808,1648.7156724189372,1669.399984661135,True,True,True,True,True,True,sobol_train_val,,,
1088.0,2048.0,1.408466486260295,0.0332376175560057,0.6699643854051828,0.3300356145948172,10,3,0.3,1.348646233510226,0.4565073980018496,100.0,99.3702139832568,0.941153710891622,0.3471014283833283,1068.413061875241,1074.279029404821,True,True,True,True,True,True,sobol_train_val,,,
1089.0,2048.0,1.420785910449922,0.2499395381659269,0.492738614976406,0.507261385023594,25,12,0.48,2.637920635845512,0.4976992484182119,100.0,104.80668575633932,0.9799619259351952,0.0010190362285524,1516.6195101246044,1537.0196015197675,True,True,True,True,True,True,sobol_train_val,,,
1090.0,2048.0,1.890717539936304,0.0528290812857449,0.6603172481060028,0.3396827518939972,15,8,0.5333333333333333,4.459748403355479,0.5296876968815922,100.0,110.77088578766916,0.9988334130534794,0.3597471583190138,2085.8425439172333,2092.702642704537,True,True,True,True,True,True,sobol_train_val,,,
1091.0,2048.0,1.6948821665719151,0.2196539738215506,0.3059829920530319,0.6940170079469681,21,14,0.6666666666666666,3.000482845399529,0.4224912190809846,100.0,117.80334545242954,0.5272897158004498,0.0034762657287721,2032.7723595010875,2040.152877254662,True,True,True,True,True,True,sobol_train_val,,,
1092.0,2048.0,1.243614001199603,0.0787202730774879,0.5469996288418769,0.4530003711581231,18,7,0.3888888888888889,1.51908787060529,0.5560788426548242,100.0,98.30289605144264,0.9677184822247762,0.2111372550630594,937.410538544572,947.8892487949304,True,True,True,True,True,True,sobol_train_val,,,
1093.0,2048.0,1.1229506069794295,0.1527942982502281,0.6229424092918634,0.3770575907081366,16,5,0.3125,2.156137192994356,0.4419418629258871,100.0,92.53833410967512,0.9841265859198882,0.1668636354845624,1479.3132586506254,1491.224808558743,True,True,True,True,True,True,sobol_train_val,,,
1094.0,2048.0,1.5655365232378244,0.1432570729404687,0.4303636986762285,0.5696363013237715,23,14,0.6086956521739131,4.000530358683318,0.5864304067566991,100.0,110.44557853877762,0.9998664192830262,0.0287108671114855,1699.4629703605522,1719.133984392728,True,True,True,True,True,True,sobol_train_val,,,
1095.0,2048.0,1.770063209347427,0.2769763626158237,0.5845758903771638,0.4154241096228361,10,5,0.5,3.443575130961835,0.4659438217058778,100.0,110.38664903238156,0.9714066378897837,0.141189723795351,1947.219337037701,1960.502037750009,True,True,True,True,True,True,sobol_train_val,,,
1096.0,2048.0,1.291449323296547,0.023469412419945,0.368559319153428,0.631440680846572,29,12,0.4137931034482758,1.9911906455643475,0.5120315406471491,100.0,105.28305345106008,0.7551478916237454,0.0001397523288609,1268.122768550913,1282.0799388060225,True,True,True,True,True,True,sobol_train_val,,,
1097.0,2048.0,1.3358887350186706,0.1951955197378993,0.5546230498701334,0.4453769501298665,24,14,0.5833333333333334,1.380145739391446,0.4306444318965077,100.0,100.67593688749974,0.9563973584400758,0.023447998313799,1134.1630339410958,1151.7414826084714,True,True,True,True,True,True,sobol_train_val,,,
1098.0,2048.0,1.8525770492851732,0.1110971848480403,0.3987631667405367,0.6012368332594633,15,7,0.4666666666666667,3.244224271830171,0.5970446493476629,100.0,118.05731953901368,0.9488215635123796,0.0275083356470556,1405.692865196575,1423.953287209136,True,True,True,True,True,True,sobol_train_val,,,
1099.0,2048.0,1.5611516209319234,0.2351490533910691,0.6413786727935076,0.3586213272064924,28,11,0.3928571428571428,4.214483583904802,0.4554639283567667,100.0,103.96825903622828,0.9998665865191938,0.2127899548825085,2333.768156224151,2344.7577529685154,True,True,True,True,True,True,sobol_train_val,,,
1100.0,2048.0,1.000382510945201,0.0573739612475037,0.4120807860046624,0.5879192139953375,11,7,0.6363636363636364,2.781785055343062,0.5233899826183915,100.0,94.7194878541082,0.8194839141495567,0.0410915045295958,1570.6934886243396,1584.432670552242,True,True,True,True,True,True,sobol_train_val,,,
1101.0,2048.0,1.129850217141211,0.2832793372683227,0.335948796570301,0.664051203429699,13,8,0.6153846153846154,1.7201506736688317,0.487182685919106,100.0,101.53935654208352,0.6304776176874689,0.0259227933704842,1241.860592321109,1251.2828699327365,True,True,True,True,True,True,sobol_train_val,,,
1102.0,2048.0,1.6816929373890162,0.0116077518090605,0.5168087571859359,0.4831912428140641,26,8,0.3076923076923077,3.613239879906177,0.5410828080028296,100.0,110.44923026725934,0.9971682589964832,0.1093779645234172,1733.2171881992697,1748.8555291841412,True,True,True,True,True,True,sobol_train_val,,,
1103.0,2048.0,1.982035699300468,0.1869293035939336,0.4743153154850006,0.5256846845149994,20,9,0.45,3.8358126816339793,0.4112304572016001,100.0,118.25062944173402,0.8052155775579586,0.0005579867212406,2391.2307911400494,2405.7532955311644,True,True,True,True,True,True,sobol_train_val,,,
1104.0,2048.0,1.4564209878444672,0.1217274441383779,0.6786131367087364,0.3213868632912636,20,10,0.5,2.4256793422624465,0.5666564160957932,100.0,100.36602475220002,0.9989518377749192,0.4336382067004654,1225.338527070657,1230.2682570709744,True,True,True,True,True,True,sobol_train_val,,,
1105.0,2048.0,1.493857141584158,0.1742276801727712,0.3772306781262159,0.6227693218737841,11,4,0.3636363636363636,3.55934510808438,0.5368411891162396,100.0,110.43086410743656,0.7991267955933656,0.0132443344154321,1807.069536904731,1821.7388834477365,True,True,True,True,True,True,sobol_train_val,,,
1106.0,2048.0,1.944638936780393,0.127661389298737,0.5698078837245703,0.4301921162754297,29,20,0.6896551724137931,1.669485430140048,0.4907412594184279,100.0,114.51288197102603,0.9983797627510748,0.125062155904108,1102.3702339810045,1117.2871035347598,True,True,True,True,True,True,sobol_train_val,,,
1107.0,2048.0,1.6414494421333077,0.2936490034684538,0.4154507394880056,0.5845492605119944,17,10,0.5882352941176471,2.271907120943069,0.561669590882957,100.0,112.75585278239912,0.9021879899474275,0.0355994303937995,1198.62173751441,1215.1808165439368,True,True,True,True,True,True,sobol_train_val,,,
1108.0,2048.0,1.170054872520268,0.0032594698481261,0.6314657520502805,0.3685342479497194,23,11,0.4782608695652174,3.6788250940851865,0.4170955926179886,100.0,93.75019166559792,0.999881268227804,0.1166040360400839,2278.037757765632,2292.0389995098394,True,True,True,True,True,True,sobol_train_val,,,
1109.0,2048.0,1.0416943449527023,0.2291327917948365,0.5071888081729412,0.4928111918270588,22,9,0.4090909090909091,3.090458590630442,0.5808884911239147,100.0,93.20333341045408,0.9986660859019836,0.1526012369518853,1440.8839688541489,1454.1345824742184,True,True,True,True,True,True,sobol_train_val,,,
1110.0,2048.0,1.5198180386796594,0.0701397336088121,0.3396117158234119,0.660388284176588,18,10,0.5555555555555556,1.2231517100706697,0.4472886567935347,100.0,112.38463589493604,0.605604361670457,0.0109270441320169,1079.1961269074077,1088.3741907096132,True,True,True,True,True,True,sobol_train_val,,,
1111.0,2048.0,1.816270299255848,0.2036079685203731,0.693895623832941,0.306104376167059,26,16,0.6153846153846154,2.7278963319025933,0.5049268810078502,100.0,108.27787755259084,0.999961822528457,0.3938024900186919,1502.7220724459312,1508.7067728935117,True,True,True,True,True,True,sobol_train_val,,,
1112.0,2048.0,1.3722176356241107,0.1006451843306422,0.4528804861009121,0.5471195138990879,14,5,0.3571428571428571,4.1638121936470265,0.4728529781103134,100.0,104.76215784289872,0.8571450942857055,0.0022060158085118,2317.963418137442,2334.476076654264,True,True,True,True,True,True,sobol_train_val,,,
1113.0,2048.0,1.250625979155302,0.271241617295891,0.6636856757104397,0.3363143242895603,19,12,0.631578947368421,3.9514700998552144,0.5915026819333433,100.0,95.2440738168828,0.9999378605880024,0.4314668381117868,1683.4660985503842,1688.3223073910804,True,True,True,True,True,True,sobol_train_val,,,
1114.0,2048.0,1.810908718965948,0.0365167178213596,0.4828272201120853,0.5171727798879147,21,8,0.3809523809523809,2.103859994374216,0.4359912775456905,100.0,114.39365139472731,0.8552749218428978,0.0010237880187979,1466.5472059439676,1482.764401521213,True,True,True,True,True,True,sobol_train_val,,,
1115.0,2048.0,1.6033083256334066,0.1609023246914148,0.5254656143486499,0.4745343856513501,13,6,0.4615384615384615,1.835808141063899,0.516285365819931,100.0,108.35487607895304,0.9523559900651596,0.1255051674445597,1136.886977566581,1150.5565628588145,True,True,True,True,True,True,sobol_train_val,,,
1116.0,2048.0,1.0851570712402463,0.132500669080764,0.321169351786375,0.678830648213625,27,16,0.5925925925925926,3.291420581191778,0.4623730419203639,100.0,100.60893458433031,0.5971955077768257,0.0002190650429071,2066.6329492798645,2076.103394293969,True,True,True,True,True,True,sobol_train_val,,,
1118.0,2048.0,1.7317909160628917,0.0843909957446158,0.6015060540288686,0.3984939459711314,12,5,0.4166666666666667,2.4857599393464627,0.4802247487008572,100.0,109.0466556395973,0.9768623819909164,0.1952362000504961,1487.0013940519366,1498.3831692681129,True,True,True,True,True,True,sobol_train_val,,,
1119.0,2048.0,1.9324261471629145,0.2606319372542202,0.3589408960193395,0.6410591039806605,24,7,0.2916666666666667,1.4700341518968345,0.5722472071647644,100.0,121.1207709434824,0.8039241423748089,0.0263149592565593,889.0556649407697,903.2619925284486,True,True,True,True,True,True,sobol_train_val,,,
1120.0,2048.0,1.3791166795417666,0.0448035132139921,0.5882372837513685,0.4117627162486315,16,10,0.625,2.948199205007404,0.4058347878977656,100.0,100.86979095506064,0.9764219840695032,0.0199248823792075,1951.74559799794,1969.5806194666973,True,True,True,True,True,True,sobol_train_val,,,
1121.0,2048.0,1.4044619500637054,0.2218527434393763,0.6464195523411035,0.3535804476588965,14,6,0.4285714285714285,3.341166068147868,0.5587138671427965,100.0,99.90706966058752,0.9948167701563484,0.3712468497976429,1585.976478190631,1592.2545535923257,True,True,True,True,True,True,sobol_train_val,,,
1122.0,2048.0,1.907049241475761,0.0809184710495174,0.4007158894091844,0.5992841105908155,26,14,0.5384615384615384,1.889187654107809,0.4126261988654733,100.0,119.1460074076074,0.6815444705084207,0.000956995105672,1455.3341922262669,1466.5454029887376,True,True,True,True,True,True,sobol_train_val,,,
1123.0,2048.0,1.7414816413074732,0.2477439201436936,0.5581751514226199,0.4418248485773801,18,11,0.6111111111111112,2.0537030269391834,0.5334980832412839,100.0,110.54112497774264,0.9952278684344978,0.1760069771386599,1164.2056005510449,1176.9385923253162,True,True,True,True,True,True,sobol_train_val,,,
1124.0,2048.0,1.1970070088282228,0.0506328905001282,0.3890335325151681,0.6109664674848319,22,7,0.3181818181818182,3.898502067290246,0.4890094827860594,100.0,101.82868304052867,0.7613046708619483,2.9501622664914388e-05,2181.601545209257,2195.6078767331137,True,True,True,True,True,True,sobol_train_val,,,
1125.0,2048.0,1.0753746908158064,0.2747781652025878,0.4629015013575553,0.5370984986424446,23,8,0.3478260869565217,2.898048722371459,0.5027550775557756,100.0,95.65275509142792,0.9308174241213828,0.0001236923536787,1649.3938788232751,1668.240867980414,True,True,True,True,True,True,sobol_train_val,,,
1126.0,2048.0,1.6131201954558492,0.0212706422433257,0.6836052775382995,0.3163947224617005,17,12,0.7058823529411765,1.4170596345327793,0.469167504645884,100.0,104.03611844222206,0.9931897042040752,0.3333311290624718,1053.9896904707743,1061.214645777109,True,True,True,True,True,True,sobol_train_val,,,
1127.0,2048.0,1.7854107208549976,0.1549904884770512,0.3262680917978287,0.6737319082021713,29,16,0.5517241379310345,2.535511517710984,0.5767614649608731,100.0,119.12224172072484,0.7683217771840958,0.0018800831424103,1272.7824114263287,1287.0713716424286,True,True,True,True,True,True,sobol_train_val,,,
1128.0,2048.0,1.276094309054315,0.1454526915214955,0.5204095855355262,0.4795904144644738,11,5,0.4545454545454545,4.3577453688718375,0.4447729598730802,100.0,100.01993818484108,0.9233281786943142,0.0174471246510277,2512.4021860606417,2529.584589314328,True,True,True,True,True,True,sobol_train_val,,,
1129.0,2048.0,1.350810781121254,0.2420346032828092,0.3064108505845069,0.6935891494154931,16,8,0.5,3.732198214530945,0.5133326957002282,100.0,109.10856592803265,0.6274794532958475,0.0020207353774014,2031.2311034182665,2041.6019273311376,True,True,True,True,True,True,sobol_train_val,,,
1131.0,2048.0,1.5140047315508127,0.1883113958872854,0.4946552515029907,0.5053447484970093,12,4,0.3333333333333333,1.6165112016722558,0.5881565254181623,100.0,107.12852394311466,0.9067376785172906,0.2061039673403338,904.2052681716568,913.6031873264408,True,True,True,True,True,True,sobol_train_val,,,
1132.0,2048.0,1.0475369030609727,0.1042136326432228,0.6520781204104423,0.3479218795895576,28,18,0.6428571428571429,3.5091943365521727,0.4342564480379224,100.0,89.34443442528925,0.9999990295472811,0.1988075318766715,2141.58539362923,2153.5642067203507,True,True,True,True,True,True,sobol_train_val,,,
1133.0,2048.0,1.1760204266756773,0.1800431814976036,0.5780209425836802,0.4219790574163198,27,18,0.6666666666666666,4.110844068881124,0.5700723538175225,100.0,95.41346847757715,0.999998886108656,0.2597807652764577,1833.8294307687488,1843.932552542408,True,True,True,True,True,True,sobol_train_val,,,
1134.0,2048.0,1.6355149867013097,0.1148418936878442,0.369035916402936,0.630964083597064,13,5,0.3846153846153846,2.677739456668496,0.4021462608128786,100.0,114.18485386854168,0.6152946474864287,0.0029338992027667,1920.301250492208,1929.6457900513744,True,True,True,True,True,True,sobol_train_val,,,
1135.0,2048.0,1.96613696590066,0.2901628889143466,0.6146543521434069,0.3853456478565931,21,10,0.4761904761904761,1.2765313276089727,0.5441122751682996,100.0,113.6186519236054,0.9663957153689487,0.3199460594086682,846.6676965845742,854.0355646734024,True,True,True,True,True,True,sobol_train_val,,,
1136.0,2048.0,1.472327238880098,0.0184918762184679,0.4322316084057092,0.5677683915942908,19,11,0.5789473684210527,3.140203973092139,0.477712102420628,100.0,108.05596680517276,0.8235971958211673,0.0043457445865438,1844.5532656924056,1860.0842057517768,True,True,True,True,True,True,sobol_train_val,,,
1137.0,2048.0,1.4467636598274112,0.2961400271393358,0.5367329411208629,0.4632670588791371,30,10,0.3333333333333333,2.831535846926272,0.4195353046059609,100.0,104.14523947626196,0.9246597952725176,4.916392770335717e-06,1864.7374542579785,1880.9851335541896,True,True,True,True,True,True,sobol_train_val,,,
1138.0,2048.0,1.9917246624827385,0.0057510651648044,0.3160307057201862,0.6839692942798138,11,7,0.6363636363636364,4.267857792321593,0.5516092581674457,100.0,123.87773269558068,0.6720306575003315,0.0266468711493552,2022.2881225674964,2032.858503636954,True,True,True,True,True,True,sobol_train_val,,,
1139.0,2048.0,1.6563180843368173,0.1717380914837122,0.6735128559172153,0.3264871440827847,24,13,0.5416666666666666,3.194073002412915,0.4943563332781195,100.0,105.31012866847288,0.9999060784822558,0.3396672331990479,1736.767932220591,1744.0393717756156,True,True,True,True,True,True,sobol_train_val,,,
1140.0,2048.0,1.1551937330514193,0.1251723733730614,0.4793728612363338,0.5206271387636662,17,7,0.4117647058823529,1.3271720088087022,0.527956110984087,100.0,97.68122112868986,0.921212163601906,0.0843267287977776,933.104435314616,947.5870417507078,True,True,True,True,True,True,sobol_train_val,,,
1141.0,2048.0,1.025849019177258,0.2011163726449012,0.3538511794060468,0.6461488205939532,18,9,0.5,2.375521588046104,0.4637718275189399,100.0,97.50554998407478,0.6585192586224203,0.0015845047619883,1613.5809859345306,1624.5697195972969,True,True,True,True,True,True,sobol_train_val,,,
1142.0,2048.0,1.5356556233018637,0.0981541612185537,0.5995533373206854,0.4004466626793146,22,12,0.5454545454545454,3.782845435850322,0.5083458764478564,100.0,104.53402470595654,0.9998774344024336,0.2123749016304201,1934.594017744295,1945.866751833596,True,True,True,True,True,True,sobol_train_val,,,
1143.0,2048.0,1.8623871048912408,0.2316218082793056,0.4421444352716207,0.5578555647283793,15,10,0.6666666666666666,3.662984580080957,0.4378150274977088,100.0,116.81644249740124,0.772644451554314,0.0177599521681282,2222.21524879088,2235.41076886968,True,True,True,True,True,True,sobol_train_val,,,
1144.0,2048.0,1.3261083476245403,0.0726293217390775,0.6112844955176115,0.3887155044823884,25,9,0.36,1.773530973494053,0.5839149005711078,100.0,98.78736407508852,0.993275709196588,0.3390862603011006,958.8021389184576,965.7911424908092,True,True,True,True,True,True,sobol_train_val,,,
1145.0,2048.0,1.2972941203042865,0.1680815591476857,0.4221521507948637,0.5778478492051363,20,13,0.65,1.572468274924904,0.4525110675022006,100.0,103.67646753504545,0.7568303176149331,0.0172291707124138,1223.0150495618864,1235.8489193854332,True,True,True,True,True,True,sobol_train_val,,,
1146.0,2048.0,1.7642483189702034,0.1396793307736516,0.6311356361955405,0.3688643638044595,20,6,0.3,3.0502274410799144,0.5189234480261803,100.0,108.90975418964616,0.9923104179959706,0.2963045239055373,1592.0628677274,1600.5240062484577,True,True,True,True,True,True,sobol_train_val,,,
1147.0,2048.0,1.586915702559054,0.2640655254945159,0.3853722359985113,0.6146277640014888,27,11,0.4074074074074074,4.406781065370887,0.42729846611619,100.0,112.46282724070512,0.6728953931830867,9.829920517647628e-06,2689.7231074668875,2699.05448321565,True,True,True,True,True,True,sobol_train_val,,,
1148.0,2048.0,1.1015421766787767,0.0293400543741881,0.5677934806793927,0.4322065193206073,13,7,0.5384615384615384,2.587762973830104,0.595310010574758,100.0,93.39727515530376,0.9936233091189044,0.2783160331148277,1218.2018273586868,1226.7693624046428,True,True,True,True,True,True,sobol_train_val,,,
1149.0,2048.0,1.222082574851811,0.2534532750025391,0.6935165785253048,0.3064834214746952,12,7,0.5833333333333334,1.9382172038778664,0.4090554131194949,100.0,93.63504059382711,0.9918659540693592,0.2625025839933773,1449.4659692245257,1458.0668923593716,True,True,True,True,True,True,sobol_train_val,,,
1150.0,2048.0,1.7163824941962955,0.0376242793165147,0.4595331706106662,0.5404668293893338,29,14,0.4827586206896552,3.3934235726483166,0.562967698276043,100.0,113.04436160948416,0.999850931005624,0.0400967199194372,1569.0114883752883,1588.220939109105,True,True,True,True,True,True,sobol_train_val,,,
1151.0,2048.0,1.8847815683111548,0.2138658086769282,0.5052233226597309,0.4947766773402691,16,6,0.375,4.053904265910387,0.4830589033663273,100.0,115.26144453964709,0.9713758980618024,0.00640067747798,2135.071979928858,2155.012929264323,True,True,True,True,True,True,sobol_train_val,,,
1152.0,2048.0,1.426753755658865,0.0915670869871974,0.3478020124137401,0.6521979875862598,25,16,0.64,2.205888285767287,0.5385703524574638,100.0,109.7027036883136,0.7462130551956968,0.0064584077488895,1279.7690278325024,1293.2438921127364,True,True,True,True,True,True,sobol_train_val,,,
1153.0,2048.0,1.425325988791883,0.285788083076477,0.6964858427643775,0.3035141572356225,17,6,0.3529411764705882,3.128765737172216,0.4263164369389415,100.0,99.09573633838288,0.9960379755401128,0.293386124081113,1958.767504097296,1966.8154336277064,True,True,True,True,True,True,sobol_train_val,,,
1154.0,2048.0,1.8881317041814327,0.0134939485229551,0.4500005275011062,0.5499994724988937,24,16,0.6666666666666666,1.2876422379165888,0.5958048909902572,100.0,117.10361211280492,0.8709201976005956,0.1644477214044661,770.3822711241554,780.5298617487135,True,True,True,True,True,True,sobol_train_val,,,
1155.0,2048.0,1.7137645380571485,0.1850433935411274,0.5082898616790771,0.4917101383209229,10,6,0.6,2.663103766087443,0.450319343060255,100.0,111.44255000059132,0.8670990160657935,0.0703122297014921,1689.1744893871166,1702.668485457698,True,True,True,True,True,True,sobol_train_val,,,
1156.0,2048.0,1.222777685150504,0.1192189838737249,0.3383674070239066,0.6616325929760933,30,15,0.5,4.125202837027609,0.5214069610461592,100.0,104.31325549409188,0.7069726100069303,2.8769843839773575e-05,2152.572184653189,2165.203653228481,True,True,True,True,True,True,sobol_train_val,,,
1157.0,2048.0,1.0942874560132625,0.1933093146421015,0.4128209237009286,0.5871790762990714,26,11,0.4230769230769231,3.46877104640007,0.4820763854309916,100.0,97.84314118070516,0.7970358009469001,3.291781653135102e-05,2015.2858183171927,2030.2089084589447,True,True,True,True,True,True,sobol_train_val,,,
1158.0,2048.0,1.5922475773841145,0.1085884116590023,0.6343063164502382,0.3656936835497618,15,8,0.5333333333333333,1.6566574710421262,0.539064934849739,100.0,104.90804651546654,0.986747156448575,0.3329472834397625,1008.1084264348792,1015.3445351388186,True,True,True,True,True,True,sobol_train_val,,,
1159.0,2048.0,1.7596486313268542,0.2376575399190187,0.3761390466243028,0.6238609533756971,22,14,0.6363636363636364,2.2844332633540034,0.4068639867007733,100.0,116.79635977150248,0.6314401208550949,0.0039554983848655,1690.2723762603143,1700.0261201179208,True,True,True,True,True,True,sobol_train_val,,,
1160.0,2048.0,1.3038161769509315,0.0592598807998001,0.571061435714364,0.428938564285636,19,6,0.3157894736842105,3.76909672440961,0.565451700054109,100.0,99.3140299652962,0.9946337921840758,0.2455505643563642,1722.930174832176,1732.8001537093885,True,True,True,True,True,True,sobol_train_val,,,
1161.0,2048.0,1.3228495260700583,0.1500291952863335,0.3569276366382837,0.6430723633617164,14,9,0.6428571428571429,4.394744580611587,0.4965602040290832,100.0,106.56528018449067,0.6990263008760867,0.0100896886556589,2375.817033892735,2387.7149634582056,True,True,True,True,True,True,sobol_train_val,,,
1162.0,2048.0,1.8636620454490185,0.1410412958823144,0.5901317019015551,0.4098682980984449,27,10,0.3703703703703703,2.498386494722217,0.525460427813232,100.0,112.23085367147304,0.9977128688207344,0.2220322419397504,1350.1311839466505,1361.2190547337038,True,True,True,True,True,True,sobol_train_val,,,
1163.0,2048.0,1.5351128624752164,0.2791918541304767,0.4451236177235841,0.5548763822764158,20,9,0.45,1.4573066057637334,0.4206028437241912,100.0,109.21884632539258,0.7660071284815595,0.0030950206668275,1222.7857244428928,1236.183300728825,True,True,True,True,True,True,sobol_train_val,,,
1164.0,2048.0,1.0283751841634512,0.0262342287227511,0.6017648223787546,0.3982351776212454,20,12,0.6,2.857726146373897,0.5510288916528225,100.0,90.06381348148585,0.9998430832149838,0.2774161301907968,1456.2803648135043,1465.0413557814231,True,True,True,True,True,True,sobol_train_val,,,
1165.0,2048.0,1.1500142076984048,0.2521553426049649,0.5275127217173576,0.4724872782826423,25,13,0.52,3.912961549591273,0.4400186240673065,100.0,96.07810248210376,0.9418824919408352,0.0001841350306397,2327.9691869029325,2346.39697294052,True,True,True,True,True,True,sobol_train_val,,,
1166.0,2048.0,1.6634810138493776,0.0555941926315426,0.3193085789680481,0.6806914210319519,15,7,0.4666666666666667,2.0391680382192137,0.5814187524840235,100.0,116.5912032307408,0.7353206147374294,0.0198096082864519,1092.2860030207169,1104.778438481817,True,True,True,True,True,True,sobol_train_val,,,
1167.0,2048.0,1.985293920151889,0.2168891480192542,0.6641945987939835,0.3358054012060165,29,9,0.3103448275862069,1.9003992785699664,0.4648398315533996,100.0,112.57894793578708,0.9940393209873014,0.2844304834003274,1258.088591285303,1266.874812082929,True,True,True,True,True,True,sobol_train_val,,,
1168.0,2048.0,1.4512105211615562,0.0765047552995383,0.4825534597039222,0.5174465402960777,12,8,0.6666666666666666,3.329828534089029,0.5077657841145993,100.0,105.9131265140008,0.9239048013139038,0.0547064467628456,1786.892124033223,1802.9438582755083,True,True,True,True,True,True,sobol_train_val,,,
1169.0,2048.0,1.473508957773447,0.2088678720407188,0.5874454390257597,0.4125545609742402,22,10,0.4545454545454545,2.1947458734735843,0.5902628744021058,100.0,103.33867348255065,0.9972833788856534,0.3029524011358891,1080.1452031537267,1088.2762247521537,True,True,True,True,True,True,sobol_train_val,,,
1170.0,2048.0,1.9630328780040145,0.0871922900900244,0.3659615572541952,0.6340384427458048,18,10,0.5555555555555556,4.065323600638657,0.4316629502922297,100.0,121.5074743057434,0.6423669327097561,0.0020403707956144,2476.5183157392867,2486.8572447855613,True,True,True,True,True,True,sobol_train_val,,,
1171.0,2048.0,1.6383751761168242,0.2578303562477231,0.6241761233657599,0.3758238766342401,26,18,0.6923076923076923,3.379083705693483,0.5143025930970907,100.0,106.27482319295092,0.9999947571799248,0.2692602798120163,1740.9535414306642,1750.804261192054,True,True,True,True,True,True,sobol_train_val,,,
1172.0,2048.0,1.175083083100617,0.0426245003007352,0.429255286976695,0.570744713023305,14,5,0.3571428571428571,1.952884396445006,0.4572285892441869,100.0,99.85697554217064,0.7867190415798548,0.0049156303795608,1392.7129077521424,1406.9209312670905,True,True,True,True,True,True,sobol_train_val,,,
1173.0,2048.0,1.05454939045012,0.2684403134509921,0.3031472824513912,0.6968527175486088,11,4,0.3636363636363636,2.547648108098656,0.546218135394156,100.0,100.22410769451004,0.6576617133720402,0.0086276499503398,1433.289874040351,1444.2105417272194,True,True,True,True,True,True,sobol_train_val,,,
1174.0,2048.0,1.5089150900021195,0.0343379641883075,0.5496310509741306,0.4503689490258694,29,18,0.6206896551724138,4.447223158366978,0.4751183066517114,100.0,105.33300484504936,0.9999983463318886,0.0520778194912128,2353.75609040793,2372.3788997083698,True,True,True,True,True,True,sobol_train_val,,,
1175.0,2048.0,1.8424929827451704,0.1630813649855554,0.4914897210896015,0.5085102789103986,17,9,0.5294117647058824,3.0133101283572614,0.5710425492376089,100.0,114.7988489867932,0.9952337889202374,0.1130836470302984,1401.865999831307,1417.3307157519353,True,True,True,True,True,True,sobol_train_val,,,
1176.0,2048.0,1.344042676500976,0.1353022584691643,0.6614106826484203,0.3385893173515797,23,10,0.4347826086956521,1.6096626084297894,0.4014686407521367,100.0,97.896107934591,0.9957698042801972,0.1629420252395792,1296.0667595811897,1308.05675817695,True,True,True,True,True,True,sobol_train_val,,,
1177.0,2048.0,1.2791070826351645,0.2272104036994278,0.4724133543670177,0.5275866456329823,28,16,0.5714285714285714,1.8106246051378547,0.5326135758310556,100.0,101.56729702320403,0.9893570327887652,0.0187728895686671,1094.510326331204,1114.3098249739105,True,True,True,True,True,True,sobol_train_val,,,
1178.0,2048.0,1.7843818282708526,0.0676680374890565,0.6806159861385822,0.3193840138614178,12,6,0.5,3.625966553203761,0.4896021777763962,100.0,107.95980312281785,0.994941718828835,0.3529395989349911,1926.724709968716,1933.6010162480488,True,True,True,True,True,True,sobol_train_val,,,
1179.0,2048.0,1.6139051895588636,0.2060799501836299,0.3356826700270175,0.6643173299729824,24,10,0.4166666666666667,3.823186826985329,0.5566197844222188,100.0,114.83267409205796,0.7568689887285851,0.0001842761550521,1833.67945741753,1847.761617674595,True,True,True,True,True,True,sobol_train_val,,,
1180.0,2048.0,1.072606292553246,0.1025678590871393,0.5173222564160823,0.4826777435839177,16,10,0.625,2.3353060081601145,0.4152074541896582,100.0,93.9240988607666,0.8737515888647635,0.0153315698282524,1677.8911478077173,1693.2883821111827,True,True,True,True,True,True,sobol_train_val,,,
1181.0,2048.0,1.20194430090487,0.1766994025558233,0.6432410519570112,0.3567589480429888,19,12,0.631578947368421,1.3417384872213003,0.5758766833692789,100.0,94.38181390044264,0.9937113659655862,0.3851261629007175,829.5071382858239,835.3055127776246,True,True,True,True,True,True,sobol_train_val,,,
1182.0,2048.0,1.73456094507128,0.1295837868936359,0.4100385334342717,0.5899614665657282,21,6,0.2857142857142857,3.179632433596998,0.4453651899471879,100.0,115.08157946114837,0.739233353209339,7.730866377527663e-05,1984.0946062576709,1997.2191390052635,True,True,True,True,True,True,sobol_train_val,,,
1183.0,2048.0,1.913726031780243,0.2917263203300536,0.554898613318801,0.445101386681199,13,6,0.4615384615384615,4.279176412895322,0.5006614597514272,100.0,114.32940814312916,0.9911475095013046,0.1197941732539612,2143.181653032538,2158.189029041063,True,True,True,True,True,True,sobol_train_val,,,
1184.0,2048.0,1.3997690407559276,0.0007874608039855,0.3982589017599821,0.601741098240018,27,14,0.5185185185185185,2.820292732771486,0.4717490341514349,100.0,107.27485187016242,0.7536919655490891,0.0002489044153263,1745.8256281825495,1759.5275699045455,True,True,True,True,True,True,sobol_train_val,,,
1185.0,2048.0,1.378179095685482,0.1825516590848565,0.4424749318510294,0.5575250681489706,23,8,0.3478260869565217,2.388676983397454,0.518377928994596,100.0,105.25450842326688,0.9181386682036154,0.0005455259297054,1373.9016859540793,1392.6195455707482,True,True,True,True,True,True,sobol_train_val,,,
1186.0,2048.0,1.9352861000224948,0.1167278221808373,0.6108351815491915,0.3891648184508085,17,10,0.5882352941176471,3.872940851747989,0.4597902543842792,100.0,113.10533677924128,0.9992981941394946,0.154421838146859,2134.8487289590253,2148.2969482186177,True,True,True,True,True,True,sobol_train_val,,,
1187.0,2048.0,1.7286865878850222,0.2882766748778522,0.3556708414107561,0.6443291585892439,29,16,0.5517241379310345,3.5729897615499797,0.5923887088894844,100.0,116.80867827746994,0.8712647690350944,0.0008964758866369,1561.7154012413246,1579.041462204919,True,True,True,True,True,True,sobol_train_val,,,
1188.0,2048.0,1.207847879268229,0.0159831119701266,0.5974683735519648,0.4025316264480352,11,4,0.3636363636363636,1.760476396791637,0.4354001147672534,100.0,95.81510704920646,0.95267112109001,0.1368613899547532,1312.5688061907088,1324.9505386848757,True,True,True,True,True,True,sobol_train_val,,,
1189.0,2048.0,1.0783887263387442,0.2401487021706998,0.6732162192463874,0.3267837807536126,14,7,0.5,2.767322425916791,0.5743393054232001,100.0,89.78969680951343,0.9972004001823254,0.433101649990206,1345.8733485147136,1350.6123806938656,True,True,True,True,True,True,sobol_train_val,,,
1190.0,2048.0,1.608153824694455,0.0617516146972775,0.4798558562994003,0.5201441437005997,26,14,0.5384615384615384,4.229021719750016,0.403251726180315,100.0,109.8836913827638,0.8040291983379431,0.0001610545122876,2656.434587104437,2670.733723266017,True,True,True,True,True,True,sobol_train_val,,,
1191.0,2048.0,1.8058188371360304,0.1908201506361365,0.5348981201648711,0.4651018798351288,18,12,0.6666666666666666,3.23300950024277,0.5491225495934486,100.0,112.65768563325764,0.9993553268719652,0.1535335272203753,1554.7871557446472,1568.5869711861806,True,True,True,True,True,True,sobol_train_val,,,
1192.0,2048.0,1.2576382299885154,0.1060998204164207,0.3181007131934166,0.6818992868065834,22,8,0.3636363636363636,1.3914864205755293,0.4796340508386493,100.0,106.04833727899614,0.6107439372481286,0.0006058749599207,1104.216889531279,1114.1009208360151,True,True,True,True,True,True,sobol_train_val,,,
1193.0,2048.0,1.369448997080326,0.2720133304595947,0.5039073094725608,0.4960926905274392,27,17,0.6296296296296297,2.002632028609514,0.5606981731951237,100.0,103.10071734317783,0.99966954536848,0.1154833112213571,1092.4435116711063,1107.66295448993,True,True,True,True,True,True,sobol_train_val,,,
1194.0,2048.0,1.8170550568029284,0.0190551334060728,0.3488283097743987,0.6511716902256013,13,4,0.3076923076923077,3.432461073528975,0.4177721699699759,100.0,119.01686523776408,0.5980284329954175,0.0015310580701325,2243.39145303158,2252.5060864011,True,True,True,True,True,True,sobol_train_val,,,
1195.0,2048.0,1.51878890581429,0.1572062839753925,0.6907113999128341,0.3092886000871658,21,9,0.4285714285714285,4.015169196389615,0.5347363604232669,100.0,101.59123810504552,0.9995322923148652,0.4220124628283663,1921.075081678836,1926.313067908752,True,True,True,True,True,True,sobol_train_val,,,
1196.0,2048.0,1.0447068819776175,0.14821781180799,0.4621951177716255,0.5378048822283745,19,10,0.5263157894736842,2.141775277722627,0.4933362886309623,100.0,94.66073713513526,0.9063396189958935,0.006054183468455,1362.954149801473,1380.6865534748715,True,True,True,True,True,True,sobol_train_val,,,
1197.0,2048.0,1.1653617229312658,0.224068243894726,0.3866486880928277,0.6133513119071723,16,9,0.5625,1.5595143078826368,0.503955165296793,100.0,100.94141406150078,0.7575554548430861,0.0215646080138514,1108.7699813173967,1121.7417147313931,True,True,True,True,True,True,sobol_train_val,,,
1198.0,2048.0,1.6481259958818557,0.0836832784116268,0.5667278010398149,0.4332721989601851,24,11,0.4583333333333333,2.960333428904414,0.4735290667042136,100.0,108.16737652423508,0.9993576476216772,0.0857307739588759,1708.248751652994,1724.6873972962203,True,True,True,True,True,True,sobol_train_val,,,
1199.0,2048.0,1.937718000262976,0.2449788261204958,0.424966787174344,0.5750332128256559,12,5,0.4166666666666667,4.496977287624032,0.5787841511890293,100.0,118.96651337919394,0.9508176284541257,0.0422599822268393,1896.755731359906,1914.444537919817,True,True,True,True,True,True,sobol_train_val,,,
1200.0,2048.0,1.4987941971048713,0.0484171045012772,0.6284829441457986,0.3715170558542013,28,19,0.6785714285714286,2.6010189788416027,0.4498839840292931,100.0,102.8055529415248,0.9999916721685108,0.1742051197475476,1629.8318674764794,1642.780772060125,True,True,True,True,True,True,sobol_train_val,,,
1201.0,2048.0,1.4571163384243846,0.255632306355983,0.3267098866403102,0.6732901133596898,18,7,0.3888888888888889,2.911102426238358,0.4543948696926236,100.0,111.23585362993822,0.5984378755491001,0.0004385438385522,1880.444367976701,1889.8824555381875,True,True,True,True,True,True,sobol_train_val,,,
1202.0,2048.0,1.9794179797172544,0.0404258776456117,0.5200687028467654,0.4799312971532345,21,11,0.5238095238095238,1.5070553258992732,0.523968816921115,100.0,116.74378354579297,0.9526999500466706,0.1270187569170776,975.8906402872916,989.6998194636452,True,True,True,True,True,True,sobol_train_val,,,
1203.0,2048.0,1.6850433135405185,0.2110644958913326,0.4649791307747364,0.5350208692252636,14,8,0.5714285714285714,2.445415401086211,0.4284420806914568,100.0,112.15436599583234,0.7997681731763101,0.0183589076559949,1672.8032718360478,1686.554600289299,True,True,True,True,True,True,sobol_train_val,,,
1204.0,2048.0,1.128422686830163,0.089388342294842,0.6817750446498394,0.3182249553501606,25,9,0.36,4.344590674247592,0.5995418647304177,100.0,91.14005939443012,0.9997051564283704,0.4694167818886175,1791.161483175321,1795.2016207242743,True,True,True,True,True,True,sobol_train_val,,,
1205.0,2048.0,1.0069048078730702,0.1652799870818853,0.5576937865465879,0.4423062134534121,30,11,0.3666666666666666,3.276850955653935,0.4101609336212277,100.0,90.56609265794134,0.9454961224009586,1.8814454218143932e-06,2147.48070436597,2164.749697367779,True,True,True,True,True,True,sobol_train_val,,,
1206.0,2048.0,1.5565521698445082,0.137500308919698,0.3893350478261709,0.6106649521738291,10,7,0.7,1.85025185700506,0.5672349762171507,100.0,111.5879252739154,0.749077931294651,0.1148738581359757,1061.2241116172102,1070.3256219279722,True,True,True,True,True,True,sobol_train_val,,,
1207.0,2048.0,1.857909164391458,0.2662442618049681,0.6443513717502355,0.3556486282497645,23,13,0.5652173913043478,2.0925382266752424,0.484980608895421,100.0,110.53940080210936,0.999174294190222,0.2675519955687847,1295.1614004155451,1304.612437394458,True,True,True,True,True,True,sobol_train_val,,,
1208.0,2048.0,1.32863425090909,0.0321413397789001,0.4025553923100233,0.5974446076899766,17,8,0.4705882352941176,3.962716361135244,0.5435804883018136,100.0,105.19513805225984,0.8791512417114453,0.0023820064333029,1924.6882851195685,1942.203841201584,True,True,True,True,True,True,sobol_train_val,,,
1209.0,2048.0,1.2939757285639644,0.1991936805658042,0.6136176686733961,0.3863823313266039,12,6,0.5,4.174957753065973,0.4246814232319593,100.0,97.83419101430836,0.9935907704040744,0.0988494447539433,2476.777725890589,2491.6124929580383,True,True,True,True,True,True,sobol_train_val,,,
1210.0,2048.0,1.7695206850767136,0.0956821611151099,0.4335401024669408,0.5664598975330591,28,12,0.4285714285714285,2.7164738500490784,0.5535937981680036,100.0,115.08241451793616,0.9702396630976448,0.0007628741315821,1361.6652898267932,1382.2064996064182,True,True,True,True,True,True,sobol_train_val,,,
1211.0,2048.0,1.5668117040768266,0.2340935217216611,0.57534842453897,0.42465157546103,15,5,0.3333333333333333,1.237494724150747,0.4986827978864312,100.0,105.99167764348609,0.9305527718013832,0.218267832530939,935.000784575913,944.5575423908756,True,True,True,True,True,True,sobol_train_val,,,
1212.0,2048.0,1.1196920219808817,0.0745517282746732,0.371833760663867,0.628166239336133,25,16,0.64,3.075788250938058,0.5291943479329347,100.0,100.0008619589185,0.7872985239109049,0.00222692545998,1671.4919483652573,1686.272278823651,True,True,True,True,True,True,sobol_train_val,,,
1213.0,2048.0,1.2480611028149724,0.2986120177432894,0.4957258097827434,0.5042741902172566,20,13,0.65,3.718943106941879,0.4681337278336286,100.0,99.9590641024771,0.9269281676682956,0.005816759812616,2120.815291909485,2139.000066003376,True,True,True,True,True,True,sobol_train_val,,,
1214.0,2048.0,1.688451660797,0.0076737309806048,0.6508032985031604,0.3491967014968395,19,7,0.3684210526315789,2.2314618808217346,0.5095460074022412,100.0,106.67006942565727,0.9922252898446424,0.3221742306274284,1298.5683233081124,1306.2272925171503,True,True,True,True,True,True,sobol_train_val,,,
1215.0,2048.0,1.8978807097300887,0.1698157123290002,0.3090682245790958,0.6909317754209041,26,12,0.4615384615384615,1.7064058899879455,0.4429259011521935,100.0,122.18171723216534,0.5544952860601797,0.0003916600302957,1313.1185830077495,1321.3707336010048,True,True,True,True,True,True,sobol_train_val,,,
1216.0,2048.0,1.4156066216528416,0.1227006683126091,0.537582954019308,0.462417045980692,13,8,0.6153846153846154,3.5221476274542507,0.5859373558312655,100.0,103.311353569907,0.9964735087974278,0.213299398771069,1548.9236559381366,1559.9809211805166,True,True,True,True,True,True,sobol_train_val,,,
1217.0,2048.0,1.411328342743218,0.1894071738235652,0.3243235390633344,0.6756764609366656,28,17,0.6071428571428571,3.882876396831125,0.5692557936534286,100.0,110.1146803503247,0.7519645385257537,0.0007267705656974,1819.1502421341,1833.017549514907,True,True,True,True,True,True,sobol_train_val,,,
1218.0,2048.0,1.902135906741023,0.1054513094946742,0.5286193992942572,0.4713806007057428,11,4,0.3636363636363636,2.0675411302596327,0.4028678350150585,100.0,114.89457428708027,0.863224538552896,0.0326732834092937,1527.4757337091432,1541.953043490878,True,True,True,True,True,True,sobol_train_val,,,
1219.0,2048.0,1.6995809292420745,0.2432768667116761,0.4861274894326924,0.5138725105673075,24,10,0.4166666666666667,1.8703141503967344,0.5448311775922775,100.0,111.81456553842378,0.9802027130569618,0.0733711727602197,1072.762901496656,1089.6845353052029,True,True,True,True,True,True,sobol_train_val,,,
1220.0,2048.0,1.2369544990360737,0.0653512752614915,0.666986347362399,0.3330136526376009,15,8,0.5333333333333333,3.358201650716365,0.4768928734585643,100.0,94.76422957101084,0.998875497233536,0.3029349465807865,1899.0504357372963,1907.0458350015724,True,True,True,True,True,True,sobol_train_val,,,
1221.0,2048.0,1.1154442159458997,0.2889171933755278,0.5912445597350597,0.4087554402649402,20,11,0.55,4.364659796655178,0.5125127023085951,100.0,93.1770854803849,0.9999076302976682,0.2025353552703665,2189.821676830288,2201.175318119606,True,True,True,True,True,True,sobol_train_val,,,
1222.0,2048.0,1.5710973739624023,0.0173880952410399,0.3619486220180988,0.6380513779819013,20,10,0.5,2.526759168785065,0.4586248390376568,100.0,112.87900064284514,0.6673692618151844,0.001421131277737,1660.7148053677968,1671.9364407493467,True,True,True,True,True,True,sobol_train_val,,,
1223.0,2048.0,1.780619421042502,0.1789439692161977,0.6045626081526279,0.3954373918473721,13,5,0.3846153846153846,1.4272218955680729,0.5888788610696792,100.0,110.03190508608702,0.9467564026480796,0.3656628363733763,822.6173546818246,828.3192617079058,True,True,True,True,True,True,sobol_train_val,,,
1224.0,2048.0,1.2828385923057797,0.1135916294530034,0.4487038157880306,0.5512961842119695,27,18,0.6666666666666666,2.886098894197493,0.4334406523033977,100.0,102.4165974664878,0.7906455165564528,0.0017644197773489,1903.0056743998089,1917.2271442941376,True,True,True,True,True,True,sobol_train_val,,,
1225.0,2048.0,1.3399771274998784,0.24665043996647,0.6347538135945796,0.3652461864054204,22,7,0.3181818181818182,3.4988558303564785,0.5020087562501431,100.0,98.51342157065396,0.99764126084519,0.2747734033802357,1858.5635246721,1867.5309695425865,True,True,True,True,True,True,sobol_train_val,,,
1226.0,2048.0,1.846527887508273,0.049388338252902,0.418739203363657,0.581260796636343,18,11,0.6111111111111112,1.6282847969792782,0.4700080489739776,100.0,117.25391404260864,0.7663399374233737,0.0267773664704309,1182.6292331524407,1195.5450059419215,True,True,True,True,True,True,sobol_train_val,,,
1227.0,2048.0,1.552060223184526,0.2206127777695656,0.5729498632252217,0.4270501367747783,25,13,0.52,2.314517973549664,0.5776054440066218,100.0,105.70508966356948,0.9993980129010264,0.2610950873366764,1151.2077743964005,1160.7705453517328,True,True,True,True,True,True,sobol_train_val,,,
1228.0,2048.0,1.011434618383646,0.0798204042948782,0.380372255295515,0.6196277447044849,15,7,0.4666666666666667,3.740723976586014,0.4440300703048706,100.0,96.12883633173716,0.6831469229324092,0.001268670090778,2343.526545476421,2355.0074891400905,True,True,True,True,True,True,sobol_train_val,,,
1229.0,2048.0,1.1397960959002376,0.1562430415302515,0.4559248339384794,0.5440751660615206,10,5,0.5,3.1588508899323644,0.5579702161252499,100.0,97.92657972705048,0.94025447205582,0.0722246589423463,1556.7807043427636,1572.346681630872,True,True,True,True,True,True,sobol_train_val,,,
1230.0,2048.0,1.6736925691366196,0.1465541926212608,0.6969395216554403,0.3030604783445597,29,17,0.5862068965517241,1.2592691458761691,0.4134694134816528,100.0,105.06711444869028,0.9965343616521776,0.2719467414236582,1085.3217128596073,1094.0315599185149,True,True,True,True,True,True,sobol_train_val,,,
1231.0,2048.0,1.974895560182631,0.2758842349983751,0.3426067855209112,0.6573932144790888,16,11,0.6875,2.6931888942606745,0.5343393919989466,100.0,122.57607988962552,0.7016824211850204,0.0296838225050985,1467.364940854173,1478.6256055168749,True,True,True,True,True,True,sobol_train_val,,,
1233.0,2048.0,1.4867112394422293,0.2628118313848972,0.4088262841105461,0.5911737158894539,13,7,0.5384615384615384,1.311754042468965,0.4082144381478429,100.0,109.19009126772688,0.6737044530910786,0.0248349659982154,1192.8705985088093,1202.8753856766125,True,True,True,True,True,True,sobol_train_val,,,
1234.0,2048.0,1.949824039824307,0.0282374144531786,0.6381237626075744,0.3618762373924256,27,11,0.4074074074074074,3.20810623364523,0.5637136872857809,100.0,112.61007689140116,0.9994880582252382,0.3584457878750295,1488.1220506431484,1495.023452632846,True,True,True,True,True,True,sobol_train_val,,,
1235.0,2048.0,1.6514048390090466,0.1669743505306541,0.3955570846796035,0.6044429153203965,19,7,0.3684210526315789,4.2491919927299024,0.4838022205978632,100.0,113.65562312206214,0.7660422360151701,0.0002649717162017,2316.8757335909345,2331.048804340589,True,True,True,True,True,True,sobol_train_val,,,
1236.0,2048.0,1.162060215137899,0.1384302053600549,0.551417376101017,0.4485826238989829,21,13,0.6190476190476191,2.848766557406634,0.5377267086878419,100.0,95.75094855917553,0.99985194826251,0.1659087930975946,1486.640641682032,1499.5162646442695,True,True,True,True,True,True,sobol_train_val,,,
1237.0,2048.0,1.0325934514403343,0.214958141092211,0.6755046878010034,0.3244953121989966,24,17,0.7083333333333334,1.7806405291892586,0.4516666593030095,100.0,88.23807028620439,0.99993341744019,0.2816415152002418,1281.7036958088868,1290.0685409789153,True,True,True,True,True,True,sobol_train_val,,,
1238.0,2048.0,1.53086447250098,0.0928104892373085,0.4712073225528002,0.5287926774471998,16,6,0.375,3.6544399352744223,0.5196660038083791,100.0,108.28106185175926,0.9726302530786906,0.007712069161753,1850.3500736163148,1870.375246217512,True,True,True,True,True,True,sobol_train_val,,,
1239.0,2048.0,1.8203644324094057,0.2546920906752348,0.5138472486287355,0.4861527513712644,28,14,0.5,3.793202824797481,0.4280452165752649,100.0,113.62174581116864,0.8983317651119338,0.0001151773895889,2278.0615368989297,2295.4203822893955,True,True,True,True,True,True,sobol_train_val,,,
1240.0,2048.0,1.3661780217662454,0.0387211983092129,0.332986832037568,0.6670131679624319,12,7,0.5833333333333334,2.3637794639915226,0.5944698000326752,100.0,108.59151531652964,0.7603336995390629,0.0414636099132256,1180.519918080174,1192.650241715383,True,True,True,True,True,True,sobol_train_val,,,
1241.0,2048.0,1.2611917462199926,0.1729849280789494,0.5438057545572519,0.4561942454427481,17,7,0.4117647058823529,2.577632184047252,0.4630499210208654,100.0,98.9024066856777,0.9908668341335124,0.0253762318140802,1601.265233448181,1620.1229890307018,True,True,True,True,True,True,sobol_train_val,,,
1242.0,2048.0,1.8023037211969493,0.1262772931717336,0.3027895260602236,0.6972104739397764,23,12,0.5217391304347826,4.418749776296317,0.5091620059683919,100.0,120.3456301899006,0.6165023817981119,0.0003671757493164,2308.309272417652,2318.4310566867744,True,True,True,True,True,True,sobol_train_val,,,
1243.0,2048.0,1.5957962535321712,0.297240378241986,0.6570749539881944,0.3429250460118056,11,7,0.6363636363636364,3.0432941305451093,0.4386345917358994,100.0,104.35709811458788,0.991631136176579,0.2289024850808196,1866.3855004300965,1876.53417216571,True,True,True,True,True,True,sobol_train_val,,,
1244.0,2048.0,1.090708433650434,0.0070024704560637,0.489495912566781,0.510504087433219,29,9,0.3103448275862069,1.581189152598381,0.5831964258104563,100.0,95.34023803777792,0.9731992562660476,0.1437852843222141,907.0337433882264,920.0856490684108,True,True,True,True,True,True,sobol_train_val,,,
1245.0,2048.0,1.21137086302042,0.2305271781049668,0.3656100168824195,0.6343899831175804,26,10,0.3846153846153846,2.2247303182259204,0.4188160683959723,100.0,103.0426513215682,0.6290601944250805,2.5203487781194684e-05,1662.6347142569573,1672.5820621852683,True,True,True,True,True,True,sobol_train_val,,,
1246.0,2048.0,1.7251409394666553,0.0713927948847413,0.5816261321306229,0.4183738678693771,14,9,0.6428571428571429,4.036849800590425,0.5524280579760671,100.0,109.4799504403141,0.9985738082698836,0.2438178698949266,1842.1019607783128,1852.372585987368,True,True,True,True,True,True,sobol_train_val,,,
1247.0,2048.0,1.9229590017348528,0.1998752592131495,0.4272674560546874,0.5727325439453126,22,13,0.5909090909090909,3.4090681258589024,0.4951732272282242,100.0,118.58368886629717,0.8429450994549634,0.0034786428803078,1861.35792129425,1877.73250782782,True,True,True,True,True,True,sobol_train_val,,,
1248.0,2048.0,1.3905292758718133,0.0970641176216304,0.619846622645855,0.380153377354145,18,9,0.5,1.924410571809858,0.5272349659353495,100.0,100.27803042275484,0.9951233040839048,0.2833409930031767,1145.1719372082523,1153.8987974604806,True,True,True,True,True,True,sobol_train_val,,,
1249.0,2048.0,1.3964635077863932,0.236393601167947,0.5648315779864788,0.4351684220135212,12,8,0.6666666666666666,1.531440536957234,0.4863677008077502,100.0,102.00519779415976,0.9350672991605744,0.1738414852938705,1090.1409347277938,1101.2295658772766,True,True,True,True,True,True,sobol_train_val,,,
1250.0,2048.0,1.916993224062025,0.058467436954379,0.3824106879532337,0.6175893120467664,28,10,0.3571428571428571,2.989917746186256,0.5418058589100838,100.0,119.9813655565979,0.8344851421764867,0.0001019958114745,1531.3404214048187,1547.7835084615576,True,True,True,True,True,True,sobol_train_val,,,
1251.0,2048.0,1.746670588850975,0.19629358202219,0.6280276037752628,0.3719723962247372,16,8,0.5,4.468903590459377,0.411947787553072,100.0,108.61250523505204,0.9987315175443588,0.0988327721361354,2625.7615070068587,2640.8313745955534,True,True,True,True,True,True,sobol_train_val,,,
1252.0,2048.0,1.1898725805804131,0.1123371460475027,0.4190437637269497,0.5809562362730503,24,13,0.5416666666666666,2.630603369884193,0.5658357074484229,100.0,100.63411439839108,0.9603826158356976,0.0036719197897231,1326.4585311419728,1346.239894832339,True,True,True,True,True,True,sobol_train_val,,,
1253.0,2048.0,1.069331232458353,0.1858278069645166,0.3445963006466627,0.6554036993533373,21,11,0.5238095238095238,1.974557888880372,0.4298260135576129,100.0,99.28191528261992,0.6036841987033393,0.000910637133595,1519.1614078902292,1528.5440325686411,True,True,True,True,True,True,sobol_train_val,,,
1254.0,2048.0,1.6172028547152877,0.120474895555526,0.5020173039287328,0.4979826960712672,19,8,0.4210526315789473,3.462045808788389,0.5977642670273781,100.0,109.40517474699158,0.9964083360706244,0.1693438532782638,1473.1204355807638,1485.9323019127328,True,True,True,True,True,True,sobol_train_val,,,
1255.0,2048.0,1.7964609395712614,0.2820313573814928,0.4562783237546682,0.5437216762453319,27,9,0.3333333333333333,3.987095081247389,0.4561846919357776,100.0,114.93209485373166,0.8390236292274931,1.0626282566668788e-05,2279.5715002123084,2295.629413443707,True,True,True,True,True,True,sobol_train_val,,,
1256.0,2048.0,1.2670048298314214,0.0105016864836215,0.6902620386332273,0.3097379613667727,13,8,0.6153846153846154,2.171360037568957,0.5225727071985602,100.0,95.00386894541418,0.9966032783782958,0.4103861433854949,1260.206084197322,1265.545215674775,True,True,True,True,True,True,sobol_train_val,,,
1257.0,2048.0,1.356365928426385,0.2184163014404475,0.4762770365923643,0.5237229634076357,18,7,0.3888888888888889,2.795396565645933,0.4411970183253288,100.0,103.59745641378998,0.8516188462128454,0.0008859737560879,1808.9430175458017,1824.9876147918844,True,True,True,True,True,True,sobol_train_val,,,
1258.0,2048.0,1.830146589316428,0.0776244996115565,0.6704166766256093,0.3295833233743906,22,15,0.6818181818181818,4.199436984490603,0.5872725261375308,100.0,109.2208405829889,0.9999839910723578,0.4388011552405695,1746.4285471060657,1751.3538562075962,True,True,True,True,True,True,sobol_train_val,,,
1259.0,2048.0,1.5053958892822266,0.2488483512774109,0.3130810108035802,0.6869189891964198,14,8,0.5714285714285714,3.261083615384996,0.4667863210663199,100.0,112.96016230582892,0.5814053436968356,0.006572447846588,2002.230677388549,2011.07188399591,True,True,True,True,True,True,sobol_train_val,,,
1260.0,2048.0,1.058091196231544,0.0515868223272263,0.5337836008518934,0.4662163991481066,26,12,0.4615384615384615,1.3619016607291996,0.5112870790064334,100.0,92.96751823800604,0.9794328403021044,0.1078211123597153,973.3927773044194,988.132869245741,True,True,True,True,True,True,sobol_train_val,,,
1261.0,2048.0,1.187436867505312,0.2780801391229033,0.6080418549478054,0.3919581450521946,29,13,0.4482758620689655,2.416750754322857,0.4969570741057396,100.0,94.914822517846,0.9997979697269144,0.211466964255874,1434.5498764915765,1445.5725322371354,True,True,True,True,True,True,sobol_train_val,,,
1262.0,2048.0,1.6260593151673677,0.0247151034884154,0.4389021016657352,0.5610978983342647,11,6,0.5454545454545454,3.843356534466147,0.5305324865505099,100.0,111.62132758474092,0.8952562094880453,0.0350809842420119,1903.9002408512451,1920.278898765593,True,True,True,True,True,True,sobol_train_val,,,
1263.0,2048.0,1.95948320440948,0.1540445580147206,0.5963598318397998,0.4036401681602002,23,15,0.6521739130434783,3.601063458714634,0.4233310481533408,100.0,114.02202146555923,0.9999280650593608,0.046579203290549,2149.7157653783065,2167.5529042063727,True,True,True,True,True,True,sobol_train_val,,,
1264.0,2048.0,1.4770202906802297,0.1443562807515263,0.3506573669612407,0.6493426330387593,17,5,0.2941176470588235,1.730892005749047,0.5553317107260227,100.0,110.91236519142512,0.7786466419343538,0.007958356909555,1043.2508126110465,1057.5778673629395,True,True,True,True,True,True,sobol_train_val,,,
1265.0,2048.0,1.4401155719533565,0.1597974004223942,0.6551342818886041,0.3448657181113959,27,15,0.5555555555555556,3.690970044024288,0.5473968485370279,100.0,100.58897807936086,0.9999859076866398,0.3700014639126162,1753.2411692231676,1759.664476121,True,True,True,True,True,True,sobol_train_val,,,
1266.0,2048.0,1.996427210047841,0.1312538280151784,0.4977117735892534,0.5022882264107467,14,7,0.5,2.2611469061113896,0.4809722144156694,100.0,117.79090839444471,0.9224789134484692,0.0393425807165077,1391.585917196834,1408.4035487410824,True,True,True,True,True,True,sobol_train_val,,,
1267.0,2048.0,1.667724977247417,0.2699902075342834,0.5434034574776887,0.4565965425223113,20,7,0.35,1.6784329008311032,0.5729889523237943,100.0,109.3175485949705,0.9660919731431462,0.2284021034560357,942.9925865074792,953.0269442745404,True,True,True,True,True,True,sobol_train_val,,,
1268.0,2048.0,1.145732320845127,0.0354163622483611,0.3094181839376688,0.6905818160623312,20,14,0.7,3.551832726504654,0.4049896644428372,100.0,102.96487161008076,0.5177823284643881,0.0032899993459347,2440.214012644103,2447.298490917735,True,True,True,True,True,True,sobol_train_val,,,
1269.0,2048.0,1.0172497620806098,0.2618684685789048,0.4355322465300559,0.564467753469944,16,10,0.625,4.146984321344644,0.5906598487868905,100.0,94.5592659157412,0.998695546284255,0.045227850207194,1772.8628612605494,1791.2131676183049,True,True,True,True,True,True,sobol_train_val,,,
1270.0,2048.0,1.5462156794965267,0.0458981478586792,0.6179546773433685,0.3820453226566315,25,9,0.36,2.7461592933163046,0.4367353100329638,100.0,104.26628498053208,0.9983822557043012,0.1273204257492239,1735.8292680164784,1749.9013426330416,True,True,True,True,True,True,sobol_train_val,,,
1271.0,2048.0,1.867936541326344,0.207779192738235,0.3721897572278976,0.6278102427721024,12,5,0.4166666666666667,1.2095213170163333,0.5170305442065001,100.0,119.29858235003012,0.7132169563847376,0.0536289618905707,912.4191471834688,923.000275018962,True,True,True,True,True,True,sobol_train_val,,,
1272.0,2048.0,1.3185981716960669,0.0856321136467158,0.5811750963330269,0.4188249036669731,29,15,0.5172413793103449,3.1054737187922,0.4615313516929745,100.0,99.43318727839824,0.999971058713576,0.0925802495069533,1834.616833212238,1850.392073808905,True,True,True,True,True,True,sobol_train_val,,,
1273.0,2048.0,1.308334813453257,0.2947516478598118,0.3920290187001228,0.6079709812998773,24,11,0.4583333333333333,3.304824387375265,0.5801680613309145,100.0,104.97526165129705,0.932734602406284,0.0007602410641608,1521.5141075742724,1540.649177458232,True,True,True,True,True,True,sobol_train_val,,,
1274.0,2048.0,1.7551531363278627,0.0045131684280931,0.5611702769994735,0.4388297230005265,17,10,0.5882352941176471,1.8205664137378332,0.4481063613668084,100.0,110.75423815168013,0.968385203464714,0.0596487559169402,1278.7675421589777,1295.3978955069808,True,True,True,True,True,True,sobol_train_val,,,
1275.0,2048.0,1.5808780146762729,0.1754768100567162,0.4037598431110382,0.5962401568889618,30,20,0.6666666666666666,2.120511633809656,0.5057449655607342,100.0,111.69777169771696,0.8116576611271685,0.0051443159201987,1312.71586555795,1328.075196186175,True,True,True,True,True,True,sobol_train_val,,,
1276.0,2048.0,1.1056344136595726,0.1287686023861169,0.6494638666510582,0.3505361333489418,11,4,0.3636363636363636,3.933030893281102,0.4721329312771559,100.0,91.28139526025284,0.9888076350878368,0.2700614751750377,2186.641138308104,2195.3165790509383,True,True,True,True,True,True,sobol_train_val,,,
1277.0,2048.0,1.2272657891735437,0.2023645617999136,0.523551220074296,0.476448779925704,15,5,0.3333333333333333,2.939075489155948,0.5361234296113253,100.0,98.51701848438728,0.98229855781467,0.1266081605617227,1528.13340666197,1542.3105455941238,True,True,True,True,True,True,sobol_train_val,,,
1278.0,2048.0,1.7092385105788708,0.0995528474450111,0.3294100392609834,0.6705899607390166,25,16,0.64,1.4773703006096184,0.4915616342797875,100.0,117.29149746093644,0.6388259890054927,0.009371608295748,1093.8977779229415,1104.2105163166875,True,True,True,True,True,True,sobol_train_val,,,
1279.0,2048.0,1.8767926143482327,0.2280358683317899,0.6868937093764543,0.3131062906235456,19,10,0.5263157894736842,2.4733883902430533,0.5624850051477551,100.0,109.741240568227,0.99859552616418,0.4444443759429062,1235.0957740127958,1239.9430362065152,True,True,True,True,True,True,sobol_train_val,,,
1280.0,2048.0,1.4367034193128347,0.0689009134657681,0.4661896202713251,0.5338103797286748,22,10,0.4545454545454545,4.31490557519719,0.4163728754967451,100.0,106.05031535838054,0.7986842446094126,0.0001354552817492,2660.6560195817865,2674.9738477134783,True,True,True,True,True,True,sobol_train_val,,,
1281.0,2048.0,1.433911676518619,0.2277856031432747,0.381763981282711,0.6182360187172891,13,4,0.3076923076923077,1.8290591494180264,0.5955626539885998,100.0,108.73016508724056,0.8472105116715225,0.0656876401915033,973.5674936294386,986.9579373078218,True,True,True,True,True,True,sobol_train_val,,,
1282.0,2048.0,1.877600036561489,0.0682438096962869,0.5649665415287017,0.4350334584712982,27,17,0.6296296296296297,3.309234816022217,0.4260741954669356,100.0,113.27352177759644,0.982782719412842,0.0021767805725946,2016.8294107027773,2036.4659592373216,True,True,True,True,True,True,sobol_train_val,,,
1283.0,2048.0,1.708247766830027,0.2019676680676639,0.4200820535421371,0.5799179464578629,19,10,0.5263157894736842,3.9447462483309206,0.5215515462681651,100.0,114.14979172134554,0.8749977225301928,0.0027631129461061,1982.281547908166,1999.7255163861223,True,True,True,True,True,True,sobol_train_val,,,
1284.0,2048.0,1.2302404213696718,0.0984561486169695,0.6267217114567756,0.3732782885432244,21,9,0.4285714285714285,2.1216995414346456,0.4504639238119125,100.0,95.659155353774,0.9974409802528708,0.1744810529796803,1429.8413664973111,1441.9185204662588,True,True,True,True,True,True,sobol_train_val,,,
1285.0,2048.0,1.108730618841946,0.1749517380259931,0.5025428030639887,0.4974571969360113,24,12,0.5,1.476181993447244,0.539796220511198,100.0,95.52565576145128,0.9774368792842478,0.0976842811236925,959.0818058639782,974.3705501580332,True,True,True,True,True,True,sobol_train_val,,,
1286.0,2048.0,1.579764699563384,0.127836694009602,0.3443403083831071,0.6556596916168929,16,9,0.5625,2.9273605336435136,0.4828076666221023,100.0,113.7026917108396,0.6601407048681154,0.0060496307703264,1767.8249212645617,1778.803138852667,True,True,True,True,True,True,sobol_train_val,,,
1287.0,2048.0,1.7560830852016809,0.2946661731228232,0.6893468726426363,0.3106531273573637,28,19,0.6785714285714286,4.310494747012854,0.5650133876129985,100.0,107.10573080362792,0.99999909879459,0.4501831315141019,1884.3697006181003,1889.4368397079932,True,True,True,True,True,True,sobol_train_val,,,
1288.0,2048.0,1.305421452969313,0.0037278863601386,0.4577071372419595,0.5422928627580405,12,4,0.3333333333333333,2.464896054100245,0.4064256697893142,100.0,102.77096216599176,0.7675423866110918,0.0052020476838813,1782.4137532881955,1795.5096220878738,True,True,True,True,True,True,sobol_train_val,,,
1289.0,2048.0,1.317637930624187,0.2082720726728439,0.6718448225408792,0.3281551774591208,17,11,0.6470588235294118,2.266350951232016,0.5253128027543426,100.0,96.8981908561184,0.999279290238544,0.3759661755137104,1286.9887326357089,1293.1948047864678,True,True,True,True,True,True,sobol_train_val,,,
1290.0,2048.0,1.870819605886936,0.0865959190763533,0.4753610122948885,0.5246389877051115,23,7,0.3043478260869565,3.698644084576517,0.4964125834405422,100.0,115.9158567581519,0.9438262485575266,0.0001451772989014,1945.5434380524875,1965.1169351062797,True,True,True,True,True,True,sobol_train_val,,,
1291.0,2048.0,1.5431492337957025,0.2619220395572483,0.5335267502814531,0.4664732497185468,11,5,0.4545454545454545,3.5538139555603268,0.5512741684913636,100.0,106.65975464095158,0.9799785988042355,0.1701224515172396,1687.814202517872,1700.312000388929,True,True,True,True,True,True,sobol_train_val,,,
1292.0,2048.0,1.0183928329497576,0.046715610846877,0.3136058423668146,0.6863941576331853,29,15,0.5172413793103449,1.689329659100622,0.4208481250330806,100.0,98.62717362145264,0.5414282462532605,8.750225791408141e-05,1408.441998096431,1416.29921804294,True,True,True,True,True,True,sobol_train_val,,,
1293.0,2048.0,1.1467538373544812,0.2702085779048502,0.4375955417752266,0.5624044582247734,26,15,0.5769230769230769,2.73526214780286,0.5818601047620178,100.0,98.7184629465658,0.9998683898231692,0.0335235595109459,1305.9526057613036,1325.119937393864,True,True,True,True,True,True,sobol_train_val,,,
1294.0,2048.0,1.6647811140865088,0.0361056558787822,0.6090792864561081,0.3909207135438919,14,6,0.4285714285714285,4.145003479532897,0.4404599808156491,100.0,107.31493395100848,0.9949214557130192,0.1189132848963256,2359.449990577874,2373.918592902478,True,True,True,True,True,True,sobol_train_val,,,
1295.0,2048.0,1.9991877665743232,0.1601621109992265,0.3507914721965789,0.649208527803421,22,8,0.3636363636363636,3.097799290996045,0.5070314586162568,100.0,122.78020771265189,0.7112931787055652,0.0002892456788995,1719.8753394242178,1732.623437505211,True,True,True,True,True,True,sobol_train_val,,,
1296.0,2048.0,1.439276959747076,0.1323824328370392,0.5957124575972557,0.4042875424027443,18,12,0.6666666666666666,1.2043176591396332,0.4641055105254054,100.0,102.22913129029496,0.9556123235404752,0.1801423710008129,984.6469319481682,995.8505456540494,True,True,True,True,True,True,sobol_train_val,,,
1297.0,2048.0,1.4795092344284058,0.1541208785958588,0.4974794369190931,0.5025205630809069,29,12,0.4137931034482758,4.194233424961567,0.4316160257905722,100.0,106.1739345691126,0.8752682241331046,8.655698348010678e-06,2495.1147239117463,2510.121043155295,True,True,True,True,True,True,sobol_train_val,,,
1298.0,2048.0,1.9589795200154183,0.1451324064284563,0.6556834306567907,0.3443165693432093,12,6,0.5,2.787722039502114,0.5902159454300999,100.0,112.29358238430984,0.989822643861382,0.4236923917556536,1260.3248901934269,1265.4496721442265,True,True,True,True,True,True,sobol_train_val,,,
1299.0,2048.0,1.6273566577583551,0.2785960547626018,0.3108218308538198,0.6891781691461802,25,15,0.6,1.3599207205697894,0.4575684869661927,100.0,116.04165078658076,0.5697434430063735,0.0038797343249158,1124.186654428267,1132.7857350806212,True,True,True,True,True,True,sobol_train_val,,,
1300.0,2048.0,1.184154667891562,0.0256378577090799,0.542463107034564,0.457536892965436,16,5,0.3125,3.250186568219214,0.5146424863487482,100.0,96.68040416280776,0.9873555776998798,0.1228893822238395,1726.607695489063,1740.983108191195,True,True,True,True,True,True,sobol_train_val,,,
1301.0,2048.0,1.0546883922070265,0.2492360886186361,0.6181133024394512,0.3818866975605488,20,7,0.35,3.8542531943880016,0.4756542798131704,100.0,90.4889438297289,0.998465321605177,0.1988231046317936,2138.043388244733,2149.279034206208,True,True,True,True,True,True,sobol_train_val,,,
1302.0,2048.0,1.506816771812737,0.0526743669994175,0.4349091835319996,0.5650908164680004,20,14,0.7,2.4187320817261933,0.5467541040852666,100.0,108.84369915081952,0.9138279835808976,0.0379046090560882,1298.8150544114192,1315.5549598771572,True,True,True,True,True,True,sobol_train_val,,,
1303.0,2048.0,1.8295194394886491,0.2186574124731123,0.579844031482935,0.420155968517065,14,8,0.5714285714285714,1.738566144648939,0.4008350158110261,100.0,111.81207368181992,0.9273701911637622,0.0603686443193128,1355.5037103022212,1370.34098569074,True,True,True,True,True,True,sobol_train_val,,,
1304.0,2048.0,1.3589755510911343,0.0782724469900131,0.3732028685510158,0.6267971314489842,27,13,0.4814814814814814,3.606267405487597,0.5704089198261499,100.0,107.01173575047602,0.8683944007492421,0.0002525942110595,1682.5865711374329,1699.8776064528995,True,True,True,True,True,True,sobol_train_val,,,
1305.0,2048.0,1.2676613181829453,0.281675800960511,0.5621840558946132,0.4378159441053868,22,11,0.5,2.981425508391112,0.4892592402175069,100.0,98.55224141601089,0.9995898735981784,0.1055622381034572,1691.3544417087985,1706.7378033173352,True,True,True,True,True,True,sobol_train_val,,,
1306.0,2048.0,1.7938806591555476,0.0093822380527853,0.3906988121569156,0.6093011878430843,19,8,0.4210526315789473,1.5270296104252337,0.5322706427425146,100.0,117.0567663516685,0.8131807771733189,0.0194468548839774,997.894911353462,1012.7230053771336,True,True,True,True,True,True,sobol_train_val,,,
1307.0,2048.0,1.6205768529325724,0.1856185929849743,0.6488416619598865,0.3511583380401135,25,8,0.32,2.618888316024095,0.4152574185281992,100.0,105.16699192156364,0.997197006373302,0.1583222590656139,1736.3389208977835,1748.908417099294,True,True,True,True,True,True,sobol_train_val,,,
1308.0,2048.0,1.0678815478459,0.1197947560809552,0.4039191357791423,0.5960808642208577,15,10,0.6666666666666666,4.467715381644666,0.5566697532311082,100.0,97.26702221407952,0.8925612875164014,0.0147679136786309,2078.5550559165217,2095.689252297866,True,True,True,True,True,True,sobol_train_val,,,
1309.0,2048.0,1.1885435115545988,0.1962491674348712,0.3284703563898801,0.6715296436101199,11,7,0.6363636363636364,3.463233618065715,0.446001854725182,100.0,103.62380286530016,0.5797349047111197,0.0163641527245162,2208.72199652501,2217.06431853248,True,True,True,True,True,True,sobol_train_val,,,
1310.0,2048.0,1.7499210657551885,0.1115288372151553,0.5249557252973318,0.4750442747026682,30,12,0.4,1.986273342277855,0.5765133526176214,100.0,111.73735715231128,0.9954881995569418,0.1793280218615789,1033.1473589469254,1045.7036679698638,True,True,True,True,True,True,sobol_train_val,,,
1311.0,2048.0,1.9145364202558997,0.2359098753891885,0.4667396273463964,0.5332603726536036,17,8,0.4705882352941176,2.1757705645635723,0.4712100211530924,100.0,117.11100646829362,0.8731813591461841,0.010636242832587,1397.29279922081,1414.000539144954,True,True,True,True,True,True,sobol_train_val,,,
1312.0,2048.0,1.396999335847795,0.0575127879157662,0.6866620402783155,0.3133379597216845,24,14,0.5833333333333334,3.995587718579918,0.500122451223433,100.0,98.6235729164418,0.9999844906640548,0.3734930479743782,2065.693166024518,2071.9838101755126,True,True,True,True,True,True,sobol_train_val,,,
1314.0,2048.0,1.9241955867037177,0.0962599539197981,0.3241894740611314,0.6758105259388685,13,9,0.6923076923076923,2.569143038056791,0.5183310134336352,100.0,122.18694271069296,0.6312857058951659,0.0388147501312491,1482.9242568317666,1491.9731357418905,True,True,True,True,True,True,sobol_train_val,,,
1315.0,2048.0,1.7245755400508642,0.2299843688495457,0.6659489680081605,0.3340510319918395,20,11,0.55,1.5799978519789877,0.4357399990782142,100.0,107.05686406046205,0.9948423177351658,0.2400497251513151,1190.5553356388446,1200.4462613274973,True,True,True,True,True,True,sobol_train_val,,,
1316.0,2048.0,1.213920165784657,0.0704420026391744,0.4874343756586313,0.5125656243413688,20,10,0.5,3.0315822668373587,0.5927285917103291,100.0,99.21075463122077,0.9988551617555596,0.1360344468447347,1369.1061575542494,1383.1607398606332,True,True,True,True,True,True,sobol_train_val,,,
1317.0,2048.0,1.0933792907744646,0.2968623683787882,0.3614240333437919,0.6385759666562081,15,6,0.4,4.048562051542104,0.4037876859307289,100.0,99.50221112433746,0.60588742941329,0.0004620644669494,2692.3551117306474,2701.5723438961923,True,True,True,True,True,True,sobol_train_val,,,
1318.0,2048.0,1.5951082715764642,0.0059235088527202,0.5915015459060669,0.4084984540939331,24,13,0.5416666666666666,2.2259212316013874,0.574875263683498,100.0,106.1977356483248,0.999320444801304,0.2899166355834195,1125.8510127165969,1134.5236716565023,True,True,True,True,True,True,sobol_train_val,,,
1319.0,2048.0,1.8036628141999245,0.172753544524312,0.4496199876070022,0.5503800123929978,11,7,0.6363636363636364,1.9329001050442456,0.4790004363283515,100.0,115.3060114575764,0.7905929122185207,0.0787508684707727,1294.353341013675,1305.7845104100438,True,True,True,True,True,True,sobol_train_val,,,
1320.0,2048.0,1.25784922670573,0.1256379288621247,0.6031346932053565,0.3968653067946435,28,9,0.3214285714285714,3.413481855299324,0.5484889335930347,100.0,97.1073685747844,0.9991976998524628,0.2771163147569916,1658.308510275078,1667.229893301792,True,True,True,True,True,True,sobol_train_val,,,
1321.0,2048.0,1.364788632839918,0.2550379196181893,0.4173104301095008,0.5826895698904991,23,15,0.6521739130434783,3.200434897653758,0.4174292219802737,100.0,105.70534922075689,0.714747941159205,0.0022027983139484,2132.1386589804933,2144.1639923912803,True,True,True,True,True,True,sobol_train_val,,,
1322.0,2048.0,1.8236766597256064,0.0398320636712014,0.6356693178415298,0.3643306821584702,16,6,0.375,1.3065473911352454,0.5603552266955376,100.0,110.06294511002392,0.9578225646490836,0.3829138482347435,832.8135958053577,838.3659387735386,True,True,True,True,True,True,sobol_train_val,,,
1323.0,2048.0,1.5282233711332085,0.2151576275937259,0.3806285738945007,0.6193714261054992,29,13,0.4482758620689655,2.837872602045536,0.4933862663805485,100.0,111.18085090526824,0.7512533619544495,7.148829616690929e-05,1674.069396430804,1687.8711244412552,True,True,True,True,True,True,sobol_train_val,,,
1324.0,2048.0,1.0333111928775909,0.0934820456430316,0.57242441624403,0.42757558375597,10,6,0.6,4.247207862418144,0.5347863396629691,100.0,91.0428955870948,0.9924953855387404,0.2069984900452481,2055.237020389349,2066.2427281362834,True,True,True,True,True,True,sobol_train_val,,,
1325.0,2048.0,1.16265638358891,0.1670456587336957,0.6982455495744944,0.3017544504255056,15,8,0.5333333333333333,3.656424465123564,0.4741657448932528,100.0,91.75653287201452,0.999273934107911,0.3644150068894766,2046.1144846096931,2052.428014753627,True,True,True,True,True,True,sobol_train_val,,,
1326.0,2048.0,1.64888630900532,0.1392665522173047,0.4548867870122194,0.5451132129877806,25,11,0.44,1.7915340850129722,0.5045918449759483,100.0,111.64053076241557,0.914406420591739,0.003739010820634,1152.8142728005596,1171.2811118936825,True,True,True,True,True,True,sobol_train_val,,,
1327.0,2048.0,1.953013740479946,0.2633224507793784,0.510049595311284,0.489950404688716,18,6,0.3333333333333333,2.368986514862627,0.4493449606001377,100.0,116.5219245316818,0.9235188135304528,0.0033774709287445,1527.1401103096043,1545.4328944311446,True,True,True,True,True,True,sobol_train_val,,,
1328.0,2048.0,1.4854434682056308,0.0292201015166938,0.3432536397129297,0.6567463602870702,22,14,0.6363636363636364,3.8008737612515686,0.5782451292499899,100.0,111.38570949888174,0.8073799343387947,0.0047284597735954,1730.9431367075254,1746.1992407282885,True,True,True,True,True,True,sobol_train_val,,,
1329.0,2048.0,1.464652038179338,0.276106462161988,0.6383555822074413,0.3616444177925587,12,6,0.5,1.635955635085702,0.5237265903502702,100.0,101.67496077883516,0.9763098373330534,0.3310226713108952,1040.944078305243,1047.984557706961,True,True,True,True,True,True,sobol_train_val,,,
1330.0,2048.0,1.973844472318888,0.0231488367542624,0.4082765109837055,0.5917234890162946,28,16,0.5714285714285714,3.504062979575246,0.4541526416316628,100.0,120.27060140058391,0.7476231179813002,0.0004074298827498,2083.9950974407693,2097.448948462252,True,True,True,True,True,True,sobol_train_val,,,
1331.0,2048.0,1.6744386972859502,0.1566118972375988,0.5500131167471409,0.449986883252859,16,11,0.6875,3.751617630757392,0.5996864365413785,100.0,109.27275073286712,0.9994470840961044,0.2499988206428532,1556.8822074293944,1566.7907581802992,True,True,True,True,True,True,sobol_train_val,,,
1332.0,2048.0,1.1370651256293058,0.1476239978335797,0.3964969061315059,0.603503093868494,24,8,0.3333333333333333,2.316502405051142,0.4285866510123015,100.0,99.73657991318288,0.6938682937399204,2.6958668383484666e-05,1672.5453560459127,1684.2196274079854,True,True,True,True,True,True,sobol_train_val,,,
1333.0,2048.0,1.0085830325260758,0.2211464328691363,0.4710480850189924,0.5289519149810076,21,7,0.3333333333333333,1.2572851139120758,0.5679662484675646,100.0,93.16591385472708,0.91904114421788,0.1302806077139879,834.4428728969033,846.7626710371708,True,True,True,True,True,True,sobol_train_val,,,
1334.0,2048.0,1.5529298726469278,0.0807620401494205,0.6761272218078375,0.3238727781921625,19,11,0.5789473684210527,3.147956836223602,0.4108922043815255,100.0,102.8133331848681,0.9997256686131916,0.212174088652173,2009.086856875471,2019.668150109782,True,True,True,True,True,True,sobol_train_val,,,
1335.0,2048.0,1.8453533230349424,0.2467444977723062,0.3343173798173666,0.6656826201826334,27,14,0.5185185185185185,4.09162297071889,0.5431421862915158,100.0,120.14665302971956,0.7314592224483341,0.0002680908603235,1985.294121640113,1998.6641026939385,True,True,True,True,True,True,sobol_train_val,,,
1336.0,2048.0,1.3431341499090197,0.0501833477988839,0.5128335129469632,0.4871664870530368,13,5,0.3846153846153846,2.6855176566168666,0.4845423053950071,100.0,102.11595560110902,0.961076791706789,0.0359734927309884,1587.9401729869828,1605.728714126367,True,True,True,True,True,True,sobol_train_val,,,
1337.0,2048.0,1.2840424990281465,0.1784425062127411,0.3017766486853361,0.6982233513146638,18,10,0.5555555555555556,2.07195476135239,0.5534461626783014,100.0,107.39251277992751,0.6651647442095322,0.0085738428460471,1207.514129674093,1218.6338309505047,True,True,True,True,True,True,sobol_train_val,,,
1338.0,2048.0,1.7774917371571064,0.1126180965453386,0.5451369699090719,0.4548630300909281,22,10,0.4545454545454545,3.891366028413176,0.4245337892323733,100.0,111.7288386518066,0.946998182403164,0.0004086664183686,2320.577384298364,2339.214333671103,True,True,True,True,True,True,sobol_train_val,,,
1339.0,2048.0,1.57392015773803,0.2888550393283367,0.4901191141456365,0.5098808858543635,14,5,0.3571428571428571,3.359392662439495,0.5294396381825208,100.0,108.7403606271696,0.9758766700807794,0.058374880144855,1693.8414141338988,1711.3048138639542,True,True,True,True,True,True,sobol_train_val,,,
1340.0,2048.0,1.1145457606762648,0.0165609047748148,0.6569165747612714,0.3430834252387286,26,17,0.6538461538461539,1.882026303000748,0.4989280896261334,100.0,91.36274307969404,0.9999370085598652,0.3124225018107454,1209.2509398717516,1216.9837676130478,True,True,True,True,True,True,sobol_train_val,,,
1341.0,2048.0,1.2361766481772063,0.2430865343660116,0.5825668118894101,0.4174331881105899,29,19,0.6551724137931034,2.515047403424978,0.5099873730912805,100.0,97.06360265814834,0.9999923410444438,0.1814935199431791,1431.8544583526,1444.8413696401017,True,True,True,True,True,True,sobol_train_val,,,
1342.0,2048.0,1.7022801730781794,0.064688875246793,0.3642064251005649,0.635793574899435,11,3,0.2727272727272727,4.363468397688121,0.468575095012784,100.0,115.90866853358044,0.681518140436294,0.0043348606183053,2462.332300687712,2473.883117884762,True,True,True,True,True,True,sobol_train_val,,,
1343.0,2048.0,1.8991316882893443,0.1890705012716353,0.6192975170910358,0.3807024829089642,23,10,0.4347826086956521,2.8776096498593686,0.5852030199021101,100.0,112.11691134495736,0.9986633305356584,0.3503998379877939,1306.2069679012109,1313.2360022431649,True,True,True,True,True,True,sobol_train_val,,,
1344.0,2048.0,1.4124115705490112,0.104349598288536,0.4275001339614391,0.572499866038561,17,9,0.5294117647058824,1.4228078772313892,0.4421915667131543,100.0,106.65078907761108,0.7555735030247215,0.0136492055736574,1168.210403825646,1181.0926006873135,True,True,True,True,True,True,sobol_train_val,,,
1345.0,2048.0,1.4169032806530597,0.1688941036351025,0.6094063591212033,0.3905936408787966,22,15,0.6818181818181818,2.7120758623816075,0.402621790766716,100.0,101.2617441633227,0.9997602924539264,0.0302680312988531,1832.9615841929813,1850.84062773721,True,True,True,True,True,True,sobol_train_val,,,
1346.0,2048.0,1.8946016374975445,0.1221858959645032,0.4433901067823171,0.5566098932176828,18,7,0.3888888888888889,4.166477655060589,0.5690097538754344,100.0,117.45671858446264,0.9919419846377244,0.0278822753218124,1811.2228132126784,1830.9326453113747,True,True,True,True,True,True,sobol_train_val,,,
1347.0,2048.0,1.690937059931457,0.2978370353579521,0.597724362835288,0.402275637164712,26,13,0.5,3.07461307933554,0.4770412569865584,100.0,108.2393127618883,0.9998385240937528,0.1569116710888086,1742.880897095339,1756.2416868133394,True,True,True,True,True,True,sobol_train_val,,,
1348.0,2048.0,1.2475576847791672,0.0075985559262335,0.3551453452557325,0.6448546547442675,14,8,0.5714285714285714,1.2257919084280728,0.54497956559062,100.0,104.47002139276113,0.7152610394329108,0.0544738874542953,886.7744476138128,897.3118152056414,True,True,True,True,True,True,sobol_train_val,,,
1349.0,2048.0,1.1190679436549544,0.233446717634797,0.4811617456376552,0.5188382543623448,11,6,0.5454545454545454,2.2431642970070245,0.4593583971261978,100.0,96.49838109766443,0.8580187660924938,0.0376215152072034,1509.3318988622289,1523.8929590710209,True,True,True,True,True,True,sobol_train_val,,,
1350.0,2048.0,1.5694205798208714,0.0743117627687752,0.6721779324114322,0.3278220675885678,29,12,0.4137931034482758,3.72011867808178,0.5132462648674846,100.0,103.31613058065636,0.9999041244460904,0.3613674574907005,1887.736289563796,1894.4293310101295,True,True,True,True,True,True,sobol_train_val,,,
1351.0,2048.0,1.766118091531098,0.1981072814203798,0.3179657407104969,0.6820342592895031,17,6,0.3529411764705882,3.530627325922251,0.4330000584945083,100.0,118.9907832991164,0.5605313995043518,0.0003338932589557,2246.5690980489585,2254.9174435263294,True,True,True,True,True,True,sobol_train_val,,,
1352.0,2048.0,1.2953930031508207,0.0952955670654773,0.5355448357760906,0.4644551642239094,23,14,0.6086956521739131,1.7108042771928011,0.5884382717311383,100.0,100.11512033387235,0.9973152742764836,0.2125770168036864,927.3201251495938,938.336236443653,True,True,True,True,True,True,sobol_train_val,,,
1353.0,2048.0,1.332004644908011,0.2669232557527721,0.3494756929576397,0.6505243070423603,28,11,0.3928571428571428,1.499368647672236,0.4698627052828669,100.0,107.07656353645126,0.6590933321811876,0.0001407952060062,1164.8857360508669,1176.0049238092631,True,True,True,True,True,True,sobol_train_val,,,
1354.0,2048.0,1.8564596865326168,0.0323494104668498,0.5037731952965259,0.4962268047034741,12,8,0.6666666666666666,2.9058859401382504,0.5018634080886841,100.0,114.70900754804865,0.9295472396080668,0.0811645832851886,1605.1080061240853,1620.2139911659788,True,True,True,True,True,True,sobol_train_val,,,
1355.0,2048.0,1.5572079150006175,0.1663982922211289,0.461157689243555,0.538842310756445,24,14,0.5833333333333334,4.3336813766509295,0.4442730747163296,100.0,109.24800057010545,0.8293036089656994,0.0006542478004065,2517.65351063317,2533.199763114868,True,True,True,True,True,True,sobol_train_val,,,
1356.0,2048.0,1.0043275952339172,0.1378547198139131,0.6920179568231105,0.3079820431768895,16,7,0.4375,2.443421436008066,0.5778484439477325,100.0,86.86673664297797,0.9969618887154916,0.4692389808793651,1224.429580725346,1228.4254879618873,True,True,True,True,True,True,sobol_train_val,,,
1357.0,2048.0,1.1259661531075835,0.2120180016383528,0.5662029724568128,0.4337970275431871,19,8,0.4210526315789473,1.8522454348392785,0.4139069674536586,100.0,94.212285143359,0.9637015568895304,0.003366723149292,1409.8446937342455,1428.175284570028,True,True,True,True,True,True,sobol_train_val,,,
1358.0,2048.0,1.6855755932629108,0.0898709225468337,0.3869055356830358,0.6130944643169642,21,11,0.5238095238095238,3.287760640494525,0.5584077656269073,100.0,114.74432424641611,0.8720490624033321,0.0032515543773647,1588.654487463319,1606.011657061092,True,True,True,True,True,True,sobol_train_val,,,
1359.0,2048.0,1.978092041797936,0.2564394696615636,0.6293989773839712,0.3706010226160288,13,8,0.6153846153846154,3.9679324599914247,0.4875334046781063,100.0,113.43002838957416,0.9972749212434164,0.242706207670708,2062.5926359979194,2072.8937658657323,True,True,True,True,True,True,sobol_train_val,,,
1360.0,2048.0,1.460366128012538,0.040469148941338,0.4235386323183774,0.5764613676816226,27,9,0.3333333333333333,2.100225292146206,0.5336088692769408,100.0,108.03177767000624,0.907724877980458,0.0003520350840671,1215.5955805943106,1234.1044731978077,True,True,True,True,True,True,sobol_train_val,,,
1361.0,2048.0,1.4978012759238482,0.2460743816569447,0.519055588543415,0.4809444114565849,17,10,0.5882352941176471,3.440148040652275,0.5636629555374384,100.0,105.97446872580588,0.9989420063295592,0.1475694879331331,1596.5767586419922,1610.4267691202415,True,True,True,True,True,True,sobol_train_val,,,
1362.0,2048.0,1.9406942734494803,0.0488128527067601,0.3280409544706344,0.6719590455293656,23,11,0.4782608695652174,2.007848225813359,0.4081637108698487,100.0,122.39222890631385,0.5539030696460804,0.0005417266323132,1548.2072384061903,1556.200816349157,True,True,True,True,True,True,sobol_train_val,,,
1363.0,2048.0,1.6453330293297768,0.2247242021374404,0.682398098707199,0.3176019012928009,10,4,0.4,2.1526850609108807,0.538070404715836,100.0,104.8150382351672,0.9727084965729728,0.4331688208171724,1200.076203055976,1204.724985863162,True,True,True,True,True,True,sobol_train_val,,,
1365.0,2048.0,1.0456385277211666,0.1579904205165803,0.3902753893285989,0.609724610671401,25,15,0.6,2.958339562173933,0.5202042493969202,100.0,96.96941033481272,0.8120316481469019,0.0012892213243571,1653.430019257243,1668.9118012457743,True,True,True,True,True,True,sobol_train_val,,,
1366.0,2048.0,1.5158734312281013,0.148302143253386,0.5562901485711336,0.4437098514288664,14,5,0.3571428571428571,1.5486049119383096,0.4522049093618989,100.0,105.3082153525154,0.9417801867279092,0.0893112230817166,1163.4470003697893,1177.9401426634104,True,True,True,True,True,True,sobol_train_val,,,
1367.0,2048.0,1.820153912529349,0.272944095544517,0.4020062405616045,0.5979937594383955,21,9,0.4285714285714285,2.5958023943938318,0.5938338937237859,100.0,117.24723810599365,0.9675493306883391,0.015179714629432,1197.208533208368,1216.7178657757518,True,True,True,True,True,True,sobol_train_val,,,
1368.0,2048.0,1.3683345215395093,0.0195790599100291,0.6445837114006281,0.3554162885993719,18,10,0.5555555555555556,4.489290707744658,0.4274093147367239,100.0,99.00511223602086,0.9998109739223676,0.1686882120705301,2603.160319483923,2615.373710348891,True,True,True,True,True,True,sobol_train_val,,,
1369.0,2048.0,1.2545706201344728,0.1900038309395313,0.4337717745453119,0.5662282254546881,13,6,0.4615384615384615,3.877339140605181,0.5088213497772813,100.0,102.0789765511858,0.8754362335577553,0.0074267519638073,2043.415434958044,2060.413249454691,True,True,True,True,True,True,sobol_train_val,,,
1370.0,2048.0,1.806964562274516,0.1060473949648439,0.6130676586180925,0.3869323413819074,26,15,0.5769230769230769,2.397156780213117,0.4627092603594064,100.0,110.35487515051034,0.999814960945918,0.1639818552073259,1486.713100763843,1499.7435877293783,True,True,True,True,True,True,sobol_train_val,,,
1371.0,2048.0,1.60719146579504,0.2391860422678291,0.3704292643815279,0.6295707356184721,19,13,0.6842105263157895,1.7616520662792028,0.5832441177219152,100.0,113.46156784507276,0.8035154246425205,0.0609692870054729,979.9173476793582,992.4556860670334,True,True,True,True,True,True,sobol_train_val,,,
1372.0,2048.0,1.0812734914943576,0.0612598780542612,0.5762880984693766,0.4237119015306234,20,8,0.4,3.5846920793876054,0.4386822791770101,100.0,92.50852736756684,0.9988906665693422,0.0355317773199059,2158.7825728544426,2176.7940524990586,True,True,True,True,True,True,sobol_train_val,,,
1373.0,2048.0,1.2106110267341137,0.2871492155827582,0.650644014775753,0.349355985224247,25,8,0.32,4.217319002375007,0.5530609244480729,100.0,94.43693192258172,0.9992619051471952,0.3689195266062094,1944.4564357946213,1950.7732033216728,True,True,True,True,True,True,sobol_train_val,,,
1374.0,2048.0,1.7278467556461692,0.0156195446848869,0.4963480055332183,0.5036519944667817,15,10,0.6666666666666666,2.766147155966609,0.4194489303976297,100.0,112.13264008979404,0.8347271935893537,0.0280064874540679,1843.662585202018,1857.8019357844091,True,True,True,True,True,True,sobol_train_val,,,
1375.0,2048.0,1.936309253796935,0.1818635087460279,0.5389131635427474,0.4610868364572525,28,15,0.5357142857142857,1.3830062242224812,0.526699760183692,100.0,115.28271564629296,0.9554374797189692,0.1646240797334203,923.1224678669925,935.4361241238372,True,True,True,True,True,True,sobol_train_val,,,
1376.0,2048.0,1.3752330588176849,0.1165105973370373,0.3080544427037239,0.691945557296276,12,5,0.4166666666666667,3.228611610922962,0.4946380170062184,100.0,109.7197570694522,0.6051225826966633,0.0045459976485425,1887.976557599624,1897.61226855239,True,True,True,True,True,True,sobol_train_val,,,
1377.0,2048.0,1.4005182962864635,0.2906576584093273,0.4514284394681453,0.5485715605318546,19,12,0.631578947368421,3.634443159867078,0.5417551167309285,100.0,105.56639542616148,0.9721323786392738,0.0109947472880652,1766.9450190737984,1786.775913943188,True,True,True,True,True,True,sobol_train_val,,,
1378.0,2048.0,1.9109943779185412,0.0004197506234049,0.6955696739256382,0.3044303260743618,22,7,0.3181818181818182,1.8150259857997295,0.486316960118711,100.0,110.20600086226654,0.9890361846766796,0.3855893169309399,1176.284032078073,1182.2874646201783,True,True,True,True,True,True,sobol_train_val,,,
1379.0,2048.0,1.7375975735485554,0.1760703379288315,0.3381104119122028,0.6618895880877972,15,6,0.4,2.3470052341930567,0.5661794168874621,100.0,117.62864585710793,0.7651773000462556,0.0108825997096248,1237.7749240297017,1251.58147202914,True,True,True,True,True,True,sobol_train_val,,,
1380.0,2048.0,1.2008896684274075,0.1293627030216157,0.5088144592940806,0.4911855407059193,25,14,0.56,3.824365686625242,0.4122914984822273,100.0,98.1765202763704,0.8655460288580045,0.0002792840932406,2428.431669593938,2444.359210473416,True,True,True,True,True,True,sobol_train_val,,,
1381.0,2048.0,1.0714309811592102,0.2052860861644148,0.6329994212836028,0.3670005787163972,30,17,0.5666666666666667,3.1784539612010123,0.5983025260269641,100.0,90.63141937153392,0.9999958140269304,0.3865998856760363,1405.2834947137292,1411.7455311249248,True,True,True,True,True,True,sobol_train_val,,,
1382.0,2048.0,1.6170652834698558,0.1024749445728957,0.4138583119958638,0.5861416880041361,10,5,0.5,1.3300388739444315,0.4303642740473151,100.0,112.23136541142172,0.68963202519848,0.048841046023836,1149.0125666129709,1158.728098852035,True,True,True,True,True,True,sobol_train_val,,,
1383.0,2048.0,1.7815266344696283,0.2262699111364781,0.5711954977363347,0.4288045022636653,24,9,0.375,2.815891739353537,0.521936790458858,100.0,111.03363053788144,0.9973740391156632,0.1808559737074972,1488.0098119148831,1500.6039170677573,True,True,True,True,True,True,sobol_train_val,,,
1384.0,2048.0,1.279976942576468,0.0671355279162526,0.3754913371056318,0.6245086628943681,17,12,0.7058823529411765,4.270699418988079,0.4555487766861916,100.0,104.7214841909256,0.6821379875279634,0.0090017143356246,2520.6996441886054,2531.952924936185,True,True,True,True,True,True,sobol_train_val,,,
1385.0,2048.0,1.3468656670302153,0.1639074121601879,0.5894848506897687,0.4105151493102312,12,4,0.3333333333333333,4.070542987994849,0.586931880377233,100.0,99.96840913946149,0.9829066107254332,0.3126044661894099,1742.5133810586526,1750.0464939310075,True,True,True,True,True,True,sobol_train_val,,,
1386.0,2048.0,1.841590923257172,0.1353632669895887,0.3570623662322759,0.6429376337677241,29,18,0.6206896551724138,2.202429748792201,0.4408563710749149,100.0,119.26044865942544,0.6376764558627129,0.0011562020818279,1547.8546133885293,1558.1793343356317,True,True,True,True,True,True,sobol_train_val,,,
1387.0,2048.0,1.5101220645010471,0.2694127008318901,0.6028028782457113,0.3971971217542887,15,8,0.5333333333333333,1.954880967736244,0.5113347575068474,100.0,103.81317370874784,0.990437336930523,0.2323549250978544,1191.5418176822166,1201.8905139488318,True,True,True,True,True,True,sobol_train_val,,,
1388.0,2048.0,1.05142096336931,0.0348382839001715,0.4438175808638334,0.5561824191361666,25,11,0.44,3.3899902987293897,0.4668339980766177,100.0,95.4538903605769,0.8323647249901819,5.763757322451591e-05,2030.2076409966849,2045.9501826332912,True,True,True,True,True,True,sobol_train_val,,,
1389.0,2048.0,1.172075316309929,0.2589309219270944,0.3198340348899364,0.6801659651100636,21,9,0.4285714285714285,4.436316964868456,0.5311653396114707,100.0,103.41966236430642,0.6820352358949552,0.0001365519799027,2249.497786375849,2261.447778010409,True,True,True,True,True,True,sobol_train_val,,,
1390.0,2048.0,1.639458674006164,0.0429600295610725,0.5272563941776752,0.4727436058223248,20,12,0.6,2.545651137270033,0.4975899256765842,100.0,109.15200913652887,0.9982235272059702,0.0517055012286685,1460.3135522291302,1478.6191658983755,True,True,True,True,True,True,sobol_train_val,,,
1391.0,2048.0,1.9622543398290877,0.2095291287638247,0.4816379584372043,0.5183620415627956,27,18,0.6666666666666666,1.6019791326485573,0.554796515405178,100.0,117.6130413458817,0.9431154442750446,0.1113127762688643,949.6266553369732,963.8725503901228,True,True,True,True,True,True,sobol_train_val,,,
1392.0,2048.0,1.4762113327160478,0.0873814769089221,0.6656233690679073,0.3343766309320927,14,5,0.3571428571428571,3.008090341463685,0.42279585134238,100.0,101.21605550605204,0.9907832651226632,0.2217125932705125,1911.4779183041585,1921.635887012645,True,True,True,True,True,True,sobol_train_val,,,
1393.0,2048.0,1.4506467627361417,0.2178387947380542,0.3669752839952707,0.6330247160047293,23,12,0.5217391304347826,2.493166806176305,0.4807261597365141,100.0,109.66918572494296,0.7057794290623319,0.0010046840453312,1576.9649011143742,1589.3776941763397,True,True,True,True,True,True,sobol_train_val,,,
1394.0,2048.0,1.9878410454839468,0.0770464212633669,0.5861149001866579,0.4138850998133421,17,7,0.4117647058823529,4.38706100648269,0.5471507953479886,100.0,114.89652635547104,0.9968266718645876,0.246189681720341,1975.954262475164,1986.2332698313048,True,True,True,True,True,True,sobol_train_val,,,
1395.0,2048.0,1.6602627178654077,0.2529583630152046,0.4286327499896287,0.5713672500103713,29,10,0.3448275862068966,2.855729077197611,0.4051380613818764,100.0,112.7608595854,0.7205555436691482,5.308594099633751e-06,1973.8128395175688,1984.0998084247813,True,True,True,True,True,True,sobol_train_val,,,
1396.0,2048.0,1.1512495689094069,0.0556962613016366,0.6243353638797998,0.3756646361202002,11,7,0.6363636363636364,1.4464005106128752,0.5731373507529497,100.0,93.37361660475044,0.9754867208379964,0.3628043762810283,877.5476041010827,883.569330293652,True,True,True,True,True,True,sobol_train_val,,,
1397.0,2048.0,1.0297321630641818,0.279830075148493,0.548691226541996,0.451308773458004,14,10,0.7142857142857143,2.0500745329074563,0.4374688815325498,100.0,91.5953755327954,0.9207178476902051,0.0703075682101982,1466.0968371844135,1480.4236717661831,True,True,True,True,True,True,sobol_train_val,,,
1398.0,2048.0,1.5317720398306849,0.0264644667506217,0.3045515447854995,0.6954484552145004,26,9,0.3461538461538461,3.914958219230175,0.5913934217765927,100.0,113.93141053230072,0.7452710541540106,4.974382599515973e-05,1730.4560586831064,1744.0725616710308,True,True,True,True,True,True,sobol_train_val,,,
1399.0,2048.0,1.866331742145121,0.1511070113629102,0.6619604468345641,0.3380395531654359,18,9,0.5,3.337512507755309,0.4610907474532723,100.0,110.2181759562007,0.9989392499612738,0.2681094570101991,1900.362001384268,1909.6790096589743,True,True,True,True,True,True,sobol_train_val,,,
1400.0,2048.0,1.3221641946583986,0.1414181624539196,0.4912579104304313,0.5087420895695687,22,13,0.5909090909090909,1.9056185675784945,0.516589941456914,100.0,102.19563542162176,0.9844136340633708,0.029783411575548,1169.397972825077,1188.3996393685038,True,True,True,True,True,True,sobol_train_val,,,
1401.0,2048.0,1.3011777298524976,0.2369871290400624,0.6803833171725273,0.3196166828274727,27,12,0.4444444444444444,1.2791653423570095,0.4479610281065107,100.0,96.21807905905035,0.9939279163841396,0.2939911737893395,1046.2932062597447,1054.3548709900906,True,True,True,True,True,True,sobol_train_val,,,
1402.0,2048.0,1.7603652086108923,0.0590615375898778,0.4729624509811401,0.5270375490188599,13,7,0.5384615384615384,3.124364645406604,0.5800227265805006,100.0,113.59947765887682,0.9806576276521204,0.1053492467415581,1419.01597121582,1434.374533258493,True,True,True,True,True,True,sobol_train_val,,,
1403.0,2048.0,1.5908598890528085,0.1921995925717055,0.5187258511781692,0.4812741488218308,21,14,0.6666666666666666,4.113503125403076,0.4723759222775697,100.0,108.26374158544826,0.9766123781793342,0.007275313044125,2226.0161467501,2245.792497622274,True,True,True,True,True,True,sobol_train_val,,,
1404.0,2048.0,1.0975975655019283,0.1082437282428145,0.3347419872879982,0.6652580127120018,19,6,0.3157894736842105,2.6619253920391204,0.505987955071032,100.0,100.54571769982908,0.6773771823546354,0.0002168972110591,1603.1283115279373,1614.8919927676657,True,True,True,True,True,True,sobol_train_val,,,
1405.0,2048.0,1.2259661657735703,0.1840618497692048,0.410196915641427,0.589803084358573,16,6,0.375,1.6578362323343754,0.4919991748407483,100.0,102.00086938046776,0.8011866219022844,0.0064932737903577,1167.8882497852658,1182.7194968011172,True,True,True,True,True,True,sobol_train_val,,,
1406.0,2048.0,1.7124993577599523,0.1187095100060105,0.6426178473979234,0.3573821526020766,24,16,0.6666666666666666,3.480470370780677,0.53656096868217,100.0,107.44024091309684,0.999984280346408,0.3339531449312471,1696.9709372965635,1704.4739531080277,True,True,True,True,True,True,sobol_train_val,,,
1407.0,2048.0,1.8887256989255548,0.2849528817459941,0.3969276953488588,0.6030723046511413,12,7,0.5833333333333334,3.773498203419149,0.4156423676759004,100.0,118.88931924727184,0.669601255440636,0.0135724457426701,2397.4656215905643,2407.9052136122014,True,True,True,True,True,True,sobol_train_val,,,
1408.0,2048.0,1.422809096053243,0.0134237836115062,0.5559114817529917,0.4440885182470083,28,13,0.4642857142857143,2.292909771669656,0.5617544958367944,100.0,102.95682196866623,0.9994257923499864,0.2099103425840429,1192.6492474125828,1203.969922199066,True,True,True,True,True,True,sobol_train_val,,,
1409.0,2048.0,1.429209084250033,0.2139039301313459,0.4009725015610456,0.5990274984389543,11,6,0.5454545454545454,3.048233512882143,0.4749826850369573,100.0,107.964176468512,0.7450128039059578,0.0206915150952119,1838.873908272683,1851.444958195221,True,True,True,True,True,True,sobol_train_val,,,
1410.0,2048.0,1.8842480797320604,0.0923794001340866,0.6458953406661748,0.3541046593338252,29,14,0.4827586206896552,1.5615590387955307,0.5038706537336111,100.0,111.04502985306247,0.996690531424687,0.3004901095280665,1033.0478425567062,1041.4961898545785,True,True,True,True,True,True,sobol_train_val,,,
1411.0,2048.0,1.717709164135158,0.2539307054132223,0.387606006488204,0.612393993511796,17,6,0.3529411764705882,2.5825464508496223,0.4486256752163172,100.0,115.45744010599856,0.7021551877866091,0.0010164079472499,1700.6973114131094,1712.7994978325082,True,True,True,True,True,True,sobol_train_val,,,
1412.0,2048.0,1.218833513557911,0.0385829349048435,0.5590909373015165,0.4409090626984835,23,16,0.6956521739130435,4.39909432567656,0.5790639782324434,100.0,97.22930569962637,0.9999955463036916,0.2385864625574693,1890.6507928521912,1901.428132648904,True,True,True,True,True,True,sobol_train_val,,,
1413.0,2048.0,1.0981706073507669,0.2644147865474224,0.6834716014564037,0.3165283985435962,22,13,0.5909090909090909,3.40111069958657,0.4182488324120641,100.0,90.15157055400954,0.9999707958898088,0.2432460454456738,2145.578912763481,2154.9101057151065,True,True,True,True,True,True,sobol_train_val,,,
1414.0,2048.0,1.588364001363516,0.0304635093547403,0.4635488279163837,0.5364511720836163,18,6,0.3333333333333333,1.943433339614421,0.5596367057412863,100.0,109.92728357069348,0.9480454234014482,0.0823096658157934,1075.819214873647,1091.3577424932523,True,True,True,True,True,True,sobol_train_val,,,
1415.0,2048.0,1.763593276031315,0.1682844799943268,0.5217160977423191,0.4782839022576809,26,10,0.3846153846153846,2.2167979091405865,0.492664310708642,100.0,112.1397931187937,0.9945897050154082,0.0347697957635697,1332.8556751971942,1351.9771396212618,True,True,True,True,True,True,sobol_train_val,,,
1416.0,2048.0,1.2998720314353704,0.1403634745627641,0.3252310894429683,0.6747689105570316,14,8,0.5714285714285714,4.055897806864231,0.5356025183573365,100.0,107.01471350398953,0.6924626213486521,0.0068213108212362,2057.7838340931635,2069.7320522045616,True,True,True,True,True,True,sobol_train_val,,,
1417.0,2048.0,1.3267331281676888,0.2312312087975442,0.5393580935895442,0.4606419064104557,19,9,0.4736842105263157,4.256154939718544,0.4045343901962042,100.0,100.87346276831316,0.9053888760559752,0.0005715824630295,2646.814887487358,2663.6943655949103,True,True,True,True,True,True,sobol_train_val,,,
1418.0,2048.0,1.8597789276391268,0.0715469280257821,0.307716504484415,0.692283495515585,21,12,0.5714285714285714,2.8303606138564645,0.5740350993350148,100.0,121.41772812925797,0.7144604813585496,0.0058912538413765,1395.2062665089502,1407.7663147871306,True,True,True,True,True,True,sobol_train_val,,,
1419.0,2048.0,1.5390570415183902,0.2008724017068743,0.6527245886623859,0.3472754113376141,13,9,0.6923076923076923,1.318691947683692,0.4781560773029923,100.0,103.11961711015891,0.9702837205332934,0.306151147309977,1001.6166187841994,1009.1744646925536,True,True,True,True,True,True,sobol_train_val,,,
1420.0,2048.0,1.0244305655360222,0.0975113625638186,0.4945209078490734,0.5054790921509267,27,10,0.3703703703703703,3.189675076212734,0.5492314402014017,100.0,92.99934724412287,0.9993757667427406,0.0801871450964766,1588.3867666767153,1605.0279958781473,True,True,True,True,True,True,sobol_train_val,,,
1421.0,2048.0,1.153897806070745,0.1716589109972119,0.3699510347098111,0.6300489652901888,28,9,0.3214285714285714,3.787243761587888,0.4604866113513708,100.0,101.14128742409603,0.6857180406485605,1.4170815192006716e-06,2280.2807271754023,2291.011186921307,True,True,True,True,True,True,sobol_train_val,,,
1422.0,2048.0,1.659597884863615,0.1244013964198529,0.5765925582498312,0.4234074417501687,12,8,0.6666666666666666,2.3840012496337293,0.517487415857613,100.0,108.14116299837237,0.9836636072724648,0.1970290892152625,1341.7193856589622,1353.29509417159,True,True,True,True,True,True,sobol_train_val,,,
1423.0,2048.0,1.9892380582168696,0.295621249359101,0.4317065384238958,0.5682934615761042,24,12,0.5,1.7747066061012446,0.4348990732803941,100.0,119.79529504441643,0.762378319906437,0.0020383948786105,1325.4768607419462,1339.0723307691796,True,True,True,True,True,True,sobol_train_val,,,
1424.0,2048.0,1.4472658690065143,0.0048334619030356,0.6149102967232465,0.3850897032767535,16,7,0.4375,3.6746870331466193,0.5934745315462351,100.0,101.88898775406012,0.9970861282351304,0.3531228970482378,1569.824184025415,1576.5407934615732,True,True,True,True,True,True,sobol_train_val,,,
1425.0,2048.0,1.4695652965456247,0.2899508139118552,0.316652862727642,0.683347137272358,25,17,0.68,2.333361355215311,0.510828728042543,100.0,111.915256104038,0.6416203194063015,0.0054640242761976,1428.672795237517,1439.2728778124972,True,True,True,True,True,True,sobol_train_val,,,
1426.0,2048.0,1.9669780069962144,0.0177985760383307,0.5365740776062011,0.4634259223937989,15,5,0.3333333333333333,3.7333739454858,0.4678294889628887,100.0,115.97967663990032,0.980141324697626,0.0319858435077599,2049.0185444526737,2067.716087016976,True,True,True,True,True,True,sobol_train_val,,,
1427.0,2048.0,1.6344911009073255,0.1796847640536725,0.4783595114946365,0.5216404885053635,22,11,0.5,3.517674096487462,0.5844593197107315,100.0,110.55382973710408,0.9993396667328782,0.1079538851890309,1538.847072058145,1554.4971942419938,True,True,True,True,True,True,sobol_train_val,,,
1428.0,2048.0,1.178965735249221,0.1137092845514416,0.6748430147767066,0.3251569852232934,18,10,0.5555555555555556,1.6209094290621575,0.4430348305031657,100.0,92.85654666085884,0.9968101994993674,0.2700792682414194,1219.6147708766405,1228.32166214082,True,True,True,True,True,True,sobol_train_val,,,
1429.0,2048.0,1.0506056882441044,0.1878248090855777,0.5990039501339197,0.4009960498660803,17,9,0.5294117647058824,2.6733416288159786,0.5542901879176497,100.0,90.87744456645628,0.9987100732831066,0.2775970267892311,1375.470796723313,1384.2196312281476,True,True,True,True,True,True,sobol_train_val,,,
1430.0,2048.0,1.5128601854667068,0.1032458228990435,0.3540826100856065,0.6459173899143935,24,10,0.4166666666666667,4.10236390940845,0.4237908534705639,100.0,111.70541000807792,0.614481122982977,3.090584688829195e-05,2580.151084419231,2589.7855539357283,True,True,True,True,True,True,sobol_train_val,,,
1431.0,2048.0,1.838608903810382,0.2419873276725411,0.6122239399701357,0.3877760600298643,11,4,0.3636363636363636,3.139028641674668,0.5286932677030564,100.0,111.05498501494505,0.9741325976915824,0.2895985046319024,1595.864251262259,1604.2117117901023,True,True,True,True,True,True,sobol_train_val,,,
1432.0,2048.0,1.3479253174737096,0.0634386143647134,0.4407405499368906,0.5592594500631094,30,18,0.6,1.2648285733535884,0.4997686831280589,100.0,104.488064072933,0.8627579542709063,0.0183274964684119,964.749327026838,980.8133221766568,True,True,True,True,True,True,sobol_train_val,,,
1433.0,2048.0,1.275161961093545,0.1555184204131365,0.6297324184328317,0.3702675815671683,25,10,0.4,1.89118109671399,0.5686885379254818,100.0,96.86059053303684,0.997199728645203,0.3510339200636237,1037.4026475903906,1044.1527929744864,True,True,True,True,True,True,sobol_train_val,,,
1434.0,2048.0,1.7883254969492557,0.146379451174289,0.4230924535542726,0.5769075464457274,16,11,0.6875,3.352075789868832,0.4100764548406005,100.0,115.84365571812192,0.7063952836288747,0.0155424823643974,2203.494023998384,2214.7225455143757,True,True,True,True,True,True,sobol_train_val,,,
1435.0,2048.0,1.6100225150585177,0.2748665020801127,0.5680257696658373,0.4319742303341627,29,17,0.5862068965517241,3.9037183013744654,0.5423222420737147,100.0,107.23760977907466,0.999993748895424,0.2034834943913416,1838.9394974280908,1851.0941557564372,True,True,True,True,True,True,sobol_train_val,,,
1436.0,2048.0,1.0764903454110026,0.0220507733523845,0.3848235163837671,0.6151764836162329,12,6,0.5,2.061390055529773,0.485260397195816,100.0,98.1729345690586,0.731929210032383,0.0166322060800003,1387.1276296921417,1399.526335627782,True,True,True,True,True,True,sobol_train_val,,,
1437.0,2048.0,1.1979991979897022,0.2479970474727451,0.460863997042179,0.5391360029578209,13,6,0.4615384615384615,1.409372993186116,0.5244454465806484,100.0,99.55484720816162,0.8850232994293329,0.0762448914135435,978.031852811654,991.9669848642752,True,True,True,True,True,True,sobol_train_val,,,
1438.0,2048.0,1.738504639826715,0.0512848433107137,0.6925040870904922,0.3074959129095078,27,14,0.5185185185185185,2.8928321010433136,0.4533334588631987,100.0,106.6342552149157,0.9999254642850824,0.3217896038958692,1737.5709873322091,1745.2183656914888,True,True,True,True,True,True,sobol_train_val,,,
1439.0,2048.0,1.9098434131592512,0.2222524970769882,0.3476440072059631,0.6523559927940369,20,13,0.65,4.3468360343948005,0.5988699255511165,100.0,121.04709355589232,0.8524014257691633,0.0095523173587283,1791.4590158615565,1807.7535213206231,True,True,True,True,True,True,sobol_train_val,,,
1440.0,2048.0,1.403653142042458,0.0820100211538374,0.5058461472392082,0.4941538527607918,20,6,0.3,2.5335176878608765,0.4293081760406494,100.0,103.95390975239144,0.8861824390464271,0.0002627935960617,1706.0330794007075,1722.8990854498204,True,True,True,True,True,True,sobol_train_val,,,
1441.0,2048.0,1.3821232374757528,0.260817118640989,0.6600616447627544,0.3399383552372456,29,16,0.5517241379310345,2.114766624290496,0.5826754728332162,100.0,98.94852740994838,0.9999073511818772,0.416657189486543,1075.9332143721963,1081.181616343824,True,True,True,True,True,True,sobol_train_val,,,
1442.0,2048.0,1.9313414441421628,0.0454687753692269,0.4932637281715869,0.5067362718284131,10,4,0.4,3.953466732613742,0.4397373098880053,100.0,116.6079805037885,0.8594248745025888,0.0267502584414922,2313.501261552636,2328.6933425948187,True,True,True,True,True,True,sobol_train_val,,,
1443.0,2048.0,1.732570182532072,0.2070206684991717,0.5484280683100223,0.4515719316899776,23,8,0.3478260869565217,3.2991044196300203,0.5063137482851744,100.0,110.63588783875804,0.996940276397301,0.1111082341178951,1734.4334563972743,1749.9151218701395,True,True,True,True,True,True,sobol_train_val,,,
1444.0,2048.0,1.2039647540077567,0.085495566856116,0.3050682030618191,0.694931796938181,16,10,0.625,1.8410274669528008,0.464925836212933,100.0,104.91415648173756,0.5604353684617829,0.011171375202041,1359.8990729512911,1368.0609757368557,True,True,True,True,True,True,sobol_train_val,,,
1445.0,2048.0,1.0823329016566277,0.1613986389711499,0.4304982881993055,0.5695017118006944,18,12,0.6666666666666666,2.480540213920176,0.526130841113627,100.0,96.89112923737702,0.8842563322574334,0.0218056790483592,1415.4769961766203,1431.9730475011693,True,True,True,True,True,True,sobol_train_val,,,
1446.0,2048.0,1.604209209792316,0.1334770618937909,0.6222960796207189,0.3777039203792811,21,8,0.3809523809523809,4.2966885083355,0.4956925828009844,100.0,105.52974595053968,0.9989387864519064,0.2391049183999506,2192.2874611452808,2202.5886304395667,True,True,True,True,True,True,sobol_train_val,,,
1447.0,2048.0,1.809702442958951,0.2712986203841865,0.367253815755248,0.6327461842447519,15,7,0.4666666666666667,2.946202172711492,0.5505537878721952,100.0,118.21107929999935,0.8050514301582098,0.0098578974393456,1498.549092341857,1513.6064595144169,True,True,True,True,True,True,sobol_train_val,,,
1448.0,2048.0,1.2537551084533334,0.037346770428121,0.5856137942522763,0.4143862057477236,25,14,0.56,1.4591279215179382,0.4216657804325223,100.0,97.4839793355111,0.9928754423444404,0.0270187242712609,1185.3470104682424,1203.480325981811,True,True,True,True,True,True,sobol_train_val,,,
1449.0,2048.0,1.3733936455100777,0.2030703091062605,0.3998002123087644,0.6001997876912355,20,9,0.45,1.670664252899587,0.5405414450913668,100.0,106.51445240793116,0.8555405086987459,0.0124255482665553,1045.1333985916135,1061.4431114648248,True,True,True,True,True,True,sobol_train_val,,,
1450.0,2048.0,1.813110907562077,0.0997098416090011,0.5533168788999319,0.4466831211000681,20,10,0.5,3.571044272650033,0.4819659302011132,100.0,112.25478691094752,0.9991226337467602,0.0741404564689129,1928.6209423227997,1945.791014367285,True,True,True,True,True,True,sobol_train_val,,,
1451.0,2048.0,1.522672053426504,0.2290347274392843,0.4114337887614965,0.5885662112385035,26,16,0.6153846153846154,3.683226511627436,0.5641705052927136,100.0,110.0101776309528,0.9406802262863622,0.0025773195335348,1700.8582308245552,1720.2732577267789,True,True,True,True,True,True,sobol_train_val,,,
1452.0,2048.0,1.0408233096823096,0.0693510194309055,0.6415124040096998,0.3584875959903002,13,4,0.3076923076923077,2.280383789073676,0.4071697514504194,100.0,89.40366103575172,0.9792128027549596,0.1498285878339949,1641.36834926047,1653.339690523157,True,True,True,True,True,True,sobol_train_val,,,
1453.0,2048.0,1.1693063452839851,0.293422769755125,0.5158931098878383,0.4841068901121617,11,4,0.3636363636363636,1.214674654696137,0.5963044453412294,100.0,97.01290033228776,0.8975588611121308,0.2575071777725145,762.359547696311,769.7723598683197,True,True,True,True,True,True,sobol_train_val,,,
1454.0,2048.0,1.6441818280145526,0.002635555062443,0.3373765684664249,0.6626234315335751,28,19,0.6785714285714286,3.08605756033212,0.4252290258184075,100.0,115.49379302182774,0.586090578091709,0.0011963325605426,2057.4393003267355,2066.334996807044,True,True,True,True,True,True,sobol_train_val,,,
1455.0,2048.0,1.941601099446416,0.173854820150882,0.6791375823318958,0.3208624176681042,15,9,0.6,4.152112641837448,0.5207120971754193,100.0,111.28334897404044,0.999268947290203,0.3844737753912092,2002.1860716219287,2008.4441586467333,True,True,True,True,True,True,sobol_train_val,,,
1456.0,2048.0,1.494910568930209,0.1265978772193193,0.4740588538348674,0.5259411461651325,24,11,0.4583333333333333,2.726717896386981,0.4512114387005567,100.0,107.29312767695968,0.8635472687418168,0.0003678727202793,1731.0452431336062,1747.6313765327948,True,True,True,True,True,True,sobol_train_val,,,
1457.0,2048.0,1.4532337160781026,0.1868631441146135,0.5691852066665888,0.4308147933334112,14,9,0.6428571428571429,3.2430459346622227,0.4468416376039386,100.0,103.35295708663632,0.9880935062686876,0.0506269301240831,1942.11177529989,1959.5055413863404,True,True,True,True,True,True,sobol_train_val,,,
1458.0,2048.0,1.9833020847290757,0.120888237375766,0.3773889143019914,0.6226110856980085,26,9,0.3461538461538461,1.368446089234203,0.5757662668824196,100.0,121.52370171363977,0.8130361670528994,0.056393566504009,842.7548552790298,855.8517902339553,True,True,True,True,True,True,sobol_train_val,,,
1459.0,2048.0,1.6810982143506408,0.2827738688327372,0.6324784863740205,0.3675215136259795,18,8,0.4444444444444444,2.777383926697075,0.470467896014452,100.0,107.01928767387663,0.997045139550526,0.2221431362111626,1637.6348323285897,1648.4060476200782,True,True,True,True,True,True,sobol_train_val,,,
1460.0,2048.0,1.1323663778603077,0.010622202605009,0.4141200486570596,0.5858799513429404,22,12,0.5454545454545454,4.206006626877934,0.5009671917185188,100.0,99.01695530556088,0.8292943711838638,0.0005817814357895,2246.1193217170767,2262.0620594545053,True,True,True,True,True,True,sobol_train_val,,,
1461.0,2048.0,1.0030221370980144,0.2348083754070103,0.3401604875922203,0.6598395124077797,23,13,0.5652173913043478,3.62171644968912,0.4901016933843493,100.0,97.18046417500472,0.6667074805588378,0.0004235241957772,2100.890028037025,2112.290877008809,True,True,True,True,True,True,sobol_train_val,,,
1462.0,2048.0,1.5604362189769745,0.0562602337449789,0.5069568455219269,0.4930431544780731,17,8,0.4705882352941176,1.7245521895587443,0.5315262272953987,100.0,107.89121788168296,0.964693377878314,0.1035251190674003,1056.9253441450649,1071.90030142457,True,True,True,True,True,True,sobol_train_val,,,
1463.0,2048.0,1.8539640391245484,0.1950011819601058,0.4519405215978622,0.5480594784021378,29,10,0.3448275862068966,2.4373786051757635,0.4145126231014728,100.0,116.31582366081108,0.7718944327295844,1.5546544017397567e-05,1706.737043222387,1720.4036492921437,True,True,True,True,True,True,sobol_train_val,,,
1464.0,2048.0,1.3325779233127832,0.1104227685369551,0.6952988818287849,0.3047011181712151,11,8,0.7272727272727273,3.836991406045854,0.557511823438108,100.0,96.6821929623742,0.9984264299403433,0.4547114817253528,1775.7851914927792,1780.2420937832433,True,True,True,True,True,True,sobol_train_val,,,
1465.0,2048.0,1.2900916459038854,0.2773583790287375,0.484231336414814,0.515768663585186,16,5,0.3125,4.448842271324247,0.4763750895857811,100.0,101.51378726101228,0.9239857628110224,0.0008794780313839,2407.9462867406373,2426.432371892219,True,True,True,True,True,True,sobol_train_val,,,
1466.0,2048.0,1.7734033297747374,0.0245420786552131,0.6627463787794112,0.3372536212205888,24,16,0.6666666666666666,2.6359235052019354,0.5459367824718356,100.0,108.2177976235826,0.9999465813385272,0.3822924426026315,1346.291450105227,1352.5503727458188,True,True,True,True,True,True,sobol_train_val,,,
1467.0,2048.0,1.5628680055961013,0.1530296861194074,0.3209380567073822,0.6790619432926178,12,6,0.5,1.5114043333567675,0.4000165482982993,100.0,114.1156491519099,0.5263992405349505,0.0127677721824237,1332.62955924559,1339.5433749750907,True,True,True,True,True,True,sobol_train_val,,,
1468.0,2048.0,1.1236371137201786,0.1438901441171765,0.5260152444243431,0.4739847555756569,28,12,0.4285714285714285,2.995263218320906,0.571128586679697,100.0,95.30128278688102,0.9997705594410116,0.1702695918593962,1434.2501531665805,1446.8892007964514,True,True,True,True,True,True,sobol_train_val,,,
1469.0,2048.0,1.2441770313307643,0.2197611923329532,0.6001762215048074,0.3998237784951925,27,13,0.4814814814814814,4.005749586224556,0.4323334023356437,100.0,96.7981303854902,0.9999690144179814,0.0752642186456174,2365.7113596361896,2381.8439486291804,True,True,True,True,True,True,sobol_train_val,,,
1470.0,2048.0,1.692334309220314,0.079518143646419,0.4466611135751008,0.5533388864248991,13,8,0.6153846153846154,2.1638211297802625,0.5893951905891299,100.0,112.912797559801,0.9298408358315297,0.1100511877067382,1077.9438981503597,1091.673711710334,True,True,True,True,True,True,sobol_train_val,,,
1471.0,2048.0,1.893937044776976,0.250486353971064,0.5883961874991654,0.4116038125008345,21,14,0.6666666666666666,1.9931873766705392,0.456753452681005,100.0,112.91482209476663,0.997682250042381,0.1015923702172168,1321.032376563679,1336.6588788868671,True,True,True,True,True,True,sobol_train_val,,,
1472.0,2048.0,1.4195517543703318,0.0537735781632363,0.3583190772682428,0.6416809227317573,19,8,0.4210526315789473,3.454481662530452,0.5153655864298343,100.0,109.14952154404472,0.738673101876126,0.0006464342906281,1870.261947017861,1883.7567162505895,True,True,True,True,True,True,sobol_train_val,,,
1473.0,2048.0,1.407445671968162,0.2683226494118571,0.5793839231133461,0.4206160768866539,24,10,0.4166666666666667,3.815216799918562,0.5304220223799347,100.0,101.87194116263618,0.9995950657108312,0.2073807052232862,1869.7868054365324,1881.2048042372248,True,True,True,True,True,True,sobol_train_val,,,
1474.0,2048.0,1.9060199558734892,0.0335971782915294,0.3735254436731338,0.6264745563268661,16,9,0.5625,2.3543161997571587,0.4984335694462061,100.0,120.0589112498186,0.7305974846642828,0.0142097508272406,1433.020663451192,1445.6638612876254,True,True,True,True,True,True,sobol_train_val,,,
1475.0,2048.0,1.695635803975165,0.1626708752475678,0.6160173535346984,0.3839826464653015,28,17,0.6071428571428571,1.8026796198450028,0.5556374903768301,100.0,107.81756693145375,0.9995930524271168,0.3092590601282813,1018.5284425934452,1026.709149164122,True,True,True,True,True,True,sobol_train_val,,,
1476.0,2048.0,1.2408981714397669,0.1342686468735337,0.4367211148142814,0.5632788851857186,12,4,0.3333333333333333,3.6450019586831326,0.4220498623326421,100.0,101.5865354720803,0.753563287256273,0.0028424547340829,2338.033681599883,2351.0708796824774,True,True,True,True,True,True,sobol_train_val,,,
1477.0,2048.0,1.1115615935996177,0.2107805418781936,0.31129708327353,0.68870291672647,13,5,0.3846153846153846,4.28412839602679,0.5861851299181581,100.0,101.8116964431419,0.747857762713813,0.0031111539781266,1917.115485561172,1930.6566724919517,True,True,True,True,True,True,sobol_train_val,,,
1478.0,2048.0,1.5749814789742231,0.0884818201884627,0.542155497148633,0.457844502851367,27,18,0.6666666666666666,2.8006751951761544,0.4416965816169977,100.0,107.17263888677256,0.9674637925458712,0.0045524556684719,1755.11487259272,1774.3143225375984,True,True,True,True,True,True,sobol_train_val,,,
1479.0,2048.0,1.7766743218526244,0.2600358517840505,0.4995415110141038,0.5004584889858962,19,11,0.5789473684210527,1.3466653302311895,0.5121791657060385,100.0,113.1178169550061,0.9120572843435648,0.1066446280193077,950.2503648998736,963.7715064763756,True,True,True,True,True,True,sobol_train_val,,,
1480.0,2048.0,1.286782283335924,0.044206856098026,0.653837827220559,0.3461621727794409,21,10,0.4761904761904761,3.159989583771676,0.4660914422944188,100.0,96.52946651496376,0.9996066930559824,0.2577590815791039,1845.8590433667896,1855.2202638925864,True,True,True,True,True,True,sobol_train_val,,,
1481.0,2048.0,1.3360930560156703,0.1771672468632459,0.4677824173122644,0.5322175826877356,26,13,0.5,3.3731372432783244,0.5974829617887736,100.0,103.30762828699152,0.9998417197363504,0.1093298364958707,1459.8016142249414,1475.148722278089,True,True,True,True,True,True,sobol_train_val,,,
1482.0,2048.0,1.8504105359315872,0.1306015287525951,0.6853596467524766,0.3146403532475234,14,6,0.4285714285714285,1.9731187582947316,0.4310827488079667,100.0,109.23345178193703,0.9862744621567044,0.2882304402577268,1379.6344077414033,1387.8972090151108,True,True,True,True,True,True,sobol_train_val,,,
1483.0,2048.0,1.5481165582314134,0.2919010528363287,0.331148986890912,0.6688510131090879,22,7,0.3181818181818182,2.188824526593089,0.5226586969569326,100.0,113.38877420595549,0.6933414329668587,0.0003618514114018,1320.5346333656037,1332.791054060236,True,True,True,True,True,True,sobol_train_val,,,
1484.0,2048.0,1.0153797511011362,0.0015120908617973,0.522163975611329,0.477836024388671,18,11,0.6111111111111112,4.08558329930529,0.4547326471656561,100.0,91.87627754675736,0.9542063210351818,0.0041012511142225,2355.4831726017665,2374.169534347745,True,True,True,True,True,True,sobol_train_val,,,
1485.0,2048.0,1.1359120132401586,0.2250207957811653,0.6477894231677055,0.3522105768322945,17,11,0.6470588235294118,3.0202604745514687,0.5409382227808237,100.0,92.26909199813456,0.9997576170182204,0.349095376038216,1543.9555304710325,1550.7480986015562,True,True,True,True,True,True,sobol_train_val,,,
1486.0,2048.0,1.6775752138346434,0.0660283092409372,0.4052122592926025,0.5947877407073975,23,9,0.391304347826087,1.591244088672101,0.4870381051674485,100.0,113.94092167443388,0.7881381855986321,0.0019063873796958,1131.5295299440102,1146.2816424601351,True,True,True,True,True,True,sobol_train_val,,,
1487.0,2048.0,1.9709518617019055,0.2041834540665149,0.5595449954271317,0.4404550045728683,11,5,0.4545454545454545,2.554573437105864,0.5668986530974507,100.0,115.35680724110426,0.9670203766142964,0.2482409347737939,1255.5439069231202,1265.072921090489,True,True,True,True,True,True,sobol_train_val,,,
1488.0,2048.0,1.465560767799616,0.1012212426401674,0.3935299292206764,0.6064700707793236,29,17,0.5862068965517241,4.428779400140047,0.4114726986736059,100.0,109.15759085508216,0.6686051296176044,9.44762679500844e-05,2790.071268787963,2800.944819945514,True,True,True,True,True,True,sobol_train_val,,,
1489.0,2048.0,1.4906554147601128,0.1934475691057741,0.6890224706381559,0.3109775293618441,19,6,0.3157894736842105,1.437446739524603,0.4912802724167704,100.0,100.94369368343212,0.9790752634843056,0.3886736958611582,1026.4776158268903,1032.1014714992991,True,True,True,True,True,True,sobol_train_val,,,
1490.0,2048.0,1.9458794249221685,0.1093498058617115,0.4581625636667013,0.5418374363332987,20,12,0.6,2.8632477591745555,0.5373801976442337,100.0,118.03789547616935,0.9688597368213304,0.0185170250903326,1458.2646023474067,1477.826905161627,True,True,True,True,True,True,sobol_train_val,,,
1491.0,2048.0,1.6552884448319674,0.2380886200815439,0.5007292415946721,0.4992707584053278,13,7,0.5384615384615384,4.374909756146371,0.4164589278399944,100.0,110.3379535917028,0.851545990592383,0.0091677348333183,2644.1354359134752,2659.5167053507857,True,True,True,True,True,True,sobol_train_val,,,
1492.0,2048.0,1.158177093602717,0.0603141007013618,0.346431378647685,0.653568621352315,26,11,0.4230769230769231,2.503933321405202,0.5610329216346145,100.0,102.06972569826844,0.7888294389535634,0.0002883092470656,1337.118627428032,1352.0523056921336,True,True,True,True,True,True,sobol_train_val,,,
1493.0,2048.0,1.0365375932306051,0.2838548228144645,0.4203969977796077,0.5796030022203922,28,13,0.4642857142857143,1.919255261030048,0.4472386924549937,100.0,95.69253666077611,0.7604532771068849,0.0001063779170168,1417.0524953571633,1430.6394408364952,True,True,True,True,True,True,sobol_train_val,,,
1494.0,2048.0,1.526919816620648,0.0121838101185858,0.6262570299208163,0.3737429700791836,11,6,0.5454545454545454,3.3224910791963334,0.5808385223150253,100.0,103.56158695289496,0.9924808518104314,0.3619722001758007,1493.481621840952,1499.9660095719432,True,True,True,True,True,True,sobol_train_val,,,
1495.0,2048.0,1.824248027056456,0.1828173075802624,0.383617103844881,0.616382896155119,25,17,0.68,3.931792391929776,0.4731959156692028,100.0,117.96311085481368,0.7256766984372233,0.002791053872621,2220.900842235848,2233.7699449227885,True,True,True,True,True,True,sobol_train_val,,,
1496.0,2048.0,1.362294896505773,0.117616019770503,0.562914853543043,0.4370851464569569,15,5,0.3333333333333333,2.031805271096528,0.5052698140963912,100.0,101.15041578307024,0.9701756549531498,0.1641505948517895,1250.410907260879,1262.7344434062056,True,True,True,True,True,True,sobol_train_val,,,
1497.0,2048.0,1.265136368572712,0.25170808872208,0.3520891837775707,0.6479108162224293,10,6,0.6,2.645267464499921,0.4366249024868012,100.0,105.0868604560942,0.6059337378862032,0.0245550634523259,1822.6889251124303,1831.3032979419136,True,True,True,True,True,True,sobol_train_val,,,
1498.0,2048.0,1.7983595533296466,0.0545970590785145,0.5946678407490253,0.4053321592509746,30,9,0.3,4.131948620080948,0.5921363113448024,100.0,110.7054798303871,0.9990632682731782,0.3161312717390765,1705.7006131524308,1713.6239877806142,True,True,True,True,True,True,sobol_train_val,,,
1499.0,2048.0,1.5996793527156117,0.2167350059375166,0.4403824128210544,0.5596175871789455,16,7,0.4375,3.1109545511193573,0.4618370687589049,100.0,110.94479345662388,0.8159087925207107,0.0027960452956299,1880.334925776472,1895.610534055572,True,True,True,True,True,True,sobol_train_val,,,
1500.0,2048.0,1.0868248054757714,0.0758007335476577,0.6063990257680416,0.3936009742319584,23,12,0.5217391304347826,1.2944133577868342,0.5157493971288204,100.0,91.8497781647801,0.9900437979889962,0.2461853975621568,933.5691565939044,943.1680169674868,True,True,True,True,True,True,sobol_train_val,,,
1501.0,2048.0,1.2153155114501717,0.1521982127800583,0.5322441976517438,0.4677558023482562,21,12,0.5714285714285714,2.3052876088768244,0.4798848509788513,100.0,97.90848557324,0.9985552574673652,0.0268141687033173,1433.4682640193014,1452.6363352597375,True,True,True,True,True,True,sobol_train_val,,,
1502.0,2048.0,1.721196790225804,0.1426604158245027,0.3146654155105352,0.6853345844894647,18,8,0.4444444444444444,3.762958287354558,0.5478963552042841,100.0,118.09404604540669,0.6943714148792901,0.0013466085271881,1855.728432123586,1867.9805130327009,True,True,True,True,True,True,sobol_train_val,,,
1503.0,2048.0,1.9268421493470669,0.281067759823054,0.6690240915864706,0.3309759084135294,25,10,0.4,3.4896003747358915,0.4058817123994231,100.0,111.26696059832692,0.9995077114293106,0.185274722278585,2163.713951878784,2175.3803884868776,True,True,True,True,True,True,sobol_train_val,,,
1504.0,2048.0,1.3866457035765052,0.0275602368637919,0.4780075918883085,0.5219924081116916,15,10,0.6666666666666666,1.650493795517832,0.5722941361367703,100.0,104.35997773491351,0.93162819078248,0.1389927916895926,951.4856463109612,963.9613775719112,True,True,True,True,True,True,sobol_train_val,,,
1505.0,2048.0,1.3925198055803776,0.1651594620198011,0.331453925743699,0.668546074256301,15,7,0.4666666666666667,1.244659124035388,0.4131652222946286,100.0,109.3598541897398,0.5602574444589553,0.0064757054180193,1168.8601204904048,1176.8612971002972,True,True,True,True,True,True,sobol_train_val,,,
1506.0,2048.0,1.9209383195266128,0.1367578064091503,0.5154373873025179,0.4845626126974821,25,14,0.56,3.057583784870803,0.5592528890818358,100.0,115.69429812290474,0.9997725693378242,0.1337360135043463,1450.9054259369552,1465.6219689674358,True,True,True,True,True,True,sobol_train_val,,,
1507.0,2048.0,1.7427865099161863,0.2658309110440314,0.4698204714804888,0.5301795285195112,12,8,0.6666666666666666,4.182097037415951,0.4883728045970201,100.0,113.3083453076788,0.8819731661795255,0.0380440832637261,2215.904588615319,2231.608010142604,True,True,True,True,True,True,sobol_train_val,,,
1508.0,2048.0,1.1937552215531468,0.0311060115694999,0.6772417400032281,0.3227582599967719,28,10,0.3571428571428571,2.698244047164917,0.5328614035621285,100.0,93.23272595206402,0.9994664569984836,0.3947603825791454,1441.6105041285982,1447.311448837154,True,True,True,True,True,True,sobol_train_val,,,
1509.0,2048.0,1.0653875712305307,0.2575466928072273,0.5528671339154243,0.4471328660845757,27,9,0.3333333333333333,1.700648304261267,0.4691175268962979,100.0,92.65707974170414,0.9915518565898666,0.0564397288051729,1205.5065611746136,1222.684785655907,True,True,True,True,True,True,sobol_train_val,,,
1510.0,2048.0,1.6211479837074876,0.0417182687669992,0.3938837975263595,0.6061162024736404,14,9,0.6428571428571429,3.542570865992457,0.5027050983160735,100.0,112.99700812675508,0.7725592870603921,0.0192842717734657,1931.809995632829,1945.3805990092983,True,True,True,True,True,True,sobol_train_val,,,
1511.0,2048.0,1.792576864361763,0.2132717080414295,0.6396227777004242,0.3603772222995758,21,11,0.5238095238095238,3.7132105384022,0.4451159078627825,100.0,109.28366673857238,0.9997507864936436,0.1906846376749269,2131.3215034024684,2143.158079627788,True,True,True,True,True,True,sobol_train_val,,,
1512.0,2048.0,1.2708874819800258,0.090973559115082,0.4072013959288597,0.5927986040711404,20,8,0.4,2.2519103578291837,0.5771044114604592,100.0,103.409450084016,0.9505662153434824,0.0090172221158308,1155.48697868849,1174.6857017597567,True,True,True,True,True,True,sobol_train_val,,,
1513.0,2048.0,1.3524208255112171,0.2990781454369425,0.6211811766028403,0.3788188233971596,15,9,0.6,2.450556162558496,0.4585403125733137,100.0,99.22549237074048,0.9972945006547952,0.1770471347617928,1549.2356517313913,1561.375253609514,True,True,True,True,True,True,sobol_train_val,,,
1514.0,2048.0,1.8340902840718627,0.0086886118166148,0.4254789650440216,0.5745210349559784,26,12,0.4615384615384615,4.325161914993077,0.5139663117006421,100.0,116.76136702855592,0.8752482164841944,0.0001518884322225,2158.779024093993,2176.3722029124674,True,True,True,True,True,True,sobol_train_val,,,
1515.0,2048.0,1.5015132706612349,0.1699887282215058,0.5828146308660507,0.4171853691339493,19,7,0.3684210526315789,2.916218145936728,0.4337204882875085,100.0,104.17478538204271,0.995047673499078,0.044581422442331,1828.81994247682,1846.527430606904,True,True,True,True,True,True,sobol_train_val,,,
1516.0,2048.0,1.0619752975180743,0.1234224373474717,0.3636746123433113,0.6363253876566888,22,15,0.6818181818181818,1.4876013527624308,0.5876205671578645,100.0,98.3943568862058,0.8095727129740903,0.0507543768436812,892.7539678239954,905.7446243964422,True,True,True,True,True,True,sobol_train_val,,,
1517.0,2048.0,1.1834917459636929,0.1970069336704909,0.4882506344467401,0.5117493655532599,23,14,0.6086956521739131,2.0847821549512444,0.4018063765019178,100.0,98.27476567433382,0.8143598413248825,0.0027710956122048,1595.696263252868,1609.9893429714114,True,True,True,True,True,True,sobol_train_val,,,
1518.0,2048.0,1.6300029838457704,0.09404414948076,0.6589527208358049,0.3410472791641951,17,5,0.2941176470588235,3.9819405080750574,0.5697324709966779,100.0,105.10535596990128,0.9922272707391482,0.4072605734671944,1760.126133469549,1765.588625800796,True,True,True,True,True,True,sobol_train_val,,,
1519.0,2048.0,1.955600529909134,0.2321998866274952,0.3014949906617403,0.6985050093382597,30,13,0.4333333333333333,3.269120024051517,0.4777590164914727,100.0,123.6676206233609,0.5772882489740653,2.416384943828864e-05,1933.1470929565933,1942.1516269257093,True,True,True,True,True,True,sobol_train_val,,,
1520.0,2048.0,1.4809043435379865,0.0732068284414708,0.5456351224333047,0.4543648775666953,10,5,0.5,1.8695013161748648,0.5441591907292604,100.0,104.74993845724048,0.9450157285258582,0.2110752863500239,1090.83367404751,1100.968717348364,True,True,True,True,True,True,sobol_train_val,,,
1522.0,2048.0,1.9925436340272429,0.0625101478770375,0.6059963442385197,0.3940036557614803,19,13,0.6842105263157895,2.135448062326759,0.4202696390450001,100.0,114.40142199933187,0.9929019689834492,0.0723035049491151,1473.3146875467107,1489.7027079691477,True,True,True,True,True,True,sobol_train_val,,,
1523.0,2048.0,1.671669621951878,0.1912495141848921,0.3603046603500843,0.6396953396499157,27,15,0.5555555555555556,2.023272480256855,0.5275147452950477,100.0,115.33599258379088,0.7594710161125585,0.0027804657664502,1221.7125288478435,1235.7560108307798,True,True,True,True,True,True,sobol_train_val,,,
1524.0,2048.0,1.141788175329566,0.1071511792950332,0.5927275530993938,0.4072724469006061,13,6,0.4615384615384615,3.4261085213162,0.4939149660989642,100.0,93.9556665284831,0.9946176821899592,0.1809343008121759,1875.520823230948,1887.526797335721,True,True,True,True,True,True,sobol_train_val,,,
1525.0,2048.0,1.0211328575387597,0.1806212598457932,0.6685726713389157,0.3314273286610842,12,5,0.4166666666666667,4.47892703069374,0.5081005861982704,100.0,88.0365518052023,0.9958408725409092,0.3517397116702082,2268.799144866519,2275.363309738,True,True,True,True,True,True,sobol_train_val,,,
1526.0,2048.0,1.5423320550471544,0.1154194003902375,0.4845877166837453,0.5154122833162547,28,15,0.5357142857142857,2.6075508065521715,0.4635265357792377,100.0,108.143149921215,0.9027783687893224,0.0005718786564711,1623.385585759874,1641.2517033393524,True,True,True,True,True,True,sobol_train_val,,,
1527.0,2048.0,1.8718811674043536,0.2860534499399363,0.5303526367992162,0.4696473632007838,16,10,0.625,1.5414890681393445,0.58406253606081,100.0,114.20782173144296,0.9565973662846,0.2268046547296542,866.9131195920229,876.847050515077,True,True,True,True,True,True,sobol_train_val,,,
1528.0,2048.0,1.3146540001034737,0.0143818644806742,0.3229298215359449,0.6770701784640552,24,8,0.3333333333333333,2.9668904950842263,0.4379626614972949,100.0,107.51405120539852,0.5745589046157936,1.4622180016741309e-05,1981.751841169627,1990.508762661368,True,True,True,True,True,True,sobol_train_val,,,
1529.0,2048.0,1.3122184118255973,0.2236181289888918,0.5120689611881971,0.4879310388118029,29,19,0.6551724137931034,3.591631690319628,0.519361750036478,100.0,101.28643177823528,0.9999980317598752,0.0605099858255527,1831.1510114238083,1849.632939832634,True,True,True,True,True,True,sobol_train_val,,,
1530.0,2048.0,1.7512700073421,0.0826844282448291,0.3413653220981359,0.6586346779018641,11,4,0.3636363636363636,1.7529248882085084,0.4529493710026145,100.0,117.82197499988638,0.6129189469431503,0.0133960462930753,1309.99097558257,1319.2943830870097,True,True,True,True,True,True,sobol_train_val,,,
1531.0,2048.0,1.5848221527412534,0.244821823015809,0.6987757559865713,0.3012242440134287,23,11,0.4782608695652174,2.407293870393187,0.5945787383243442,100.0,102.96179608388314,0.9993265933790124,0.4938413715229753,1134.4761301518176,1138.2423484650149,True,True,True,True,True,True,sobol_train_val,,,
1532.0,2048.0,1.101689761504531,0.047711366135627,0.4546341132372617,0.5453658867627382,17,10,0.5882352941176471,3.8653641292825336,0.4265671953558922,100.0,96.76048679197618,0.7905919542712312,0.0030070188156513,2430.9820450404686,2444.997140791315,True,True,True,True,True,True,sobol_train_val,,,
1533.0,2048.0,1.231149391271174,0.274184064567089,0.3785997860133647,0.6214002139866353,18,9,0.5,3.212960757315159,0.5628231264650821,100.0,103.1955293149473,0.8612700913992758,0.0036838544649593,1576.6009559368408,1593.477425345029,True,True,True,True,True,True,sobol_train_val,,,
1534.0,2048.0,1.705355392768979,0.0206771143712103,0.5743034906685351,0.4256965093314648,22,9,0.4090909090909091,1.3968191566877066,0.4089108427986503,100.0,109.25185957151284,0.960164117816558,0.0165206585251467,1167.902016655213,1185.740673149941,True,True,True,True,True,True,sobol_train_val,,,
1535.0,2048.0,1.8807367933914063,0.1590839062817394,0.4168198205530643,0.5831801794469357,14,4,0.2857142857142857,2.747298823110759,0.5388125790283084,100.0,118.04753623598344,0.8840532631866822,0.0168886290457193,1436.8187289098264,1453.8864021801355,True,True,True,True,True,True,sobol_train_val,,,
1536.0,2048.0,1.4327588006854055,0.1495466809719801,0.6359613858163357,0.3640386141836643,26,17,0.6538461538461539,4.234379768092185,0.483301131427288,100.0,100.92852882240425,0.9999976838392928,0.2467687085501742,2233.156016330793,2243.6916816595904,True,True,True,True,True,True,sobol_train_val,,,
1537.0,2048.0,1.4326043874025345,0.2733780336566269,0.4360509224236011,0.5639490775763989,29,19,0.6551724137931034,3.4274433910846707,0.4500539399683476,100.0,106.9049435044618,0.7921958750011943,0.0008755503210195,2091.010154472694,2105.5517905598235,True,True,True,True,True,True,sobol_train_val,,,
1538.0,2048.0,1.8789306757971644,0.0200170028954744,0.6169112913310528,0.3830887086689472,11,4,0.3636363636363636,2.020529271941632,0.521190389059484,100.0,111.76678939542391,0.9565901152194384,0.3048538272325138,1185.7675572634791,1193.3419586868145,True,True,True,True,True,True,sobol_train_val,,,
1539.0,2048.0,1.7066081408411264,0.1587173067033291,0.3743934355676174,0.6256065644323826,23,10,0.4347826086956521,2.140004211477935,0.4264353526756168,100.0,115.65617788617732,0.6524849239715839,0.0003550665062477,1561.5426957144891,1572.1577519434982,True,True,True,True,True,True,sobol_train_val,,,
1540.0,2048.0,1.2318566972389815,0.1490330354310572,0.5786908484995366,0.4213091515004634,17,10,0.5882352941176471,4.029867128748447,0.5959726378321648,100.0,97.04830848555127,0.9996674352112908,0.2932985929465081,1692.8851531843536,1701.192369972645,True,True,True,True,True,True,sobol_train_val,,,
1541.0,2048.0,1.1034885477274656,0.2231053557246923,0.6545302476733923,0.3454697523266077,18,9,0.5,2.971446060296148,0.4067877806723118,100.0,91.07905611411236,0.999327005062746,0.1517176450640547,1974.045135122866,1986.4158125841936,True,True,True,True,True,True,sobol_train_val,,,
1542.0,2048.0,1.5849691154435277,0.0823175598867237,0.4986700039356946,0.5013299960643054,22,10,0.4545454545454545,1.5355220172554254,0.5654243251308799,100.0,108.74051043091409,0.9582479469703912,0.1454481029886107,912.77683191341,925.7574082189074,True,True,True,True,True,True,sobol_train_val,,,
1543.0,2048.0,1.750569675117731,0.2441625469364226,0.5412610959261656,0.4587389040738344,14,4,0.2857142857142857,2.608885485772044,0.4823967291042209,100.0,111.2534038345766,0.958833509025961,0.0932145501568217,1537.782415996374,1552.944220057688,True,True,True,True,True,True,sobol_train_val,,,
1544.0,2048.0,1.310972518287599,0.0469050228595733,0.3119635697454214,0.6880364302545786,26,16,0.6153846153846154,4.476184012927114,0.5394341096282005,100.0,107.79752716995932,0.6767141776248244,0.0005411490493833,2214.151422134188,2225.944517457168,True,True,True,True,True,True,sobol_train_val,,,
1545.0,2048.0,1.3163340389728546,0.1811344209127128,0.5230327364057302,0.4769672635942698,21,8,0.3809523809523809,3.865036732982844,0.420428984425962,100.0,101.0715068030421,0.9023676702166412,0.0001137427645548,2386.8656733144257,2403.984639846266,True,True,True,True,True,True,sobol_train_val,,,
1546.0,2048.0,1.8721611527726052,0.1157866587862372,0.3304536174982786,0.6695463825017214,19,13,0.6842105263157895,2.40943243727088,0.550903857499361,100.0,120.86102034884038,0.7065112672270738,0.0238925162229533,1310.2133249592446,1321.8312053694713,True,True,True,True,True,True,sobol_train_val,,,
1547.0,2048.0,1.5415063295513391,0.2867131160572171,0.6846902232617139,0.3153097767382861,27,15,0.5555555555555556,1.7493762125261128,0.4967828944325447,100.0,102.3057074556312,0.9995456859944234,0.3657572349413956,1138.0640029033043,1144.601795121433,True,True,True,True,True,True,sobol_train_val,,,
1548.0,2048.0,1.019998081959784,0.015188595559448,0.4686740603297948,0.5313259396702051,13,6,0.4615384615384615,3.5969946837052698,0.5257319433614611,100.0,93.62864956651735,0.968578583143038,0.0177264324542055,1846.0797832465717,1865.1228536847573,True,True,True,True,True,True,sobol_train_val,,,
1549.0,2048.0,1.1415150444954634,0.2410910977050662,0.392633245140314,0.6073667548596859,12,5,0.4166666666666667,4.2308308895677325,0.4644767751917243,100.0,100.0027991987838,0.7302593080464643,0.0033645785904904,2458.980089718701,2471.7988595121387,True,True,True,True,True,True,sobol_train_val,,,
1550.0,2048.0,1.6699965568259358,0.0631700838916003,0.5602122388780117,0.4397877611219882,28,15,0.5357142857142857,2.7526620193384588,0.5074515528976917,100.0,108.86558200079344,0.9998928332337246,0.1334415260822358,1512.973876479082,1527.4964337365675,True,True,True,True,True,True,sobol_train_val,,,
1551.0,2048.0,1.9936709590256212,0.1916159383021295,0.4059023968875408,0.5940976031124592,16,10,0.625,1.3964911641553044,0.440039886534214,100.0,120.75421323467008,0.6964172873663037,0.0362166077206426,1145.08161605978,1155.5573397758303,True,True,True,True,True,True,sobol_train_val,,,
1552.0,2048.0,1.4448171174153686,0.1076646516099572,0.646918673068285,0.353081326931715,24,8,0.3333333333333333,3.215099920425564,0.5814888400956988,100.0,100.93459198977558,0.9982342674696196,0.394068768664868,1457.0015421021064,1462.763330659781,True,True,True,True,True,True,sobol_train_val,,,
1553.0,2048.0,1.482099692337215,0.1976665327325463,0.3455423194915056,0.6544576805084944,14,8,0.5714285714285714,2.69857282647863,0.5142323117703199,100.0,111.22034449418705,0.696769747901759,0.0137570716658919,1561.9614006904071,1573.708084191865,True,True,True,True,True,True,sobol_train_val,,,
1554.0,2048.0,1.9563647583127024,0.0948508135043084,0.5014010641723871,0.4985989358276129,25,12,0.48,4.179957087524235,0.4572071390226483,100.0,116.86304675303126,0.9235302968605296,0.0002473734826884,2314.2475417205296,2332.815492129967,True,True,True,True,True,True,sobol_train_val,,,
1555.0,2048.0,1.6296624252572656,0.2327129806391894,0.458860320225358,0.541139679774642,18,7,0.3888888888888889,3.061133450176567,0.5905772933736444,100.0,111.06122550233812,0.9885514856791694,0.0916292892587492,1366.3858636773296,1382.4855377961178,True,True,True,True,True,True,sobol_train_val,,,
1556.0,2048.0,1.1818732041865587,0.0735740197822451,0.6881563056260347,0.3118436943739653,21,14,0.6666666666666666,1.2392951410263775,0.4320262003690004,100.0,92.59408306453416,0.9962402244745648,0.2831276652027916,1062.6234021718783,1070.8588451716255,True,True,True,True,True,True,sobol_train_val,,,
1557.0,2048.0,1.0612174468114972,0.2994444935582578,0.5637759745121003,0.4362240254878997,23,15,0.6521739130434783,2.2554598202928897,0.5707708399742841,100.0,92.21008234848966,0.9998916190903978,0.2358100506663429,1173.028341753036,1183.15731669224,True,True,True,True,True,True,sobol_train_val,,,
1558.0,2048.0,1.5003244187682867,0.0092020081356167,0.3829171642661094,0.6170828357338906,17,5,0.2941176470588235,3.707846758235246,0.4012457625940442,100.0,110.402205396621,0.639425984442846,0.0001452726359758,2467.4580133467566,2477.4870036622474,True,True,True,True,True,True,sobol_train_val,,,
1559.0,2048.0,1.8357028057798743,0.170794509910047,0.6255799725651741,0.3744200274348259,30,13,0.4333333333333333,3.542899049073457,0.5463433573022485,100.0,110.6075088762417,0.99989113242818,0.3147676999450559,1676.9322128199174,1685.028835370112,True,True,True,True,True,True,sobol_train_val,,,
1560.0,2048.0,1.3527554832398891,0.1240822973661124,0.4212840646505356,0.5787159353494644,10,5,0.5,1.698508950602263,0.4752923596650362,100.0,105.24767491377035,0.7590531742528721,0.0483981546024551,1226.281422213674,1238.0215672524564,True,True,True,True,True,True,sobol_train_val,,,
1561.0,2048.0,1.2702417029067874,0.2571800172328949,0.6070960253477096,0.3929039746522904,15,7,0.4666666666666667,1.486265886761248,0.5562504218891263,100.0,97.3489870998054,0.977245441277028,0.3118091492676934,921.9459818785735,929.4235682531336,True,True,True,True,True,True,sobol_train_val,,,
1562.0,2048.0,1.791263572871685,0.0412045472301542,0.4395185306668281,0.5604814693331719,25,14,0.56,2.918961950484663,0.4148869168013334,100.0,115.365333166124,0.7506597391649588,0.0007100568037175,1955.249585435951,1968.3108418935544,True,True,True,True,True,True,sobol_train_val,,,
1563.0,2048.0,1.6228925744071605,0.2124656011350452,0.5937780246138573,0.4062219753861427,12,8,0.6666666666666666,4.3206055629998446,0.5326411444693804,100.0,106.78660705101696,0.9971048640640257,0.2398816709090982,2040.2206403598457,2050.546228131155,True,True,True,True,True,True,sobol_train_val,,,
1564.0,2048.0,1.0656025279313326,0.090313371643424,0.3527632892131805,0.6472367107868195,28,10,0.3571428571428571,2.456524000223726,0.4896785715594888,100.0,98.8815089713766,0.6912455703671947,1.295350584371593e-05,1562.5622238146284,1574.638049620481,True,True,True,True,True,True,sobol_train_val,,,
1565.0,2048.0,1.195062612183392,0.1645001188851892,0.47733282931149,0.52266717068851,26,9,0.3461538461538461,1.8649443802423773,0.5004935251548887,100.0,98.95730058973294,0.9551050601949428,0.0005182232499328,1205.2731113262814,1224.856691443159,True,True,True,True,True,True,sobol_train_val,,,
1566.0,2048.0,1.7434262689203024,0.1359513960778713,0.6699103895574807,0.3300896104425193,13,8,0.6153846153846154,3.275088445656001,0.4716299246996641,100.0,107.36347010865262,0.997551891092746,0.3028511049687193,1844.948286240853,1853.1762012306272,True,True,True,True,True,True,sobol_train_val,,,
1567.0,2048.0,1.9207298597320916,0.2653180707246065,0.3155288312584162,0.6844711687415839,20,11,0.55,3.980604851525277,0.5760934490710496,100.0,122.42799797160978,0.7402527075982589,0.0030049394257568,1794.8926933951675,1808.3187819681184,True,True,True,True,True,True,sobol_train_val,,,
1568.0,2048.0,1.3907815925776958,0.0307390761561691,0.5315434891730546,0.4684565108269454,19,8,0.4210526315789473,2.087526150047779,0.4456307807937265,100.0,102.83718807728997,0.9555326374802176,0.0041131750149464,1429.5297947301272,1448.3733566366975,True,True,True,True,True,True,sobol_train_val,,,
1569.0,2048.0,1.3849692856892943,0.1515383544377982,0.678111245855689,0.3218887541443109,10,6,0.6,2.50667790658772,0.5923611402511597,100.0,98.53682454637584,0.9909810728583064,0.4628070990987037,1185.3422104574456,1189.5052706197837,True,True,True,True,True,True,sobol_train_val,,,
1570.0,2048.0,1.9265732951462269,0.1418546548113226,0.4691258590668439,0.5308741409331561,30,10,0.3333333333333333,4.3735766566358505,0.4353237209841609,100.0,117.28349644585433,0.8307868434214486,2.360342198254963e-06,2542.438043014966,2555.5578556841133,True,True,True,True,True,True,sobol_train_val,,,
1571.0,2048.0,1.7220185371115804,0.2805544065311551,0.5147687088698149,0.4852312911301851,17,7,0.4117647058823529,2.869213230349123,0.5187472915276885,100.0,111.42785568886823,0.9897446332524832,0.0741215209979988,1524.6237335717976,1541.727392950704,True,True,True,True,True,True,sobol_train_val,,,
1572.0,2048.0,1.2164385598152876,0.0271939485333859,0.3323463257402181,0.6676536742597818,24,12,0.5,1.4328896068967878,0.460110791772604,100.0,104.33227210720196,0.61467670030124,0.0010632193272417,1167.0400219034766,1176.905682636484,True,True,True,True,True,True,sobol_train_val,,,
1573.0,2048.0,1.087101467885077,0.2513409269973635,0.406305456906557,0.5936945430934429,22,13,0.5909090909090909,2.0377713385038074,0.5489057838916779,100.0,97.81988645680792,0.8872447587699678,0.0110647457543389,1175.1264337338316,1192.316516506541,True,True,True,True,True,True,sobol_train_val,,,
1574.0,2048.0,1.6013636980205774,0.0540839756838977,0.6402907781302929,0.3597092218697071,19,9,0.4736842105263157,3.927234663069248,0.4793684599921107,100.0,104.95547673530092,0.999370942680037,0.2503019961484598,2105.4128484767384,2115.274647412508,True,True,True,True,True,True,sobol_train_val,,,
1575.0,2048.0,1.7972281007096171,0.2159284106455743,0.3945746801793575,0.6054253198206425,25,9,0.36,3.3252358672209086,0.5745072400197386,100.0,116.99837851880147,0.9268547450947288,0.0003623723354176,1522.2022499136856,1541.3789309824865,True,True,True,True,True,True,sobol_train_val,,,
1576.0,2048.0,1.2643063366413116,0.075141186453402,0.5519971407949924,0.4480028592050076,15,10,0.6666666666666666,1.9179219586774705,0.4033708356320858,100.0,98.75216056897516,0.8948428296282874,0.0448964073333088,1479.0530810248367,1493.5266043813203,True,True,True,True,True,True,sobol_train_val,,,
1577.0,2048.0,1.3624451821669936,0.2842218113131821,0.3630036510527133,0.6369963489472866,20,7,0.35,1.2922726272605358,0.5344219414517284,100.0,107.45295288866517,0.7687418074608484,0.0095346552026192,922.5429316072368,936.4992088178426,True,True,True,True,True,True,sobol_train_val,,,
1578.0,2048.0,1.826042506843805,0.0126967180520296,0.5837077878415584,0.4162922121584416,21,13,0.6190476190476191,3.1112809639424084,0.4929730385541916,100.0,111.62327125999089,0.9997704906875844,0.1557833818687476,1696.767103461457,1710.3524486524063,True,True,True,True,True,True,sobol_train_val,,,
1579.0,2048.0,1.5256706001237037,0.1836237274110317,0.4263461880385875,0.5736538119614125,14,8,0.5714285714285714,4.126587003562599,0.5607684545218945,100.0,109.59432868131148,0.9462723052071284,0.019114748143048,1874.100298622563,1892.774521559496,True,True,True,True,True,True,sobol_train_val,,,
1580.0,2048.0,1.035841567441821,0.1182753936387598,0.6204873211681843,0.3795126788318157,27,11,0.4074074074074074,2.648817910440266,0.4177936201915145,100.0,89.80289408802406,0.9997068479483152,0.0920127199586903,1785.5857134527978,1800.528407344552,True,True,True,True,True,True,sobol_train_val,,,
1581.0,2048.0,1.1563743287697434,0.1941078152507543,0.5463267739862203,0.4536732260137797,29,14,0.4827586206896552,1.6451323695480822,0.5786589292809368,100.0,95.72434479438392,0.9978282950207316,0.2175728542854543,931.899108254443,942.6829067006056,True,True,True,True,True,True,sobol_train_val,,,
1582.0,2048.0,1.6551297549158337,0.1101559569127857,0.3006227027624845,0.6993772972375154,12,7,0.5833333333333334,3.493150630127638,0.4497099310159683,100.0,117.06990053664764,0.5380825693668317,0.0100538786810564,2176.3960313956472,2183.96648968872,True,True,True,True,True,True,sobol_train_val,,,
1583.0,2048.0,1.9465833781287076,0.2386023634113371,0.6580575507134199,0.3419424492865801,25,17,0.68,3.7608181407675145,0.5042268745601177,100.0,111.97637369267515,0.999992012957116,0.3218559946959514,1911.6198155166217,1919.851752036607,True,True,True,True,True,True,sobol_train_val,,,
1584.0,2048.0,1.4919124394655228,0.0606807768344879,0.4889163400977849,0.511083659902215,15,5,0.3333333333333333,2.305613437760621,0.4737519448623061,100.0,106.75289093299648,0.920426260438685,0.0096068869643428,1457.1125084951905,1475.105380440854,True,True,True,True,True,True,sobol_train_val,,,
1585.0,2048.0,1.4661952964961529,0.2258271396160125,0.5934237718582154,0.4065762281417846,26,14,0.5384615384615384,3.647142892051488,0.4282193902879954,100.0,102.98173113852909,0.9999663095352568,0.0505738857613823,2191.9403264357634,2209.362194170281,True,True,True,True,True,True,sobol_train_val,,,
1586.0,2048.0,1.9722616514191031,0.0666876071132719,0.3594400092959404,0.6405599907040596,14,6,0.4285714285714285,1.8023530041798947,0.5992703491821885,100.0,121.92576623713774,0.8088902527447402,0.058894403394637,942.8978539977926,955.6473999225336,True,True,True,True,True,True,sobol_train_val,,,
1587.0,2048.0,1.675842231139541,0.2045503665693104,0.605105747282505,0.394894252717495,22,7,0.3181818181818182,2.3596784125082197,0.4545687289908528,100.0,107.68234151338125,0.9917481706832492,0.1411848983716387,1502.280471997897,1515.8964136467516,True,True,True,True,True,True,sobol_train_val,,,
1588.0,2048.0,1.135701154358685,0.1017340745776891,0.4476847916841506,0.5523152083158493,18,12,0.6666666666666666,3.811665757745504,0.5240938510745764,100.0,98.05574436561405,0.9283866442753482,0.0111736903092944,1944.0870214603892,1962.4211599155635,True,True,True,True,True,True,sobol_train_val,,,
1589.0,2048.0,1.0140611995011568,0.1776809231378138,0.3222542781382799,0.6777457218617201,17,11,0.6470588235294118,3.165351987071335,0.4849593464285135,100.0,98.17745732941488,0.6204085647921067,0.005606226257424,1922.8714767740055,1932.8286812781228,True,True,True,True,True,True,sobol_train_val,,,
1590.0,2048.0,1.5474731484428048,0.1309681378304958,0.5312381658703088,0.4687618341296912,23,9,0.391304347826087,1.343114097509533,0.5435104006901383,100.0,106.83455019210628,0.9491803167289574,0.1802149939261677,888.9478103444027,900.3367136701113,True,True,True,True,True,True,sobol_train_val,,,
1591.0,2048.0,1.8506307527422905,0.2925612319260836,0.4854503516107797,0.5145496483892202,11,5,0.4545454545454545,2.8028167124837635,0.410523989982903,100.0,115.16442682510012,0.8093775025119256,0.0203210463615262,1889.9547629527888,1903.669839857312,True,True,True,True,True,True,sobol_train_val,,,
1592.0,2048.0,1.3378352774307132,0.0023181748576462,0.667871193960309,0.3321288060396909,29,17,0.5862068965517241,4.283801196422428,0.5675492074340582,100.0,97.55432046836842,0.99999823175029,0.4148015206456777,1893.9223242987955,1899.8050879050115,True,True,True,True,True,True,sobol_train_val,,,
1593.0,2048.0,1.2855986915528774,0.2102671215310692,0.4537458110600709,0.546254188939929,24,10,0.4166666666666667,4.082837724499404,0.4985638821497559,100.0,102.33588250611592,0.9048142177013104,8.398217696861886e-05,2159.338442454721,2177.521918553419,True,True,True,True,True,True,sobol_train_val,,,
1594.0,2048.0,1.7759141018614173,0.0881154648028314,0.6994483236223459,0.3005516763776541,16,9,0.5625,2.190158615726977,0.5290266010910273,100.0,107.26103468997309,0.997233060301023,0.4343414837432977,1225.838320988041,1230.8687734886914,True,True,True,True,True,True,sobol_train_val,,,
1595.0,2048.0,1.5753108765929935,0.259375926386565,0.3420638356357812,0.6579361643642188,28,17,0.6071428571428571,1.96715190410614,0.4249468263238669,100.0,113.67376988624471,0.5941889511511707,0.0008794534754961,1497.3334007643748,1506.4402915124692,True,True,True,True,True,True,sobol_train_val,,,
1596.0,2048.0,1.113176484592259,0.0434010280296206,0.5112035412341356,0.4887964587658644,12,4,0.3333333333333333,3.3776957589201624,0.5538103701546788,100.0,95.40875029409034,0.973309053486631,0.1388987008390957,1645.0306285804872,1658.3761209859142,True,True,True,True,True,True,sobol_train_val,,,
1597.0,2048.0,1.2416676301509142,0.2675159781239927,0.6368232637643814,0.3631767362356186,13,5,0.3846153846153846,4.422813142184168,0.4426055574789643,100.0,95.71286696574832,0.994632881772922,0.1862141541740835,2519.62263179208,2531.135241831562,True,True,True,True,True,True,sobol_train_val,,,
1598.0,2048.0,1.6968287536874411,0.0329375552013516,0.4161206260323524,0.5838793739676476,27,19,0.7037037037037037,2.5591313565149902,0.585568181052804,100.0,114.02028086857683,0.9638888942734144,0.0284339599086141,1215.397799271166,1234.0768911487394,True,True,True,True,True,True,sobol_train_val,,,
1599.0,2048.0,1.9043961837887764,0.1623036375269293,0.5736271902918815,0.4263728097081185,19,11,0.5789473684210527,1.5884987167082727,0.4682099338620901,100.0,113.5716006197195,0.9776231596284768,0.1147694891821071,1122.7196441056633,1137.3650920860814,True,True,True,True,True,True,sobol_train_val,,,
1600.0,2048.0,1.4071075124666097,0.1337554874829948,0.3794875979423522,0.6205124020576478,21,10,0.4761904761904761,3.0215943608433005,0.5095733823254704,100.0,108.0986861749148,0.7728364071907493,0.0009195653121002,1700.709477280865,1715.1411585105195,True,True,True,True,True,True,sobol_train_val,,,
1601.0,2048.0,1.4182405937463043,0.2193954588845372,0.558224581554532,0.4417754184454679,16,5,0.3125,4.207342480123043,0.5446145936846734,100.0,102.76983498089044,0.9906425327169212,0.1966568523456197,1963.873122622128,1975.509483218409,True,True,True,True,True,True,sobol_train_val,,,
1602.0,2048.0,1.89330102596432,0.0790064885281026,0.3883035723119974,0.6116964276880026,24,15,0.625,2.7746397349052128,0.4766274584457278,100.0,119.28089283076974,0.738708611104139,0.0035294909838197,1681.4520008480497,1694.6822220216816,True,True,True,True,True,True,sobol_train_val,,,
1603.0,2048.0,1.692546658217907,0.2496811824850738,0.6465669725090265,0.3534330274909735,12,6,0.5,1.3730028284713625,0.569423552416265,100.0,106.88117488239855,0.964785708710711,0.4059422201159526,841.8944758185414,846.9835065613906,True,True,True,True,True,True,sobol_train_val,,,
1604.0,2048.0,1.2459113849326968,0.0531154548749327,0.4000832516700029,0.5999167483299971,28,12,0.4285714285714285,3.2370777097530663,0.4029867626726627,100.0,102.9181591149952,0.6701349916324323,9.812993961884343e-06,2228.8692360064742,2238.5839943816623,True,True,True,True,True,True,sobol_train_val,,,
1605.0,2048.0,1.1242790333926678,0.2766993856988847,0.3261179655790329,0.6738820344209671,27,12,0.4444444444444444,3.8415479547344153,0.5888514980673789,100.0,101.7018187010422,0.7930705209706538,8.112566746105041e-05,1731.9705643775037,1746.93288396163,True,True,True,True,True,True,sobol_train_val,,,
1606.0,2048.0,1.5641851862892509,0.0237371826544404,0.5210388496518135,0.4789611503481865,13,8,0.6153846153846154,2.4314105708152054,0.4333644581958651,100.0,107.5507256788012,0.8883999664080733,0.0407057010902892,1633.9403573814195,1649.0506292201137,True,True,True,True,True,True,sobol_train_val,,,
1607.0,2048.0,1.7716624792665243,0.1525171933695674,0.4628486976027488,0.5371513023972512,21,14,0.6666666666666666,1.7258874588645994,0.5128818651661277,100.0,114.1743993410808,0.8937079884786522,0.0536313070612905,1106.2295296024524,1121.658370010226,True,True,True,True,True,True,sobol_train_val,,,
1608.0,2048.0,1.2898729192093017,0.1435247163288295,0.6843325316905975,0.3156674683094025,19,7,0.3684210526315789,3.618972841836512,0.458945170789957,100.0,95.80019110862582,0.9983966521032152,0.3140790359003966,2077.2230002649,2084.849491197614,True,True,True,True,True,True,sobol_train_val,,,
1609.0,2048.0,1.3333395142108202,0.23546719327569,0.4951948225498199,0.50480517745018,14,9,0.6428571428571429,2.994934838544577,0.5774804217740893,100.0,102.38366239183851,0.9949014686868308,0.1295704976172921,1401.4813900973247,1415.8742523560077,True,True,True,True,True,True,sobol_train_val,,,
1610.0,2048.0,1.8551491210237143,0.0570649565197527,0.6518345817923545,0.3481654182076454,26,9,0.3461538461538461,1.5135438837110995,0.4438562229275704,100.0,110.26940684197864,0.9867022363871222,0.2322530370987611,1139.8947366820414,1150.0063832728513,True,True,True,True,True,True,sobol_train_val,,,
1611.0,2048.0,1.5588198378682137,0.195513501483947,0.3068524315953254,0.6931475684046746,18,7,0.3888888888888889,2.632374239433557,0.5022802598774433,100.0,114.52093061839668,0.6155960059743729,0.0009125127102468,1583.5432748862756,1593.6131137719872,True,True,True,True,True,True,sobol_train_val,,,
1613.0,2048.0,1.1311749182641506,0.1872292676009237,0.614209397509694,0.3857906024903059,23,13,0.5652173913043478,3.4509318005293608,0.5340251488611102,100.0,93.03277065333197,0.9999541621936624,0.2776194573847939,1735.395143554447,1744.230226314257,True,True,True,True,True,True,sobol_train_val,,,
1614.0,2048.0,1.6803301265463233,0.1214002802968025,0.4325697634369134,0.5674302365630866,17,8,0.4705882352941176,1.9985515563748777,0.4879008546471596,100.0,113.09692678639884,0.8349272133184377,0.0102594351920598,1297.0276081003783,1312.7249218078791,True,True,True,True,True,True,sobol_train_val,,,
1615.0,2048.0,1.9836388733237984,0.2835794281214475,0.577478665485978,0.4225213345140219,29,11,0.3793103448275862,2.1634925471618773,0.5580403156578541,100.0,115.07072665839809,0.996695254800371,0.2454549197573543,1132.6470428019918,1142.9339303472188,True,True,True,True,True,True,sobol_train_val,,,
1616.0,2048.0,1.4548559980466962,0.0112807159312069,0.3692760813981294,0.6307239186018705,11,8,0.7272727272727273,4.007889339420944,0.4134906878694892,100.0,109.7000419520337,0.6081842340850905,0.0304009773265475,2585.5533805192863,2593.8497648907314,True,True,True,True,True,True,sobol_train_val,,,
1617.0,2048.0,1.495179840363562,0.2939350132830441,0.6741497494280337,0.3258502505719662,20,9,0.45,1.8413552627898755,0.4837807584553957,100.0,101.45697882624393,0.9958163454414344,0.3309150012962074,1209.673786871981,1217.003675517488,True,True,True,True,True,True,sobol_train_val,,,
1618.0,2048.0,1.9432780537754295,0.0030007313936948,0.4792273126542568,0.5207726873457432,20,10,0.5,3.296965453214943,0.5376564154401422,100.0,117.30221358929089,0.9972810932542776,0.0337241664642306,1611.430441339676,1631.0223479452166,True,True,True,True,True,True,sobol_train_val,,,
1619.0,2048.0,1.6430582432076335,0.1745135620236396,0.5374678246676922,0.4625321753323078,27,17,0.6296296296296297,3.957015807833522,0.4085777001455426,100.0,108.9257868655094,0.9081595636905436,0.0008752215000208,2447.271962165956,2464.443726775177,True,True,True,True,True,True,sobol_train_val,,,
1620.0,2048.0,1.1684841811656952,0.1274025239981711,0.3159824796020984,0.6840175203979015,14,4,0.2857142857142857,2.1094032313674687,0.5640281181782484,100.0,103.4436332384999,0.7177058125523426,0.0054677080182406,1190.6975080157615,1203.3689699861725,True,True,True,True,True,True,sobol_train_val,,,
1621.0,2048.0,1.0391395008191466,0.2038758013397455,0.4414068456739187,0.5585931543260814,12,5,0.4166666666666667,1.462676400505006,0.4278223503381014,100.0,95.11805218745582,0.760137678972092,0.0151315212892251,1237.3174578505696,1249.9991907430635,True,True,True,True,True,True,sobol_train_val,,,
1622.0,2048.0,1.522395808249712,0.1003682878799736,0.611329348012805,0.3886706519871949,29,19,0.6551724137931034,2.9408393760211764,0.5941981026902794,100.0,103.87277722709098,0.9999946215421404,0.3458943277704773,1314.5658784240186,1321.9967750900294,True,True,True,True,True,True,sobol_train_val,,,
1623.0,2048.0,1.813940522260964,0.2294007838703692,0.3532109122723341,0.6467890877276659,16,9,0.5625,4.297016101330518,0.4518407003954053,100.0,118.79451293418724,0.6416442552238414,0.0032929033048748,2511.1888094137757,2521.6125107405705,True,True,True,True,True,True,sobol_train_val,,,
1624.0,2048.0,1.374524561688304,0.0698629952967166,0.5996961798518896,0.4003038201481104,25,12,0.48,2.478401450347155,0.5197912137955427,100.0,100.42126251358984,0.9995458026894776,0.2302950785106361,1383.1360823304717,1393.6845107884171,True,True,True,True,True,True,sobol_train_val,,,
1625.0,2048.0,1.2519602114334702,0.1605934004299342,0.3857149686664343,0.6142850313335657,30,16,0.5333333333333333,2.2790493065491315,0.4383140662685036,100.0,103.56955066375411,0.6866201513422598,0.0001191256923682,1618.809588882709,1630.403658981524,True,True,True,True,True,True,sobol_train_val,,,
1626.0,2048.0,1.8095516208559277,0.1328188715502619,0.5673561554402113,0.4326438445597886,10,4,0.4,3.6859693326987326,0.5828270751982927,100.0,111.7558852378054,0.9711668516521824,0.2783188941115689,1601.8522113209951,1610.396837591959,True,True,True,True,True,True,sobol_train_val,,,
1627.0,2048.0,1.604905772022903,0.2709328198805451,0.4223968934267759,0.5776031065732241,24,8,0.3333333333333333,3.566488510742784,0.463126302883029,100.0,111.65854943435984,0.7867436545470213,3.315150107566368e-05,2093.157829368575,2107.757008368189,True,True,True,True,True,True,sobol_train_val,,,
1628.0,2048.0,1.0835825353860855,0.0368350482545793,0.6306009884923696,0.3693990115076304,17,10,0.5882352941176471,1.676631500478834,0.5091895626857876,100.0,91.08694769172835,0.9964088022167628,0.2779974251261928,1102.500160981679,1111.1870542190263,True,True,True,True,True,True,sobol_train_val,,,
1629.0,2048.0,1.2041229074820876,0.2603045498952269,0.5049752064049243,0.4950247935950757,19,13,0.6842105263157895,2.722161943931132,0.4950541058555245,100.0,98.3881986141232,0.9762441794957172,0.0242916429775511,1575.4324449197732,1594.2623086611727,True,True,True,True,True,True,sobol_train_val,,,
1630.0,2048.0,1.734372530132532,0.0451032715849578,0.3483339540660381,0.6516660459339618,22,8,0.3636363636363636,4.158080079965293,0.5270670194178819,100.0,117.1947600331696,0.7364047167174815,0.0001217984532521,2088.7593828089703,2102.26598648208,True,True,True,True,True,True,sobol_train_val,,,
1631.0,2048.0,1.9300848366692664,0.2063615991733968,0.693171139806509,0.306828860193491,15,7,0.4666666666666667,3.084722493868321,0.4190816711634397,100.0,110.66074843663957,0.996572453420748,0.2726057182161408,1925.8599821188263,1934.7224764631176,True,True,True,True,True,True,sobol_train_val,,,
1632.0,2048.0,1.3814198207110169,0.0846905948594212,0.4599671222269534,0.5400328777730465,25,14,0.56,1.217418059706688,0.5526448355987668,100.0,104.7856187499413,0.8920823044706746,0.1101800103989153,839.0699175001229,851.8073119409637,True,True,True,True,True,True,sobol_train_val,,,
1633.0,2048.0,1.4028874235227704,0.2474851347506046,0.305741348862648,0.6942586511373521,24,9,0.375,1.6236546043306588,0.4118714056909084,100.0,110.54992718912872,0.5197928967544281,8.8455075804848e-05,1374.4145275092644,1381.6812199891149,True,True,True,True,True,True,sobol_train_val,,,
1634.0,2048.0,1.9086466934531927,0.0509188354946672,0.5475372806191444,0.4524627193808556,15,10,0.6666666666666666,3.5163404068909587,0.5658081507310271,100.0,114.44845892598948,0.9982242187365894,0.2016840041812578,1592.134281524525,1603.9939049191564,True,True,True,True,True,True,sobol_train_val,,,
1635.0,2048.0,1.7401245525106788,0.221594086010009,0.4923988863825798,0.5076011136174202,28,17,0.6071428571428571,3.739340400137008,0.486688226275146,100.0,112.53195135933775,0.958221107722248,0.0010814245505142,2003.7414657441489,2023.5547918248203,True,True,True,True,True,True,sobol_train_val,,,
1636.0,2048.0,1.1983412466943264,0.081204542890191,0.6607576727867126,0.3392423272132874,11,5,0.4545454545454545,2.328803239110857,0.5421752095222473,100.0,93.80513868977437,0.9860967952263328,0.3860343153565642,1275.1287996815872,1280.8260721384888,True,True,True,True,True,True,sobol_train_val,,,
1637.0,2048.0,1.077677826397121,0.1547138133086264,0.5849121261388064,0.4150878738611936,13,6,0.4615384615384615,1.270795230846852,0.4559190891683102,100.0,92.15085650633496,0.9525173846507712,0.146222668590237,1046.7056329919596,1058.8204910711236,True,True,True,True,True,True,sobol_train_val,,,
1638.0,2048.0,1.6107788756489754,0.1457207635045051,0.3681162599474191,0.6318837400525809,27,14,0.5185185185185185,3.134470322728157,0.5223559295758605,100.0,113.62712751069074,0.7702485130180088,0.0004079191324262,1690.0437141826503,1704.4952349519417,True,True,True,True,True,True,sobol_train_val,,,
1639.0,2048.0,1.7879923293367028,0.2745013307780027,0.6231814179569483,0.3768185820430517,20,13,0.65,4.105109680909663,0.4299451349303126,100.0,109.65396382724714,0.9999180257850268,0.1236580808085162,2371.9558946279576,2386.282957422969,True,True,True,True,True,True,sobol_train_val,,,
1640.0,2048.0,1.2735508102923632,0.0215385560877621,0.4298225540667772,0.5701774459332227,20,6,0.3,2.6720073429867623,0.5979322135448455,100.0,102.75298436952124,0.9762241534869178,0.0623933975440474,1233.8276943069793,1250.790816463481,True,True,True,True,True,True,sobol_train_val,,,
1641.0,2048.0,1.349240099079907,0.188629806227982,0.640646793320775,0.359353206679225,25,17,0.68,2.0592487349174915,0.4664230590686202,100.0,98.60165675928567,0.9999320908991588,0.2296328189310425,1352.9530695559909,1363.2964580773069,True,True,True,True,True,True,sobol_train_val,,,
1642.0,2048.0,1.83925605379045,0.1039048983715474,0.4121321115642786,0.5878678884357214,15,6,0.4,3.9040453042835,0.510972648113966,100.0,117.31909696113225,0.8391667901037322,0.0034411227705674,2012.6756318633943,2029.0051899360049,True,True,True,True,True,True,sobol_train_val,,,
1644.0,2048.0,1.0488596074283123,0.0639512216672301,0.3989117193967104,0.6010882806032896,18,10,0.5555555555555556,1.8947325261309744,0.5873428193852306,100.0,96.79655980960382,0.9163878636422536,0.0353409548158385,1020.6252118014409,1037.2538803956531,True,True,True,True,True,True,sobol_train_val,,,
1645.0,2048.0,1.178327347151935,0.2904625511728227,0.4749464750289917,0.5250535249710083,16,9,0.5625,2.528155671805143,0.423157007060945,100.0,98.52508182469256,0.8181686427827578,0.0070708637198527,1759.195990168712,1773.7225432679345,True,True,True,True,True,True,sobol_train_val,,,
1646.0,2048.0,1.6331852003932,0.0181644106283783,0.6784610912203788,0.3215389087796212,23,9,0.391304347826087,4.350386879872531,0.5552065007388591,100.0,104.64244836979576,0.9995270538947344,0.4212450051067307,1950.8058995111269,1956.09162009992,True,True,True,True,True,True,sobol_train_val,,,
1647.0,2048.0,1.9687147298827767,0.1803430018946528,0.3366771832108497,0.6633228167891503,10,3,0.3,2.890690970979631,0.4971799403429031,100.0,122.66116215856704,0.6554757579779498,0.0142625649588005,1679.8276116898314,1690.4085191023946,True,True,True,True,True,True,sobol_train_val,,,
1648.0,2048.0,1.4697723854333162,0.1145145873539149,0.5167547971010208,0.4832452028989792,29,18,0.6206896551724138,1.409699805546552,0.5308041838929057,100.0,105.33618651852488,0.963497167593396,0.1218595068265402,939.7620505397048,953.8305112256847,True,True,True,True,True,True,sobol_train_val,,,
1649.0,2048.0,1.4490725230425596,0.1720244030468165,0.4150122579187154,0.5849877420812846,19,9,0.4736842105263157,4.401234668958932,0.5727174486964941,100.0,108.01901467930628,0.9684272744693456,0.0021461850123557,1917.8884003561611,1938.1174722635624,True,True,True,True,True,True,sobol_train_val,,,
1650.0,2048.0,1.9893928887322545,0.1249139366671442,0.6318096172064542,0.3681903827935457,21,12,0.5714285714285714,2.582220425270497,0.4047669859603047,100.0,113.58592280468208,0.999279627370356,0.0914118407647331,1726.065738412701,1741.4873020361406,True,True,True,True,True,True,sobol_train_val,,,
1651.0,2048.0,1.6588901616632938,0.2964261794462799,0.3766941111534834,0.6233058888465166,13,8,0.6153846153846154,1.5669202680699523,0.5475218707695604,100.0,114.47230689708834,0.7474954575719075,0.0702602288753809,995.6418780700924,1006.4318715244862,True,True,True,True,True,True,sobol_train_val,,,
1652.0,2048.0,1.1526445215567946,0.0054924703203141,0.5700545217841864,0.4299454782158136,27,11,0.4074074074074074,3.044683454185724,0.4811460617929697,100.0,94.928599397582,0.9997017952630516,0.106759615653295,1754.3414809389014,1769.5120948788524,True,True,True,True,True,True,sobol_train_val,,,
1653.0,2048.0,1.0242840200662613,0.2318893706426024,0.6944286979734897,0.3055713020265103,28,9,0.3214285714285714,4.061259620077908,0.5169604446738958,100.0,87.47495714170844,0.9997493880588162,0.4091425636228349,2056.0393720593256,2061.3221736790165,True,True,True,True,True,True,sobol_train_val,,,
1654.0,2048.0,1.5372587917372584,0.0723521548323333,0.4526312135159969,0.5473687864840031,12,8,0.6666666666666666,2.213247266504913,0.4615100773051381,100.0,109.03047298716416,0.7914875555586036,0.0572541857782257,1480.006708611055,1492.1587560980158,True,True,True,True,True,True,sobol_train_val,,,
1655.0,2048.0,1.861024284735322,0.2013840629719197,0.5076246552169322,0.4923753447830677,24,12,0.5,1.945573873445392,0.5909740919247269,100.0,114.6850070938276,0.9920510750073784,0.1723440135386318,981.129538402296,993.8745181368164,True,True,True,True,True,True,sobol_train_val,,,
1656.0,2048.0,1.3274330431595445,0.0978771211579442,0.3392643578350544,0.6607356421649456,16,7,0.4375,3.400784483458847,0.4370983783155679,100.0,107.30201733091758,0.6020353539217119,0.0008644312595146,2193.7546624999623,2203.153470035407,True,True,True,True,True,True,sobol_train_val,,,
1657.0,2048.0,1.2995915096253157,0.2637562994845211,0.5253211982548236,0.4746788017451764,11,6,0.5454545454545454,3.186930091492832,0.5055772067978979,100.0,100.53644285181991,0.9735324612476532,0.0869864978950524,1729.0585758225982,1744.777632705864,True,True,True,True,True,True,sobol_train_val,,,
1658.0,2048.0,1.761912819929421,0.0296579550951719,0.3218050889670849,0.6781949110329151,29,14,0.4827586206896552,1.320025446731597,0.4720140036195516,100.0,118.75837737652996,0.60875808656016,0.0008253835329797,1065.6301477004608,1075.4061715518492,True,True,True,True,True,True,sobol_train_val,,,
1659.0,2048.0,1.589499194175005,0.1677724912762641,0.6636393450200557,0.3363606549799443,17,6,0.3529411764705882,2.824394743144512,0.5803846452385187,100.0,104.02725391645606,0.9926799884840282,0.4257446483211076,1319.5927125257535,1324.6217676020742,True,True,True,True,True,True,sobol_train_val,,,
1660.0,2048.0,1.098996869288385,0.1399973907507956,0.4835601843893528,0.5164398156106472,23,16,0.6956521739130435,4.260712471883744,0.4483717763796448,100.0,95.78631048137248,0.8739346975551602,0.0032692510978324,2493.252807174985,2509.7693134445567,True,True,True,True,True,True,sobol_train_val,,,
1661.0,2048.0,1.2205061614513395,0.2135386917740106,0.3589845921844243,0.6410154078155756,22,13,0.5909090909090909,3.668721365276724,0.5621158422902226,100.0,103.53983061917025,0.8169594509682953,0.0022199869274004,1764.1793067638196,1779.839122063174,True,True,True,True,True,True,sobol_train_val,,,
1662.0,2048.0,1.7179817585274575,0.0918671158142387,0.5875008266419173,0.4124991733580827,18,6,0.3333333333333333,1.7792639354243875,0.4160525437444449,100.0,109.1471240727942,0.97135671944318,0.0487374995715672,1334.1938965112222,1350.9052501452563,True,True,True,True,True,True,sobol_train_val,,,
1663.0,2048.0,1.8834302220493555,0.2531260312534868,0.4457886349409818,0.5542113650590181,26,11,0.4230769230769231,2.3812568611465394,0.5361507926136255,100.0,117.14265703013314,0.9587736146160488,0.0019907318741139,1285.1316545324148,1305.2757689120506,True,True,True,True,True,True,sobol_train_val,,,
1664.0,2048.0,1.4280821764841676,0.0379241801798343,0.6008676823228598,0.3991323176771402,14,7,0.5,3.788576664403081,0.49163782838732,100.0,101.79354560734804,0.9970859038499568,0.1911700820123777,2012.4425253809493,2024.310585163446,True,True,True,True,True,True,sobol_train_val,,,
1665.0,2048.0,1.4230247233062985,0.1847206464037299,0.3560178060084581,0.6439821939915419,27,12,0.4444444444444444,1.4501513890922069,0.5794739620760083,100.0,109.32050822423145,0.8192915416780691,0.0198215044619537,881.2759910847518,896.1165972403448,True,True,True,True,True,True,sobol_train_val,,,
1666.0,2048.0,1.8904710793867707,0.1195142093114554,0.5970328960567712,0.4029671039432287,13,7,0.5384615384615384,2.850566713046282,0.4489868324249983,100.0,112.58780318037492,0.9877904137949792,0.1174685187202678,1727.6039752231875,1742.1884263039472,True,True,True,True,True,True,sobol_train_val,,,
1667.0,2048.0,1.711184799671173,0.2854652135632932,0.4427245739847421,0.5572754260152579,21,13,0.6190476190476191,4.387590605579317,0.50350949652493,100.0,113.47144431854264,0.8881452155887553,0.0035291756993702,2235.6527464381006,2253.3633771058912,True,True,True,True,True,True,sobol_train_val,,,
1668.0,2048.0,1.2253192393109202,0.0137890504673123,0.6103017140179872,0.3896982859820128,19,6,0.3157894736842105,2.491228868532926,0.4745727011933923,100.0,95.96938485006405,0.9915007700589205,0.1882444256358522,1531.2314554014831,1542.8431899263353,True,True,True,True,True,True,sobol_train_val,,,
1669.0,2048.0,1.0958601124584677,0.2373532379977405,0.5346518516540527,0.4653481483459473,16,6,0.375,1.9061487629078329,0.535240407474339,100.0,94.1680879679489,0.976842655309234,0.1506915652355006,1137.5823514232409,1150.4943488260656,True,True,True,True,True,True,sobol_train_val,,,
1670.0,2048.0,1.5906520700082185,0.0595735682174563,0.3186368867754936,0.6813631132245064,24,16,0.6666666666666666,3.3355739738792183,0.4922533731907606,100.0,114.87724280422697,0.6249722429247749,0.0026603003511063,1923.630808763981,1933.8485003637156,True,True,True,True,True,True,sobol_train_val,,,
1671.0,2048.0,1.7610038500279188,0.1930051753297448,0.6728719606995582,0.3271280393004417,12,7,0.5833333333333334,3.918709300551563,0.5600476432591677,100.0,107.66650204560892,0.9971899133332236,0.4181000882407143,1766.5143585251071,1771.8725410753714,True,True,True,True,True,True,sobol_train_val,,,
1672.0,2048.0,1.3024838836863637,0.1089022628031671,0.480294707417488,0.519705292582512,28,13,0.4642857142857143,2.0449119659140704,0.4186109432950616,100.0,101.98424838204522,0.8260156446154524,0.0001310498159381,1519.9756785997645,1535.012844155846,True,True,True,True,True,True,sobol_train_val,,,
1673.0,2048.0,1.3205445352941751,0.2794643629342317,0.6913501411676406,0.3086498588323594,23,13,0.5652173913043478,2.6575698721222576,0.5496505808085204,100.0,96.4593272065818,0.9998867652632256,0.4385546434132233,1366.8986956869437,1371.703842841512,True,True,True,True,True,True,sobol_train_val,,,
1674.0,2048.0,1.8659899467602368,0.0259528351016342,0.4620538011193275,0.5379461988806724,17,7,0.4117647058823529,4.119672963023185,0.4785263882949948,100.0,116.24282769898052,0.8845632507128274,0.0016308711679429,2220.5617377354997,2238.117575823658,True,True,True,True,True,True,sobol_train_val,,,
1675.0,2048.0,1.5325370281934738,0.150301827583462,0.5046433731913567,0.4953566268086433,29,10,0.3448275862068966,3.123230404872447,0.5736647883430124,100.0,107.27931090428616,0.9986899732136776,0.1374583645471057,1446.7611820464786,1461.0382627589518,True,True,True,True,True,True,sobol_train_val,,,
1676.0,2048.0,1.0309281526133418,0.1407600246369838,0.3487849831581116,0.6512150168418884,11,7,0.6363636363636364,1.2821107534691691,0.4041152495890856,100.0,97.84978240285476,0.5607764536496758,0.0361949445879216,1226.371770328243,1233.335250067948,True,True,True,True,True,True,sobol_train_val,,,
1677.0,2048.0,1.1515829600393772,0.2171798159368336,0.424233429506421,0.5757665704935789,14,10,0.7142857142857143,2.291775721684098,0.5931032668799161,100.0,99.29344626034782,0.9136381221810068,0.0884804387095059,1139.5604173623326,1153.5587795453823,True,True,True,True,True,True,sobol_train_val,,,
1678.0,2048.0,1.6618740921840072,0.0762415375560522,0.6285296443849802,0.3714703556150198,26,9,0.3461538461538461,3.77644342398271,0.4344789789989591,100.0,106.69277375160408,0.9992840503845132,0.1459417617911456,2211.9946693010565,2225.3663292020774,True,True,True,True,True,True,sobol_train_val,,,
1679.0,2048.0,1.9866528641432524,0.2524458467960357,0.3860133204609155,0.6139866795390845,18,9,0.5,3.4761154348030683,0.5179075101390481,100.0,121.29327243856414,0.7968586525602028,0.0035801790140769,1814.4994684272451,1829.6160074553736,True,True,True,True,True,True,sobol_train_val,,,
1680.0,2048.0,1.4498897017911077,0.0553308122791349,0.5668718237429857,0.4331281762570143,22,12,0.5454545454545454,1.6640054860152302,0.4608578760176897,100.0,103.33490496387014,0.9934090145089874,0.0678758062124199,1187.2670655019156,1204.1385262528215,True,True,True,True,True,True,sobol_train_val,,,
1681.0,2048.0,1.4750758865848184,0.2581256621517241,0.4655198819935321,0.5344801180064678,11,3,0.2727272727272727,3.828719835821538,0.443445005081594,100.0,107.05967099754758,0.8297571711076415,0.0083849434498137,2289.821682632481,2304.972702989025,True,True,True,True,True,True,sobol_train_val,,,
1682.0,2048.0,1.9614278245717287,0.0423018157482147,0.6815364055335521,0.3184635944664479,28,18,0.6428571428571429,2.3408367672935126,0.5848206676542759,100.0,111.61557197447172,0.9999554720898712,0.4554826722415354,1123.7141448049497,1128.3399759686083,True,True,True,True,True,True,sobol_train_val,,,
1683.0,2048.0,1.6397399259731174,0.2091633405536413,0.3271533153951168,0.6728466846048833,15,8,0.5333333333333333,1.8161592490039764,0.4674681410193443,100.0,115.75113814612962,0.6047919084142398,0.0108725615258332,1311.1947341762088,1320.4658095660118,True,True,True,True,True,True,sobol_train_val,,,
1684.0,2048.0,1.1737565025687218,0.0868697692640125,0.5197320736944675,0.4802679263055325,25,11,0.44,3.631498726084829,0.5104185534641147,100.0,97.03427587748077,0.9997739851280872,0.0592945503554412,1893.7006126445472,1911.414536594588,True,True,True,True,True,True,sobol_train_val,,,
1685.0,2048.0,1.052238597534597,0.1633948288857936,0.6439113166183232,0.3560886833816767,20,9,0.45,4.271832872740924,0.4994067629799247,100.0,89.71523396311181,0.9997170620566622,0.2872599609965558,2216.438650441347,2224.857080894383,True,True,True,True,True,True,sobol_train_val,,,
1686.0,2048.0,1.5112487487494946,0.1349977509118616,0.402894727513194,0.597105272486806,19,11,0.5789473684210527,2.812947115022689,0.5282825209200382,100.0,110.00746232126876,0.8451537527725038,0.0079917131871407,1526.313555945886,1542.5679811795883,True,True,True,True,True,True,sobol_train_val,,,
1687.0,2048.0,1.8399189757183196,0.268753654975444,0.557155741378665,0.442844258621335,26,17,0.6538461538461539,1.334393607079983,0.424201600253582,100.0,112.71306656284496,0.9328764561247532,0.0471654852653374,1108.7888451611627,1124.759467972019,True,True,True,True,True,True,sobol_train_val,,,
1688.0,2048.0,1.3465937729924915,0.0340333331376314,0.3895770605653524,0.6104229394346476,13,5,0.3846153846153846,3.172284910362213,0.554652108065784,100.0,106.12212571345304,0.8619648879833198,0.010288493693325,1582.5834404497366,1599.1820191678771,True,True,True,True,True,True,sobol_train_val,,,
1689.0,2048.0,1.2806853661313653,0.2057983509264886,0.5754027541726827,0.4245972458273173,18,11,0.6111111111111112,3.386240004189312,0.4856797285377979,100.0,98.5410413754152,0.9996707896471004,0.1261067127376308,1875.30591264086,1889.7527524255925,True,True,True,True,True,True,sobol_train_val,,,
1690.0,2048.0,1.7827806193381548,0.1028401443734765,0.3711049806326627,0.6288950193673373,21,7,0.3333333333333333,1.960042747948319,0.5426927438005805,100.0,117.48482862612276,0.8081772580068273,0.0028043305795054,1144.234369397637,1159.7305730589908,True,True,True,True,True,True,sobol_train_val,,,
1691.0,2048.0,1.6152584059163928,0.2269286407157778,0.6137693207710981,0.3862306792289018,15,6,0.4,2.201900340244174,0.4097059531137347,100.0,106.03227990594524,0.9840789670976094,0.0802273857541661,1555.5288241285118,1570.9406998844904,True,True,True,True,True,True,sobol_train_val,,,
1693.0,2048.0,1.199645041488111,0.2914631651714444,0.3089192785322666,0.6910807214677335,30,17,0.5666666666666667,3.00756152914837,0.4289371021091938,100.0,104.64689743518426,0.5409088266691319,6.15547578418689e-05,2051.997278109652,2059.8872793618407,True,True,True,True,True,True,sobol_train_val,,,
1694.0,2048.0,1.7368983887135985,0.0010782091878354,0.5382171176373958,0.4617828823626042,10,5,0.5,1.603916283510625,0.5984500220045448,100.0,111.04194875321656,0.927693040367312,0.2768855512036794,866.5719827675832,874.2181601744205,True,True,True,True,True,True,sobol_train_val,,,
1695.0,2048.0,1.911140670068562,0.1764363708905875,0.4956748537719249,0.5043251462280751,23,8,0.3478260869565217,2.541901045572013,0.4537533624097705,100.0,116.11333935354412,0.907117175514628,0.0003696612477119,1599.9686676238375,1617.9854883194632,True,True,True,True,True,True,sobol_train_val,,,
1696.0,2048.0,1.4023162927478552,0.1298746576532721,0.6515347845852375,0.3484652154147625,16,11,0.6875,4.441478542238474,0.524816520512104,100.0,99.71088707565065,0.9998638154920044,0.33614804617952,2138.511395156095,2145.7987139903857,True,True,True,True,True,True,sobol_train_val,,,
1697.0,2048.0,1.3768487395718694,0.2879542339593172,0.5081474125385284,0.4918525874614716,14,6,0.4285714285714285,4.022323663160205,0.4652932876721024,100.0,103.1705200485918,0.9450054549680968,0.0061396098971163,2248.914947034815,2267.6311476553738,True,True,True,True,True,True,sobol_train_val,,,
1698.0,2048.0,1.9366393219679596,0.0162786436267197,0.3390073046088218,0.6609926953911782,27,16,0.5925925925925926,2.148932412173598,0.5067300263792276,100.0,121.91466283322973,0.6844601582799185,0.002731319776488,1330.1634526398748,1342.0439969741471,True,True,True,True,True,True,sobol_train_val,,,
1699.0,2048.0,1.72708538826555,0.1822290555574,0.6964406207203865,0.3035593792796135,20,13,0.65,2.009788327105343,0.439321031793952,100.0,106.27530256377764,0.9993769458915616,0.3098217216439903,1378.5918520406751,1386.4784094280735,True,True,True,True,True,True,sobol_train_val,,,
1700.0,2048.0,1.2094261683523655,0.1170231901109218,0.4507385104894638,0.5492614895105362,21,8,0.3809523809523809,3.439619425032288,0.5823080213740468,100.0,100.21347421677687,0.9969022300878572,0.0589899220064054,1547.2096656671097,1564.9617228969855,True,True,True,True,True,True,sobol_train_val,,,
1701.0,2048.0,1.0809359727427363,0.1905155827291309,0.376186903193593,0.6238130968064071,25,8,0.32,4.491230225097388,0.4212489301338792,100.0,98.60377692931588,0.6500109229164671,1.8225857346058605e-06,2828.747576937871,2838.457528093876,True,True,True,True,True,True,sobol_train_val,,,
1702.0,2048.0,1.605568453669548,0.1064132418483495,0.5703269455581903,0.4296730544418097,15,10,0.6666666666666666,2.5952743627130985,0.550185764208436,100.0,107.0644823786492,0.9971961976079609,0.2213297998826407,1327.7145690422988,1338.689678337877,True,True,True,True,True,True,sobol_train_val,,,
1703.0,2048.0,1.808156275190413,0.2398442566394805,0.4129668656736612,0.5870331343263389,28,14,0.5,1.5537657086737453,0.4960606064647436,100.0,116.61652498229893,0.8160338833804021,0.0035023465249436,1085.4608456008768,1101.022918662722,True,True,True,True,True,True,sobol_train_val,,,
1704.0,2048.0,1.2553389612585306,0.0620651596225798,0.6336690533906221,0.3663309466093779,12,5,0.4166666666666667,2.95458710398525,0.5265476914122701,100.0,96.19058896425211,0.9890316003174602,0.3141402851193972,1561.6763474610218,1569.2996888143557,True,True,True,True,True,True,sobol_train_val,,,
1705.0,2048.0,1.3681224258616569,0.1574784865602851,0.4446892965584993,0.5553107034415007,17,9,0.5294117647058824,3.5785244054161014,0.4075341496616602,100.0,104.91212788972796,0.7492293224667314,0.0019549349450954,2351.3010667987683,2364.097762980625,True,True,True,True,True,True,sobol_train_val,,,
1706.0,2048.0,1.818419812247157,0.1479361119680106,0.6021106544882059,0.3978893455117941,23,11,0.4782608695652174,1.7660085696727037,0.5645837331190705,100.0,110.91920140019744,0.9939303789346328,0.2999335527109145,981.831779666786,990.221025515718,True,True,True,True,True,True,sobol_train_val,,,
1707.0,2048.0,1.51718386169523,0.2722856967709958,0.3563960883766413,0.6436039116233587,10,4,0.4,2.394209992233664,0.4815527023747563,100.0,111.7341866758531,0.6711686894954653,0.0175072903497782,1533.047985875451,1543.839899842014,True,True,True,True,True,True,sobol_train_val,,,
1708.0,2048.0,1.0462738163769243,0.0187735961750149,0.590379448607564,0.409620551392436,30,20,0.6666666666666666,3.878471610881389,0.540177046880126,100.0,90.97286978328538,0.9999997672555588,0.2416773315816701,1883.2893877988995,1894.092497649986,True,True,True,True,True,True,sobol_train_val,,,
1709.0,2048.0,1.167912813834846,0.2452697600238025,0.6647296398878098,0.3352703601121902,26,16,0.6153846153846154,3.225664620101452,0.45079763866961,100.0,92.79248731205372,0.999993338295938,0.2562817089774113,1934.81099082771,1944.942145141605,True,True,True,True,True,True,sobol_train_val,,,
1710.0,2048.0,1.6455519795417786,0.0481541527435183,0.4823083475232124,0.5176916524767876,15,5,0.3333333333333333,1.3841388973407447,0.5203471267595887,100.0,110.68834544657932,0.8935894747250738,0.1031914270608897,957.1256089598096,970.2895900378776,True,True,True,True,True,True,sobol_train_val,,,
1711.0,2048.0,1.9400516534224157,0.2243590543046593,0.5279496774077415,0.4720503225922585,22,9,0.4090909090909091,2.759978885762393,0.4255939962342381,100.0,115.69800289647418,0.918657338144662,0.0006327778164324,1780.3440006251717,1798.25441390556,True,True,True,True,True,True,sobol_train_val,,,
1712.0,2048.0,1.4964833948761225,0.0834202042780816,0.3189662396907806,0.6810337603092194,19,10,0.5263157894736842,4.22167610200122,0.5967182453721762,100.0,112.52351025541378,0.7873074228578342,0.0024464810679631,1805.2590188306456,1819.9422894258123,True,True,True,True,True,True,sobol_train_val,,,
1713.0,2048.0,1.4596693124622109,0.2113595358096063,0.6234492626041174,0.3765507373958826,28,11,0.3928571428571428,1.231959391850978,0.5013344524428248,100.0,101.96467952383836,0.9785631702306208,0.270222345333391,922.589572427036,931.3959769431236,True,True,True,True,True,True,sobol_train_val,,,
1714.0,2048.0,1.9768421547487376,0.0890653917565941,0.4293077211827039,0.5706922788172961,12,8,0.6666666666666666,3.070256766490638,0.4708839833736419,100.0,119.6237841284937,0.7727089194473438,0.0434403363328907,1818.42678557418,1830.8264835475493,True,True,True,True,True,True,sobol_train_val,,,
1715.0,2048.0,1.6873712204396725,0.255927468650043,0.5868158053606749,0.4131841946393251,24,14,0.5833333333333334,4.169423859100789,0.5753501795232296,100.0,108.476509464552,0.9999644689119986,0.2818822097976539,1795.6919336924927,1804.6716723945904,True,True,True,True,True,True,sobol_train_val,,,
1716.0,2048.0,1.1261177053675056,0.0401030506007373,0.3661120768636465,0.6338879231363534,16,7,0.4375,2.7109439760446548,0.4464743768796325,100.0,100.39654126729825,0.660382411240521,0.001285130122555,1822.0088759060973,1832.936625536241,True,True,True,True,True,True,sobol_train_val,,,
1717.0,2048.0,1.005583979189396,0.2665580319240689,0.4921219892799854,0.5078780107200146,19,8,0.4210526315789473,1.713750278390944,0.5570947824046015,100.0,92.42788965976052,0.978992452472226,0.1050487171921925,1016.235579427991,1031.1400311550665,True,True,True,True,True,True,sobol_train_val,,,
1718.0,2048.0,1.5579111082479358,0.0318371384404599,0.6612636558711529,0.3387363441288471,21,11,0.5238095238095238,3.5294956424273547,0.4141444087028503,100.0,103.33961129585822,0.9998030478055336,0.1823606940876116,2181.323065101776,2192.9964307674672,True,True,True,True,True,True,sobol_train_val,,,
1719.0,2048.0,1.8563022334128616,0.1655935945920646,0.3038776360452175,0.6961223639547824,13,8,0.6153846153846154,3.726285565271973,0.5318944416940212,100.0,121.48309627020342,0.6318929238705653,0.0152009504148477,1912.8177722700932,1922.7849618197947,True,True,True,True,True,True,sobol_train_val,,,
1720.0,2048.0,1.330202997662127,0.1371959438547492,0.5495812512934207,0.4504187487065793,27,8,0.2962962962962963,2.238808580394834,0.4905187344178557,100.0,100.66780479760416,0.993540580355326,0.0884746670599967,1370.6558631155342,1386.7440678682767,True,True,True,True,True,True,sobol_train_val,,,
1721.0,2048.0,1.296517288312316,0.233812188450247,0.3354421354830265,0.6645578645169735,22,15,0.6818181818181818,2.438261426053941,0.5714927941560746,100.0,106.56270926514804,0.7634446960055274,0.0145208756487852,1278.1394828405623,1291.660077029899,True,True,True,True,True,True,sobol_train_val,,,
1722.0,2048.0,1.766940956003964,0.0748242795467376,0.5178649269044399,0.4821350730955601,18,7,0.3888888888888889,4.337433048058301,0.4004295853897929,100.0,112.332612450404,0.863421809010465,0.0004592131743579,2681.248216510312,2697.116946836017,True,True,True,True,True,True,sobol_train_val,,,
1723.0,2048.0,1.5691510848701,0.1989122238010168,0.472075592726469,0.527924407273531,26,12,0.4615384615384615,2.9039472095668315,0.545523745380342,100.0,109.19203583508649,0.9992830686104436,0.0328551337325261,1457.9993338671532,1477.515212719602,True,True,True,True,True,True,sobol_train_val,,,
1724.0,2048.0,1.1173907658085227,0.095954590011388,0.6810605712234974,0.3189394287765026,14,8,0.5714285714285714,1.499895892571658,0.4760108821094036,100.0,90.81661858302208,0.9914590531070584,0.3393768799392542,1098.7545261943403,1105.5490960217503,True,True,True,True,True,True,sobol_train_val,,,
1725.0,2048.0,1.2467288002371788,0.1695522509515285,0.5552398677915334,0.4447601322084665,11,6,0.5454545454545454,2.0982859776355323,0.5149515956640244,100.0,98.15313664015724,0.9700451224876356,0.1645182598810467,1258.9816003435271,1271.2433048723135,True,True,True,True,True,True,sobol_train_val,,,
1726.0,2048.0,1.689806873910129,0.1229911104775965,0.397816951200366,0.602183048799634,29,12,0.4137931034482758,3.9684602888301015,0.4563882915303111,100.0,114.47222968738096,0.731794185359681,1.198102886147082e-05,2317.998581008389,2331.0185774284514,True,True,True,True,True,True,sobol_train_val,,,
1727.0,2048.0,1.896285193040967,0.2983487200923264,0.6434842210263013,0.3565157789736987,17,6,0.3529411764705882,3.2826004399918016,0.5897603517398238,100.0,111.36282812066004,0.9925640824521454,0.4006630346088362,1428.8007570771692,1434.4655688928897,True,True,True,True,True,True,sobol_train_val,,,
1728.0,2048.0,1.417179272510111,0.0079643357545137,0.4094993557780981,0.5905006442219018,23,14,0.6086956521739131,1.855997296795249,0.4327473931014538,100.0,107.36541856010008,0.7189057151032636,0.0039255869813419,1407.7227688801602,1419.9630483470496,True,True,True,True,True,True,sobol_train_val,,,
1729.0,2048.0,1.4136600866913795,0.24359971890226,0.6273980058729649,0.3726019941270351,18,11,0.6111111111111112,2.320252300053835,0.4224148342385888,100.0,100.67276057429058,0.9988317965773906,0.1195097012424121,1585.6911627198344,1599.8188071295915,True,True,True,True,True,True,sobol_train_val,,,
1730.0,2048.0,1.899827013723552,0.0650561548769474,0.4191942237317562,0.5808057762682438,22,10,0.4545454545454545,3.746456250082701,0.5560512889176608,100.0,118.37038523938094,0.9425239170733652,0.0013759514275646,1731.2992385729058,1750.9880527562354,True,True,True,True,True,True,sobol_train_val,,,
1731.0,2048.0,1.7021301109343767,0.1897301528602838,0.5641046576201916,0.4358953423798084,14,5,0.3571428571428571,3.504591988585889,0.4980197709053754,100.0,109.48173274483707,0.985676410182962,0.1391818600477715,1854.385784454641,1868.280560625724,True,True,True,True,True,True,sobol_train_val,,,
1732.0,2048.0,1.2343823919072747,0.1051563170738518,0.3824631579220294,0.6175368420779705,26,17,0.6538461538461539,1.6340182875283062,0.5300570504739881,100.0,103.162175282722,0.7982321381280941,0.0138484661524166,1070.8313349529217,1085.3795160617565,True,True,True,True,True,True,sobol_train_val,,,
1733.0,2048.0,1.113841077312827,0.1792483761906624,0.4570086177438497,0.5429913822561503,29,18,0.6206896551724138,2.6860468684695658,0.465678215958178,100.0,97.07491418569576,0.8546164236463198,0.0007698574055011,1696.816329931478,1713.151077357048,True,True,True,True,True,True,sobol_train_val,,,
1734.0,2048.0,1.5726624028757217,0.1132780470885336,0.6902122747153043,0.3097877252846956,11,3,0.2727272727272727,4.089685420319438,0.5118147660046816,100.0,102.9038858742682,0.97919310587443,0.4145732380641607,2050.3363098486807,2055.4431879515087,True,True,True,True,True,True,sobol_train_val,,,
1735.0,2048.0,1.7792947553098202,0.2892214422114193,0.3452286045998334,0.6547713954001666,23,10,0.4347826086956521,3.1517073274590075,0.4420609813183546,100.0,118.31196906388884,0.618631289524495,0.0001589815751023,2011.50311244458,2021.3815860416855,True,True,True,True,True,True,sobol_train_val,,,
1736.0,2048.0,1.2842014422640204,0.0170743536204099,0.5018702175468206,0.4981297824531794,17,9,0.5294117647058824,1.2521231370046737,0.5865983562543988,100.0,100.8081663043484,0.9284331768456524,0.2012529942033161,785.2695987096236,795.2011776458494,True,True,True,True,True,True,sobol_train_val,,,
1737.0,2048.0,1.3423126563429832,0.2203403784893453,0.3127431895583868,0.6872568104416132,12,6,0.5,1.8776717665605247,0.4551006693392992,100.0,108.6476805259838,0.5640531583927233,0.0118460441653797,1393.7556107229714,1401.9285594116627,True,True,True,True,True,True,sobol_train_val,,,
1738.0,2048.0,1.8442305279895663,0.0801019074395299,0.5342282216995954,0.4657717783004046,28,16,0.5714285714285714,3.3655615165829653,0.5230755487456917,100.0,113.50298136433446,0.9999638200385736,0.1095892183757759,1693.5896425721396,1709.3498788946345,True,True,True,True,True,True,sobol_train_val,,,
1739.0,2048.0,1.5546055603772402,0.2463779127225279,0.47603653781116,0.5239634621888399,16,11,0.6875,3.890232377965003,0.4306658970192075,100.0,108.7125953548154,0.8242574323636298,0.0156926569418742,2367.099685458849,2381.6203667901186,True,True,True,True,True,True,sobol_train_val,,,
1740.0,2048.0,1.0088511565700171,0.049669714551419,0.6709592875093221,0.3290407124906779,24,9,0.375,2.074899582378566,0.5971149396151304,100.0,87.56168837100086,0.9981924086744188,0.4501688811859911,1042.9784966543791,1047.3114978815536,True,True,True,True,True,True,sobol_train_val,,,
1741.0,2048.0,1.1381968017667532,0.2755936766043305,0.5966030366718769,0.4033969633281231,21,7,0.3333333333333333,1.4216748107224702,0.4110564190894366,100.0,93.73674500569854,0.9768115588220851,0.051859846818142,1198.896188474671,1215.108975396397,True,True,True,True,True,True,sobol_train_val,,,
1742.0,2048.0,1.6752689527347684,0.0227819538675248,0.3501181297004223,0.6498818702995777,19,12,0.631578947368421,2.8805538869462906,0.5665312031283974,100.0,115.77495980791826,0.789395896807895,0.0140141109429707,1431.7720338638696,1446.12235049513,True,True,True,True,True,True,sobol_train_val,,,
1743.0,2048.0,1.973567109555006,0.1559526423923671,0.6083830498158931,0.3916169501841069,27,15,0.5555555555555556,4.359114051796496,0.4874055551365018,100.0,113.95161171185674,0.9999813163272288,0.1965503448468023,2224.594267759138,2236.614122646041,True,True,True,True,True,True,sobol_train_val,,,
1744.0,2048.0,1.462966992519796,0.146817678026855,0.438460186868906,0.561539813131094,13,5,0.3846153846153846,2.52121606701985,0.541354502364993,100.0,107.61426093709218,0.9188124159491856,0.0314864524291913,1354.7240154399842,1371.9151012461462,True,True,True,True,True,True,sobol_train_val,,,
1745.0,2048.0,1.48511381726712,0.1666790066286921,0.5433582711964845,0.4566417288035155,24,16,0.6666666666666666,3.035937399510294,0.5613980842754245,100.0,104.92392579388934,0.999964225324528,0.1866263980874471,1459.1658017360571,1471.4298874226615,True,True,True,True,True,True,sobol_train_val,,,
1746.0,2048.0,1.9513985961675644,0.1387528519146144,0.3101561073213815,0.6898438926786185,17,7,0.4117647058823529,1.5738284016028046,0.4168729171156883,100.0,123.26310586363444,0.5301933165794569,0.0023656510552984,1307.983559479413,1315.4175417590336,True,True,True,True,True,True,sobol_train_val,,,
1747.0,2048.0,1.6500706309452653,0.262516329344362,0.6549917731434106,0.3450082268565894,30,14,0.4666666666666667,2.570276891347021,0.5369662083685398,100.0,105.67870429073211,0.999853982745494,0.3576121691568713,1354.1953346325363,1361.0314770718082,True,True,True,True,True,True,sobol_train_val,,,
1748.0,2048.0,1.1634173337370155,0.0285599017515778,0.4983517069369554,0.5016482930630446,11,6,0.5454545454545454,4.411390635743737,0.4909151097759604,100.0,97.35798031893604,0.9500891535772474,0.0299109991545034,2325.851603923101,2343.589622293614,True,True,True,True,True,True,sobol_train_val,,,
1749.0,2048.0,1.0349347414448855,0.2543785887770354,0.3723356395959853,0.6276643604040146,15,8,0.5333333333333333,3.414616292528808,0.5048567784950138,100.0,97.19797606858356,0.747704783903287,0.0041894335994406,1923.4262905312328,1936.910172806169,True,True,True,True,True,True,sobol_train_val,,,
1750.0,2048.0,1.528561307117343,0.0390256678685545,0.5805378690361976,0.4194621309638023,25,11,0.44,1.9299544972367584,0.4728317067027092,100.0,104.9097154966696,0.9968985862223938,0.116312937650904,1271.9013411366684,1286.7862494259489,True,True,True,True,True,True,sobol_train_val,,,
1751.0,2048.0,1.8229079013690352,0.2146447660401463,0.435580138862133,0.564419861137867,19,6,0.3157894736842105,2.2302765548229218,0.5812027312815189,100.0,116.18496098179452,0.947418431081592,0.066766106028999,1113.4055869896497,1129.7092315301736,True,True,True,True,True,True,sobol_train_val,,,
1752.0,2048.0,1.3635963834822178,0.0931150867603719,0.61722012758255,0.38277987241745,22,14,0.6363636363636364,4.042392410617322,0.4476517280563712,100.0,99.63609178431244,0.9999796438296454,0.1449353538815994,2307.0591451125324,2320.4354844933623,True,True,True,True,True,True,sobol_train_val,,,
1753.0,2048.0,1.2595829097554088,0.2975219439715147,0.4032282352447509,0.5967717647552491,27,10,0.3703703703703703,4.243456584401429,0.5161176100373268,100.0,103.21303371157308,0.8333065836445829,1.1422935467617443e-05,2179.7696214435964,2195.976214762576,True,True,True,True,True,True,sobol_train_val,,,
1754.0,2048.0,1.803874373435974,0.0067301516421139,0.6497116491198539,0.3502883508801461,13,9,0.6923076923076923,2.843035365734249,0.4622541112825274,100.0,109.24124841131118,0.9961244783485864,0.2467204039016824,1684.800069707538,1694.7281259019371,True,True,True,True,True,True,sobol_train_val,,,
1755.0,2048.0,1.5944735193625093,0.1732666530646383,0.3915947332978248,0.6084052667021751,20,11,0.55,1.306017392501235,0.5917192688211799,100.0,112.4350514652712,0.8244926559751504,0.092899699256835,799.2144905551389,810.9157790137126,True,True,True,True,True,True,sobol_train_val,,,
1757.0,2048.0,1.2137006791308522,0.200138380844146,0.6873307008296251,0.3126692991703749,16,7,0.4375,3.800343965459615,0.5718780472874642,100.0,93.55318775643462,0.9984440098215518,0.4544236917909153,1713.8010572077746,1718.1974433828127,True,True,True,True,True,True,sobol_train_val,,,
1758.0,2048.0,1.7228340487927198,0.0967733357101678,0.4658472213894128,0.5341527786105871,25,13,0.52,2.370924649201333,0.4055144531652331,100.0,112.9872624381852,0.7831856417241095,0.0006248964543658,1704.4423063571476,1718.2286120990389,True,True,True,True,True,True,sobol_train_val,,,
1759.0,2048.0,1.9255138849839568,0.2307901717722416,0.5240862015634775,0.4759137984365225,12,7,0.5833333333333334,1.7877834032289683,0.5482636144384742,100.0,115.5191879109392,0.9401644900024748,0.1812626951433906,1034.2704512890414,1045.5766795316458,True,True,True,True,True,True,sobol_train_val,,,
1760.0,2048.0,1.3879515416920185,0.071101886127144,0.3291649628430604,0.6708350371569396,29,10,0.3448275862068966,3.661586632579565,0.4803009398281574,100.0,109.31698133184368,0.6333780282230438,2.7771806928391027e-06,2131.8772678662444,2140.754422218011,True,True,True,True,True,True,sobol_train_val,,,
1761.0,2048.0,1.3978243609890342,0.1966161324642598,0.4865709777921437,0.5134290222078562,21,11,0.5238095238095238,3.255346965417265,0.5332814963534475,100.0,104.39187006884356,0.999297917140681,0.0378267038587541,1643.0691836967733,1662.18316144419,True,True,True,True,True,True,sobol_train_val,,,
1762.0,2048.0,1.915670495480299,0.1120417239144444,0.6666496824473143,0.3333503175526857,18,8,0.4444444444444444,1.356168661918491,0.4887440707534551,100.0,111.10573394301052,0.9776128248278037,0.3413636162843251,982.1101594493922,989.033007900708,True,True,True,True,True,True,sobol_train_val,,,
1763.0,2048.0,1.7482412504032254,0.2367163097485899,0.3248642545193433,0.6751357454806566,25,8,0.32,2.7896611573174592,0.5588816229254008,100.0,118.34117860598002,0.7362576767710857,0.0001574925949412,1430.6942697807997,1444.1830689642884,True,True,True,True,True,True,sobol_train_val,,,
1764.0,2048.0,1.188263749703765,0.058172174077481,0.5283808197826146,0.4716191802173853,15,9,0.6,4.193705792818219,0.4127451295033097,100.0,97.21677635608836,0.8948189529520196,0.0070138950217594,2599.8850311930323,2616.25111254261,True,True,True,True,True,True,sobol_train_val,,,
1765.0,2048.0,1.0667534926906228,0.2823360348120332,0.604024527221918,0.395975472778082,10,7,0.7,3.608206332754343,0.5767340989783406,100.0,91.26747750672212,0.9950071997569592,0.3170812042071732,1638.692358371278,1646.179357933268,True,True,True,True,True,True,sobol_train_val,,,
1766.0,2048.0,1.619757728651166,0.0101883745752275,0.4489458881318569,0.5510541118681431,30,11,0.3666666666666666,1.7380387030541895,0.44469676874578,100.0,111.1461357731294,0.8084179359680447,6.660777530021659e-05,1292.8734787923247,1307.8864756780135,True,True,True,True,True,True,sobol_train_val,,,
1767.0,2048.0,1.7941540433093903,0.1861323575489223,0.5908045642077923,0.4091954357922077,16,7,0.4375,2.4238918949849904,0.5031242374330759,100.0,110.72790598010153,0.9900875485077372,0.1964785298270079,1389.2425686832148,1401.01541654843,True,True,True,True,True,True,sobol_train_val,,,
1768.0,2048.0,1.2693346366286278,0.1201614556834101,0.3622879214584827,0.6377120785415173,23,14,0.6086956521739131,3.8505017196759583,0.4694878393784165,100.0,104.86084262991297,0.6821055473913855,0.0009002239549204,2261.395999000713,2273.088968332828,True,True,True,True,True,True,sobol_train_val,,,
1769.0,2048.0,1.3577230563387277,0.2485762537457048,0.5731014795601368,0.4268985204398632,28,11,0.3928571428571428,4.461548297759145,0.5880315061658621,100.0,100.73188998280597,0.999855251698798,0.2741054743438083,1864.256519935452,1873.26445236828,True,True,True,True,True,True,sobol_train_val,,,
1770.0,2048.0,1.828812386840582,0.0518686272203922,0.3797415249049663,0.6202584750950337,11,6,0.5454545454545454,2.6232442293316125,0.4340825976803899,100.0,118.1954905893544,0.6548788224447523,0.0210428429037529,1769.4347082905383,1779.3801610894452,True,True,True,True,True,True,sobol_train_val,,,
1771.0,2048.0,1.5069704549387095,0.2181440446525812,0.6348082028329372,0.3651917971670628,24,15,0.625,1.5240838059224189,0.5136042023077607,100.0,102.83120694536284,0.9981352535397912,0.2907291523902094,1011.54309405988,1020.149577194074,True,True,True,True,True,True,sobol_train_val,,,
1772.0,2048.0,1.05649377964437,0.0779061463661491,0.4180103875696659,0.5819896124303341,15,5,0.3333333333333333,2.98255699519068,0.4581293735653162,100.0,96.43717518707864,0.770636190167037,0.0009297479833155,1890.3175450346723,1904.2549717577704,True,True,True,True,True,True,sobol_train_val,,,
1773.0,2048.0,1.184855223633349,0.1537537291646003,0.3425558891147375,0.6574441108852624,20,7,0.35,3.992641317844391,0.5437980350106955,100.0,103.02466954080222,0.750719041602984,0.0001414209127086,1989.3975870715724,2003.2700978632752,True,True,True,True,True,True,sobol_train_val,,,
1774.0,2048.0,1.6286027748137712,0.1446193375624716,0.5109157782047986,0.4890842217952014,20,14,0.7,2.1769026475958526,0.4773490311577916,100.0,109.39871965472672,0.9392703340706484,0.0419127534886295,1378.4574037286584,1395.4314609357298,True,True,True,True,True,True,sobol_train_val,,,
1775.0,2048.0,1.957180033437908,0.2777894382365047,0.4557758521288633,0.5442241478711367,13,7,0.5384615384615384,1.9801060555502767,0.570142456330359,100.0,118.34764346712598,0.9161718930406204,0.1086607203900407,1055.8679288609476,1069.4803027648131,True,True,True,True,True,True,sobol_train_val,,,
1776.0,2048.0,1.479361571371555,0.0249782871454954,0.6975737448781728,0.3024262551218272,26,13,0.5,3.467589734215289,0.4021675322204828,100.0,100.43419414440478,0.9999551704743354,0.2480767564423895,2202.1228764277294,2211.404461183526,True,True,True,True,True,True,sobol_train_val,,,
1777.0,2048.0,1.437532115727663,0.269695134088397,0.3958067864179611,0.6041932135820389,17,11,0.6470588235294118,2.127867614943534,0.4943348681554198,100.0,108.35411152165318,0.7612968191267874,0.0219404729400368,1364.6140345054384,1377.682771114106,True,True,True,True,True,True,sobol_train_val,,,
1778.0,2048.0,1.998972556553781,0.0357392792589962,0.5508838728070259,0.4491161271929741,23,7,0.3043478260869565,3.9403893454000354,0.5278858207166195,100.0,116.18350173410806,0.995609117930326,0.1531577221084135,1888.9960980749547,1902.8016630188488,True,True,True,True,True,True,sobol_train_val,,,
1779.0,2048.0,1.6654276233166456,0.1595022001303732,0.4091732129454613,0.5908267870545387,11,5,0.4545454545454545,3.3121820035390552,0.4198985636234283,100.0,113.52626759763037,0.6980862163305764,0.0100323342913364,2159.1029297400296,2170.4383921966123,True,True,True,True,True,True,sobol_train_val,,,
1780.0,2048.0,1.1480678590014577,0.1315766170620918,0.6376883447170257,0.3623116552829742,29,15,0.5172413793103449,1.8279262796044349,0.5519236920401454,100.0,92.91388233540503,0.9997483110208268,0.3437521236135402,1059.473645258624,1066.407058044843,True,True,True,True,True,True,sobol_train_val,,,
1781.0,2048.0,1.018601069226861,0.2074653890915214,0.5135029543191194,0.4864970456808806,26,15,0.5769230769230769,2.467842645384371,0.437592158280313,100.0,92.23936292823696,0.912423324431858,0.0008122095667452,1670.1000137188792,1687.5686317976622,True,True,True,True,True,True,sobol_train_val,,,
1782.0,2048.0,1.5448872232809665,0.0859362814575433,0.3334257427603006,0.6665742572396993,14,7,0.5,4.309362473431975,0.5836432062089443,100.0,113.22829340500068,0.7911179780006227,0.0069209308261406,1890.374335930304,1905.031253363402,True,True,True,True,True,True,sobol_train_val,,,
1783.0,2048.0,1.869512915611267,0.2615548230707645,0.6752584788948297,0.3247415211051703,22,9,0.4090909090909091,2.9335284043103456,0.4639458656311035,100.0,109.91265565003488,0.9986386180984108,0.3016162420651377,1714.1590423861403,1722.4669409797511,True,True,True,True,True,True,sobol_train_val,,,
1784.0,2048.0,1.316998871974647,0.046202474925667,0.4717434603720903,0.5282565396279097,18,12,0.6666666666666666,1.4718252933584153,0.5084710894152522,100.0,102.65526624693648,0.8838620499724006,0.0733568238932011,1032.003462949386,1046.0445832309324,True,True,True,True,True,True,sobol_train_val,,,
1785.0,2048.0,1.3057627119123936,0.1757581053301692,0.6578109819442033,0.3421890180557967,13,4,0.3076923076923077,1.6841690590605138,0.4269779436290264,100.0,96.94902949751986,0.966908350137244,0.2429894616659668,1286.118950496162,1295.0608094940824,True,True,True,True,True,True,sobol_train_val,,,
1786.0,2048.0,1.7577023273333907,0.1284960131160915,0.4894526455551385,0.5105473544448614,27,16,0.5925925925925926,3.5575662170536813,0.5949406569823623,100.0,113.01635923550464,0.9999647736327943,0.1418850715820196,1506.2679197900352,1520.4118716096436,True,True,True,True,True,True,sobol_train_val,,,
1788.0,2048.0,1.10796616692096,0.0042407060042023,0.3026481736451387,0.6973518263548613,21,9,0.4285714285714285,2.2668791796080767,0.5189510017633439,100.0,102.00059116296728,0.6285544383958035,0.0005451332549832,1400.830901289365,1411.30646147064,True,True,True,True,True,True,sobol_train_val,,,
1789.0,2048.0,1.2286286298185587,0.2282992917113006,0.42663214802742,0.57336785197258,24,12,0.5,1.2023777545429766,0.4829397849738598,100.0,101.54860389659255,0.8175853619120342,0.0080618499158638,982.2430709067788,997.3912792859892,True,True,True,True,True,True,sobol_train_val,,,
1790.0,2048.0,1.7079138392582536,0.0686104333028197,0.6199906095862389,0.3800093904137611,16,9,0.5625,3.0983277099207043,0.538402402959764,100.0,107.98013910392496,0.9984024585900656,0.2955605533474207,1546.8566198041374,1555.4430441785412,True,True,True,True,True,True,sobol_train_val,,,
1791.0,2048.0,1.878357633948326,0.202627825923264,0.3648766234517097,0.6351233765482902,28,20,0.7142857142857143,4.139842295553535,0.4093210188671947,100.0,119.77522938307244,0.6165923995300073,0.0016348315739274,2627.700509690688,2637.196266311837,True,True,True,True,True,True,sobol_train_val,,,
1792.0,2048.0,1.435100275091827,0.0992622091434896,0.5816728919744492,0.4183271080255508,12,4,0.3333333333333333,2.739014993235469,0.5631844729185105,100.0,102.52480441246507,0.970289423611657,0.2802554065487539,1357.5153122153897,1365.8629878680715,True,True,True,True,True,True,sobol_train_val,,,
1793.0,2048.0,1.4364875089377165,0.2017046470195055,0.6661010134965181,0.3338989865034819,23,11,0.4782608695652174,3.546672716550529,0.4486469496041536,100.0,100.1973013332381,0.9998325882132184,0.2559708818980973,2070.4387533401846,2079.848934521136,True,True,True,True,True,True,sobol_train_val,,,
1794.0,2048.0,1.875047069974244,0.0987470132298767,0.4868032161146401,0.5131967838853598,16,9,0.5625,1.682184572238475,0.5791340777650476,100.0,115.63932467963122,0.944300270962463,0.1543333963180614,927.9420342455228,940.3036856665592,True,True,True,True,True,True,sobol_train_val,,,
1795.0,2048.0,1.7105527557432652,0.2275224552489817,0.5293210718780755,0.4706789281219244,29,20,0.6896551724137931,2.25920817553997,0.474619616754353,100.0,110.72185590002972,0.9946627644893612,0.0142099055312061,1401.1192643895106,1421.1354805466513,True,True,True,True,True,True,sobol_train_val,,,
1796.0,2048.0,1.2279125219210982,0.0685345463454723,0.3234610874205827,0.6765389125794172,10,4,0.4,3.691497288923711,0.5035564105957746,100.0,104.98425508534694,0.643228065212449,0.0082112293558776,2061.006705558897,2071.516945372751,True,True,True,True,True,True,sobol_train_val,,,
1797.0,2048.0,1.107371672987938,0.2943844039924442,0.4495686620473861,0.5504313379526138,15,5,0.3333333333333333,3.1035344042815267,0.4928869891911745,100.0,97.10015775658444,0.8845034994764732,0.002094593319268,1783.7502319450325,1801.10986254936,True,True,True,True,True,True,sobol_train_val,,,
1798.0,2048.0,1.5810855207964778,0.0040000196546316,0.6038665726780892,0.3961334273219108,25,16,0.64,1.2100491458550096,0.5358740219846367,100.0,105.50725710723624,0.9728662440507088,0.2842680159627459,847.2737265822492,855.6450622383218,True,True,True,True,True,True,sobol_train_val,,,
1799.0,2048.0,1.754514330998063,0.1746701270341873,0.3612754806876182,0.6387245193123818,18,9,0.5,2.740999092813581,0.4180749850347638,100.0,117.19607325361392,0.6196025395685498,0.0017064753882336,1891.919871779576,1901.569347578532,True,True,True,True,True,True,sobol_train_val,,,
1800.0,2048.0,1.3070283764973285,0.1281089865602553,0.5921353399753571,0.4078646600246429,21,9,0.4285714285714285,4.150736183300614,0.5595116835087538,100.0,98.80110798357816,0.9994422917109836,0.2714742044418799,1884.024159954616,1893.149404283896,True,True,True,True,True,True,sobol_train_val,,,
1801.0,2048.0,1.3202176671475172,0.2622353872284293,0.3810716331005096,0.6189283668994904,26,14,0.5384615384615384,3.939198376704007,0.4784764090552926,100.0,105.6742729876566,0.7305365158469078,0.0001722514692918,2243.469616879965,2256.5716498631705,True,True,True,True,True,True,sobol_train_val,,,
1802.0,2048.0,1.8682780535891648,0.0464109691791236,0.5720881804823875,0.4279118195176125,13,6,0.4615384615384615,2.116155320964753,0.5496006030589342,100.0,112.8642294893558,0.9739948503669036,0.2427248333756492,1147.025502765353,1156.8747327143335,True,True,True,True,True,True,sobol_train_val,,,
1803.0,2048.0,1.545450497418642,0.2085855483077466,0.4178515747189522,0.5821484252810478,20,7,0.35,1.823512617778033,0.4044581960886717,100.0,110.363511724396,0.7013444427270015,0.0004250765129819,1457.3256983437489,1468.942812525937,True,True,True,True,True,True,sobol_train_val,,,
1804.0,2048.0,1.0160534596070647,0.0862914042547345,0.6354303091764449,0.364569690823555,20,14,0.7,3.303692501038313,0.5740077363327145,100.0,88.73951124156793,0.999977328284395,0.3648867316471259,1542.3582797052516,1548.6419236189024,True,True,True,True,True,True,sobol_train_val,,,
1805.0,2048.0,1.1453986167907717,0.1604575688950717,0.5095119435340165,0.4904880564659835,15,9,0.6,4.3178515763953325,0.4350180009379983,100.0,96.4684540338916,0.8965495231186045,0.0068478835328614,2565.177009205591,2581.9511621049096,True,True,True,True,True,True,sobol_train_val,,,
1806.0,2048.0,1.6661134092137218,0.1320599181577563,0.3434952829033136,0.6565047170966865,25,8,0.32,2.4722567067481576,0.5936422903090715,100.0,115.79377422626816,0.8441659651434004,0.0007819137214715,1190.53926381787,1207.0316612019035,True,True,True,True,True,True,sobol_train_val,,,
1807.0,2048.0,1.9976151082664728,0.2705038765445351,0.6978051248937844,0.3021948751062155,11,4,0.3636363636363636,1.4835371877998114,0.4602211963385343,100.0,111.88380720380336,0.9589621972472993,0.3915025853077376,1094.130440223041,1099.4762940957894,True,True,True,True,True,True,sobol_train_val,,,
1808.0,2048.0,1.4408724689856172,0.0357829830609262,0.4552265156060457,0.5447734843939542,28,15,0.5357142857142857,2.934719772543758,0.5172708319500089,100.0,106.50593549644468,0.9422821386522348,0.0006853841458348,1587.3849986820192,1606.8380635518458,True,True,True,True,True,True,sobol_train_val,,,
1809.0,2048.0,1.4781560199335215,0.278886570688337,0.5507495738565922,0.4492504261434078,18,7,0.3888888888888889,2.624435695912689,0.5846760973334313,100.0,104.52863791362024,0.9914873140417442,0.2376716409047181,1243.4569925457492,1253.580708030371,True,True,True,True,True,True,sobol_train_val,,,
1810.0,2048.0,1.960309883579612,0.0253744700923562,0.3964532099664211,0.6035467900335789,22,14,0.6363636363636364,4.473260093852877,0.4433004332706332,100.0,120.39635681236922,0.710459260343958,0.0021233668687466,2597.890147926936,2610.1409310873605,True,True,True,True,True,True,sobol_train_val,,,
1811.0,2048.0,1.6257783761247993,0.1544115526601672,0.6389939539134502,0.3610060460865498,14,8,0.5714285714285714,2.9869709582068023,0.5106607815250754,100.0,105.56371421349712,0.9972561762329782,0.2956904988623021,1600.506869905545,1609.0034205276231,True,True,True,True,True,True,sobol_train_val,,,
1812.0,2048.0,1.1857558749616146,0.1448691780678928,0.408135587722063,0.591864412277937,26,12,0.4615384615384615,1.5325730072334407,0.4677103675901889,100.0,100.86205894020418,0.7661673432475915,0.0006710161417423,1174.630929910031,1188.5806883837645,True,True,True,True,True,True,sobol_train_val,,,
1813.0,2048.0,1.0572737557813523,0.2189300375059246,0.3336816426366567,0.6663183573633433,29,12,0.4137931034482758,2.168413046747446,0.5287208244204521,100.0,99.2535326608309,0.7079592701239363,6.745654808751657e-05,1320.1707392030837,1332.8260355616471,True,True,True,True,True,True,sobol_train_val,,,
1814.0,2048.0,1.5042695179581642,0.0779911874793469,0.5129779290407895,0.4870220709592104,11,6,0.5454545454545454,3.988227754365653,0.4998450649902224,100.0,106.32165322008268,0.96614418099021,0.0595383980442231,2069.7913109096107,2086.743042793607,True,True,True,True,True,True,sobol_train_val,,,
1815.0,2048.0,1.8318187007680533,0.2495085868053138,0.4703151207417249,0.5296848792582751,23,15,0.6521739130434783,3.455877538584173,0.5539208373054862,100.0,115.24575158638544,0.9998226099533982,0.0438750491622686,1617.5811394560662,1636.6567478700426,True,True,True,True,True,True,sobol_train_val,,,
1816.0,2048.0,1.3566381055861712,0.0523929795250296,0.6761735524982213,0.3238264475017787,17,5,0.2941176470588235,1.978914988506585,0.4234703280031681,100.0,97.83734451598995,0.9840980782009172,0.2569516721161621,1427.8893615804773,1436.7276594078887,True,True,True,True,True,True,sobol_train_val,,,
1817.0,2048.0,1.2662965701892972,0.1853144609369337,0.4903683867305517,0.5096316132694483,12,8,0.6666666666666666,1.367062648013234,0.5424474520608783,100.0,100.64810285120268,0.8800020852276267,0.1617137853534522,922.5830910232748,932.9456273877386,True,True,True,True,True,True,sobol_train_val,,,
1818.0,2048.0,1.7952072378247976,0.1201085954904556,0.6563835006207227,0.3436164993792773,28,10,0.3571428571428571,3.2573309666477144,0.4854344382882118,100.0,108.86725859573698,0.999381527306952,0.2927967667357818,1785.262963695896,1793.9026172819729,True,True,True,True,True,True,sobol_train_val,,,
1819.0,2048.0,1.6190099259838462,0.2813715096563101,0.3021240066736936,0.6978759933263063,16,8,0.5,4.201377085782587,0.5684168405830861,100.0,116.15658351348291,0.6959201049293705,0.0031262614243926,1941.5170642744115,1953.690820081392,True,True,True,True,True,True,sobol_train_val,,,
1820.0,2048.0,1.0694865994155407,0.0096959193237125,0.5447011228650808,0.4552988771349192,24,14,0.5833333333333334,2.794867950025946,0.4098535886034369,100.0,93.02521552737323,0.9223018907628664,0.0010206185864479,1909.4333359712368,1926.6814022101817,True,True,True,True,True,True,sobol_train_val,,,
1821.0,2048.0,1.1911175204440951,0.2355869941413402,0.6189536519348622,0.3810463480651378,21,11,0.5238095238095238,1.7328315231017768,0.5991843564435839,100.0,94.7232777916846,0.9973611567227716,0.3658239090622889,914.5620874289342,920.8155313412892,True,True,True,True,True,True,sobol_train_val,,,
1822.0,2048.0,1.7473699674010277,0.0578078971244394,0.4279386155307292,0.5720613844692708,19,8,0.4210526315789473,3.6005354270339014,0.4296714380383492,100.0,114.77374542936258,0.7499639429923202,0.0004959459233153,2241.074606642202,2254.3049874917897,True,True,True,True,True,True,sobol_train_val,,,
1823.0,2048.0,1.916847215034068,0.1959264141507446,0.5823201738297938,0.4176798261702061,27,9,0.3333333333333333,3.848517331201583,0.5243751533329487,100.0,113.5690000512068,0.9988336816638992,0.2045062186845629,1871.5656583012997,1883.352162828588,True,True,True,True,True,True,sobol_train_val,,,
1824.0,2048.0,1.3946656752377748,0.1118240732699632,0.3647429920732974,0.6352570079267026,13,8,0.6153846153846154,2.412998296134174,0.4533119967207312,100.0,108.26628339919375,0.6515665873558032,0.0188382786309025,1637.6925190266847,1647.7575118196823,True,True,True,True,True,True,sobol_train_val,,,
1825.0,2048.0,1.3889134312048554,0.2297210773453116,0.4197438985109329,0.580256101489067,17,8,0.4705882352941176,2.8450162628665563,0.5065854456275701,100.0,106.27737477425046,0.8467018476656112,0.0038886445806279,1617.3762495836472,1633.7662398442512,True,True,True,True,True,True,sobol_train_val,,,
1826.0,2048.0,1.9226286504417656,0.0707325967960059,0.6271666660904884,0.3728333339095115,23,12,0.5217391304347826,4.254353772941976,0.4651487024500966,100.0,112.37241783693486,0.9998894110380444,0.1985904319201967,2279.808172258176,2291.586655431928,True,True,True,True,True,True,sobol_train_val,,,
1827.0,2048.0,1.7259021131321788,0.1995085953734815,0.3815238162875175,0.6184761837124825,11,7,0.6363636363636364,3.2075768250972034,0.5825502628460526,100.0,115.85134322146264,0.8337446948610074,0.0574678704131552,1481.4368852875098,1494.9748515569192,True,True,True,True,True,True,sobol_train_val,,,
1828.0,2048.0,1.2125554084777832,0.0965503888204693,0.5655088186264038,0.4344911813735962,29,9,0.3103448275862069,1.3136917895637452,0.4395632687956095,100.0,96.85983313490756,0.9708763382676128,0.0486824841845851,1087.7200460337265,1104.4789669365805,True,True,True,True,True,True,sobol_train_val,,,
1829.0,2048.0,1.0910456394776702,0.1724720771424472,0.6895904112607241,0.3104095887392759,26,10,0.3846153846153846,2.363250651676208,0.550624081119895,100.0,89.76780469920851,0.9993302899535896,0.4368053477173781,1267.1225475275478,1271.8499792582286,True,True,True,True,True,True,sobol_train_val,,,
1830.0,2048.0,1.5974190719425678,0.1259103639051318,0.4571675661951303,0.5428324338048697,14,9,0.6428571428571429,3.795139975659549,0.4216872425749898,100.0,110.34881358188284,0.7796226917435852,0.0149447966560667,2370.952312134549,2384.214854000073,True,True,True,True,True,True,sobol_train_val,,,
1831.0,2048.0,1.8011117251589894,0.2965810278430581,0.5028836641460657,0.4971163358539343,22,13,0.5909090909090909,3.6506898435764015,0.5258164102211594,100.0,113.5473755996672,0.9997739013913692,0.0547713205987278,1796.6357057347311,1815.076104591544,True,True,True,True,True,True,sobol_train_val,,,
1832.0,2048.0,1.2604232411831615,0.0061960718594491,0.3438987273722886,0.6561012726277113,18,8,0.4444444444444444,1.7858021065592764,0.4953293208032846,100.0,105.23116139009257,0.6783470032055686,0.0031438391986411,1236.633305926144,1248.2653327912265,True,True,True,True,True,True,sobol_train_val,,,
1833.0,2048.0,1.366389834322035,0.2154712457209825,0.5328974861651659,0.4671025138348341,13,7,0.5384615384615384,1.5855433017946778,0.5643384518101812,100.0,102.14472810089596,0.9580982132433634,0.2046496314661778,941.2193040777028,951.7839827720204,True,True,True,True,True,True,sobol_train_val,,,
1834.0,2048.0,1.8220983687788248,0.0931776744313538,0.3137559685856104,0.6862440314143896,27,11,0.4074074074074074,3.0371256636455657,0.4072888728231192,100.0,120.38105637475002,0.5293443353372093,1.9099606209585207e-05,2095.118975364852,2102.549814655297,True,True,True,True,True,True,sobol_train_val,,,
1835.0,2048.0,1.529553729109466,0.2553516970016062,0.6711175683885813,0.3288824316114187,19,6,0.3157894736842105,4.419883039500564,0.540324667468667,100.0,102.3838950798924,0.9969764461980524,0.3938967762181121,2051.4472051126686,2057.285143060869,True,True,True,True,True,True,sobol_train_val,,,
1836.0,2048.0,1.031957969069481,0.0395278505980968,0.475413816049695,0.524586183950305,21,13,0.6190476190476191,2.574687750265002,0.4817003274336457,100.0,93.82896619035938,0.9118840572858012,0.005798455033135,1585.6762343178752,1603.4604939929277,True,True,True,True,True,True,sobol_train_val,,,
1837.0,2048.0,1.1603189473971725,0.2636176069267094,0.3515214323997497,0.6484785676002502,24,16,0.6666666666666666,1.9255440255627037,0.5210814477875829,100.0,101.96275786194708,0.7245103574336403,0.0087155719842425,1229.8922884846838,1242.6034713003132,True,True,True,True,True,True,sobol_train_val,,,
1838.0,2048.0,1.6511855758726597,0.0288972850888967,0.5956630274653434,0.4043369725346566,16,6,0.375,3.4061235015280547,0.4515319641679525,100.0,107.38975554372018,0.9933052915617,0.1126527189057961,1982.3104233429808,1997.1330627630784,True,True,True,True,True,True,sobol_train_val,,,
1839.0,2048.0,1.950466495938599,0.167340686917305,0.438228179514408,0.5617718204855919,28,14,0.5,4.041204533725977,0.5962768886238337,100.0,118.78776056696864,0.999883434723993,0.057960321250037,1649.4968854183105,1667.7115862140472,True,True,True,True,True,True,sobol_train_val,,,
1840.0,2048.0,1.4880288373678925,0.1389436089433729,0.6089318662881851,0.3910681337118149,12,7,0.5833333333333334,2.2185612673871216,0.425152643956244,100.0,103.08883894796833,0.9758709190041962,0.1128061267885775,1532.8065416725365,1546.7655261262585,True,True,True,True,True,True,sobol_train_val,,,
1841.0,2048.0,1.4623126555234194,0.1569027149118483,0.3102898892015218,0.6897101107984782,22,7,0.3181818181818182,3.353846130799502,0.4705440901219845,100.0,111.95468565472504,0.5860238900784224,3.450411409726841e-05,2033.8381204554007,2043.060693392944,True,True,True,True,True,True,sobol_train_val,,,
1842.0,2048.0,1.976145730353892,0.1473609119653701,0.5427112232893705,0.4572887767106295,18,12,0.6666666666666666,1.876483988016844,0.500994554720819,100.0,115.97593946468515,0.975640695304482,0.111502924667175,1168.3340069084156,1183.3379050635897,True,True,True,True,True,True,sobol_train_val,,,
1843.0,2048.0,1.6718971356749537,0.276397406682372,0.4970454853028059,0.5029545146971941,25,13,0.52,2.066406889725476,0.4465213058516383,100.0,110.83722666510624,0.8964604061491873,0.0019482040651462,1418.3574802093729,1435.7992411323012,True,True,True,True,True,True,sobol_train_val,,,
1844.0,2048.0,1.1396448565647006,0.0228858788497746,0.6560288693755865,0.3439711306244135,15,6,0.4,3.8858218079432847,0.5753971040248871,100.0,92.16402268461786,0.996834529133944,0.4045381496597993,1736.3262678462097,1741.698153004147,True,True,True,True,True,True,sobol_train_val,,,
1845.0,2048.0,1.0101785473525524,0.2470168523490429,0.5802813567221164,0.4197186432778835,11,5,0.4545454545454545,2.884964844211936,0.4147780381143093,100.0,90.04347430980982,0.9633819911301994,0.0397737857222104,1928.119569235825,1944.5359928934745,True,True,True,True,True,True,sobol_train_val,,,
1846.0,2048.0,1.5513572236523032,0.0499018178321421,0.3728601358830928,0.6271398641169071,30,18,0.6,1.4301671161316334,0.5577284073457122,100.0,112.01939652422806,0.8132304831372923,0.0236522522600477,915.5805720133942,930.1554293959804,True,True,True,True,True,True,sobol_train_val,,,
1847.0,2048.0,1.8466856237500904,0.2214186293072998,0.618647950142622,0.381352049857378,17,11,0.6470588235294118,2.5224042328074576,0.4899827657267451,100.0,111.0398457967628,0.9985542082980042,0.2232066739893695,1461.632019454917,1472.5879443570873,True,True,True,True,True,True,sobol_train_val,,,
1848.0,2048.0,1.3417789386585357,0.0804803509265184,0.4346644409000873,0.5653355590999127,24,10,0.4166666666666667,4.370829050336033,0.5313584685325623,100.0,104.5140469679007,0.9273791797009612,0.000108055010159,2118.2404923407807,2137.293565590576,True,True,True,True,True,True,sobol_train_val,,,
1849.0,2048.0,1.281714590266347,0.2885506055317819,0.648796809464693,0.351203190535307,29,18,0.6206896551724138,3.744474855065346,0.4003796165809035,100.0,96.52419545974072,0.9999987603971336,0.1228210672436078,2363.508459340077,2377.945331039588,True,True,True,True,True,True,sobol_train_val,,,
1850.0,2048.0,1.779796720482409,0.016874442435801,0.4046567253768444,0.5953432746231556,12,4,0.3333333333333333,2.3093556093983354,0.5714428298175335,100.0,116.27279615484788,0.869181976544076,0.0562799374837306,1186.5086777843037,1201.1414894863829,True,True,True,True,True,True,sobol_train_val,,,
1851.0,2048.0,1.5713671818375587,0.1781379444524645,0.562041213363409,0.437958786636591,25,10,0.4,1.6288143960759045,0.4763538151979446,100.0,106.49301820775575,0.9863913976882024,0.0955680825805543,1134.2454109709536,1149.863849156869,True,True,True,True,True,True,sobol_train_val,,,
1852.0,2048.0,1.1171215875074267,0.1129315073601901,0.3913390792906284,0.6086609207093716,16,8,0.5,3.4969178927131,0.5458666829392314,100.0,99.2740182203856,0.8568015006099647,0.0040999767618287,1758.4772537533706,1775.172102369867,True,True,True,True,True,True,sobol_train_val,,,
1853.0,2048.0,1.2377835772931576,0.1887478904798626,0.4668851759284734,0.5331148240715265,20,11,0.55,4.097359915729612,0.4569273000583053,100.0,100.54629555543649,0.8587684765346839,0.0011267711396809,2369.9955347343503,2386.38064128038,True,True,True,True,True,True,sobol_train_val,,,
1854.0,2048.0,1.7007114281877875,0.1046449779532849,0.686025146767497,0.3139748532325029,20,10,0.5,2.691250360384584,0.5154906086623668,100.0,105.97228428627652,0.9991152032117566,0.3917520500895055,1462.5222858294946,1468.5089284058583,True,True,True,True,True,True,sobol_train_val,,,
1855.0,2048.0,1.9004525151103733,0.2427640828303992,0.3285185825079679,0.671481417492032,14,5,0.3571428571428571,1.2630202271975577,0.4321107238531113,100.0,121.5316925240678,0.5730380705361954,0.007166008508545,1116.9867556128766,1125.390220557376,True,True,True,True,True,True,sobol_train_val,,,
1856.0,2048.0,1.4110526340082288,0.0649844130501151,0.5242208417505025,0.4757791582494974,27,19,0.7037037037037037,3.1536883229389785,0.5891236869618297,100.0,103.5920844412895,0.9999950584105224,0.1923977960900882,1408.8369897968494,1421.253929356379,True,True,True,True,True,True,sobol_train_val,,,
1857.0,2048.0,1.4143579415977,0.2981000228784978,0.3376765199005603,0.6623234800994396,12,6,0.5,4.339430074207485,0.5557075779885053,100.0,109.72652432617576,0.7486124606760599,0.0091307515868042,2052.5939308522284,2066.0005264984343,True,True,True,True,True,True,sobol_train_val,,,
1858.0,2048.0,1.897185101173818,0.0073076577857136,0.5091598622500896,0.4908401377499104,29,13,0.4482758620689655,2.4491676625795664,0.4220711247995496,100.0,115.39748996628242,0.8809163389743557,0.0001326410286101,1657.2803908194487,1674.0749202569536,True,True,True,True,True,True,sobol_train_val,,,
1859.0,2048.0,1.688601529225707,0.1691572135314345,0.4508964620530605,0.5491035379469396,15,5,0.3333333333333333,1.5051156118512152,0.5301077911630273,100.0,112.68973013789632,0.8802334845159002,0.0703302143623646,986.0799981192904,1000.3778052929048,True,True,True,True,True,True,sobol_train_val,,,
1860.0,2048.0,1.2498550461605191,0.1218951213173568,0.6958178497850894,0.3041821502149106,25,16,0.64,2.9116306546144184,0.4980705130845308,100.0,94.37258546879552,0.9999889835800486,0.3892901499242767,1634.147300300767,1639.983129435867,True,True,True,True,True,True,sobol_train_val,,,
1861.0,2048.0,1.1203963924199345,0.1983890170231461,0.5717301096767187,0.4282698903232813,21,14,0.6666666666666666,3.960776456538588,0.5124506812542677,100.0,93.88098835115228,0.9999804665085108,0.1642878540194433,2024.7225202898996,2037.5730205709303,True,True,True,True,True,True,sobol_train_val,,,
1862.0,2048.0,1.5680692652240396,0.0950234002433717,0.3752466540783643,0.6247533459216357,20,8,0.4,2.093066645599902,0.4663141326978802,100.0,112.34850261663462,0.7023041260718859,0.0009374335902322,1429.1988626725251,1441.436542188969,True,True,True,True,True,True,sobol_train_val,,,
1863.0,2048.0,1.767717383801937,0.2337282906286418,0.6334368061274289,0.3665631938725711,27,12,0.4444444444444444,1.8450906730256973,0.5860600957646966,100.0,108.91998864379786,0.9975489026259248,0.3762613043097909,961.071035818777,967.3661043406656,True,True,True,True,True,True,sobol_train_val,,,
1864.0,2048.0,1.293816621415317,0.0740394322201609,0.4135155435651541,0.5864844564348459,14,8,0.5714285714285714,3.280603801086545,0.4415227223187685,100.0,103.8584055323234,0.7341855733496117,0.0079040996570867,2083.306019312356,2095.8467588138365,True,True,True,True,True,True,sobol_train_val,,,
1865.0,2048.0,1.3294554613530636,0.1660849065519869,0.6026599999517201,0.3973400000482798,19,8,0.4210526315789473,3.0819563244469466,0.523027871735394,100.0,99.12116647537948,0.997974706505565,0.2421538291991229,1615.749020887829,1625.8292165981663,True,True,True,True,True,True,sobol_train_val,,,
1866.0,2048.0,1.8590317955240607,0.1381593234837055,0.4444579076021909,0.555542092397809,22,12,0.5454545454545454,1.2331378212198614,0.4550529908388853,100.0,116.66892239061885,0.7999558632240117,0.0187358699865669,1027.276358292891,1041.3499991581557,True,True,True,True,True,True,sobol_train_val,,,
1867.0,2048.0,1.5548761691898108,0.2666097465902566,0.58944005779922,0.4105599422007799,15,9,0.6,2.7194210375659167,0.5974555868655442,100.0,105.29304626190788,0.997394210538199,0.314575363717008,1231.5328239783532,1239.3409252173496,True,True,True,True,True,True,sobol_train_val,,,
1868.0,2048.0,1.0066364901140332,0.0326538917608559,0.3577999200671911,0.6422000799328089,26,9,0.3461538461538461,4.173824883252382,0.4310065427795053,100.0,96.711137972669,0.6288378969176623,1.8663322705140772e-06,2636.8211406449527,2646.2485265511614,True,True,True,True,True,True,sobol_train_val,,,
1869.0,2048.0,1.12729081697762,0.2561439737677574,0.4816862441599369,0.5183137558400631,30,11,0.3666666666666666,3.525094218738377,0.5670663999393583,100.0,96.74169965569126,0.9996992105874558,0.0862191158727086,1639.5899184274017,1656.0159640773138,True,True,True,True,True,True,sobol_train_val,,,
1870.0,2048.0,1.684212745167315,0.0407916256226599,0.6648884497582912,0.3351115502417088,10,7,0.7,1.7052736164070663,0.4115916144102812,100.0,106.18234006176726,0.9512913080058965,0.255449583691043,1315.6108254353533,1323.949919442125,True,True,True,True,True,True,sobol_train_val,,,
1871.0,2048.0,1.9796951785683632,0.2117226694710552,0.3199795477092266,0.6800204522907733,23,13,0.5652173913043478,2.2376297514885666,0.5407216507941485,100.0,123.48836470315928,0.6903331554047195,0.0054090143739711,1270.4970571763818,1282.46636282786,True,True,True,True,True,True,sobol_train_val,,,
1872.0,2048.0,1.458801100961864,0.0901935618370771,0.5266195602715015,0.4733804397284985,17,8,0.4705882352941176,3.7145864068530496,0.486772702075541,100.0,104.75762382951548,0.9969205515839468,0.0307364050596863,1997.931616902781,2017.0961849128216,True,True,True,True,True,True,sobol_train_val,,,
1873.0,2048.0,1.4991240119561553,0.2244337957352399,0.42839264459908,0.57160735540092,27,17,0.6296296296296297,1.7543093129061162,0.416724518686533,100.0,108.86194229037534,0.7325614483368542,0.0026575740299702,1388.643790342733,1401.123385156955,True,True,True,True,True,True,sobol_train_val,,,
1874.0,2048.0,1.93933342769742,0.0841958974488079,0.6248776052147149,0.3751223947852851,13,4,0.3076923076923077,3.577345674857497,0.5612496873363853,100.0,112.77924875615832,0.9788923152859468,0.3481308560907214,1635.603226926867,1642.4088842282083,True,True,True,True,True,True,sobol_train_val,,,
1875.0,2048.0,1.6469418676570058,0.2457838126458227,0.3666370932012796,0.6333629067987203,21,9,0.4285714285714285,3.8699950472451743,0.4911611629649997,100.0,114.53746000069371,0.720262757914464,0.0002847004105847,2133.6651073703083,2146.5841959738627,True,True,True,True,True,True,sobol_train_val,,,
1876.0,2048.0,1.1646010857075453,0.0490761861205101,0.5865599144250154,0.4134400855749846,19,10,0.5263157894736842,2.389808470197022,0.5372122630476952,100.0,94.82674851768296,0.998708599506382,0.2315103369020057,1310.9941487696556,1321.3566412040109,True,True,True,True,True,True,sobol_train_val,,,
1877.0,2048.0,1.0430836463347075,0.2726715800352394,0.6623012721538544,0.3376987278461456,16,9,0.5625,1.388540019840002,0.4732723094522953,100.0,88.92886044957635,0.991789162154742,0.2955989050035823,1058.9158205682036,1066.8475652297277,True,True,True,True,True,True,sobol_train_val,,,
1879.0,2048.0,1.8178240982815623,0.157718027383089,0.5489348247647285,0.4510651752352714,12,5,0.4166666666666667,4.222854433022439,0.446918155066669,100.0,112.48895013983008,0.9657128902064136,0.0331727917089438,2369.015873793454,2386.890928275498,True,True,True,True,True,True,sobol_train_val,,,
1880.0,2048.0,1.3706414103507996,0.1485836357809603,0.3040119379758835,0.6959880620241166,28,18,0.6428571428571429,2.7716785420663657,0.5804691597819328,100.0,109.73914681092792,0.7207141264518203,0.0028467938238648,1377.1928084470048,1390.027292602071,True,True,True,True,True,True,sobol_train_val,,,
1881.0,2048.0,1.2559048300608993,0.2394902793690562,0.5179985612630844,0.4820014387369156,23,8,0.3478260869565217,2.146935674920678,0.4620111217722297,100.0,99.51434751746577,0.9624468856799154,0.0004836990809176,1419.98350894337,1439.380426351173,True,True,True,True,True,True,sobol_train_val,,,
1882.0,2048.0,1.8056074418127537,0.0609461436979472,0.3347948506474494,0.6652051493525506,17,10,0.5882352941176471,4.011417137738317,0.5158746190369129,100.0,119.26345831116085,0.6862520157129177,0.0049685183686966,2086.751696269503,2098.6043373612524,True,True,True,True,True,True,sobol_train_val,,,
1883.0,2048.0,1.6087888898327949,0.190308231767267,0.6797541126608848,0.3202458873391152,29,15,0.5172413793103449,3.434400191344321,0.4364020243287086,100.0,104.03972124477258,0.9999813619117176,0.2661888665294433,2050.353938833945,2059.457501517225,True,True,True,True,True,True,sobol_train_val,,,
1884.0,2048.0,1.079698933288455,0.1057338232174515,0.473112541437149,0.526887458562851,11,5,0.4545454545454545,2.002104396466166,0.5918646020814776,100.0,95.48072838159813,0.9439745487947392,0.1484182092797567,1039.723483647488,1051.8529063955866,True,True,True,True,True,True,sobol_train_val,,,
1885.0,2048.0,1.2080675596371293,0.1821864950470626,0.3975603926926851,0.6024396073073148,14,7,0.5,2.602957906108349,0.4062449624761939,100.0,101.88068357763616,0.666638391506717,0.0042849261102256,1888.9712605840448,1899.5474516372803,True,True,True,True,True,True,sobol_train_val,,,
1886.0,2048.0,1.7304283920675516,0.1162155931815505,0.5557640258222818,0.4442359741777182,26,15,0.5769230769230769,4.496449846029281,0.5726085551083088,100.0,110.36718887449511,0.9999826124417666,0.2242022907771083,1918.597680635312,1929.5555379342427,True,True,True,True,True,True,sobol_train_val,,,
1887.0,2048.0,1.9339679656550288,0.2874720783904195,0.4109268400818109,0.5890731599181891,18,12,0.6666666666666666,2.9654932421632108,0.4798634007573127,100.0,119.36092064774738,0.7750097524817458,0.0162888630778139,1743.4901145864214,1757.1928388855831,True,True,True,True,True,True,sobol_train_val,,,
1888.0,2048.0,1.3775362223386765,0.0153244181536138,0.642568476870656,0.357431523129344,22,8,0.3636363636363636,1.5557628331705926,0.5478260738775134,100.0,99.30486527728635,0.987711759420772,0.357688555289833,959.2545950458924,965.7518903750968,True,True,True,True,True,True,sobol_train_val,,,
1889.0,2048.0,1.3989437324926255,0.1763335914351046,0.5983627703040838,0.4016372296959162,28,17,0.6071428571428571,1.9491331184282896,0.4885956827551126,100.0,101.10525784384056,0.9998565373140916,0.1781300438310233,1247.5333674655049,1259.9310269803875,True,True,True,True,True,True,sobol_train_val,,,
1890.0,2048.0,1.9125917926430704,0.1290720708668231,0.3550043623894452,0.6449956376105548,12,6,0.5,3.3842464693821963,0.5331331128254533,100.0,120.84477247857922,0.7419027155409822,0.0161964690166283,1740.167250529145,1753.119156616249,True,True,True,True,True,True,sobol_train_val,,,
1891.0,2048.0,1.736240447498858,0.2909210745245218,0.6101427566260099,0.3898572433739901,24,9,0.375,4.064793602004647,0.4129911692813039,100.0,108.89531378545092,0.9993268651883824,0.0569694963296914,2428.0230580926323,2445.023207356819,True,True,True,True,True,True,sobol_train_val,,,
1892.0,2048.0,1.2022238690406084,0.000129282195121,0.4433464463800192,0.5566535536199808,16,11,0.6875,2.196684210654348,0.5591276671737433,100.0,100.23104433300608,0.9254429592931412,0.0632106441874108,1193.6134533581044,1209.257729062227,True,True,True,True,True,True,sobol_train_val,,,
1893.0,2048.0,1.0737341539934278,0.2265513405203819,0.3172327168285846,0.6827672831714153,19,12,0.631578947368421,1.6091328126378357,0.445137358084321,100.0,100.3697749659957,0.5663071090415738,0.0067624518643302,1302.0802760270833,1310.4453619816893,True,True,True,True,True,True,sobol_train_val,,,
1894.0,2048.0,1.614724000915885,0.0668630548752844,0.5355912022292614,0.4644087977707386,21,7,0.3333333333333333,3.015248262695968,0.57717469278723,100.0,108.31797826389754,0.992814695059149,0.2006477387494986,1394.6773805659984,1406.2695536594947,True,True,True,True,True,True,sobol_train_val,,,
1895.0,2048.0,1.7841082802042365,0.2055673931725323,0.4805260442197322,0.5194739557802678,13,6,0.4615384615384615,4.443472476582974,0.4687542768195271,100.0,113.88214148994508,0.8966407160860937,0.0089461746918182,2406.826866059768,2424.234015142272,True,True,True,True,True,True,sobol_train_val,,,
1896.0,2048.0,1.277433481067419,0.1022023480385541,0.6723222889006137,0.3276777110993862,27,14,0.5185185185185185,2.552810275554657,0.5023906793445349,100.0,95.77173494376468,0.9999251847398746,0.3478376520724215,1469.747678652379,1476.627585039891,True,True,True,True,True,True,sobol_train_val,,,
1897.0,2048.0,1.34529500734061,0.2690990491770207,0.4615049876272678,0.5384950123727321,22,11,0.5,2.3396611408330497,0.4338395977392792,100.0,103.75733589137684,0.8143661922838544,0.0010217638036335,1623.6915446199575,1638.609512078286,True,True,True,True,True,True,sobol_train_val,,,
1898.0,2048.0,1.8431997522711756,0.0351426215842366,0.6915821455419063,0.3084178544580936,18,10,0.5555555555555556,3.8170173766091455,0.5877885017544031,100.0,108.91065070149727,0.9995900571389592,0.475578657910865,1615.353859609988,1619.5432959480984,True,True,True,True,True,True,sobol_train_val,,,
1899.0,2048.0,1.5087612131610513,0.16359359677881,0.3497250013053417,0.6502749986946583,26,18,0.6923076923076923,3.627100406493992,0.4582747217267752,100.0,111.75313997447682,0.6439124454992589,0.0019683659481092,2192.181912184427,2202.7573855303262,True,True,True,True,True,True,sobol_train_val,,,
1900.0,2048.0,1.0527436900883913,0.1356674420647323,0.5032400615513324,0.4967599384486676,14,5,0.3571428571428571,1.8076795812696216,0.5137495459988713,100.0,93.6879391070094,0.9526646306342634,0.0778724813029216,1157.9524765116305,1173.4251386874346,True,True,True,True,True,True,sobol_train_val,,,
1901.0,2048.0,1.174382214434445,0.209233939088881,0.629152375087142,0.370847624912858,11,4,0.3636363636363636,2.8214271700009705,0.4780795538797974,100.0,93.94345361607476,0.9802802936210204,0.2458255227500076,1672.6112437095817,1681.9648933013946,True,True,True,True,True,True,sobol_train_val,,,
1902.0,2048.0,1.6371288653463123,0.0877042598091065,0.4240751396864652,0.5759248603135347,29,18,0.6206896551724138,4.276230805087835,0.5445285532623529,100.0,112.36873064570123,0.9299212665907236,0.0009447536077304,1998.1326004594653,2017.367657677063,True,True,True,True,True,True,sobol_train_val,,,
1903.0,2048.0,1.9648320814594624,0.2586358557455241,0.5658590476959944,0.4341409523040056,17,9,0.5294117647058824,3.183987756818533,0.4017299827188254,100.0,115.04189678743955,0.9411220441794672,0.007010228165093,2052.6390877945387,2070.4049101579994,True,True,True,True,True,True,sobol_train_val,,,
1904.0,2048.0,1.4736564569175243,0.0432829348370432,0.3873440530151129,0.6126559469848871,23,9,0.391304347826087,1.335568846296519,0.5697049023583531,100.0,109.57326912761408,0.8377812079166406,0.0471303050852281,855.167888540936,869.2761308805517,True,True,True,True,True,True,sobol_train_val,,,
1905.0,2048.0,1.452955648303032,0.2526676503941417,0.6824520945549011,0.3175479054450989,13,9,0.6923076923076923,4.120848300587386,0.527542120218277,100.0,100.1750405696078,0.999333746279982,0.3986582842306487,1997.127733941192,2002.860183861024,True,True,True,True,True,True,sobol_train_val,,,
1906.0,2048.0,1.9855092940852048,0.0559594522230327,0.4640920683741569,0.535907931625843,26,10,0.3846153846153846,2.669272620230913,0.4939911721274256,100.0,118.65251175195272,0.9168467193235844,0.0003271796047557,1528.6854033542725,1547.4507469679193,True,True,True,True,True,True,sobol_train_val,,,
1907.0,2048.0,1.6628348175436258,0.2175479597412049,0.5192075744271278,0.4807924255728721,20,9,0.45,1.2865085874684157,0.5519744193181395,100.0,109.94143258924557,0.9309254201178102,0.1850251009340351,850.7749167495299,861.6137083602688,True,True,True,True,True,True,sobol_train_val,,,
1908.0,2048.0,1.1487003797665238,0.0773094886913895,0.3274098306894302,0.6725901693105698,20,12,0.6,3.1317105581983924,0.4199492953717709,100.0,102.42881988424318,0.5635307287452538,0.0012704810905305,2148.607339770473,2156.929015846607,True,True,True,True,True,True,sobol_train_val,,,
1909.0,2048.0,1.0281671416014433,0.1508347618393599,0.401857628300786,0.598142371699214,25,13,0.52,3.767963657900691,0.5842791080474854,100.0,96.00277397022172,0.9658302902871708,0.0005857884462657,1678.6585707789015,1698.624897546162,True,True,True,True,True,True,sobol_train_val,,,
1910.0,2048.0,1.5333751859143376,0.1416997974738478,0.645217541232705,0.354782458767295,15,6,0.4,2.2873775004409254,0.4382280645892024,100.0,103.18935102931846,0.989425290657506,0.2039711315941778,1522.8958669104784,1533.815451602106,True,True,True,True,True,True,sobol_train_val,,,
1911.0,2048.0,1.8649688996374607,0.2795579882338643,0.3902240995317697,0.6097759004682303,28,9,0.3214285714285714,1.6523031251505016,0.5079328393563628,100.0,118.61369310760136,0.7925838820342243,0.000437223821352,1102.7803653791952,1117.8719102829314,True,True,True,True,True,True,sobol_train_val,,,
1912.0,2048.0,1.323488867841661,0.0267462654970586,0.5570219684392214,0.4429780315607786,11,7,0.6363636363636364,3.474939709994942,0.4634076200425625,100.0,100.26557262739937,0.9708943869458128,0.077802980055014,2004.699844067723,2020.4538034102984,True,True,True,True,True,True,sobol_train_val,,,
1913.0,2048.0,1.3034750819206238,0.1925041358917951,0.3709703493863344,0.6290296506136657,16,6,0.375,2.8614760413765907,0.5948929695412517,100.0,105.54302358269462,0.9039736048996264,0.0080188208290662,1324.5306610186149,1342.322901421377,True,True,True,True,True,True,sobol_train_val,,,
1914.0,2048.0,1.7580296723172069,0.1079303001053631,0.5760491255670785,0.4239508744329214,23,16,0.6956521739130435,1.4521452250890432,0.4269302517175675,100.0,110.37438804250826,0.9503193843257914,0.0736665938465697,1158.5430928146468,1173.7565792874866,True,True,True,True,True,True,sobol_train_val,,,
1915.0,2048.0,1.5934433434158564,0.2372917958535254,0.4342148695141077,0.5657851304858923,10,6,0.6,2.49891550373286,0.5192916624248027,100.0,110.99587473953454,0.8280208216872622,0.0696694480362642,1426.9758354982769,1439.854867009228,True,True,True,True,True,True,sobol_train_val,,,
1916.0,2048.0,1.0950522208586335,0.0587482318282127,0.6127313632518052,0.3872686367481948,30,15,0.5,4.392807233054191,0.452928108535707,100.0,91.93869628627073,0.9999957590527035,0.1449915400951624,2467.461228524712,2481.634656600605,True,True,True,True,True,True,sobol_train_val,,,
1917.0,2048.0,1.2243897896260023,0.2852756020613015,0.5384727746248245,0.4615272253751755,25,10,0.4,3.330357745941728,0.5389376131817698,100.0,97.99232580247605,0.9994179617118628,0.1441214471473566,1663.8293998601196,1677.6596980790644,True,True,True,True,True,True,sobol_train_val,,,
1918.0,2048.0,1.7140986593440175,0.013128513470292,0.3083941116929054,0.6916058883070946,14,7,0.5,1.898461728170514,0.4834749907255172,100.0,118.15842243197557,0.586873503552496,0.0108784538274414,1308.0083594916157,1316.887654920643,True,True,True,True,True,True,sobol_train_val,,,
1919.0,2048.0,1.8873743899166584,0.1843844063580036,0.6501063033938408,0.3498936966061592,21,13,0.6190476190476191,2.0429185294546186,0.5625516109168529,100.0,110.99027181152246,0.9990111209478586,0.3787930065916281,1081.3670882393571,1087.719346511141,True,True,True,True,True,True,sobol_train_val,,,
1920.0,2048.0,1.4241375541314485,0.1184140772558748,0.4965896844863891,0.5034103155136109,18,6,0.3333333333333333,3.907799572683871,0.4086881523951888,100.0,104.77572411197777,0.8396610725733358,0.0002179650730704,2473.505735389105,2488.78230875198,True,True,True,True,True,True,sobol_train_val,,,
1921.0,2048.0,1.4269078560173512,0.2542582067660987,0.5476966179907321,0.4523033820092679,20,13,0.65,1.324426434002817,0.5218232406303287,100.0,103.305745540425,0.9589832427541544,0.1708110526832184,926.29215155063,938.1834293422572,True,True,True,True,True,True,sobol_train_val,,,
1922.0,2048.0,1.8865874921903012,0.0382833084091544,0.3051190994679927,0.6948809005320072,20,6,0.3,3.195407091546804,0.4506867930293083,100.0,122.08627043204604,0.5553795923892181,9.28837754107032e-05,2007.823868251565,2016.151719188632,True,True,True,True,True,True,sobol_train_val,,,
1923.0,2048.0,1.7151294630020857,0.2142312722280621,0.6594274215400219,0.3405725784599781,26,12,0.4615384615384615,4.261890938133001,0.595437441021204,100.0,107.02804662061192,0.999908989134224,0.4280915093812258,1739.607521174264,1744.700903088391,True,True,True,True,True,True,sobol_train_val,,,
1924.0,2048.0,1.22137510497123,0.0920796154998242,0.493412709981203,0.506587290018797,13,7,0.5384615384615384,2.83609436256811,0.4259001573547721,100.0,99.24912482015878,0.849779458623086,0.0130434555494336,1889.8053679165223,1904.9369908943368,True,True,True,True,True,True,sobol_train_val,,,
1925.0,2048.0,1.0997432265430689,0.168593250028789,0.3678845461457967,0.6321154538542033,11,7,0.6363636363636364,1.7675647155381735,0.565083677880466,100.0,99.49216425374078,0.7537524406095251,0.0709020424811859,1054.9282802144962,1065.7129284776588,True,True,True,True,True,True,sobol_train_val,,,
1927.0,2048.0,1.764948457479477,0.2647236845456063,0.4312271039932966,0.5687728960067033,15,6,0.4,3.780100063886493,0.5394817866384983,100.0,115.05723521700162,0.9277688575763,0.0073795142042431,1822.5397230587948,1841.3933638763256,True,True,True,True,True,True,sobol_train_val,,,
1928.0,2048.0,1.2985397009178996,0.0301452616229653,0.6222416903823613,0.3777583096176387,24,16,0.6666666666666666,2.376855474337935,0.4824444076046347,100.0,97.72169901673152,0.999949385648776,0.2170450574083207,1451.6436371555606,1462.4850248819394,True,True,True,True,True,True,sobol_train_val,,,
1929.0,2048.0,1.324428115040064,0.2006043654866516,0.4111917164176702,0.5888082835823298,29,10,0.3448275862068966,2.589903907198459,0.5514421179890633,100.0,104.79459826311567,0.9166059565063648,7.806918989022397e-05,1358.9827219529584,1377.740105224937,True,True,True,True,True,True,sobol_train_val,,,
1930.0,2048.0,1.862106806598604,0.0977880734950304,0.6420504849404096,0.3579495150595904,10,6,0.6,4.406454449705779,0.4209672434255481,100.0,110.6928398097711,0.9851764058906276,0.1700775569472428,2552.951059412203,2565.015200413338,True,True,True,True,True,True,sobol_train_val,,,
1931.0,2048.0,1.5364811848849058,0.2309633307158947,0.3994609128683805,0.6005390871316194,23,12,0.5217391304347826,3.0555896538309755,0.5250960281118751,100.0,110.7521365441916,0.8395566704143586,0.0014282817471424,1634.386720857651,1650.8110285869698,True,True,True,True,True,True,sobol_train_val,,,
1932.0,2048.0,1.026983511634171,0.071823798213154,0.5537568744271993,0.4462431255728006,16,7,0.4375,1.568917232751846,0.4961469776928425,100.0,91.35846031789016,0.9764642366181452,0.1244956708982389,1093.818936262638,1107.6371817059314,True,True,True,True,True,True,sobol_train_val,,,
1933.0,2048.0,1.1554665807634592,0.2953353401273489,0.6794742472469806,0.3205257527530194,18,9,0.5,2.2112506890669463,0.5074008122086525,100.0,92.0278093086373,0.998417119775462,0.3698355277409448,1322.5679483697131,1328.805599162666,True,True,True,True,True,True,sobol_train_val,,,
1934.0,2048.0,1.6579909855499864,0.0050922830589115,0.4736153654754161,0.5263846345245838,22,12,0.5454545454545454,4.05035303318873,0.4644260330125689,100.0,111.25355874348986,0.8834051109969624,0.0010490821204892,2267.078386565434,2284.4163411318063,True,True,True,True,True,True,sobol_train_val,,,
1935.0,2048.0,1.990597024559975,0.1713728749193251,0.5161316893994807,0.4838683106005192,15,10,0.6666666666666666,3.3955650899559258,0.5818325510248542,100.0,117.09219147066229,0.9970992317079972,0.1704523743857153,1488.5739925832663,1501.6228349339408,True,True,True,True,True,True,sobol_train_val,,,
1936.0,2048.0,1.4459450719878078,0.1246600896120071,0.336835853010416,0.6631641469895839,25,9,0.36,1.937890004273504,0.4403835959732533,100.0,110.58865761366928,0.6018539044786396,6.518413327443538e-05,1448.8753289593565,1458.3225383072931,True,True,True,True,True,True,sobol_train_val,,,
1937.0,2048.0,1.4711322030052545,0.179384770989418,0.6323344994336366,0.3676655005663634,16,8,0.5,3.896361336763948,0.457644678093493,100.0,102.00596047033616,0.9988357237300206,0.1979931665160535,2190.748709787511,2202.210137934786,True,True,True,True,True,True,sobol_train_val,,,
1938.0,2048.0,1.9653729312121868,0.1140364372171461,0.4147553566843271,0.5852446433156728,24,10,0.4166666666666667,2.0540294397622345,0.5146698523312807,100.0,119.87831155323585,0.8522807703819495,0.0021748857876095,1235.7166834144057,1252.545248863484,True,True,True,True,True,True,sobol_train_val,,,
1939.0,2048.0,1.6358558284118772,0.2896509488113224,0.5691384468227625,0.4308615531772375,12,4,0.3333333333333333,1.8838260375894604,0.4312956910580396,100.0,107.81078529233042,0.9381423872769684,0.0825645055512628,1361.4844168220793,1375.9950202019277,True,True,True,True,True,True,sobol_train_val,,,
1940.0,2048.0,1.1776391323655844,0.0181258555501699,0.3781223077327013,0.6218776922672987,28,18,0.6428571428571429,3.344716514088213,0.5898467855527997,100.0,101.6015253666764,0.918001681459098,0.0027026974421034,1513.0673625409036,1531.549171403503,True,True,True,True,True,True,sobol_train_val,,,
1941.0,2048.0,1.0482949176803231,0.2416694627143442,0.4519837886095046,0.5480162113904954,27,18,0.6666666666666666,4.352383942902088,0.4011004278436303,100.0,95.09567254769333,0.7543347383840394,0.0005076532735942,2816.036902229736,2828.8551817809785,True,True,True,True,True,True,sobol_train_val,,,
1942.0,2048.0,1.5151938665658236,0.063747876137495,0.6945628538727759,0.305437146127224,13,5,0.3846153846153846,2.5390617731027305,0.5706255067139864,100.0,101.4000235614838,0.9880184095842692,0.4737485520094984,1254.3570111220597,1258.3593494633767,True,True,True,True,True,True,sobol_train_val,,,
1943.0,2048.0,1.8360349191352725,0.1875067848712205,0.3403018400073051,0.6596981599926949,21,10,0.4761904761904761,1.4149194879457354,0.4755353491753339,100.0,119.73179335544415,0.6446942218183312,0.0045901714024667,1094.0863595740375,1104.6796461503543,True,True,True,True,True,True,sobol_train_val,,,
1944.0,2048.0,1.350476436316967,0.103554926533252,0.5063180446624755,0.4936819553375244,19,11,0.5789473684210527,2.898374551255256,0.5465863483026624,100.0,102.51360274927733,0.9990805622838084,0.0975490710190967,1465.2346682256878,1481.2772965116071,True,True,True,True,True,True,sobol_train_val,,,
1945.0,2048.0,1.276740281842649,0.2751437047496438,0.3204991459846496,0.6795008540153504,14,6,0.4285714285714285,3.51193892173469,0.4156204897910356,100.0,106.51835242340844,0.5475953407978322,0.0011927494775818,2354.402137639574,2362.3121275754315,True,True,True,True,True,True,sobol_train_val,,,
1946.0,2048.0,1.786724325269461,0.0217832467518746,0.5263595387339591,0.4736404612660408,26,14,0.5384615384615384,1.6151781021617353,0.5569839933887124,100.0,112.50462420098506,0.9835064618133452,0.1627514261149386,947.663391632694,960.667721096292,True,True,True,True,True,True,sobol_train_val,,,
1947.0,2048.0,1.6113757686689496,0.1557954962365329,0.4836951985955238,0.5163048014044762,18,11,0.6111111111111112,2.3276244716718795,0.4892379688099026,100.0,109.83938940100307,0.9246573251951528,0.0233324017671394,1415.9788097495004,1433.5818150439566,True,True,True,True,True,True,sobol_train_val,,,
1948.0,2048.0,1.0751600172370672,0.1461117966100573,0.662992587685585,0.337007412314415,22,7,0.3181818181818182,3.72764108190313,0.5322005402296781,100.0,89.95398913973457,0.9985102379324416,0.3680753326507477,1855.9015325502835,1862.155676501924,True,True,True,True,True,True,sobol_train_val,,,
1949.0,2048.0,1.1956999013200402,0.2225109695456922,0.5889296907931566,0.4110703092068434,23,8,0.3478260869565217,3.1461700404994186,0.4713838715106249,100.0,95.69496460961652,0.9983371795089196,0.1298222484268447,1829.2083663819749,1843.2781642724296,True,True,True,True,True,True,sobol_train_val,,,
1950.0,2048.0,1.7408420462161305,0.0817237453535199,0.3580693755298852,0.6419306244701147,17,12,0.7058823529411765,1.2719735987484455,0.5002474704757333,100.0,117.00013450709372,0.6581424686683552,0.0582935901599024,982.5115941682832,991.4848965037284,True,True,True,True,True,True,sobol_train_val,,,
1951.0,2048.0,1.9072580141946676,0.2482556780800223,0.6006116393953562,0.3993883606046438,29,17,0.5862068965517241,2.6804842446930706,0.4457791792228818,100.0,112.83016724209948,0.9999544076199772,0.1041137947291626,1655.6057251231537,1671.0533457173435,True,True,True,True,True,True,sobol_train_val,,,
1952.0,2048.0,1.4062003567814827,0.0509987267665565,0.4463141847401857,0.5536858152598143,11,5,0.4545454545454545,4.109510766528547,0.5762418460100889,100.0,105.88031049538132,0.9634232774662554,0.0660290393041788,1804.29893679038,1820.9148083590856,True,True,True,True,True,True,sobol_train_val,,,
1953.0,2048.0,1.380792903713882,0.2073478681035339,0.3881452437490225,0.6118547562509775,19,13,0.6842105263157895,3.677489628084004,0.4357612704858184,100.0,107.10241103879866,0.6832443119985665,0.0060407984651671,2308.1495798637498,2319.397626487645,True,True,True,True,True,True,sobol_train_val,,,
1954.0,2048.0,1.9326946884393688,0.0851956386119127,0.5588477324694394,0.4411522675305606,21,8,0.3809523809523809,2.274650925491005,0.5927986942231656,100.0,114.5998830160234,0.9892487171141928,0.2632003633056962,1083.8415109908383,1093.2464175136577,True,True,True,True,True,True,sobol_train_val,,,
1955.0,2048.0,1.7309690052643418,0.2611441902816295,0.4014144163578748,0.5985855836421252,13,6,0.4615384615384615,1.6649290781468151,0.4593802690505981,100.0,115.29031475101677,0.7253124650763487,0.0202371661868006,1235.755330947746,1247.7516220845368,True,True,True,True,True,True,sobol_train_val,,,
1956.0,2048.0,1.205543065443635,0.0451687202788889,0.6455541457980871,0.3544458542019129,27,16,0.5925925925925926,3.5653129457496107,0.518016773276031,100.0,94.42531781606772,0.9999944048308989,0.315768736054891,1831.552023420219,1840.0395277326795,True,True,True,True,True,True,sobol_train_val,,,
1958.0,2048.0,1.6016238164156675,0.037028666306287,0.3255689106881618,0.6744310893118382,12,5,0.4166666666666667,2.7338647535070777,0.5487604402005672,100.0,114.89563666322891,0.7062522968180529,0.0125380389469947,1456.0858822795703,1468.1745355106273,True,True,True,True,True,True,sobol_train_val,,,
1959.0,2048.0,1.812039858661592,0.161707838717848,0.682928990572691,0.317071009427309,24,8,0.3333333333333333,1.221816053520888,0.4036138355731964,100.0,108.48924250834494,0.9755885926759827,0.2504981851342877,1084.6847141355056,1093.6185879248433,True,True,True,True,True,True,sobol_train_val,,,
1960.0,2048.0,1.2514558173716068,0.1331591159105301,0.4637893266975879,0.5362106733024121,16,10,0.625,3.093202585726976,0.5747502444311976,100.0,101.04085575796722,0.9966977509007892,0.0694806909417533,1449.699277250532,1466.9623149528866,True,True,True,True,True,True,sobol_train_val,,,
1961.0,2048.0,1.372067037038505,0.2287669929675757,0.6527743525803089,0.3472256474196911,11,4,0.3636363636363636,3.2917493605054915,0.4937066011130809,100.0,98.88049665817364,0.9839496388186756,0.3131560616940653,1805.46633764946,1813.038173466055,True,True,True,True,True,True,sobol_train_val,,,
1962.0,2048.0,1.8144756257534027,0.0696280321106314,0.4937906138598918,0.5062093861401081,29,20,0.6896551724137931,1.8336681911721824,0.5351554995402694,100.0,114.12335404361704,0.9840735700598644,0.0679276810628881,1076.244314171133,1093.59371332713,True,True,True,True,True,True,sobol_train_val,,,
1963.0,2048.0,1.521066972054541,0.2028027014806866,0.5395051799714565,0.4604948200285435,17,9,0.5294117647058824,2.1074096596799787,0.4173530308529735,100.0,105.93668801764215,0.917700024102698,0.0115290245240604,1515.615580216159,1532.626158236003,True,True,True,True,True,True,sobol_train_val,,,
1964.0,2048.0,1.0423902068287134,0.0999869822524488,0.3070842005312442,0.6929157994687558,23,11,0.4782608695652174,3.9461061168462033,0.5603278607130051,100.0,99.67553868601247,0.698188840202514,0.0001966804904929,1926.68176590206,1939.0550687715213,True,True,True,True,True,True,sobol_train_val,,,
1965.0,2048.0,1.1718574734404683,0.1735686404630541,0.4315560784190893,0.5684439215809107,22,9,0.4090909090909091,2.95174866747111,0.4494638912379742,100.0,99.6850041068032,0.783766313853673,0.0001445958478866,1891.6460077425104,1905.9167632980807,True,True,True,True,True,True,sobol_train_val,,,
1966.0,2048.0,1.6416078489273789,0.1268564279191195,0.6155398946255446,0.3844601053744554,18,10,0.5555555555555556,1.4646703717298806,0.5784128850325942,100.0,106.5957981763044,0.985032302304628,0.3462287919155331,854.146351321965,860.9623385951323,True,True,True,True,True,True,sobol_train_val,,,
1967.0,2048.0,1.9439347898587584,0.293136431928724,0.3698985647410154,0.6301014352589847,26,16,0.6153846153846154,2.486088122427464,0.4739003328606486,100.0,120.97597263024858,0.7008692097365828,0.0024735567567902,1566.6926066626345,1578.8972446475218,True,True,True,True,True,True,sobol_train_val,,,
1968.0,2048.0,1.4925998039543629,0.002893946506083,0.5773194786161184,0.4226805213838815,14,5,0.3571428571428571,4.302232593577355,0.5043752580881119,100.0,104.1118374902083,0.9913874631950216,0.1704353768001832,2169.593012375934,2182.2389289440766,True,True,True,True,True,True,sobol_train_val,,,
1969.0,2048.0,1.4557866528630257,0.2824741462245583,0.4787019103765487,0.5212980896234513,25,14,0.56,1.5187604743055998,0.599903211183846,100.0,106.151202905736,0.9569097797433094,0.1597641914181156,839.2256726198004,851.3829726792337,True,True,True,True,True,True,sobol_train_val,,,
1970.0,2048.0,1.980726222507656,0.0109496257267892,0.6744060233235358,0.3255939766764641,15,7,0.4666666666666667,3.0026214122772217,0.4288522567600012,100.0,112.20055908140569,0.995805104896796,0.2463652465335308,1852.5265553840077,1862.2985202564232,True,True,True,True,True,True,sobol_train_val,,,
1971.0,2048.0,1.683426083996892,0.1865635807625949,0.316897939145565,0.6831020608544349,29,11,0.3793103448275862,4.456199727673083,0.5235586408525705,100.0,117.1433950714798,0.6651272003208155,7.770536735635302e-06,2252.187158083211,2261.215821305891,True,True,True,True,True,True,sobol_train_val,,,
1972.0,2048.0,1.1300613591447473,0.1212158186361193,0.5360390961170196,0.4639609038829804,12,8,0.6666666666666666,2.6432836292311546,0.4540335232391954,100.0,95.2091807353051,0.9319696888334724,0.0599431998656842,1687.9712699272866,1703.3310771300048,True,True,True,True,True,True,sobol_train_val,,,
1973.0,2048.0,1.001701345667243,0.1946830152533948,0.6119761575013398,0.3880238424986602,14,9,0.6428571428571429,1.987641767039895,0.5431697400286793,100.0,88.88380203968808,0.996473360896799,0.2885970610736081,1149.9013410209525,1158.2389014855692,True,True,True,True,True,True,sobol_train_val,,,
1974.0,2048.0,1.561795194633305,0.1107317285612225,0.4412721578031778,0.5587278421968223,27,8,0.2962962962962963,3.448938327189535,0.4846186902374029,100.0,109.99929678761517,0.8561974678852816,1.0042061249990234e-05,1938.215136160751,1954.9839688980012,True,True,True,True,True,True,sobol_train_val,,,
1975.0,2048.0,1.8523571453988552,0.2344900807365775,0.5986581776291131,0.4013418223708869,20,9,0.45,4.000202366150916,0.5675968948751688,100.0,111.74173412991502,0.9989954768640724,0.2936756135802983,1758.5822045007003,1767.2698854862688,True,True,True,True,True,True,sobol_train_val,,,
1976.0,2048.0,1.3341467073187232,0.0565690669231116,0.3545168954879045,0.6454831045120955,20,10,0.5,2.158276356104761,0.410571681894362,100.0,106.96297718687516,0.6008195685422647,0.0009181496015104,1648.3348676049131,1657.4810776873717,True,True,True,True,True,True,sobol_train_val,,,
1977.0,2048.0,1.2926332280039787,0.1533066183328628,0.5686629969626664,0.4313370030373336,25,12,0.48,2.7831199251115324,0.5295648511499167,100.0,99.0707578433474,0.999696727774103,0.1857281996980543,1478.6755680136953,1490.8413489348516,True,True,True,True,True,True,sobol_train_val,,,
1978.0,2048.0,1.7708236230537295,0.143622347060591,0.3846776340156793,0.6153223659843207,15,8,0.5333333333333333,4.211740375589579,0.499102127738297,100.0,116.7524351750165,0.7627111611258296,0.005284548364438,2223.564595836556,2237.508407049131,True,True,True,True,True,True,sobol_train_val,,,
1979.0,2048.0,1.5652074087411163,0.2776351531036198,0.6304669681936502,0.3695330318063498,22,15,0.6818181818181818,3.248780420981348,0.5531744683161378,100.0,104.37133307071616,0.9999663446066008,0.3320048442132982,1560.0742087615076,1567.553650422352,True,True,True,True,True,True,sobol_train_val,,,
1980.0,2048.0,1.1213358798995614,0.0242741223424673,0.4230445612221956,0.5769554387778044,19,7,0.3684210526315789,1.3741781045682728,0.4243109200149775,100.0,98.38213240350689,0.7340065859642965,0.0011445601036729,1200.2456035672462,1212.8525135284292,True,True,True,True,True,True,sobol_train_val,,,
1981.0,2048.0,1.242844706401229,0.2507451281882822,0.3469060838222503,0.6530939161777496,17,6,0.3529411764705882,2.430234907474369,0.5855174537748098,100.0,104.61349900774404,0.830597581080513,0.0045092144887643,1222.9183091306793,1238.781026015772,True,True,True,True,True,True,sobol_train_val,,,
1982.0,2048.0,1.6936894999817014,0.053487604111433,0.5058913335204124,0.4941086664795876,24,15,0.625,3.82984563075006,0.4425548257306218,100.0,111.06132003842822,0.9058638902951924,0.0020677323991614,2244.2764169780253,2261.930708710273,True,True,True,True,True,True,sobol_train_val,,,
1983.0,2048.0,1.8923415057361128,0.220020093396306,0.460224063694477,0.539775936305523,11,6,0.5454545454545454,3.6145745591260487,0.509917082823813,100.0,116.85856312642886,0.8955376293647713,0.0418486979540864,1875.4808709530605,1891.5575581988803,True,True,True,True,True,True,sobol_train_val,,,
1984.0,2048.0,1.4211243828758595,0.0792322975583374,0.6926465958356857,0.3073534041643143,30,13,0.4333333333333333,1.717407655902207,0.4685536298900842,100.0,99.08969859577206,0.9991277307136196,0.3450265193773104,1193.677850322454,1200.6010195928134,True,True,True,True,True,True,sobol_train_val,,,
1985.0,2048.0,1.4097774531692266,0.1623433358967304,0.4700655836611985,0.5299344163388015,15,6,0.4,2.1816690763458606,0.4772641381248831,100.0,105.22268824944092,0.8906736880723312,0.0093938127686873,1405.5576643900858,1422.712225911183,True,True,True,True,True,True,sobol_train_val,,,
1986.0,2048.0,1.9037111001089213,0.1345682353712618,0.6767066989094018,0.3232933010905982,26,17,0.6538461538461539,4.078424001205712,0.5452512718737126,100.0,110.57933735573424,0.999994895952078,0.4070790086750815,1873.0736677591824,1879.0988654272967,True,True,True,True,True,True,sobol_train_val,,,
1987.0,2048.0,1.69818502292037,0.2679952737875282,0.3317962650209665,0.6682037349790335,19,11,0.5789473684210527,3.3659835018217565,0.4024477407336235,100.0,116.95229284213548,0.5541501429997426,0.0016466479165347,2288.8777354973463,2296.8031482912447,True,True,True,True,True,True,sobol_train_val,,,
1988.0,2048.0,1.238326101563871,0.033896929398179,0.5150004316121339,0.484999568387866,22,10,0.4545454545454545,1.965960996877402,0.5688845289871096,100.0,99.0949694094628,0.9942862339116882,0.151785008008424,1066.1115307676064,1079.4823751964998,True,True,True,True,True,True,sobol_train_val,,,
1989.0,2048.0,1.109958417713642,0.2597270437516272,0.6392769455909728,0.3607230544090272,24,11,0.4583333333333333,2.560322663281113,0.433021511696279,100.0,91.68995662577991,0.9996538630354184,0.1674291819994948,1690.8037890994449,1702.919185836137,True,True,True,True,True,True,sobol_train_val,,,
1990.0,2048.0,1.5765464706346393,0.0445251926779747,0.4076357170939445,0.5923642829060555,17,9,0.5294117647058824,4.43452499974519,0.5885085500776768,100.0,111.46335137560747,0.97842943054718,0.0085482540917659,1845.3451456867103,1865.4967365173636,True,True,True,True,True,True,sobol_train_val,,,
1991.0,2048.0,1.7753496188670397,0.2104716103523969,0.5526193872094154,0.4473806127905846,30,19,0.6333333333333333,3.026008483674377,0.4589951500296593,100.0,111.45550825190708,0.9999891704607644,0.0252917773918338,1776.0276646317557,1795.4292038056203,True,True,True,True,True,True,sobol_train_val,,,
1992.0,2048.0,1.288145096041262,0.088800034392625,0.3944153457880019,0.605584654211998,10,3,0.3,1.5969878565520048,0.5129318429157138,100.0,104.32422422950572,0.7658898384599275,0.0416725777406306,1097.3162020983352,1109.675030836406,True,True,True,True,True,True,sobol_train_val,,,
1993.0,2048.0,1.3384285625070331,0.2921690555289387,0.5835491210222243,0.4164508789777756,15,10,0.6666666666666666,1.79714595945552,0.4443921811878681,100.0,99.90868922441877,0.9720649985738417,0.097806344705518,1296.3570980704594,1311.020175971255,True,True,True,True,True,True,sobol_train_val,,,
1994.0,2048.0,1.8481131540611384,0.0012353464029729,0.3636267557740211,0.6363732442259789,25,9,0.36,3.6394719494506713,0.5780163815245032,100.0,119.17148976779016,0.8614290899583277,0.0002056219334632,1636.1837709363708,1653.3504787628465,True,True,True,True,True,True,sobol_train_val,,,
1995.0,2048.0,1.5506618730723858,0.1774350869469344,0.6218184396624564,0.3781815603375436,12,6,0.5,3.809681234043091,0.4695971114560962,100.0,104.26464413818752,0.9938529004082663,0.2016065359399226,2100.299813998069,2111.657571076761,True,True,True,True,True,True,sobol_train_val,,,
1996.0,2048.0,1.0127962669357655,0.1303246205672621,0.425333023071289,0.5746669769287109,29,16,0.5517241379310345,2.348784850537777,0.5016466453671455,100.0,94.72749592627542,0.8530135404961836,0.0004390510254206,1445.1035364420857,1461.680712971779,True,True,True,True,True,True,sobol_train_val,,,
1997.0,2048.0,1.134312741458416,0.2044693297706544,0.3008550930768251,0.6991449069231749,27,15,0.5555555555555556,1.3540080467239022,0.4878539390861988,100.0,102.9071633475723,0.5861524233719787,0.0013522990776183,1078.8028333156678,1088.0637836176495,True,True,True,True,True,True,sobol_train_val,,,
1998.0,2048.0,1.679151619784534,0.1009623879566788,0.5457775715738534,0.4542224284261466,14,6,0.4285714285714285,3.1673361235298216,0.5339782347902655,100.0,109.50819571390718,0.9884239779362072,0.1594652723126592,1593.0673970339076,1606.2760391133845,True,True,True,True,True,True,sobol_train_val,,,
1999.0,2048.0,1.9696234334260223,0.2253067938610911,0.4875126514583826,0.5124873485416175,20,7,0.35,4.291472526267171,0.4138305706903338,100.0,117.57472333184285,0.8315784667104313,0.0001628407214253,2594.718130603535,2610.021341405999,True,True,True,True,True,True,sobol_train_val,,,
2000.0,2048.0,1.4669121066108346,0.065769578050822,0.658997942879796,0.341002057120204,20,12,0.6,2.808023369964212,0.5583801999688148,100.0,101.16328353433256,0.9997565283481228,0.3894940008560785,1387.2950809106976,1393.2397524363782,True,True,True,True,True,True,sobol_train_val,,,
2001.0,2048.0,1.4890579702332616,0.2383887181989848,0.3607466109097004,0.6392533890902996,29,14,0.4827586206896552,3.1164877197705207,0.5380977826192975,100.0,110.87204880637849,0.7808348139136032,0.0001566945387949,1632.184664886416,1646.9624696656078,True,True,True,True,True,True,sobol_train_val,,,
2002.0,2048.0,1.947453958913684,0.0599870530888438,0.5923862986266613,0.4076137013733387,11,6,0.5454545454545454,1.299943858757615,0.4842221241444349,100.0,113.89586552916018,0.9254292325851338,0.2376398345440142,976.340131740844,985.2652026555544,True,True,True,True,True,True,sobol_train_val,,,
2003.0,2048.0,1.6539542144164443,0.1937475437298417,0.4475506328046321,0.5524493671953679,23,15,0.6521739130434783,2.6508019485510887,0.5632937837392091,100.0,111.9959999646901,0.9922372786314182,0.0252760071146862,1307.9658277211931,1327.7301545266926,True,True,True,True,True,True,sobol_train_val,,,
2004.0,2048.0,1.159534189850092,0.1090226358734071,0.6057531751692296,0.3942468248307704,17,7,0.4117647058823529,4.137481051124632,0.4078433642163873,100.0,94.13707624402524,0.9983301777324648,0.0357383132014648,2543.1114894585694,2560.588398335228,True,True,True,True,True,True,sobol_train_val,,,
2005.0,2048.0,1.0388789055868983,0.1831352775916457,0.5298099663108586,0.4701900336891413,18,6,0.3333333333333333,3.482256969809532,0.5940504686906933,100.0,92.44593099691724,0.9937855812522448,0.2127521591274004,1531.1332175049763,1541.8595574492583,True,True,True,True,True,True,sobol_train_val,,,
2006.0,2048.0,1.5246166735887527,0.1173068630509078,0.323170356079936,0.6768296439200641,22,14,0.6363636363636364,1.6431479441933332,0.4276747148483992,100.0,113.08534342584966,0.5608802589966615,0.0050612468639843,1335.0911807633668,1343.257299707755,True,True,True,True,True,True,sobol_train_val,,,
2007.0,2048.0,1.826791518367827,0.2841729565523564,0.6681280862540007,0.3318719137459993,14,7,0.5,2.297942593507469,0.5200365055352449,100.0,109.21352719189366,0.9924420601298432,0.3688054388072611,1290.449816259735,1296.939039126645,True,True,True,True,True,True,sobol_train_val,,,
2008.0,2048.0,1.3597132805734873,0.0118748160079121,0.484925478324294,0.515074521675706,26,11,0.4230769230769231,3.755610997695476,0.4520859906449914,100.0,103.42017042147808,0.8849977671672401,4.096974975091272e-05,2208.877195062623,2226.040384149081,True,True,True,True,True,True,sobol_train_val,,,
2009.0,2048.0,1.263527569361031,0.2164579127915203,0.6989227827638387,0.3010772172361613,21,12,0.5714285714285714,4.382065894827247,0.5835583459585905,100.0,94.6789800389381,0.9999609623107674,0.4840945505429173,1864.4066783974197,1868.270595098124,True,True,True,True,True,True,sobol_train_val,,,
2010.0,2048.0,1.7999302428215742,0.0760683696717023,0.4540018450468778,0.5459981549531221,19,9,0.4736842105263157,2.5110919310711326,0.4390453385189176,100.0,115.08185209242332,0.8074284437045138,0.0024408842226537,1664.0497719968312,1678.8948170817373,True,True,True,True,True,True,sobol_train_val,,,
2011.0,2048.0,1.5983566557988524,0.2514311179518699,0.512118760868907,0.487881239131093,27,10,0.3703703703703703,1.444601366110146,0.5087512591853738,100.0,108.64548609867484,0.9542762055229562,0.0851594687453505,995.1141501753704,1010.6109838238864,True,True,True,True,True,True,sobol_train_val,,,
2012.0,2048.0,1.0881856866180897,0.0548648186959326,0.3406349685043096,0.6593650314956904,13,9,0.6923076923076923,2.8704046354629096,0.4626880008727312,100.0,100.037199193861,0.615789096493433,0.0211033999828404,1858.3741027177716,1867.505400840512,True,True,True,True,True,True,sobol_train_val,,,
2013.0,2048.0,1.2176452903077006,0.2808093968778848,0.4167673863470554,0.5832326136529447,12,7,0.5833333333333334,3.926043657492846,0.5268247913569212,100.0,101.54096474073576,0.8593138943524683,0.0192898148333637,1997.1210446660875,2013.1080996801609,True,True,True,True,True,True,sobol_train_val,,,
2014.0,2048.0,1.7188898622989657,0.0278466221876442,0.6366882465779781,0.3633117534220219,28,10,0.3571428571428571,2.026059179753065,0.4948118792846799,100.0,107.75040581022262,0.9968655259345705,0.2689458562819514,1249.9175864554634,1259.2443876689636,True,True,True,True,True,True,sobol_train_val,,,
2015.0,2048.0,1.929396995343268,0.1519396872259676,0.3784492664039134,0.6215507335960866,16,7,0.4375,1.9135083337314427,0.5527894059196115,100.0,120.37705048528034,0.8165090043151142,0.0240577277755302,1094.2349652838848,1108.9603955836108,True,True,True,True,True,True,sobol_train_val,,,
2017.0,2048.0,1.3938806811347604,0.2655036779120564,0.6159706532955169,0.3840293467044831,26,8,0.3076923076923077,2.9233727725222707,0.5662495074793696,100.0,100.47485017590554,0.9975792712119208,0.3236595311635101,1408.629480455055,1416.1936357795028,True,True,True,True,True,True,sobol_train_val,,,
2018.0,2048.0,1.919615613296628,0.0314059062860906,0.4374544724822044,0.5625455275177955,14,9,0.6428571428571429,1.4947582290507853,0.4123127579689026,100.0,118.17558061285904,0.7115945882311964,0.0467112671565064,1251.6069892580983,1261.8046232109928,True,True,True,True,True,True,sobol_train_val,,,
2019.0,2048.0,1.7443571938201785,0.1648323523811996,0.5792399004101754,0.4207600995898246,22,11,0.5,2.457712301239371,0.5414408884942532,100.0,109.97791235093688,0.9985396323314276,0.2241257754673883,1294.7248698342253,1305.7064034925418,True,True,True,True,True,True,sobol_train_val,,,
2020.0,2048.0,1.1921464130282402,0.1370578235015273,0.3741608113050461,0.6258391886949539,18,8,0.4444444444444444,4.332320524659008,0.4859539007768035,100.0,102.17584011496126,0.7274602516707481,0.0004382528701206,2401.654061103141,2414.6883952163985,True,True,True,True,True,True,sobol_train_val,,,
2021.0,2048.0,1.0628098091110587,0.2129626340232789,0.4996828276664018,0.5003171723335982,17,8,0.4705882352941176,3.263373096752912,0.5222083089873195,100.0,94.12611786236936,0.9972874083949916,0.0443886479048855,1710.847854081921,1729.2496722053088,True,True,True,True,True,True,sobol_train_val,,,
2022.0,2048.0,1.623702835291624,0.0912916297093033,0.6531990859657526,0.3468009140342474,23,14,0.6086956521739131,1.8637564664706587,0.4557714641094207,100.0,105.11855919642268,0.9993132983946864,0.2399099486965777,1278.0913126309486,1288.1740476357795,True,True,True,True,True,True,sobol_train_val,,,
2023.0,2048.0,1.7902699457481503,0.2572374550625682,0.3113404098898172,0.6886595901101829,11,7,0.6363636363636364,2.0790334205143157,0.598177494853735,100.0,119.76827513637396,0.6771983841281607,0.0655775987166666,1066.0223422444374,1075.0785886773751,True,True,True,True,True,True,sobol_train_val,,,
2024.0,2048.0,1.2732172664254904,0.042036176752299,0.5414194334298372,0.4585805665701628,29,11,0.3793103448275862,3.976194416731596,0.4301904117688537,100.0,99.3155721398124,0.9501600818130608,4.5694400611012935e-06,2382.387669432592,2399.7452747357192,True,True,True,True,True,True,sobol_train_val,,,
2025.0,2048.0,1.353777916170657,0.1702564246952533,0.330612813308835,0.6693871866911649,24,15,0.625,4.187631521467119,0.5117039293050766,100.0,108.33440530680878,0.6760219087027244,0.0010042361124286,2219.980739553132,2231.7009324776063,True,True,True,True,True,True,sobol_train_val,,,
2026.0,2048.0,1.832756044343114,0.1231453866697847,0.5224102441221475,0.4775897558778524,16,5,0.3125,2.703776478208601,0.4671543447300791,100.0,113.6222156393199,0.964085854620948,0.0186080920343193,1618.2072754727787,1637.0698951500688,True,True,True,True,True,True,sobol_train_val,,,
2027.0,2048.0,1.503087799064815,0.2993457195349037,0.4673435661941766,0.5326564338058234,28,12,0.4285714285714285,1.250192292686552,0.5869045024737716,100.0,107.71071943900404,0.9006340993786218,0.1623672739215339,781.2068546651586,792.0295688898202,True,True,True,True,True,True,sobol_train_val,,,
2028.0,2048.0,1.0603778436779976,0.0084114376455545,0.6857039052993059,0.3142960947006941,12,6,0.5,3.063114285841584,0.4407801680266857,100.0,88.88501252078817,0.9961292628813244,0.2918657898734075,1909.061721010887,1917.016936011328,True,True,True,True,True,True,sobol_train_val,,,
2029.0,2048.0,1.1809101393446326,0.232486028317362,0.5599804729223251,0.4400195270776749,13,7,0.5384615384615384,3.705865523032844,0.5549642592668533,100.0,96.0756900953723,0.9966304915467028,0.2098230212782802,1749.6703861321655,1760.778266348755,True,True,True,True,True,True,sobol_train_val,,,
2030.0,2048.0,1.6325464807450771,0.0729482397437095,0.3931829646229743,0.6068170353770257,27,13,0.4814814814814814,2.2445630681701,0.4229147700592875,100.0,113.29127871939971,0.6811949860179979,0.0001788846007739,1621.8203814676208,1633.1489424077954,True,True,True,True,True,True,sobol_train_val,,,
2031.0,2048.0,1.9532973961904645,0.1972932379692792,0.6483228906989097,0.3516771093010903,19,7,0.3684210526315789,1.6933048993349074,0.5309487646445632,100.0,112.3884693636938,0.9815298860206958,0.3539610960288732,1027.7900913989738,1034.5186227687743,True,True,True,True,True,True,sobol_train_val,,,
2032.0,2048.0,1.483245661482215,0.0937857245095074,0.4049626171588897,0.5950373828411102,21,14,0.6666666666666666,3.535225014667958,0.4973245255649089,100.0,109.22986048526587,0.7995211693092896,0.0061754363289541,1951.5626716558183,1966.4588199247992,True,True,True,True,True,True,sobol_train_val,,,
2033.0,2048.0,1.4414152298122644,0.1915493463166058,0.5000950779765844,0.4999049220234156,10,4,0.4,2.401758304517716,0.4054036552086473,100.0,105.11733019299425,0.8239089199847452,0.0251671467981235,1727.4126298618394,1741.0980585918708,True,True,True,True,True,True,sobol_train_val,,,
2034.0,2048.0,1.99508894328028,0.1068238656967878,0.3465803246945143,0.6534196753054857,30,16,0.5333333333333333,3.859832780063152,0.5733541134744883,100.0,122.84658426952568,0.81183215773529,0.0003838844682548,1738.7383075028292,1754.4295211539225,True,True,True,True,True,True,sobol_train_val,,,
2035.0,2048.0,1.6693722307682035,0.2405849084258079,0.6882909845560788,0.3117090154439211,17,11,0.6470588235294118,3.5860980299301444,0.4806070532649755,100.0,105.20376627656152,0.9997717474577984,0.3516732667245612,1949.8616668534064,1956.781391724538,True,True,True,True,True,True,sobol_train_val,,,
2036.0,2048.0,1.1441236762329936,0.0621826716698706,0.4582135196775198,0.5417864803224802,23,7,0.3043478260869565,1.747394878976047,0.5469828577712178,100.0,97.99035144737547,0.959703214272288,0.0428822080255502,1049.6627393491774,1067.243397880372,True,True,True,True,True,True,sobol_train_val,,,
2037.0,2048.0,1.022484201937914,0.2863717261701822,0.3843458838760852,0.6156541161239147,21,8,0.3809523809523809,2.75464295335114,0.4611671442165971,100.0,96.37825429571204,0.713190347919048,0.0001210359307377,1790.348767620115,1802.811811219876,True,True,True,True,True,True,sobol_train_val,,,
2038.0,2048.0,1.541003636084497,0.0140730139799416,0.5628605239093303,0.4371394760906697,18,12,0.6666666666666666,4.241727942880243,0.5166175071150064,100.0,105.7323743626527,0.9998424083595916,0.1539830001033368,2084.1215180518275,2097.718543152182,True,True,True,True,True,True,sobol_train_val,,,
2039.0,2048.0,1.87345757894218,0.1809396595694124,0.4210277877748012,0.5789722122251988,25,15,0.6,3.2203034738078715,0.4371483471244574,100.0,117.7522495128307,0.7470618949311945,0.0012294794186921,2020.6909273402969,2033.9112181934609,True,True,True,True,True,True,sobol_train_val,,,
2040.0,2048.0,1.3130547376349568,0.1151106722652912,0.6261053778231144,0.3738946221768856,14,6,0.4285714285714285,1.4041656964458524,0.591024056263268,100.0,98.0164987771082,0.96916692716735,0.3887143259747165,821.5341472903169,826.8861036652836,True,True,True,True,True,True,sobol_train_val,,,
2041.0,2048.0,1.3096463326364756,0.24454499585554,0.4400430776178836,0.5599569223821164,19,10,0.5263157894736842,2.0161187388002872,0.4725499723106622,100.0,103.44928847275564,0.8289998561209302,0.0058991591562205,1364.8179998033622,1380.3294128603911,True,True,True,True,True,True,sobol_train_val,,,
2042.0,2048.0,1.75381922069937,0.047979268245399,0.6068390808999538,0.3931609191000462,20,8,0.4,3.4189507598988707,0.5061131799593568,100.0,109.37930468283992,0.9978303396614536,0.2252942641153207,1781.7993661167782,1792.6763979031036,True,True,True,True,True,True,sobol_train_val,,,
2043.0,2048.0,1.5825132876634598,0.2233414644375443,0.3518471710383892,0.6481528289616107,13,4,0.3076923076923077,4.028679313324392,0.4477381469681859,100.0,113.50755243973164,0.6360393379149251,0.0013110959069047,2424.2121912238745,2434.537537977194,True,True,True,True,True,True,sobol_train_val,,,
2044.0,2048.0,1.10402153711766,0.0829524940811097,0.5952058859169482,0.4047941140830517,26,16,0.6153846153846154,2.128288764227181,0.5797510202974081,100.0,92.70659881983472,0.99992282737436,0.3018356232063946,1101.3992944175882,1109.4288086079232,True,True,True,True,True,True,sobol_train_val,,,
2045.0,2048.0,1.2325122095644474,0.1588252371177077,0.6692627307027578,0.3307372692972422,28,19,0.6785714285714286,1.5472370772622526,0.416005614772439,100.0,94.575643681129,0.9998642756981732,0.2051584324381216,1239.1025379889663,1249.7664833825716,True,True,True,True,True,True,sobol_train_val,,,
2046.0,2048.0,1.70403069909662,0.1498327600769698,0.4774668406695127,0.5225331593304873,11,4,0.3636363636363636,2.9726342629641294,0.5620689177885652,100.0,112.19009384344076,0.9415945659730184,0.1158444148384363,1439.6315261623834,1453.5187043746046,True,True,True,True,True,True,sobol_train_val,,,
2047.0,2048.0,1.882301790639758,0.273925273027271,0.5325808268040418,0.4674191731959581,25,12,0.48,4.484676256868988,0.4919777216389775,100.0,114.35809640105332,0.9998590411985214,0.0500596013367593,2263.52963951224,2282.058178829709,True,True,True,True,True,True,sobol_train_val,,,
2048.0,2048.0,1.431155634112656,0.0209630699828267,0.3142219867557287,0.6857780132442712,15,9,0.6,2.613296406157315,0.5364906903356313,100.0,110.9988648619667,0.6620101908895528,0.0137456578168046,1465.8347848079109,1476.665611646766,True,True,True,True,True,True,sobol_train_val,,,
2049.0,512.0,1.4315734570845962,0.1921332324855029,0.4556767657399177,0.5443232342600823,27,8,0.2962962962962963,2.8052575109526514,0.4350073143839836,100.0,106.24939034987864,0.806513585220856,7.170660586667696e-06,1842.1315687420956,1855.3663929372108,True,True,True,True,True,True,sobol_train_val,,,
2050.0,512.0,1.881914708763361,0.1074129117652773,0.697474655508995,0.302525344491005,14,9,0.6428571428571429,4.2927388292737305,0.5935583604499697,100.0,109.55594884757022,0.999340752814074,0.4907706036509366,1747.7758153112368,1751.6790920484552,True,True,True,True,True,True,sobol_train_val,,,
2051.0,512.0,1.7036278964951634,0.2411688158288598,0.3424567997455596,0.6575432002544404,20,10,0.5,3.167794346809387,0.4601830562576651,100.0,116.70008583788842,0.6336065378024548,0.0009245739131288,1955.5633752678984,1965.9237574449428,True,True,True,True,True,True,sobol_train_val,,,
2052.0,512.0,1.232883794233203,0.0627717367373406,0.5108166918158531,0.4891833081841469,20,9,0.45,1.3520533162169155,0.5172082759439945,100.0,99.06151856078952,0.9504566499773608,0.1004323871556456,955.701494221637,970.2123069775926,True,True,True,True,True,True,sobol_train_val,,,
2053.0,512.0,1.104408853687346,0.2869556179270148,0.6349044267088174,0.3650955732911826,16,7,0.4375,2.3492305406369267,0.4784626826643944,100.0,91.63293022948444,0.9953885785173388,0.2419674141969836,1464.807173295697,1474.5330759742417,True,True,True,True,True,True,sobol_train_val,,,
2054.0,512.0,1.5820957068353891,0.0146620455197989,0.4181066144257783,0.5818933855742217,25,15,0.6,3.807713958062231,0.5495136333629489,100.0,111.2508016155254,0.925532067049622,0.0021307184990514,1806.0550568343256,1825.07145064174,True,True,True,True,True,True,sobol_train_val,,,
2055.0,512.0,1.7534469245001674,0.1815235703252256,0.5731977064162492,0.4268022935837507,12,8,0.6666666666666666,3.636693458911031,0.404423095844686,100.0,110.35790239582344,0.929015171134792,0.0492045507443437,2286.72073646446,2302.1262473033285,True,True,True,True,True,True,sobol_train_val,,,
2056.0,512.0,1.3100484162569046,0.1156997250393033,0.3798377487808466,0.6201622512191534,29,12,0.4137931034482758,1.798399618640542,0.5739482201635837,100.0,105.430190899882,0.8880338606818563,0.00259810414033,1012.2341159068486,1029.9558723399157,True,True,True,True,True,True,sobol_train_val,,,
2057.0,512.0,1.3134758984670043,0.2439564515836536,0.5907054755836725,0.4092945244163275,24,15,0.625,1.5989481498487292,0.4929465038701892,100.0,99.02015384526254,0.9984783305174304,0.1712655885440372,1094.226315634245,1106.826764159105,True,True,True,True,True,True,sobol_train_val,,,
2058.0,512.0,1.8730662055313587,0.0473947372287511,0.3621888358145952,0.6378111641854047,17,6,0.3529411764705882,3.025547746382654,0.5359091237187386,100.0,119.75648514497482,0.7779440423006619,0.0021512772687842,1581.7972015398457,1596.4401134050277,True,True,True,True,True,True,sobol_train_val,,,
2059.0,512.0,1.540597495622933,0.2227528989315033,0.6039254415780306,0.3960745584219693,30,13,0.4333333333333333,4.433261014055461,0.418161953240633,100.0,104.52926993693416,0.999966419606616,0.0528817398388952,2600.2518559079376,2617.432704165046,True,True,True,True,True,True,sobol_train_val,,,
2060.0,512.0,1.0228600781410933,0.0823679440654814,0.4488467995077371,0.5511532004922628,11,6,0.5454545454545454,2.563083156198263,0.5595254113897681,100.0,94.33569988218028,0.9364106997265248,0.0650157003698422,1337.413906304754,1353.14978896501,True,True,True,True,True,True,sobol_train_val,,,
2061.0,512.0,1.144514330662787,0.1582367051392793,0.3249604806303978,0.6750395193696022,15,9,0.6,1.964709544368088,0.4487095041200519,100.0,102.38252113723335,0.5814590899462713,0.0098232464167977,1462.6230086691198,1471.2608227727944,True,True,True,True,True,True,sobol_train_val,,,
2062.0,512.0,1.6689503584057093,0.1492482257075607,0.5284770429134369,0.4715229570865631,25,12,0.48,3.36875654021278,0.5791722193360329,100.0,109.79873508566668,0.999674193322716,0.1860720358994917,1505.0211623586836,1517.3564577886928,True,True,True,True,True,True,sobol_train_val,,,
2063.0,512.0,1.9947133092209697,0.2733367220498621,0.486667200922966,0.513332799077034,19,7,0.3684210526315789,4.080396926030517,0.4747035451233387,100.0,118.10895144610282,0.9257764496686316,0.0007749997882276,2192.797319436527,2211.629351636662,True,True,True,True,True,True,sobol_train_val,,,
2064.0,512.0,1.4418216049671173,0.0203785143792629,0.6667459085583687,0.3332540914416313,22,15,0.6818181818181818,2.181220982875675,0.5035670986399055,100.0,100.31609974567635,0.9998661322194358,0.3383453668472225,1304.059947040744,1311.2810922563106,True,True,True,True,True,True,sobol_train_val,,,
2065.0,512.0,1.483128722757101,0.2649197660386562,0.3649728488177061,0.6350271511822939,12,5,0.4166666666666667,3.3146861194632944,0.5991492558270692,100.0,110.57552471546876,0.8743468893311658,0.0241904312348556,1461.736017500676,1477.8443596846766,True,True,True,True,True,True,sobol_train_val,,,
2066.0,512.0,1.953382640145719,0.0308168546296656,0.5817691203206777,0.4182308796793222,28,14,0.5,1.9138674717396496,0.4296119222417474,100.0,114.33204368294612,0.9981975867267354,0.0288764456042043,1347.378178146448,1366.164237481565,True,True,True,True,True,True,sobol_train_val,,,
2067.0,512.0,1.6326483990997076,0.1642484617419541,0.4267283763736486,0.5732716236263513,16,10,0.625,2.027223152015358,0.5243614273145795,100.0,112.1756342202383,0.8504606631775283,0.0423697560709419,1215.0968182231306,1229.8425367229156,True,True,True,True,True,True,sobol_train_val,,,
2068.0,512.0,1.1808403925970197,0.1364687908440828,0.6200868349522353,0.3799131650477647,24,8,0.3333333333333333,3.9231817619875073,0.4532250266522169,100.0,94.38523915023184,0.999173862125781,0.1627318530447327,2247.700074552507,2260.2556428687217,True,True,True,True,True,True,sobol_train_val,,,
2069.0,512.0,1.0602914113551378,0.2123787277378142,0.5443454705178737,0.4556545294821262,21,8,0.3809523809523809,2.8715560622513294,0.5424093116074801,100.0,92.734633580212,0.9975371449003856,0.1620297284051646,1488.026400512858,1500.925784632937,True,True,True,True,True,True,sobol_train_val,,,
2070.0,512.0,1.503203541971743,0.0907025635242462,0.302549085766077,0.6974509142339229,19,13,0.6842105263157895,1.4417269374243915,0.4853718826547265,100.0,113.28309063607924,0.5680685691919829,0.0210256727271645,1109.0856237539747,1117.1455913622806,True,True,True,True,True,True,sobol_train_val,,,
2071.0,512.0,1.8328274562954905,0.2566535677760839,0.6577118940651416,0.3422881059348583,27,16,0.5925925925925926,2.509019177220762,0.5684061544016004,100.0,109.6331318864166,0.9999231391727206,0.3978691904067664,1232.4148727759562,1238.291334641343,True,True,True,True,True,True,sobol_train_val,,,
2072.0,512.0,1.3536776704713702,0.0414471318013966,0.4893535606563091,0.5106464393436909,13,6,0.4615384615384615,4.382412401307374,0.4097696583718062,100.0,103.11957723595508,0.8263447253679116,0.0039547909186101,2721.6989062023868,2736.4424397523526,True,True,True,True,True,True,sobol_train_val,,,
2073.0,512.0,1.2731055729091167,0.1708449767902493,0.6753547064960003,0.3246452935039997,18,10,0.5555555555555556,3.758476870134473,0.5288047531619668,100.0,95.5695300692724,0.9997614771724675,0.3862898476610026,1864.4334545868803,1870.377979226069,True,True,True,True,True,True,sobol_train_val,,,
2074.0,512.0,1.790352805517614,0.1237299411557614,0.4718396849930286,0.5281603150069714,22,9,0.4090909090909091,2.2967776930890977,0.4998557526618242,100.0,114.29656038501024,0.9407624171523988,0.0026557403077923,1360.4195046689338,1379.7580720948397,True,True,True,True,True,True,sobol_train_val,,,
2075.0,512.0,1.6237995084375143,0.299934250395745,0.5135991789400577,0.4864008210599423,14,5,0.3571428571428571,1.6427895376458763,0.5539833914488554,100.0,109.20302351039248,0.932408026083154,0.1764130294691951,980.070642180508,991.2448510779876,True,True,True,True,True,True,sobol_train_val,,,
2076.0,512.0,1.0627424465492368,0.0089959731325507,0.3335219703614711,0.6664780296385289,26,16,0.6153846153846154,3.4843132996000348,0.4235084699466824,100.0,99.4415243635014,0.5783342597548128,0.0002773805400642,2323.192930876297,2331.933919965847,True,True,True,True,True,True,sobol_train_val,,,
2077.0,512.0,1.192065225914121,0.233074592705816,0.4090741258114576,0.5909258741885424,29,20,0.6896551724137931,4.1371351900510485,0.5847630659118295,100.0,101.02289206923832,0.981093661105344,0.0028787001780945,1787.167146107176,1807.55179269015,True,True,True,True,True,True,sobol_train_val,,,
2078.0,512.0,1.7444705525413156,0.0735327908769249,0.6375892605632543,0.3624107394367457,11,4,0.3636363636363636,2.652870811522007,0.4433141607791185,100.0,108.29209893767592,0.9728602357440566,0.2165770728720893,1669.580959106508,1679.8742057999534,True,True,True,True,True,True,sobol_train_val,,,
2079.0,512.0,1.919681780040264,0.1978817833587527,0.3957077022641897,0.6042922977358103,23,11,0.4782608695652174,1.3028223750181496,0.5107202958315611,100.0,119.58096655270896,0.7891738958258893,0.0187588039968089,950.7571057232744,964.899529193131,True,True,True,True,True,True,sobol_train_val,,,
2080.0,512.0,1.393782819621265,0.0943702544085681,0.5507847856730222,0.4492152143269777,17,9,0.5294117647058824,3.115335450880229,0.4677454696968198,100.0,102.34592289201588,0.9974903558146064,0.042448771104821,1813.142734907473,1831.44468259206,True,True,True,True,True,True,sobol_train_val,,,
2081.0,512.0,1.3839402496814728,0.2389731933362782,0.6082839611917734,0.3917160388082266,13,5,0.3846153846153846,3.534060944058001,0.5210158430039883,100.0,100.42859556544532,0.9901502510788114,0.2572238452518994,1801.2600121943394,1810.7083419289409,True,True,True,True,True,True,sobol_train_val,,,
2082.0,512.0,1.9295554189011452,0.0605755414813756,0.4383611012250185,0.5616388987749815,27,18,0.6666666666666666,1.69616689318791,0.4514907693490386,100.0,118.35192490550897,0.7900692158010134,0.0110751932961443,1247.3072731554169,1261.4335250745671,True,True,True,True,True,True,sobol_train_val,,,
2083.0,512.0,1.7190325651317837,0.1943319976329803,0.5965039510279894,0.4034960489720106,19,11,0.5789473684210527,2.2466232765465977,0.5961960135027766,100.0,108.90754511141876,0.9980333832606906,0.3245480764943548,1071.6213748786265,1079.2362282810618,True,True,True,True,True,True,sobol_train_val,,,
2084.0,512.0,1.2174713695421815,0.1096111052669584,0.3500190410763025,0.6499809589236976,21,10,0.4761904761904761,3.705506286676973,0.4251450061798096,100.0,103.75456216237455,0.6087546665315743,0.0001728536008328,2404.991130507397,2414.488453092256,True,True,True,True,True,True,sobol_train_val,,,
2085.0,512.0,1.0880275052040815,0.183719765022397,0.4761327639222145,0.5238672360777855,24,10,0.4166666666666667,3.0651871380396187,0.5642819903790951,100.0,95.65882947592831,0.9990996475115632,0.0723259311442368,1485.3157824421085,1502.3963211622097,True,True,True,True,True,True,sobol_train_val,,,
2086.0,512.0,1.598484572954476,0.1178953480906784,0.6710555106401443,0.3289444893598556,16,8,0.5,1.2498456878587605,0.4072568213567138,100.0,104.03560259496015,0.976420521797551,0.2266119131619255,1100.0101874938389,1109.6362001167518,True,True,True,True,True,True,sobol_train_val,,,
2087.0,512.0,1.8001034446060658,0.2847574249841272,0.3128394126892089,0.6871605873107911,28,18,0.6428571428571429,2.702624953072518,0.5402346489951014,100.0,119.93133688440533,0.6771732789095232,0.0027752920783002,1466.2640020632027,1477.9758324024906,True,True,True,True,True,True,sobol_train_val,,,
2088.0,512.0,1.263384154997766,0.012463279813528,0.5343244478106498,0.4656755521893502,12,4,0.3333333333333333,4.190506048500538,0.4816835463047028,100.0,99.2440750127032,0.9773131516962056,0.0576316772041254,2248.776859984833,2265.820109404094,True,True,True,True,True,True,sobol_train_val,,,
2089.0,512.0,1.3595813065767288,0.2158687795512378,0.3451295182108879,0.6548704817891121,17,12,0.7058823529411765,3.976552724931389,0.5506408577784896,100.0,107.98855317608012,0.7498174554469259,0.014877399851789,1938.904039810862,1952.0782327521345,True,True,True,True,True,True,sobol_train_val,,,
2090.0,512.0,1.826953279785812,0.0754843963310122,0.5017711281776428,0.4982288718223572,23,8,0.3478260869565217,2.076977189071476,0.4217772655189037,100.0,114.14120651851948,0.8675249286217092,0.0003565819491167,1486.414064419472,1502.795008048471,True,True,True,True,True,True,sobol_train_val,,,
2091.0,512.0,1.5247636679559946,0.2508420059457421,0.4569095283746719,0.5430904716253281,11,5,0.4545454545454545,1.8608906923793256,0.5258484572172165,100.0,108.58393162238292,0.8787015576521298,0.0765833063719547,1143.6874366431505,1157.5924691115763,True,True,True,True,True,True,sobol_train_val,,,
2092.0,512.0,1.0387016469612718,0.054280864354223,0.6901131883263587,0.3098868116736413,29,16,0.5517241379310345,3.264537898823619,0.495385786704719,100.0,88.06301308999582,0.9999956006514712,0.3744581695732891,1804.3679695838296,1811.3749765850969,True,True,True,True,True,True,sobol_train_val,,,
2093.0,512.0,1.15937171690166,0.2802202692255378,0.5642008814960717,0.4357991185039283,26,14,0.5384615384615384,4.329442106746137,0.5065930789336562,100.0,95.30145100192937,0.9999866466205414,0.1397639759414706,2197.4173945916077,2211.3038801546254,True,True,True,True,True,True,sobol_train_val,,,
2094.0,512.0,1.6540854694321752,0.0272626343183219,0.3825593847781419,0.6174406152218581,14,6,0.4285714285714285,2.4588644717819985,0.465229582041502,100.0,114.15929559855152,0.7102812202097446,0.0058514316801985,1594.476791525458,1606.7179852088843,True,True,True,True,True,True,sobol_train_val,,,
2095.0,512.0,1.9476314522325997,0.151350578572601,0.6274942327290773,0.3725057672709226,22,8,0.3636363636363636,1.4951039917767046,0.5825914531946182,100.0,112.87191553785016,0.9762609005877688,0.3776141894818834,848.4252067319368,854.4015277232769,True,True,True,True,True,True,sobol_train_val,,,
2096.0,512.0,1.4889112180098891,0.1423626707866787,0.4192904476076364,0.5807095523923635,18,11,0.6111111111111112,2.921304007899016,0.4396288780495525,100.0,108.90114523697912,0.7435121581233097,0.006023686993719,1897.0699326404736,1909.9546768923349,True,True,True,True,True,True,sobol_train_val,,,
2097.0,512.0,1.4672262324020269,0.1617588685825467,0.524182429164648,0.475817570835352,28,13,0.4642857142857143,2.612838084530085,0.4568372812122107,100.0,105.04627211216932,0.964872199478728,0.0002129495400688,1630.7969326388625,1650.336071487273,True,True,True,True,True,True,sobol_train_val,,,
2098.0,512.0,1.9692776128649712,0.1339797704480588,0.3292611874639988,0.6707388125360012,11,6,0.5454545454545454,4.486631085723638,0.515473827905953,100.0,122.93907336662738,0.6642823026352443,0.0143541981843539,2280.0697122069846,2290.927193066997,True,True,True,True,True,True,sobol_train_val,,,
2099.0,512.0,1.6788224736228583,0.2674107852391899,0.6874269254505634,0.3125730745494366,24,16,0.6666666666666666,2.975400220323354,0.4320542627945543,100.0,105.441476953681,0.9999786987158789,0.2765703483548831,1847.4872570082096,1856.278928334846,True,True,True,True,True,True,sobol_train_val,,,
2100.0,512.0,1.134674059227109,0.0333084454759955,0.4659434489905834,0.5340565510094166,15,6,0.4,1.545970675908029,0.5890916351228952,100.0,97.4559096001716,0.9324703048741652,0.1405278004002223,887.5034669358145,899.7319177286588,True,True,True,True,True,True,sobol_train_val,,,
2101.0,512.0,1.0131408916786313,0.2591425887309014,0.3914956461638212,0.6085043538361787,20,6,0.3,2.131067353114486,0.4002987410873175,100.0,95.824147556392,0.6527780711413617,5.988393011929221e-05,1676.1915598965768,1686.5081880940425,True,True,True,True,True,True,sobol_train_val,,,
2102.0,512.0,1.5503465589135883,0.0439367244020104,0.5614169653505087,0.4385830346494913,20,13,0.65,4.027425555791706,0.5714351924136281,100.0,106.0028031839896,0.9999226430299888,0.2325468478161288,1771.561708948187,1782.127392626349,True,True,True,True,True,True,sobol_train_val,,,
2103.0,512.0,1.8477535089477897,0.2098871363326907,0.4031291510909796,0.5968708489090204,13,7,0.5384615384615384,3.418504971452057,0.476288210786879,100.0,117.8056760479563,0.7582313025238087,0.012670603951566,1966.9485145329645,1980.3084369518012,True,True,True,True,True,True,sobol_train_val,,,
2104.0,512.0,1.3387593738734722,0.0882115448825061,0.6496125619858503,0.3503874380141497,27,12,0.4444444444444444,2.018086113128811,0.5458254877477884,100.0,98.07342149651411,0.9992120564429248,0.3587154587662115,1136.794465596777,1143.4412960144878,True,True,True,True,True,True,sobol_train_val,,,
2105.0,512.0,1.2884568376466632,0.2927581630647182,0.4356763642281294,0.5643236357718706,22,12,0.5454545454545454,1.405429583787918,0.4148192288354039,100.0,102.99084868459148,0.7420007835475423,0.003549034956957,1225.5247588762154,1238.1486252366528,True,True,True,True,True,True,sobol_train_val,,,
2106.0,512.0,1.7750090435147283,0.0018193141557276,0.6173163559287786,0.3826836440712213,18,9,0.5,3.217543079238385,0.5577940162271261,100.0,109.54062834964468,0.9985071370924324,0.3151174553397644,1521.2581535981708,1529.2797845887198,True,True,True,True,True,True,sobol_train_val,,,
2107.0,512.0,1.5762197086587548,0.1780242157168686,0.372431867942214,0.6275681320577859,25,9,0.36,4.239767747931182,0.4899903986603021,100.0,112.64374759151616,0.7302254271354738,2.0822677811781544e-05,2303.801556864252,2317.0002689240955,True,True,True,True,True,True,sobol_train_val,,,
2108.0,512.0,1.1103144902735949,0.1309086073189973,0.5806340944021939,0.419365905597806,15,10,0.6666666666666666,2.7551035922952,0.5314393484964967,100.0,93.31260945459536,0.9988855752026092,0.2118658949611833,1473.9756355672407,1484.9989014606815,True,True,True,True,True,True,sobol_train_val,,,
2109.0,512.0,1.2386683421209457,0.2050584428943693,0.6548926882445811,0.3451073117554188,10,6,0.6,1.7454220524989068,0.4705761374905705,100.0,95.13731150845229,0.9765851324973494,0.2929709913298116,1216.4218829884032,1224.2770153331226,True,True,True,True,True,True,sobol_train_val,,,
2111.0,512.0,1.903353839181364,0.2258959259837865,0.5432591833174228,0.4567408166825771,16,6,0.375,3.861084134224802,0.4465380821377039,100.0,114.46944379408995,0.976047551585664,0.0068693085273428,2195.144371584064,2214.716113869313,True,True,True,True,True,True,sobol_train_val,,,
2112.0,512.0,1.4101030193269253,0.0663535525090992,0.3100570224225521,0.6899429775774479,23,13,0.5652173913043478,2.398985364474356,0.57548712734133,100.0,110.58861044843798,0.7245696677121816,0.0042889278615003,1253.1219040468618,1266.020542740234,True,True,True,True,True,True,sobol_train_val,,,
2113.0,512.0,1.4212246285751462,0.2830620601773262,0.5280457120388746,0.4719542879611254,18,12,0.6666666666666666,1.9351248336955904,0.5670099474489689,100.0,103.7434977643735,0.9951042311405354,0.1713793973656043,1051.3659895769897,1064.073693231689,True,True,True,True,True,True,sobol_train_val,,,
2114.0,512.0,1.892270093783736,0.0115323820151388,0.3190622773021459,0.6809377226978541,21,8,0.3809523809523809,3.3968307045288384,0.411559577845037,100.0,121.69957061774755,0.542146662759879,0.0001005028939977,2256.746319487199,2264.5031310825543,True,True,True,True,True,True,sobol_train_val,,,
2115.0,512.0,1.693573757074773,0.1871514801867306,0.664825677499175,0.335174322500825,14,7,0.5,4.05081214159727,0.5406316174194217,100.0,106.39521746561452,0.997760215846022,0.381935195606962,1898.409999419524,1904.613574955928,True,True,True,True,True,True,sobol_train_val,,,
2116.0,512.0,1.242931138724089,0.1217985581606626,0.4824043821543454,0.5175956178456546,25,14,0.56,2.209295073430985,0.4867559120059013,100.0,100.21704211233413,0.9373024458148888,0.0027634403533474,1389.3158504387757,1408.1641945753663,True,True,True,True,True,True,sobol_train_val,,,
2117.0,512.0,1.1214056266471744,0.1952709258534014,0.3562968127429485,0.6437031872570516,30,16,0.5333333333333333,1.569363807979971,0.5229622520506382,100.0,100.57697902958432,0.7455991392397224,0.0011829900939517,1074.4768146952613,1088.1213084506114,True,True,True,True,True,True,sobol_train_val,,,
2118.0,512.0,1.565105490386486,0.1113144971430301,0.590280169993639,0.409719830006361,10,4,0.4,3.05362149272114,0.4550117870792746,100.0,105.51577347258616,0.9652246329843954,0.1411849927678084,1828.8130507384824,1841.739844013272,True,True,True,True,True,True,sobol_train_val,,,
2119.0,512.0,1.770738379098475,0.2350779745727777,0.4445900179445743,0.5554099820554257,23,7,0.3043478260869565,4.403676647599786,0.597374720685184,100.0,114.7466948262699,0.9946742182094908,0.0738261804528849,1776.377791777698,1793.5463429171573,True,True,True,True,True,True,sobol_train_val,,,
2120.0,512.0,1.2927501667290926,0.0571518209762871,0.6020113788545132,0.3979886211454868,17,11,0.6470588235294118,2.591156877949833,0.430998919904232,100.0,98.12479697560144,0.9986058655404167,0.0784049269768373,1698.1310994577668,1714.1048113052111,True,True,True,True,True,True,sobol_train_val,,,
2121.0,512.0,1.3342445688322186,0.1527232194319367,0.4130629025399684,0.5869370974600315,12,4,0.3333333333333333,2.3788148825056847,0.512458305619657,100.0,105.00601405637366,0.8312126857179527,0.0152505867867403,1411.2716712502215,1426.6570600170082,True,True,True,True,True,True,sobol_train_val,,,
2122.0,512.0,1.852290978655219,0.1430349326692521,0.6337650872766971,0.3662349127233029,28,20,0.7142857142857143,3.779640211723745,0.4663949973881244,100.0,110.72322370089364,0.9999987433827086,0.2147528400612337,2073.4997608601,2085.0513147187885,True,True,True,True,True,True,sobol_train_val,,,
2123.0,512.0,1.561681835912168,0.2770517687313258,0.376282937079668,0.6237170629203319,15,8,0.5333333333333333,3.6662778253667057,0.5861013010144234,100.0,112.1566282723786,0.8908609884024344,0.0128964449901798,1622.4398851714311,1639.720287838271,True,True,True,True,True,True,sobol_train_val,,,
2124.0,512.0,1.0017825327813623,0.0236867247149348,0.5704229824244975,0.4295770175755025,25,12,0.48,1.7703258968889712,0.4415883405134082,100.0,90.03224933015116,0.9985047824506464,0.0290877241530718,1302.776212184991,1321.0826543212615,True,True,True,True,True,True,sobol_train_val,,,
2125.0,512.0,1.1301287217065692,0.2501617147587239,0.6963413428515195,0.3036586571484805,20,8,0.4,2.834842221625149,0.5557243695482612,100.0,90.81478296486604,0.9986870343689896,0.4546302244810942,1426.018553485466,1430.3975594779,True,True,True,True,True,True,sobol_train_val,,,
2126.0,512.0,1.6833294108510015,0.0529001953080296,0.4506392356008291,0.5493607643991709,19,10,0.5263157894736842,4.264664664957672,0.4221611566841602,100.0,112.5768515181188,0.7790353104385904,0.0011432336584263,2592.8751559566413,2606.758596733051,True,True,True,True,True,True,sobol_train_val,,,
2127.0,512.0,1.980643362738192,0.2194366967305541,0.5080481376498938,0.4919518623501062,26,16,0.6153846153846154,3.1973791312426325,0.5301398292183876,100.0,117.14582861553072,0.99992491925994,0.0720953140352947,1596.7326264624917,1614.3943150940895,True,True,True,True,True,True,sobol_train_val,,,
2128.0,512.0,1.4558983463793993,0.0786449032835662,0.3389080267399549,0.6610919732600451,13,5,0.3846153846153846,1.3239792256616056,0.498126964084804,100.0,110.77561336820396,0.6583370534100336,0.0170774937142013,1020.2911654686372,1030.8261000493756,True,True,True,True,True,True,sobol_train_val,,,
2129.0,512.0,1.4921977203339338,0.2067599731497466,0.6433849439024925,0.3566150560975075,23,14,0.6086956521739131,4.107449771370739,0.4061640959233046,100.0,102.22624091854136,0.9999807420565,0.1220096282915706,2499.4132502109937,2513.27343294383,True,True,True,True,True,True,sobol_train_val,,,
2130.0,512.0,1.944307086057961,0.0846128856763243,0.409400075674057,0.590599924325943,17,8,0.4705882352941176,2.6808442678302526,0.5726009326055645,100.0,119.62639599799076,0.9304839871659416,0.0204618472421089,1293.661860488496,1311.9104713039978,True,True,True,True,True,True,sobol_train_val,,,
2131.0,512.0,1.6420254297554493,0.26055628079921,0.5551405876874924,0.4448594123125076,29,11,0.3793103448275862,1.2731368825770917,0.479797781445086,100.0,108.37038125538236,0.9539086316117272,0.1227985982698602,978.3238907534812,991.9825184603484,True,True,True,True,True,True,sobol_train_val,,,
2132.0,512.0,1.1714701568707824,0.0445859505794942,0.3977176740765571,0.6022823259234429,11,7,0.6363636363636364,3.143308833427727,0.5477848697453738,100.0,100.76545018187426,0.8288429852434757,0.0418099176662342,1617.1701076618897,1631.2220528049015,True,True,True,True,True,True,sobol_train_val,,,
2133.0,512.0,1.042018622159958,0.2710197625681758,0.4721716258674859,0.527828374132514,14,9,0.6428571428571429,3.728791820257902,0.4619210880249739,100.0,94.26561213213404,0.8649851098669065,0.0145940587479368,2195.520301023696,2211.362825299595,True,True,True,True,True,True,sobol_train_val,,,
2134.0,512.0,1.5214697746559978,0.0364459256641566,0.6811566073447466,0.3188433926552534,26,8,0.3076923076923077,2.324750731419772,0.5158578293398023,100.0,101.9142059445736,0.9967335843878544,0.3849822449240491,1325.8972220091612,1331.9340761867493,True,True,True,True,True,True,sobol_train_val,,,
2135.0,512.0,1.8148627076298,0.1611199236474931,0.3355381716042757,0.6644618283957243,18,8,0.4444444444444444,1.6131044631823896,0.4363455722108483,100.0,119.4399764534208,0.5930091022820339,0.0029474397630071,1281.2117540702045,1290.29282206813,True,True,True,True,True,True,sobol_train_val,,,
2136.0,512.0,1.371649214066565,0.1325763607397675,0.5179609600454569,0.4820390399545431,22,11,0.5,3.512286313343793,0.5918325651437044,100.0,102.73387806452864,0.999613818703986,0.1857792525456544,1525.2284498216447,1537.346932629501,True,True,True,True,True,True,sobol_train_val,,,
2137.0,512.0,1.251049442216754,0.2293503907509148,0.3037783566862345,0.6962216433137656,27,13,0.4814814814814814,2.9012411121279,0.4733043478801846,100.0,106.36266585848358,0.5767057025127822,6.36003295007647e-05,1830.9945995140208,1840.0024505196145,True,True,True,True,True,True,sobol_train_val,,,
2138.0,512.0,1.812415492720902,0.0702154252678155,0.54948197491467,0.45051802508533,13,7,0.5384615384615384,1.4137538990937173,0.5053538333624601,100.0,112.35588006525164,0.931207343939382,0.1758451243082323,986.1769535591366,997.38246783691,True,True,True,True,True,True,sobol_train_val,,,
2139.0,512.0,1.602045688778162,0.2033861137926578,0.4920227129012345,0.5079772870987654,21,14,0.6666666666666666,2.5387042516842486,0.4469349462538958,100.0,109.35632459117676,0.8792396143222097,0.0128413243188267,1645.0685797533097,1661.458709054687,True,True,True,True,True,True,sobol_train_val,,,
2140.0,512.0,1.084489471279085,0.1005743921734392,0.6611643765121697,0.3388356234878302,19,7,0.3684210526315789,4.354439387563616,0.5805591920390725,100.0,90.30096879202216,0.998784444791389,0.4172415998566151,1883.731779380787,1888.8168244698927,True,True,True,True,True,True,sobol_train_val,,,
2141.0,512.0,1.2051671892404556,0.174152023717761,0.586911840736866,0.413088159263134,16,5,0.3125,3.344371538143605,0.4167657243087888,100.0,96.0326287838983,0.9898391605457616,0.0230226818014308,2117.672898585584,2135.794454843616,True,True,True,True,True,True,sobol_train_val,,,
2142.0,512.0,1.731375145725906,0.1274438266642391,0.3662081092596054,0.6337918907403945,24,15,0.625,1.885894015431404,0.5613153051584959,100.0,116.50299256592048,0.8082600456056718,0.020730711739887,1072.111261856502,1086.7079020667256,True,True,True,True,True,True,sobol_train_val,,,
2143.0,512.0,1.9330860618501904,0.2937198319472372,0.6235452950000763,0.3764547049999237,12,7,0.5833333333333334,2.056908644456416,0.49116878695786,100.0,112.69067891692032,0.9812858072627516,0.2529401782837903,1266.4169368559574,1276.030850845359,True,True,True,True,True,True,sobol_train_val,,,
2144.0,512.0,1.3803717428818345,0.0034813597798347,0.429403756558895,0.5705962434411049,28,11,0.3928571428571428,3.8952083794400094,0.5372931281104684,100.0,105.73411440132526,0.9279950323535172,3.261991099789307e-05,1902.950558530301,1922.0600646334287,True,True,True,True,True,True,sobol_train_val,,,
2145.0,512.0,1.4058695454150438,0.1799721026793122,0.3861093573272228,0.6138906426727773,22,14,0.6363636363636364,4.301069408096373,0.478065812587738,100.0,107.84298841330428,0.7380957154520772,0.0018301204408051,2398.5469517155143,2411.790812843724,True,True,True,True,True,True,sobol_train_val,,,
2146.0,512.0,1.9076176593080163,0.1146197534166276,0.5669678576290607,0.4330321423709393,18,5,0.2777777777777778,2.488949231151492,0.5444415746256709,100.0,113.83821995466428,0.9729310824622268,0.2272808941406531,1297.4779128863308,1307.8562713831122,True,True,True,True,True,True,sobol_train_val,,,
2147.0,512.0,1.7411573603749275,0.2902382950298488,0.4243294633924961,0.5756705366075039,26,11,0.4230769230769231,1.466731268540025,0.4016948914155364,100.0,114.75386631429184,0.7089957174088176,0.0003337624118743,1268.3716885203255,1280.1736072538424,True,True,True,True,True,True,sobol_train_val,,,
2148.0,512.0,1.1953552765771749,0.0187091885134577,0.6286256812512874,0.3713743187487126,14,7,0.5,2.9513887426815923,0.5696454010903835,100.0,94.58409711715076,0.9965520975038428,0.3506655048379258,1419.7971580130873,1426.5000975992443,True,True,True,True,True,True,sobol_train_val,,,
2149.0,512.0,1.0747986994683745,0.2422567798756063,0.5045440953224897,0.4954559046775103,11,6,0.5454545454545454,3.948179657477885,0.4338289201259613,100.0,94.37373985241248,0.8780677940243243,0.0170782976493408,2407.881666654321,2423.601948185852,True,True,True,True,True,True,sobol_train_val,,,
2150.0,512.0,1.611704914830625,0.0643311979249119,0.3486857082694768,0.6513142917305231,29,14,0.4827586206896552,2.1070623664185404,0.5877045867964625,100.0,114.32309173015553,0.8415844696994735,0.0029015219828536,1083.569635936171,1099.903302026252,True,True,True,True,True,True,sobol_train_val,,,
2151.0,512.0,1.787070145830512,0.1880941187962889,0.691250866279006,0.308749133720994,17,7,0.4117647058823529,1.832517551165074,0.4582365667447448,100.0,107.72551753883356,0.9898597172062772,0.3382121937860332,1253.4962670143584,1260.5659571348065,True,True,True,True,True,True,sobol_train_val,,,
2152.0,512.0,1.276426156051457,0.1041382628493011,0.4619545232504606,0.5380454767495394,23,15,0.6521739130434783,3.294623002409935,0.5136869810521603,100.0,101.81677934865996,0.9440301659012676,0.0055608916453846,1756.7148128260128,1775.8396985250522,True,True,True,True,True,True,sobol_train_val,,,
2153.0,512.0,1.3501508701592684,0.2745608881115913,0.6729679953306913,0.3270320046693087,28,10,0.3571428571428571,3.093560205493122,0.4451999275013804,100.0,97.74939859862712,0.9995997624620774,0.2659201275536555,1882.4506433465635,1891.4655028335408,True,True,True,True,True,True,sobol_train_val,,,
2154.0,512.0,1.8363921800628304,0.021195272449404,0.4803907450288533,0.5196092549711466,12,7,0.5833333333333334,1.2197605105116962,0.5772128432989121,100.0,115.0211466963271,0.8614530270917105,0.2012767549819998,784.643810891987,793.3743758134576,True,True,True,True,True,True,sobol_train_val,,,
2156.0,512.0,1.0479526771232486,0.1455238055437803,0.3187329214066267,0.6812670785933733,16,7,0.4375,4.160420944914222,0.5024013524875045,100.0,99.45673883422506,0.6398741002104608,0.0006619617582567,2292.1652940686195,2302.8962530159656,True,True,True,True,True,True,sobol_train_val,,,
2157.0,512.0,1.1772830598056316,0.2219281495548784,0.4426252983510494,0.5573747016489505,19,9,0.4736842105263157,3.5624336427077647,0.4886551884934306,100.0,99.4999280858096,0.8647091978767022,0.0009434829380058,2000.5741487843568,2017.432237098664,True,True,True,True,True,True,sobol_train_val,,,
2158.0,512.0,1.6361825903877616,0.0811357833445072,0.6102024354040623,0.3897975645959377,21,12,0.5714285714285714,1.6660821338184175,0.5331681996583939,100.0,106.6228049126899,0.9955411010918108,0.2728084635146691,1021.0113534809428,1030.2153425818285,True,True,True,True,True,True,sobol_train_val,,,
2159.0,512.0,1.965713506564498,0.2476728413254022,0.3559185273945331,0.6440814726054669,13,9,0.6923076923076923,2.274995999783277,0.4130781523883343,100.0,121.91553252838742,0.5832332085067427,0.0329388957715708,1664.9779351797526,1672.6185313037531,True,True,True,True,True,True,sobol_train_val,,,
2160.0,512.0,1.4708204613998532,0.0504107502289116,0.5969336204230785,0.4030663795769215,27,10,0.3703703703703703,3.675421551894396,0.5591414039954543,100.0,102.99822232185574,0.9995349357767148,0.2794811254249481,1700.1790898008803,1709.1482575052482,True,True,True,True,True,True,sobol_train_val,,,
2161.0,512.0,1.4460884863510728,0.2536708739586174,0.4955755744129418,0.5044244255870581,17,9,0.5294117647058824,1.71694864584133,0.5388994578272104,100.0,105.37726937257128,0.964742496519023,0.0941402441545068,1042.0165452812194,1057.3727443521586,True,True,True,True,True,True,sobol_train_val,,,
2162.0,512.0,1.9904238227754831,0.0376999709755182,0.6514355082064867,0.3485644917935133,24,11,0.4583333333333333,3.616530076414347,0.4834124261513352,100.0,113.04309283970532,0.9996860741174912,0.2792838375132302,1930.297345311233,1939.4405462488903,True,True,True,True,True,True,sobol_train_val,,,
2163.0,512.0,1.657863068394363,0.213643953949213,0.3088200021535158,0.6911799978464842,10,3,0.3,3.832610702980309,0.5625409336760641,100.0,116.83691555304524,0.689218239177932,0.0130052367498915,1827.435426597828,1839.0104261431009,True,True,True,True,True,True,sobol_train_val,,,
2165.0,512.0,1.0271574323996902,0.1680059026926756,0.6138653561472893,0.3861346438527107,25,17,0.68,1.3769558083266018,0.5948578778654336,100.0,89.69284162650342,0.9989661646943664,0.3515838311347223,809.9011020312229,816.4555389866721,True,True,True,True,True,True,sobol_train_val,,,
2166.0,512.0,1.5363384820520878,0.1394617681391537,0.4330053448677062,0.5669946551322937,15,6,0.4,3.2475275485776365,0.4268707508221269,100.0,109.64187001291458,0.7541865788344758,0.0017788978994253,2094.4305127511893,2107.6511457996744,True,True,True,True,True,True,sobol_train_val,,,
2167.0,512.0,1.8619483830407264,0.2641363539732992,0.5754987865686416,0.4245012134313584,22,10,0.4545454545454545,4.211293898709118,0.5192779215052724,100.0,112.6291332873286,0.9995049623893368,0.182979105737326,2036.725993764551,2049.3232238796777,True,True,True,True,True,True,sobol_train_val,,,
2168.0,512.0,1.3245557975023985,0.0295619443058967,0.3712010160088539,0.6287989839911461,19,11,0.5789473684210527,2.785087987873703,0.4528411295264959,100.0,106.12775252078518,0.6760663786581174,0.0028390230133362,1817.252743553603,1828.5882114069489,True,True,True,True,True,True,sobol_train_val,,,
2169.0,512.0,1.298686453141272,0.2011872011236846,0.5570564642548561,0.4429435357451439,14,6,0.4285714285714285,2.159541128575801,0.5843660915270448,100.0,99.57633872770612,0.9813124066866016,0.2553021361007415,1095.1088579788443,1104.3300739396614,True,True,True,True,True,True,sobol_train_val,,,
2170.0,512.0,1.7647709641605616,0.0983760511502623,0.3894777804613113,0.6105222195386887,27,15,0.5555555555555556,3.9974410864524543,0.4382418010383844,100.0,116.45374058981496,0.6931638062144655,0.0001968754678215,2415.903964125529,2427.7088578440234,True,True,True,True,True,True,sobol_train_val,,,
2171.0,512.0,1.586637201718986,0.2315461518242955,0.6438120365142822,0.3561879634857178,20,12,0.6,3.446978820674121,0.5079923447221517,100.0,104.50887890691484,0.999853276946555,0.2989742342263147,1796.539173414301,1804.962172874378,True,True,True,True,True,True,sobol_train_val,,,
2172.0,512.0,1.0999056994915009,0.0724117591045796,0.4027954503893852,0.5972045496106149,21,7,0.3333333333333333,1.9881017175503075,0.4634427072480321,100.0,98.34833180363046,0.7505079334880201,0.000227999220013,1405.8589839201015,1419.3477832399485,True,True,True,True,True,True,sobol_train_val,,,
2173.0,512.0,1.2215523635968566,0.2959181724116206,0.3272493485361337,0.6727506514638663,25,9,0.36,2.641311491187662,0.527626040019095,100.0,104.66243683800708,0.6926976400750509,7.103501446562817e-05,1512.5616647454049,1524.80617714484,True,True,True,True,True,True,sobol_train_val,,,
2174.0,512.0,1.7149824686348438,0.0056802730076015,0.5198281098157167,0.4801718901842833,15,10,0.6666666666666666,4.456647034361958,0.4940018448978662,100.0,111.1131734250364,0.9918236512211422,0.0363920966394074,2260.2638192193003,2279.203238541793,True,True,True,True,True,True,sobol_train_val,,,
2175.0,512.0,1.8864257307723165,0.1719556904397904,0.4656159181147813,0.5343840818852186,29,16,0.5517241379310345,3.0038736515678464,0.5520369883626699,100.0,116.55932005783892,0.9998810275210526,0.0320701550382466,1456.836615327063,1476.5812420122354,True,True,True,True,True,True,sobol_train_val,,,
2176.0,512.0,1.4270398300141096,0.1252480650320649,0.6816324386745691,0.3183675613254308,12,6,0.5,1.515986649133265,0.4199874462559819,100.0,99.53601309502125,0.9785228393958648,0.2716201816761113,1211.2334033700893,1219.544536510621,True,True,True,True,True,True,sobol_train_val,,,
2177.0,512.0,1.4240709217265248,0.2520842637866735,0.3365811478346586,0.6634188521653415,30,17,0.5666666666666667,3.7158384924754495,0.5073382565751672,100.0,110.02240813148086,0.683041681754,0.0001382823438751,2028.3378489685615,2040.2791525242717,True,True,True,True,True,True,sobol_train_val,,,
2178.0,512.0,1.8874717932194471,0.055372052360326,0.5166587647050619,0.4833412352949381,11,5,0.4545454545454545,2.2348559816367923,0.4643878925591707,100.0,114.95988354912777,0.9072558664710602,0.0661614558590394,1433.9542210676962,1448.8870385168716,True,True,True,True,True,True,sobol_train_val,,,
2179.0,512.0,1.7141803121194243,0.2169645541347563,0.4748504426330328,0.5251495573669672,24,9,0.375,1.7033016197383404,0.5817486207932234,100.0,112.50374518468612,0.956606255645807,0.1284951414350489,932.4501221342102,946.1154088752156,True,True,True,True,True,True,sobol_train_val,,,
2180.0,512.0,1.224276889115572,0.0767220675945282,0.6783650558441877,0.3216349441558123,17,11,0.6470588235294118,3.5255414824001488,0.4403729097917676,100.0,94.09636137659572,0.9998509311923298,0.2698188597218705,2110.3567970566014,2119.1410113015227,True,True,True,True,True,True,sobol_train_val,,,
2181.0,512.0,1.0949550596997142,0.1502513718791306,0.5540885351598263,0.4459114648401737,18,12,0.6666666666666666,4.17186543205753,0.5513826021924615,100.0,93.57792499421652,0.9999217405040872,0.1913475800771692,1944.634408882407,1956.4471749986528,True,True,True,True,True,True,sobol_train_val,,,
2182.0,512.0,1.5935102105140686,0.1411124099045992,0.3990109957754612,0.6009890042245388,22,7,0.3181818181818182,2.719880834408104,0.4209321428090334,100.0,112.1622938709657,0.6890130204840206,6.169541951194123e-05,1866.5877731603184,1878.1007399306527,True,True,True,True,True,True,sobol_train_val,,,
2183.0,512.0,1.7581418538466096,0.2789745770394802,0.6407460696995257,0.3592539303004742,15,6,0.4,1.234402550663799,0.5250090580433607,100.0,108.50313205408116,0.9561303894899588,0.3554090233429033,873.9613603462525,880.1433106869682,True,True,True,True,True,True,sobol_train_val,,,
2184.0,512.0,1.30339271761477,0.0261588589288294,0.4122313909232616,0.5877686090767384,25,13,0.52,3.079195186123252,0.4961332516744733,100.0,104.17110594120244,0.8176994954765586,0.0004516233506839,1767.151084225101,1782.7959878658426,True,True,True,True,True,True,sobol_train_val,,,
2185.0,512.0,1.3234179439023137,0.193092037551105,0.6230853848159312,0.3769146151840687,20,10,0.5,3.2801572811789805,0.5650974053889513,100.0,98.38483861427191,0.9995160946721472,0.3333819497165085,1544.644656954955,1551.9382735842526,True,True,True,True,True,True,sobol_train_val,,,
2186.0,512.0,1.8650696408003569,0.1085130418650806,0.429726517945528,0.5702734820544719,20,11,0.55,1.8470588771626355,0.4065341034904122,100.0,117.28403351507892,0.7207548670845456,0.004879047739925,1443.2716307500352,1455.267130382622,True,True,True,True,True,True,sobol_train_val,,,
2187.0,512.0,1.5334611302241683,0.2378797165118157,0.5848160900175572,0.4151839099824428,27,19,0.7037037037037037,2.0958444046787914,0.5395168887451292,100.0,104.90559189539994,0.9999460189581626,0.2304988912258602,1172.915978056231,1183.583952442484,True,True,True,True,True,True,sobol_train_val,,,
2188.0,512.0,1.0280509032309055,0.0593309948220849,0.3680202268064022,0.6319797731935979,13,5,0.3846153846153846,3.959523430466652,0.4825039219111204,100.0,97.10701466111664,0.7095476017640263,0.0017251052033485,2271.800716983946,2284.247106221139,True,True,True,True,True,True,sobol_train_val,,,
2189.0,512.0,1.148598927073181,0.2858634891919792,0.4924981635063886,0.5075018364936114,12,4,0.3333333333333333,2.914395868219435,0.5218339283019304,100.0,97.07839141898364,0.9586825412897096,0.0653179404381517,1578.5558491888482,1594.9045003181332,True,True,True,True,True,True,sobol_train_val,,,
2190.0,512.0,1.6629050225019455,0.013711260817945,0.6608569528907537,0.3391430471092462,29,18,0.6206896551724138,1.5038500525988638,0.450770721770823,100.0,105.80991363225336,0.9992692904950063,0.2485282826060076,1126.1013150927304,1135.8852182309024,True,True,True,True,True,True,sobol_train_val,,,
2191.0,512.0,1.9856257671490312,0.184972314722836,0.3058406289666891,0.6941593710333109,16,9,0.5625,2.448708498850465,0.5954755829647183,100.0,124.1257159270221,0.7227272433669027,0.0226376797350257,1186.3829140033806,1198.3441778156755,True,True,True,True,True,True,sobol_train_val,,,
2192.0,512.0,1.4528699461370709,0.1189968436025083,0.5476365577429533,0.4523634422570467,25,10,0.4,4.341385646816343,0.4259627114981413,100.0,103.97745688237592,0.9539888117021502,3.3714409489795726e-05,2555.224776946759,2573.9334631650845,True,True,True,True,True,True,sobol_train_val,,,
2193.0,512.0,1.4740316029638052,0.1769170015119016,0.4458879128098487,0.5541120871901513,14,9,0.6428571428571429,1.5561077660880982,0.4712969018146395,100.0,107.65866155658802,0.7913054849479559,0.0583975982447736,1158.827453946439,1170.9801403567485,True,True,True,True,True,True,sobol_train_val,,,
2194.0,512.0,1.964425210841,0.1296594785526394,0.6009669572114944,0.3990330427885056,26,10,0.3846153846153846,2.9634252090007065,0.500233744084835,100.0,113.98577481813408,0.9987172788667812,0.2035937164023526,1605.000240499411,1616.776760001272,True,True,True,True,True,True,sobol_train_val,,,
2195.0,512.0,1.6367386989295485,0.2915044656023383,0.359083867073059,0.6409161329269409,18,8,0.4444444444444444,4.49357069665566,0.445719663053751,100.0,114.5577839854936,0.6474822477858941,0.0004427728659527,2648.710382018083,2659.354290692483,True,True,True,True,True,True,sobol_train_val,,,
2196.0,512.0,1.174804582260549,0.0007166686467826,0.5876001045107841,0.4123998954892158,22,13,0.5909090909090909,2.604110906459391,0.5762067457661033,100.0,95.10639236389692,0.9998222724755154,0.2844157925832332,1275.5338576584693,1284.1422508835517,True,True,True,True,True,True,sobol_train_val,,,
2197.0,512.0,1.053149364888668,0.2271347472444176,0.6635433081537485,0.3364566918462515,23,12,0.5217391304347826,1.9992377802729608,0.4155365599319339,100.0,89.22636191742032,0.9995726537382996,0.190913665679029,1472.2179270852882,1483.2202411091305,True,True,True,True,True,True,sobol_train_val,,,
2198.0,512.0,1.5083848787471652,0.0674504748545587,0.4834641505032777,0.5165358494967223,17,7,0.4117647058823529,3.4355657371692354,0.5569733068346977,100.0,107.33656582818584,0.9933189312440356,0.07792237948577,1620.6809553835471,1637.6288183719955,True,True,True,True,True,True,sobol_train_val,,,
2199.0,512.0,1.8427790571004152,0.2061507786624133,0.5252251643687487,0.4747748356312513,29,9,0.3103448275862069,4.011774702183902,0.4891754128038883,100.0,113.74938638159024,0.9988025947842322,0.0306779247319291,2083.1155271977045,2102.589285265506,True,True,True,True,True,True,sobol_train_val,,,
2200.0,512.0,1.3456868389621377,0.1027897490188479,0.3217090521007776,0.6782909478992224,11,7,0.6363636363636364,2.144880285579711,0.532162400148809,100.0,108.42388633298152,0.6405799693238182,0.0413817275227937,1295.8241806562946,1305.0049836071173,True,True,True,True,True,True,sobol_train_val,,,
2201.0,512.0,1.277806242927909,0.2685111419297755,0.507723930850625,0.492276069149375,16,6,0.375,2.770527846738696,0.4011385694146157,100.0,100.44954844648134,0.8469892612075411,0.0012368891760971,1933.83873677014,1949.069005382106,True,True,True,True,True,True,sobol_train_val,,,
2202.0,512.0,1.7837066547945142,0.034559854120016,0.3393636364489794,0.6606363635510206,24,16,0.6666666666666666,4.225728228595107,0.5706880612298846,100.0,118.61746469017277,0.7848783464898462,0.0042349018856444,1903.4495015757964,1918.1357474878591,True,True,True,True,True,True,sobol_train_val,,,
2203.0,512.0,1.6143362186849115,0.1630057085305452,0.6945279765874147,0.3054720234125853,12,7,0.5833333333333334,3.2362151669338344,0.4755460372194647,100.0,103.76867584623608,0.996721947059918,0.3612547445852052,1823.5858478189853,1830.1694629729693,True,True,True,True,True,True,sobol_train_val,,,
2204.0,512.0,1.0741512766107917,0.1350846958346664,0.4527304891496896,0.5472695108503103,28,14,0.5,1.3881925852037966,0.546670276671648,100.0,95.92713419519151,0.9351809533699508,0.0526625426899299,920.5402530174254,936.8963399979724,True,True,True,True,True,True,sobol_train_val,,,
2205.0,512.0,1.202627159655094,0.2086460173130035,0.3765980765223503,0.6234019234776498,27,11,0.4074074074074074,2.3918695206753906,0.4576797798275948,100.0,102.41121110765994,0.694387900023862,3.863756021428645e-05,1618.5506736355703,1630.5161597749027,True,True,True,True,True,True,sobol_train_val,,,
2206.0,512.0,1.735869358293712,0.0871214979328215,0.569958484172821,0.430041515827179,13,7,0.5384615384615384,3.869635067135096,0.5147293670102954,100.0,110.0644642613367,0.9947893019741404,0.1694360774331223,1931.785737120116,1944.7333753580035,True,True,True,True,True,True,sobol_train_val,,,
2207.0,512.0,1.912173481658101,0.2580479552038013,0.4149162203073501,0.5850837796926498,21,13,0.6190476190476191,3.5761823480017485,0.431309418939054,100.0,118.77277517440764,0.7273375592826553,0.0029853901251936,2217.2331635033943,2229.7808916755166,True,True,True,True,True,True,sobol_train_val,,,
2208.0,512.0,1.3993303189054132,0.0427001919597387,0.6317135825753212,0.3682864174246788,19,6,0.3157894736842105,1.757170464657247,0.5899337537586689,100.0,100.17877477489549,0.9803407615885978,0.3893810444011678,939.1152962983848,944.6640440431428,True,True,True,True,True,True,sobol_train_val,,,
2209.0,512.0,1.3778930250555277,0.2238509668037295,0.5773826323449611,0.4226173676550389,11,6,0.5454545454545454,1.3384480940178036,0.4494562538340688,100.0,101.14892542211118,0.9233794979399632,0.153567429238753,1082.6896589404564,1094.0183897664483,True,True,True,True,True,True,sobol_train_val,,,
2210.0,512.0,1.9336419338360429,0.0836079086177051,0.3691800452768802,0.6308199547231197,29,13,0.4482758620689655,3.182834658119828,0.5783320095390081,100.0,120.78750449853266,0.874995472909182,0.000400714509132,1466.1200137408443,1483.7068257583926,True,True,True,True,True,True,sobol_train_val,,,
2211.0,512.0,1.7300866097211838,0.2452010027132928,0.6141133613884449,0.3858866386115551,17,5,0.2941176470588235,4.275885773822665,0.4738591376692057,100.0,108.6441735337204,0.992178541212514,0.1943376532721029,2270.966313521243,2282.686830012796,True,True,True,True,True,True,sobol_train_val,,,
2212.0,512.0,1.2083780942484736,0.0484882185235619,0.4324737302958965,0.5675262697041035,23,15,0.6521739130434783,2.8234953015111386,0.5043096536770463,100.0,100.76038165188112,0.8667882380237827,0.0055678527008308,1622.3886804428846,1639.1909868066805,True,True,True,True,True,True,sobol_train_val,,,
2213.0,512.0,1.0800251998007298,0.2720887365750968,0.3069517087191343,0.6930482912808658,22,14,0.6363636363636364,1.807321918476373,0.493689820356667,100.0,100.93742879783396,0.6014111902142603,0.0049653392568247,1272.8551298865168,1282.384760301856,True,True,True,True,True,True,sobol_train_val,,,
2214.0,512.0,1.6084323292598128,0.0192724457010626,0.5401541825383901,0.4598458174616099,18,7,0.3888888888888889,3.629155894182622,0.5350654806941748,100.0,108.03141180823836,0.9956357413092164,0.1443764939835876,1767.391466635106,1781.37479331257,True,True,True,True,True,True,sobol_train_val,,,
2215.0,512.0,1.8052961956709623,0.1571352051571011,0.495294102653861,0.504705897346139,26,12,0.4615384615384615,3.819884091150016,0.4173209790140391,100.0,113.87690013777558,0.8499584337469926,9.089604641072036e-05,2355.396102407435,2371.224060689719,True,True,True,True,True,True,sobol_train_val,,,
2216.0,512.0,1.2562458934262395,0.1479956715367734,0.6519338589161634,0.3480661410838366,14,8,0.5714285714285714,2.338495496660471,0.560271399654448,100.0,95.72003040036584,0.9967002680790404,0.381344360290306,1222.4076982146637,1228.3962129144657,True,True,True,True,True,True,sobol_train_val,,,
2217.0,512.0,1.3710015509277582,0.2400776233524084,0.4627526622265577,0.5372473377734424,19,8,0.4210526315789473,2.550736790243536,0.4792795773595572,100.0,104.41732282153048,0.8871126641828748,0.0017041615432624,1566.049613454398,1583.5058281636211,True,True,True,True,True,True,sobol_train_val,,,
2218.0,512.0,1.8174937749281528,0.0615294744260609,0.6842364992946386,0.3157635007053614,21,11,0.5238095238095238,4.443819812871515,0.5487924875691533,100.0,108.56931371376665,0.9998566044331908,0.4247392802244978,1999.9389206027008,2005.2230153308385,True,True,True,True,True,True,sobol_train_val,,,
2219.0,512.0,1.5181060433387756,0.1908955567516386,0.326021933183074,0.673978066816926,13,8,0.6153846153846154,3.0163988596759737,0.4037038588896394,100.0,112.82049482906916,0.5398800856106838,0.0101402183052605,2118.95704838159,2126.287527658947,True,True,True,True,True,True,sobol_train_val,,,
2220.0,512.0,1.043398472480476,0.1063171327114105,0.5209428142756223,0.4790571857243777,27,9,0.3333333333333333,1.6062591154128312,0.5747670207172633,100.0,92.85529580737848,0.9840683148455472,0.1782969997457937,934.321308868306,946.2093639241746,True,True,True,True,True,True,sobol_train_val,,,
2221.0,512.0,1.1649306900799274,0.1827738356776535,0.6466662518680095,0.3533337481319905,28,10,0.3571428571428571,2.197847439162433,0.4358268793672323,100.0,93.18469132586957,0.9989095512723144,0.1907108006993874,1507.6083690467967,1518.9195339955777,True,True,True,True,True,True,sobol_train_val,,,
2222.0,512.0,1.6465810155496,0.1167989362031221,0.4001825280487537,0.5998174719512464,12,8,0.6666666666666666,4.06193254860118,0.5928398849442601,100.0,113.38658367483988,0.9099644481213636,0.0500692175422467,1719.649707961173,1735.582422498217,True,True,True,True,True,True,sobol_train_val,,,
2223.0,512.0,1.9390188436955211,0.2880593977868557,0.5583238579332828,0.4416761420667172,24,14,0.5833333333333334,3.382185517251491,0.4594611490145325,100.0,114.7452191999011,0.999865444404402,0.0388451079033324,1920.535719936638,1939.3200459620807,True,True,True,True,True,True,sobol_train_val,,,
2224.0,512.0,1.4994693668559194,0.0159077421762049,0.3884028516709804,0.6115971483290196,16,8,0.5,1.949493000190705,0.518024406209588,100.0,110.19550396774832,0.7900156984320208,0.0147388647525926,1218.0222192923063,1232.3271046610605,True,True,True,True,True,True,sobol_train_val,,,
2225.0,512.0,1.458623112179339,0.2986828462220728,0.6932704154402017,0.3067295845597982,25,16,0.64,3.909771667700261,0.5854854023084044,100.0,100.0287213971444,0.9999945018537864,0.4761145809611379,1676.9631255741745,1681.5238886220166,True,True,True,True,True,True,sobol_train_val,,,
2226.0,512.0,1.9798414427787063,0.0078956209123134,0.4600664008408784,0.5399335991591215,15,5,0.3333333333333333,2.042471167445183,0.4424983642995357,100.0,118.6690019654161,0.8201215901085182,0.006438854528343,1421.1735225224209,1436.267094437619,True,True,True,True,True,True,sobol_train_val,,,
2227.0,512.0,1.684375713579357,0.16974005587399,0.5050744850188493,0.4949255149811506,21,9,0.4285714285714285,1.8972095442004504,0.50990030169487,100.0,110.8738036288729,0.9798133380363786,0.0487772755342336,1166.6582568748263,1184.7023669280804,True,True,True,True,True,True,sobol_train_val,,,
2228.0,512.0,1.1271600499749184,0.1224831056781113,0.3484332296997308,0.6515667703002692,18,9,0.5,3.333131614141166,0.4684636114165187,100.0,101.02673908938186,0.6546890766758051,0.0009444293417338,2044.398379868475,2055.350368468004,True,True,True,True,True,True,sobol_train_val,,,
2229.0,512.0,1.0064890375360849,0.1989718258380889,0.4223008587956428,0.5776991412043572,16,10,0.625,4.391542405262589,0.5295236563310027,100.0,94.60609230778635,0.8893941510114393,0.0072946586638203,2182.811179866057,2200.188455778268,True,True,True,True,True,True,sobol_train_val,,,
2230.0,512.0,1.55505296215415,0.0956113689579069,0.6305049508810043,0.3694950491189956,23,10,0.4347826086956521,2.5016767404042186,0.4990365229547023,100.0,104.12588894360124,0.998708500457945,0.2608774242545147,1442.488410496803,1452.040303406878,True,True,True,True,True,True,sobol_train_val,,,
2231.0,512.0,1.859164227731526,0.2343111206777393,0.3856189310550689,0.614381068944931,10,4,0.4,1.4541047746315598,0.5531668305397034,100.0,118.64745873018012,0.7573496811195533,0.0853448968667156,931.852938838826,942.327251143523,True,True,True,True,True,True,sobol_train_val,,,
2233.0,512.0,1.2936438778415322,0.1654975860379636,0.353310190141201,0.646689809858799,24,8,0.3333333333333333,3.472162049263716,0.5432506196200848,100.0,105.86439003462247,0.7734732077410216,5.031965255575716e-05,1769.5187539491567,1784.0610387130907,True,True,True,True,True,True,sobol_train_val,,,
2234.0,512.0,1.7678612638264894,0.1375760005787014,0.5997954547405242,0.4002045452594758,15,9,0.6,1.6535560528747737,0.484626323543489,100.0,109.89227790152528,0.9801336387423348,0.1953261936410397,1120.1759091046083,1131.670120986747,True,True,True,True,True,True,sobol_train_val,,,
2235.0,512.0,1.568226988427341,0.2660224070772528,0.4415061205625534,0.5584938794374465,28,15,0.5357142857142857,2.2878239220008254,0.5676625041291118,100.0,110.1485453418747,0.9982771696251904,0.0174489965620167,1168.3789417957792,1188.713199469614,True,True,True,True,True,True,sobol_train_val,,,
2236.0,512.0,1.1202680096030235,0.0320705476216971,0.6114286258816719,0.3885713741183281,11,4,0.3636363636363636,3.765995552111417,0.4106128722429276,100.0,92.76957119971804,0.9816524139350974,0.0799967479854858,2360.8056982750268,2375.822208971163,True,True,True,True,True,True,sobol_train_val,,,
2237.0,512.0,1.2497128387913108,0.2555566499009728,0.5373717878013848,0.4626282121986151,13,6,0.4615384615384615,3.1321696235798298,0.5999932341277598,100.0,98.76133975786088,0.9903198031050392,0.2353980631656389,1378.6210513573485,1388.5970594275536,True,True,True,True,True,True,sobol_train_val,,,
2238.0,512.0,1.6887759380042553,0.0402083150111138,0.3158864457160234,0.6841135542839766,26,15,0.5769230769230769,1.284553113207221,0.4288690334185958,100.0,117.3039634432008,0.551513894746951,0.0020984746338994,1145.447577755171,1153.4919547027223,True,True,True,True,True,True,sobol_train_val,,,
2239.0,512.0,1.897312288172543,0.2111353243701159,0.6740537155419588,0.3259462844580412,20,14,0.7,2.6665075049735605,0.5236151067540049,100.0,110.52178948124164,0.999832781281327,0.3776602321757503,1418.2080990034958,1424.6292835415625,True,True,True,True,True,True,sobol_train_val,,,
2240.0,512.0,1.4141990300267937,0.0896102322265505,0.4791312757879495,0.5208687242120504,20,7,0.35,4.1221137614920735,0.4540655702352524,100.0,105.05571557609278,0.8775235153131542,0.0001396175627043,2368.479590947729,2385.4765135009634,True,True,True,True,True,True,sobol_train_val,,,
2241.0,512.0,1.410660802386701,0.1563141561113298,0.6581566378474235,0.3418433621525765,15,6,0.4,2.935971169732511,0.4878371493890882,100.0,99.74745635690851,0.9942780322941036,0.3052750272739337,1668.6744496461326,1676.6618310599824,True,True,True,True,True,True,sobol_train_val,,,
2242.0,512.0,1.9008732102811337,0.1467763686552643,0.4890154242515563,0.5109845757484437,25,13,0.52,1.4807641063816843,0.5338882010430097,100.0,116.1110187176501,0.9368814842585356,0.0980060107723741,951.0773963577508,965.7310906506738,True,True,True,True,True,True,sobol_train_val,,,
2243.0,512.0,1.7010877626016736,0.2758088646456599,0.5464258581399917,0.4535741418600083,11,7,0.6363636363636364,2.4702838249504566,0.4137985337525606,100.0,109.98817383886114,0.8825958728153028,0.0701968851997461,1702.598953499197,1716.0452331470117,True,True,True,True,True,True,sobol_train_val,,,
2244.0,512.0,1.2373779024928808,0.0223013500683009,0.3007217898964882,0.6992782101035118,28,8,0.2857142857142857,4.31829972518608,0.5583237478509545,100.0,106.06866968329103,0.68086459844532,2.0179545743311087e-06,2067.509039989656,2077.9438697061146,True,True,True,True,True,True,sobol_train_val,,,
2245.0,512.0,1.1166992196813226,0.2464282991364598,0.426249960437417,0.573750039562583,26,10,0.3846153846153846,3.301732164714485,0.4443845586851239,100.0,98.13263484238632,0.7671560585275217,1.3734551234725052e-05,2088.831199973539,2102.590961725683,True,True,True,True,True,True,sobol_train_val,,,
2246.0,512.0,1.571757348254323,0.0493172599934041,0.6203910965472459,0.3796089034527541,13,8,0.6153846153846154,1.8239732997491955,0.5779355149716139,100.0,104.81287300951146,0.987879202381427,0.3520163010799897,981.7575989806912,988.4446707306408,True,True,True,True,True,True,sobol_train_val,,,
2247.0,512.0,1.7802035911008716,0.2208300906233489,0.3629074264317751,0.6370925735682249,20,12,0.6,2.117419361975044,0.4695559073239564,100.0,117.71227907683424,0.6777234552469501,0.0072690976813128,1425.214554349911,1436.5502840642832,True,True,True,True,True,True,sobol_train_val,,,
2248.0,512.0,1.281339444220066,0.0798958098515868,0.583611560240388,0.416388439759612,19,9,0.4736842105263157,3.93643792681396,0.5015810260549187,100.0,98.32503659099416,0.9994033201347496,0.1704375444653072,2045.3491677027691,2058.022372524041,True,True,True,True,True,True,sobol_train_val,,,
2249.0,512.0,1.341392352245748,0.2891345062293112,0.3946737650781869,0.605326234921813,15,8,0.5333333333333333,4.150290548522025,0.4330871295183897,100.0,105.80919926593076,0.6940852109720119,0.0027434454229653,2553.8898932554985,2565.5260884523577,True,True,True,True,True,True,sobol_train_val,,,
2250.0,512.0,1.84710393473506,0.0174635007977485,0.5520962286740541,0.4479037713259459,25,10,0.4,2.742966411821544,0.5885497556999326,100.0,113.01894656918518,0.997796886963082,0.2405112684625622,1253.1760028644428,1263.5067623617238,True,True,True,True,True,True,sobol_train_val,,,
2251.0,512.0,1.551728312857449,0.1787218283861875,0.4064045447856187,0.5935954552143812,18,6,0.3333333333333333,1.2128275933675468,0.4590760150924325,100.0,110.89733302054128,0.7469650571396427,0.005129191445877,1030.325204761679,1043.5389943581408,True,True,True,True,True,True,sobol_train_val,,,
2252.0,512.0,1.009775256738067,0.1135205511935055,0.6403898630291223,0.3596101369708777,21,13,0.6190476190476191,3.1022806897759434,0.5129394669085741,100.0,88.39551600716806,0.9999531391624988,0.2989675297261574,1681.458109189262,1689.5320823478687,True,True,True,True,True,True,sobol_train_val,,,
2253.0,512.0,1.139227733947337,0.18933180347085,0.5146724835038184,0.4853275164961815,23,16,0.6956521739130435,3.694263190962374,0.4773205887526274,100.0,96.12340939876144,0.9789284049766036,0.0063057769054312,2061.49043026034,2081.1481125579144,True,True,True,True,True,True,sobol_train_val,,,
2254.0,512.0,1.6722849179059267,0.1052340329624712,0.3322500973939895,0.6677499026060105,16,6,0.375,2.257941927853972,0.5452833103016019,100.0,116.33537035818534,0.7243484105035193,0.0052766145137436,1273.6112760192168,1286.538848402863,True,True,True,True,True,True,sobol_train_val,,,
2255.0,512.0,1.9765473557636144,0.2433479812927544,0.6780150175094604,0.3219849824905396,30,14,0.4666666666666667,1.6817262936383486,0.4025377729907632,100.0,112.01620120061772,0.9984582284973976,0.2024072540645611,1297.8022760964411,1308.8236091685972,True,True,True,True,True,True,sobol_train_val,,,
2256.0,512.0,1.4619398936629295,0.065573451295495,0.4690296337008476,0.5309703662991524,10,6,0.6,3.5486274040304124,0.5689013201743365,100.0,106.61290570053194,0.9533108428396296,0.1020454218743798,1633.7881168326471,1648.4631036977498,True,True,True,True,True,True,sobol_train_val,,,
2257.0,512.0,1.488111201673746,0.2303096149116754,0.573530964180827,0.4264690358191729,21,7,0.3333333333333333,2.413344114180654,0.5267835875973106,100.0,104.10967880183352,0.9912965184040796,0.1982559120841677,1333.801653472514,1345.4226632286252,True,True,True,True,True,True,sobol_train_val,,,
2258.0,512.0,1.9503543144091964,0.0713171389885246,0.37939137481153,0.6206086251884699,19,12,0.631578947368421,3.846448412910104,0.4947462595999241,100.0,120.77871858909134,0.7448497371769355,0.0061714567446914,2078.172769216682,2091.564547614304,True,True,True,True,True,True,sobol_train_val,,,
2259.0,512.0,1.6511187087744474,0.2000971497036516,0.6367270406335592,0.3632729593664408,27,14,0.5185185185185185,3.5976569660939277,0.5527817830443382,100.0,106.21408111653352,0.9999568261803506,0.3428630222519078,1684.2097667719238,1691.4312875895796,True,True,True,True,True,True,sobol_train_val,,,
2260.0,512.0,1.1604161085560918,0.0971349455416202,0.416024399921298,0.583975600078702,13,6,0.4615384615384615,1.7339838350191712,0.4191453767940402,100.0,99.83051233242644,0.7093582242527626,0.0095211713301603,1397.0283317997596,1408.5961426506528,True,True,True,True,True,True,sobol_train_val,,,
2261.0,512.0,1.0320708695799112,0.1730606202967465,0.342162924259901,0.657837075740099,12,5,0.4166666666666667,2.792002022266388,0.5835263093933463,100.0,98.1132086569096,0.8025922892932645,0.0135490859126183,1377.9358368064902,1392.50292890657,True,True,True,True,True,True,sobol_train_val,,,
2262.0,512.0,1.5294720763340592,0.1264948915690183,0.5113026268780231,0.4886973731219769,28,17,0.6071428571428571,4.202541943173856,0.4389888860285282,100.0,106.99911114792326,0.9110681474051212,0.0004346624729228,2445.581914303957,2463.341777751933,True,True,True,True,True,True,sobol_train_val,,,
2263.0,512.0,1.822000965476036,0.2971695855259895,0.4538448967039585,0.5461551032960414,16,11,0.6875,3.2576894162222745,0.5087344691157341,100.0,115.56677291400696,0.8899869014439403,0.0326783136470538,1740.6672790007317,1757.0076004112511,True,True,True,True,True,True,sobol_train_val,,,
2264.0,512.0,1.3664564667269588,0.006780616287142,0.6995474122464657,0.3004525877535343,24,9,0.375,1.3650063735432922,0.4625979674980044,100.0,97.47823992321209,0.9911863734751332,0.3607493093109594,1054.6638228234478,1061.0088367011106,True,True,True,True,True,True,sobol_train_val,,,
2265.0,512.0,1.260508943349123,0.2148873483762145,0.4853541277348995,0.5146458722651005,29,18,0.6206896551724138,1.977763604745269,0.594140500575304,100.0,100.63537995904125,0.9997782662482404,0.1339484484083335,1005.4883618253608,1019.6832419883948,True,True,True,True,True,True,sobol_train_val,,,
2266.0,512.0,1.8009952520951629,0.0925886350683867,0.6677749671041965,0.3322250328958035,11,4,0.3636363636363636,3.458752022590488,0.427691506408155,100.0,108.6731273606132,0.9830153172534584,0.245940591221376,2086.422161928347,2095.8570264362997,True,True,True,True,True,True,sobol_train_val,,,
2267.0,512.0,1.5973488669842482,0.2547677828930318,0.3221580512821674,0.6778419487178327,23,9,0.391304347826087,3.990300452895462,0.5200929565355181,100.0,114.91382324544622,0.6711966242396614,8.89670644744884e-05,2079.9307125734936,2091.5798931458994,True,True,True,True,True,True,sobol_train_val,,,
2268.0,512.0,1.0911470921710134,0.0389387967064976,0.5311419419944285,0.4688580580055714,17,9,0.5294117647058824,2.168066497240216,0.4521180287003517,100.0,94.11919709788862,0.960060728315448,0.0113838558381905,1467.315449069324,1485.789458060486,True,True,True,True,True,True,sobol_train_val,,,
2269.0,512.0,1.212671646848321,0.2630337218753993,0.6052048336714506,0.3947951663285494,18,10,0.5555555555555556,1.5346331725828348,0.5381786473095417,100.0,95.7411065006126,0.9919738892981252,0.2733118860751942,977.5423814796864,986.4162452196484,True,True,True,True,True,True,sobol_train_val,,,
2270.0,512.0,1.725816168822348,0.0283082423731684,0.4477838810533285,0.5522161189466714,22,11,0.5,2.9866118632256984,0.4842297485098242,100.0,113.63815979083051,0.8668225718468279,0.0014580825955416,1724.2735515697666,1741.3242930945623,True,True,True,True,True,True,sobol_train_val,,,
2271.0,512.0,1.9225279092788696,0.1667567873373627,0.5935228612273931,0.4064771387726069,14,5,0.3571428571428571,4.472096078563482,0.5633594019338488,100.0,113.35330846608224,0.9899513488541544,0.2862648002863461,1942.4753383356383,1951.2491356547532,True,True,True,True,True,True,sobol_train_val,,,
2272.0,512.0,1.3889843551442027,0.1383545494638383,0.3595390956848859,0.640460904315114,26,18,0.6923076923076923,2.627297536097467,0.407884569466114,100.0,108.29142507322808,0.6056737073626477,0.0022316671552634,1896.312907463671,1905.5032861395305,True,True,True,True,True,True,sobol_train_val,,,
2273.0,512.0,1.3948269709944725,0.2782974519766867,0.4060014817863702,0.5939985182136298,24,11,0.4583333333333333,2.2214396299794315,0.5549047583714127,100.0,106.88652651134156,0.9086400103685626,0.0028333006847605,1208.4135967016084,1226.8078720650524,True,True,True,True,True,True,sobol_train_val,,,
2274.0,512.0,1.9167147828266025,0.024790509045124,0.6470177609473466,0.3529822390526533,16,9,0.5625,4.040052320156247,0.4228796783834696,100.0,111.68222944186029,0.9990815303838896,0.1665323166811526,2360.541418711783,2373.104933349953,True,True,True,True,True,True,sobol_train_val,,,
2275.0,512.0,1.7471931744366884,0.1538224171847104,0.3927323330193757,0.6072676669806243,28,18,0.6428571428571429,3.4057777818292374,0.5308617856353521,100.0,115.9497264143626,0.8346047876493234,0.002224436145136,1741.6950071551842,1757.992175268026,True,True,True,True,True,True,sobol_train_val,,,
2276.0,512.0,1.1912649730220437,0.1442852024920284,0.5603113237768411,0.4396886762231589,12,5,0.4166666666666667,1.927612845506519,0.4973107846453786,100.0,96.3769506387685,0.965637808054492,0.1506013885583077,1237.0239142736295,1249.6332948743875,True,True,True,True,True,True,sobol_train_val,,,
2277.0,512.0,1.0696173664182425,0.2183409310877323,0.6845939978957176,0.3154060021042824,13,4,0.3076923076923077,2.574329399038106,0.5116413647308946,100.0,89.21229260471023,0.9843934372308818,0.3984373320763061,1469.6466978961253,1474.960687845136,True,True,True,True,True,True,sobol_train_val,,,
2278.0,512.0,1.6188469575718043,0.0774072230793535,0.4685778319835663,0.5314221680164337,27,17,0.6296296296296297,4.421939215622842,0.4671161893755197,100.0,110.49494705826557,0.8785807718368881,0.0008321220310707,2427.3257844241666,2444.5519627237877,True,True,True,True,True,True,sobol_train_val,,,
2279.0,512.0,1.7950609736144545,0.2489194658584892,0.5229365080595016,0.4770634919404983,19,10,0.5263157894736842,3.0399914930574594,0.586820587143302,100.0,112.79193533226726,0.9981706070286218,0.1883242940910807,1360.690905470052,1372.937281593709,True,True,True,True,True,True,sobol_train_val,,,
2280.0,512.0,1.2664745589718225,0.0518089983612298,0.3303573921322822,0.6696426078677178,21,9,0.4285714285714285,1.5843785427510737,0.4407694907858968,100.0,105.87619590221834,0.5902128524554593,0.0006636147780057,1285.0165663726516,1294.1565398956122,True,True,True,True,True,True,sobol_train_val,,,
2281.0,512.0,1.3567970171570778,0.1858989215455949,0.5413601830601692,0.4586398169398308,26,15,0.5769230769230769,1.783729309681803,0.52221898175776,100.0,101.63463971700077,0.9987714613439082,0.1228675826577624,1102.302000438683,1117.1188107140738,True,True,True,True,True,True,sobol_train_val,,,
2282.0,512.0,1.8316915137693288,0.1206970715895295,0.3120626538991928,0.6879373461008071,14,7,0.5,3.651036491431296,0.4558553839102388,100.0,120.65171853757408,0.5704233337821683,0.0036633688229623,2205.698830389528,2214.304229671659,True,True,True,True,True,True,sobol_train_val,,,
2283.0,512.0,1.504095109179616,0.2819559870287776,0.6546293318271637,0.3453706681728363,22,8,0.3636363636363636,3.79629145776853,0.598215645737946,100.0,102.21080515546733,0.9987280514099623,0.4235196236113739,1587.7504122212376,1592.8412439669714,True,True,True,True,True,True,sobol_train_val,,,
2284.0,512.0,1.0574159631505609,0.0102844099514186,0.4987690910696983,0.5012309089303018,18,13,0.7222222222222222,2.3603760693222284,0.4302529808133841,100.0,93.97563308062496,0.8557462743229196,0.026045867943051,1653.4945511658348,1668.1520291819766,True,True,True,True,True,True,sobol_train_val,,,
2285.0,512.0,1.1858842577785254,0.2361714603379368,0.3742972079664468,0.6257027920335532,17,10,0.5882352941176471,1.3148559032008051,0.5662632439285517,100.0,101.98092548334262,0.7880330200673389,0.0573910389387049,871.8606006143503,884.1042466468318,True,True,True,True,True,True,sobol_train_val,,,
2287.0,512.0,1.9601660035550597,0.1965108948759734,0.4359546978026628,0.5640453021973372,11,5,0.4545454545454545,4.252293509244919,0.5414759756997227,100.0,119.06209358248122,0.909654033457081,0.0348332443211455,1987.2854684186464,2004.2209213287213,True,True,True,True,True,True,sobol_train_val,,,
2288.0,512.0,1.4783287635073066,0.1124125516042113,0.6168150637298822,0.3831849362701178,29,16,0.5517241379310345,2.845375456195325,0.4860134061425924,100.0,102.62242174759048,0.9999725800776044,0.2116002073118439,1629.6535529141197,1640.829729168519,True,True,True,True,True,True,sobol_train_val,,,
2289.0,512.0,1.440531405620277,0.2022937690839171,0.3154326073825359,0.684567392617464,20,8,0.4,3.155661106389016,0.4159216998144984,100.0,111.20250729039464,0.539958256331159,0.0001317553629084,2154.2030640605303,2161.963585106432,True,True,True,True,True,True,sobol_train_val,,,
2290.0,512.0,1.997926354408264,0.0993309932760894,0.5314472623169422,0.4685527376830578,21,14,0.6666666666666666,1.2625721767544746,0.5620582401752472,100.0,116.7614846641361,0.9240426459363668,0.2255476924025221,814.3553843712967,823.7330651568411,True,True,True,True,True,True,sobol_train_val,,,
2291.0,512.0,1.6664699697867036,0.228111560549587,0.4772366024553776,0.5227633975446224,14,8,0.5714285714285714,2.689999061543494,0.4919151566922665,100.0,111.3353361601528,0.9105154352243444,0.0297187668928322,1562.986647079614,1579.9038423793825,True,True,True,True,True,True,sobol_train_val,,,
2292.0,512.0,1.1450723502784967,0.0691185118630528,0.6698141656816006,0.3301858343183994,27,12,0.4444444444444444,4.100132898800075,0.5364525353536009,100.0,91.96521739199004,0.999958429473152,0.3845369982613129,1976.9016484244105,1982.822922941458,True,True,True,True,True,True,sobol_train_val,,,
2293.0,512.0,1.0157429249957204,0.2949735383503138,0.5938771110028028,0.4061228889971972,28,12,0.4285714285714285,3.495653950050473,0.4724629936739802,100.0,89.85567042099268,0.999930992303044,0.1405003815885664,1995.2583506771823,2008.7574210098808,True,True,True,True,True,True,sobol_train_val,,,
2294.0,512.0,1.54579227976501,0.004583996348083,0.3528623785823583,0.6471376214176416,12,6,0.5,1.6315747476182878,0.5060994386672973,100.0,112.57061926981883,0.6833395400363085,0.0303514379632352,1129.213333560433,1139.89427421649,True,True,True,True,True,True,sobol_train_val,,,
2295.0,512.0,1.8686040854081511,0.1752592468634247,0.6071951147168875,0.3928048852831125,25,16,0.64,2.311315847374499,0.4476786457002163,100.0,111.8336569657098,0.9998248047273794,0.1227887605207786,1486.464794442706,1501.0919728375786,True,True,True,True,True,True,sobol_train_val,,,
2296.0,512.0,1.319860864430666,0.1286929464899003,0.4396176170557737,0.5603823829442263,15,5,0.3333333333333333,3.744014271441847,0.5797159289941192,100.0,103.7483833875969,0.9789183145235646,0.0486281186371133,1662.0475695961616,1679.9259967268424,True,True,True,True,True,True,sobol_train_val,,,
2297.0,512.0,1.3066830215975642,0.2616509053856134,0.6254837464541196,0.3745162535458803,10,7,0.7,4.368050504475832,0.4612022310495376,100.0,97.8577930487068,0.9913590867654488,0.1980401855940193,2405.964797792711,2417.179860146912,True,True,True,True,True,True,sobol_train_val,,,
2298.0,512.0,1.754828914999962,0.0458224919624626,0.4211878415197134,0.5788121584802866,30,11,0.3666666666666666,2.5236580456607043,0.5166770128533245,100.0,115.16440245615236,0.8713584214746715,8.044910473005118e-05,1425.5059562907816,1442.975695423841,True,True,True,True,True,True,sobol_train_val,,,
2299.0,512.0,1.5814463729038837,0.2080010832287371,0.563679751381278,0.436320248618722,17,8,0.4705882352941176,1.4306128492578862,0.4371620839461684,100.0,106.6865624263736,0.9537300669232558,0.0614906534858897,1134.4586932602947,1150.371839953683,True,True,True,True,True,True,sobol_train_val,,,
2300.0,512.0,1.1070420686155558,0.0857029415667057,0.382820938155055,0.617179061844945,23,13,0.5652173913043478,2.882997426856309,0.5911110393702983,100.0,99.23153594103462,0.9301205968109484,0.0042472833981883,1349.2626064754952,1367.9750363787246,True,True,True,True,True,True,sobol_train_val,,,
2301.0,512.0,1.22759769577533,0.1598730926401913,0.4589594088494777,0.5410405911505223,22,12,0.5454545454545454,3.886280184891075,0.4054418057203293,100.0,100.49438012088626,0.771650766444355,0.0004164658120702,2524.596844155424,2537.973898499151,True,True,True,True,True,True,sobol_train_val,,,
2302.0,512.0,1.7108978759497404,0.1314714264124631,0.6882553912699222,0.3117446087300778,19,8,0.4210526315789473,2.064452103897929,0.5734166828915477,100.0,106.13892950442325,0.994769731466162,0.4602295520786071,1069.621932762137,1074.0288802096406,True,True,True,True,True,True,sobol_train_val,,,
2303.0,512.0,1.8753773933276532,0.2699194148182869,0.3456414051353931,0.6543585948646069,26,9,0.3461538461538461,1.873717987630516,0.4806177264079451,100.0,120.38835379297656,0.6653164950967498,0.0001835923829089,1284.1465516865298,1295.503218883058,True,True,True,True,True,True,sobol_train_val,,,
2304.0,512.0,1.4361273683607578,0.0351945080794394,0.5015001527965068,0.4984998472034931,15,9,0.6,3.355112476833164,0.5470667771995068,100.0,104.93713870200884,0.9965164146849462,0.0916470815611742,1630.3878198766874,1646.705944125284,True,True,True,True,True,True,sobol_train_val,,,
2305.0,512.0,1.4354413384571671,0.2702796919271349,0.6484221678227186,0.3515778321772814,21,11,0.5238095238095238,2.518450847268104,0.4645332258194685,100.0,100.65338221872672,0.9994258929998154,0.2438218175756707,1556.2503264243696,1566.149743907557,True,True,True,True,True,True,sobol_train_val,,,
2306.0,512.0,1.8780463878065348,0.0363278324715793,0.4050618972629308,0.5949381027370692,19,8,0.4210526315789473,4.360379617195576,0.5074835913255811,100.0,118.38689364116544,0.8216943162153263,0.0007188055158113,2219.1958393316268,2235.134669429962,True,True,True,True,True,True,sobol_train_val,,,
2308.0,512.0,1.2289548963308334,0.1321651557460427,0.3932822417467832,0.6067177582532168,13,8,0.6153846153846154,1.4197192442603408,0.5815056312829257,100.0,102.64330435811485,0.806071138692536,0.0962090768068516,875.1039917584619,886.1522790649418,True,True,True,True,True,True,sobol_train_val,,,
2309.0,512.0,1.1082767015323045,0.2080499324016273,0.4672475330531597,0.5327524669468403,12,8,0.6666666666666666,2.075346108432859,0.4204946022480726,100.0,96.58135685106282,0.7740326999944287,0.0444515415087944,1556.4724684172431,1568.1927877629887,True,True,True,True,True,True,sobol_train_val,,,
2310.0,512.0,1.5782273449003696,0.0865248402580618,0.6856078691780567,0.3143921308219433,28,11,0.3928571428571428,3.888264167681336,0.5509450631216168,100.0,103.1605585934318,0.9998424684400766,0.429487002600276,1802.990727337482,1808.0860837384785,True,True,True,True,True,True,sobol_train_val,,,
2311.0,512.0,1.7573762955144048,0.2621393518522382,0.3305167771875858,0.6694832228124141,16,8,0.5,3.362783763650804,0.4968637594953179,100.0,118.3446259932552,0.6536403721247553,0.0033145060455292,1899.4096736071735,1910.383877723495,True,True,True,True,True,True,sobol_train_val,,,
2312.0,512.0,1.3061195146292448,0.0467910169623792,0.5223142109811305,0.4776857890188695,24,14,0.5833333333333334,1.8789247864857317,0.5257395673543215,100.0,100.80877583067638,0.9984689559427004,0.0927918695823214,1134.066113824286,1150.250261204391,True,True,True,True,True,True,sobol_train_val,,,
2313.0,512.0,1.317344226874411,0.1751690503209829,0.3114396892488003,0.6885603107511997,29,12,0.4137931034482758,1.254082594346255,0.4067801581695676,100.0,107.99592854002871,0.5249649422780278,4.972887800912292e-05,1194.7189546905313,1202.0746581938065,True,True,True,True,True,True,sobol_train_val,,,
2314.0,512.0,1.8691983316093683,0.1279121001251041,0.541518709808588,0.458481290191412,11,6,0.5454545454545454,3.151247524470091,0.5653434585779905,100.0,113.80837252050829,0.980417378376548,0.2040765384980157,1472.5899702700683,1483.9288710861642,True,True,True,True,True,True,sobol_train_val,,,
2315.0,512.0,1.5445263711735606,0.2944440328516066,0.4997821040451526,0.5002178959548473,23,14,0.6086956521739131,4.088420697022229,0.4823555249720812,100.0,107.72422489758054,0.9634081801549004,0.0022338134506666,2183.023151198875,2202.78336066333,True,True,True,True,True,True,sobol_train_val,,,
2316.0,512.0,1.0189306735992432,0.0036568075418472,0.6532983653247356,0.3467016346752644,17,6,0.3529411764705882,2.688808000646532,0.5393684903159738,100.0,88.36265972341948,0.9947005028835154,0.3617342265889728,1430.9262241404676,1437.240855959893,True,True,True,True,True,True,sobol_train_val,,,
2317.0,512.0,1.148382685147226,0.227710233349353,0.5791438650339842,0.4208561349660158,18,6,0.3333333333333333,1.632766195759177,0.4500371502712369,100.0,94.5401384641832,0.9751246962012944,0.0952455468218048,1216.99858554529,1231.7733345971178,True,True,True,True,True,True,sobol_train_val,,,
2318.0,512.0,1.6650825031101704,0.0680265326052904,0.3740647789090872,0.6259352210909128,22,15,0.6818181818181818,3.5073657645843923,0.5211003553122282,100.0,114.70725243214132,0.7731887915228631,0.0072766356924732,1842.7252774060275,1856.9389893194352,True,True,True,True,True,True,sobol_train_val,,,
2319.0,512.0,1.9986422332003717,0.2020387820899486,0.615874620899558,0.384125379100442,14,8,0.5714285714285714,3.7484282406046985,0.4264033157378435,100.0,114.23308364262572,0.9957556580507412,0.1048428577650035,2205.8219537752534,2220.921460576405,True,True,True,True,True,True,sobol_train_val,,,
2320.0,512.0,1.4378922563046217,0.0986783252097666,0.4373584371060133,0.5626415628939867,26,13,0.5,2.319805042538792,0.5959161857143045,100.0,107.00076751436536,0.9979824424255944,0.0572014602869566,1108.339822592121,1126.287881732611,True,True,True,True,True,True,sobol_train_val,,,
2321.0,512.0,1.4792002756148577,0.1960316048003733,0.5324847921729088,0.4675152078270912,15,9,0.6,3.659525588247925,0.5005743898451328,100.0,105.1000933599252,0.9969531698729056,0.0690614531674781,1919.9360430743288,1937.242198840585,True,True,True,True,True,True,sobol_train_val,,,
2322.0,512.0,1.9573124656453729,0.1114531807601451,0.3141259491443633,0.6858740508556367,25,8,0.32,1.7881433771923183,0.4716375490650534,100.0,123.24068705532284,0.5943868629412821,0.0001578285185506,1274.8111562897882,1284.2290441729183,True,True,True,True,True,True,sobol_train_val,,,
2323.0,512.0,1.6287795677781105,0.236131765320897,0.6691666930913924,0.3308333069086075,12,5,0.4166666666666667,2.3720879822038112,0.5761590672656893,100.0,104.7951510618954,0.983736210690742,0.4377594885346715,1175.7504596878534,1180.4188060473773,True,True,True,True,True,True,sobol_train_val,,,
2324.0,512.0,1.1847077710554004,0.0575836163945496,0.4773708060383796,0.5226291939616203,28,14,0.5,3.797482807561755,0.4456719860434532,100.0,98.64402065416328,0.8611196533410697,4.89153526591757e-05,2281.1707546148723,2297.507183525762,True,True,True,True,True,True,sobol_train_val,,,
2325.0,512.0,1.0563630126416683,0.2817514926195144,0.3519464466720819,0.6480535533279181,27,16,0.5925925925925926,3.203523924015462,0.556340453773737,100.0,98.6013570512061,0.7923163496770077,0.0007774265823555,1627.996056702783,1642.99053052904,True,True,True,True,True,True,sobol_train_val,,,
2326.0,512.0,1.5071334233507514,0.0095998370088636,0.5953051645308733,0.4046948354691266,14,6,0.4285714285714285,1.3031436030752956,0.4149037083610892,100.0,103.95398971182658,0.9450316283213284,0.1021186439344653,1122.638749600262,1136.1844404840754,True,True,True,True,True,True,sobol_train_val,,,
2327.0,512.0,1.8289586510509253,0.1855478008277714,0.4401423562318086,0.5598576437681914,21,8,0.3809523809523809,2.840961775928736,0.5326975954696536,100.0,116.16551617890792,0.939652045443373,0.0019679881469938,1479.2052458833116,1498.7305047927546,True,True,True,True,True,True,sobol_train_val,,,
2328.0,512.0,1.3575450675562024,0.11957290135324,0.6069383565336466,0.3930616434663534,20,13,0.65,4.243804025184363,0.4897106096148491,100.0,99.762218765927,0.9999618630109453,0.1973977110473845,2217.083482875075,2228.7223001493526,True,True,True,True,True,True,sobol_train_val,,,
2329.0,512.0,1.2691757250577211,0.2491652964614331,0.420931750908494,0.579068249091506,15,5,0.3333333333333333,4.0452590206637975,0.5707388034090399,100.0,102.91374609993204,0.967145286335632,0.0100973447793153,1813.6739439294292,1833.3237116194948,True,True,True,True,True,True,sobol_train_val,,,
2330.0,512.0,1.7942812303081157,0.0524525122717022,0.6260093439370393,0.3739906560629606,26,16,0.6153846153846154,2.229111015144736,0.4011893101036549,100.0,109.70881153262953,0.9998317136420822,0.0680318225685823,1575.681546610724,1591.9875631450234,True,True,True,True,True,True,sobol_train_val,,,
2331.0,512.0,1.6199321374297142,0.2187331041321158,0.3842498499900102,0.6157501500099898,19,10,0.5263157894736842,1.9295969266444444,0.5463265672326088,100.0,113.29422697974196,0.8266980315783861,0.0168400549444664,1126.7188980525625,1142.0364048011822,True,True,True,True,True,True,sobol_train_val,,,
2332.0,512.0,1.0666112853214145,0.0784900459460914,0.5627644870430231,0.4372355129569769,22,9,0.4090909090909091,3.416671688016504,0.4752023262903094,100.0,92.41507565683833,0.9993157787831716,0.0806508986523933,1945.526904345766,1961.7794083426477,True,True,True,True,True,True,sobol_train_val,,,
2333.0,512.0,1.1881353668868542,0.1543427685275673,0.6883902624249458,0.3116097375750541,23,11,0.4782608695652174,4.411045708972961,0.5141911080107093,100.0,92.77398091739173,0.9999348231945536,0.3940423357507217,2193.903562107219,2199.616585224896,True,True,True,True,True,True,sobol_train_val,,,
2334.0,512.0,1.7483989736065269,0.1452032349072396,0.4583127945661545,0.5416872054338455,17,9,0.5294117647058824,2.572344918362796,0.4571415193378925,100.0,113.80396283819766,0.8377015257567296,0.0077878353741923,1633.2035542958752,1648.842460597777,True,True,True,True,True,True,sobol_train_val,,,
2335.0,512.0,1.9158143755048516,0.2783784921281039,0.5001943528652191,0.4998056471347809,30,20,0.6666666666666666,1.5767075571231544,0.5905696704983712,100.0,116.06731520080253,0.962759837033609,0.1795043892427446,862.7760510802568,874.5600510914918,True,True,True,True,True,True,sobol_train_val,,,
2336.0,512.0,1.3976516174152491,0.0255622012540698,0.3466796025633811,0.6533203974366188,10,4,0.4,3.034784393012524,0.4319453341886401,100.0,108.96725425981548,0.6040187567403241,0.0082510875892169,2023.302037540407,2032.434095846537,True,True,True,True,True,True,sobol_train_val,,,
2337.0,512.0,1.3878691773861649,0.1672629710286855,0.4876119308173656,0.5123880691826344,20,12,0.6,3.466426499560475,0.5786726657301188,100.0,104.09471315142252,0.9997038776254682,0.1147621566341802,1557.3392720624563,1572.558151719,True,True,True,True,True,True,sobol_train_val,,,
2338.0,512.0,1.9256260665133595,0.1393419583328068,0.6590972192585468,0.3409027807414532,20,9,0.45,1.982967115100473,0.4497969144955278,100.0,111.52168208421506,0.9949020450247664,0.2483332326367645,1332.727535689153,1342.5547816828548,True,True,True,True,True,True,sobol_train_val,,,
2339.0,512.0,1.722900915890932,0.2631003105081618,0.3009543694555759,0.6990456305444241,13,5,0.3846153846153846,2.1789635935798284,0.5042619617655874,100.0,118.63043698795684,0.6001127541375648,0.0068533737996331,1374.325017334647,1383.7531176265716,True,True,True,True,True,True,sobol_train_val,,,
2340.0,512.0,1.2136035179719329,0.0291490226984024,0.5458768509328364,0.4541231490671635,26,17,0.6538461538461539,3.992281442228705,0.473811450228095,100.0,97.45852079713684,0.9999965143766404,0.0415314893374694,2188.755246395794,2207.9202769785525,True,True,True,True,True,True,sobol_train_val,,,
2341.0,512.0,1.091956377029419,0.2549625498242676,0.6217224042862654,0.3782775957137346,28,18,0.6428571428571429,2.9846304866485296,0.5344326142221689,100.0,91.5948714379594,0.9999969528519668,0.2921907673625658,1554.1330009738604,1563.3176282348202,True,True,True,True,True,True,sobol_train_val,,,
2342.0,512.0,1.594555172137916,0.0396147865802049,0.4252369906753301,0.5747630093246698,11,3,0.2727272727272727,1.5237364634871482,0.4930569583550095,100.0,111.31665011749152,0.7949304764343372,0.0451305856823237,1091.3217684867684,1104.297507955178,True,True,True,True,True,True,sobol_train_val,,,
2343.0,512.0,1.8039717767387629,0.2152287416160106,0.5834530886262654,0.4165469113737345,25,11,0.44,2.622093638498336,0.5608066054061055,100.0,111.15682971286282,0.9988073677975156,0.2581725932764323,1296.1599824180507,1305.974175810036,True,True,True,True,True,True,sobol_train_val,,,
2344.0,512.0,1.259516277350485,0.0937042222358286,0.3635307203978299,0.63646927960217,15,8,0.5333333333333333,4.464421988837421,0.4178561892360449,100.0,104.53410576940098,0.6231287680044645,0.0018673056004296,2818.144456869162,2827.866889066144,True,True,True,True,True,True,sobol_train_val,,,
2345.0,512.0,1.3635106813162563,0.296933482401073,0.5527186643332243,0.4472813356667757,10,5,0.5,3.850859388615936,0.5488432193174958,100.0,101.48114787259084,0.9830446543138752,0.1989829970645842,1819.428577055036,1830.7708871966229,True,True,True,True,True,True,sobol_train_val,,,
2346.0,512.0,1.8230243744328616,0.0061456854455173,0.3945146258920431,0.6054853741079569,30,17,0.5666666666666667,2.4218364011496307,0.4793303046375513,100.0,117.5639335635135,0.7570874949446418,0.0006856396261157,1516.007625638798,1529.8984673162886,True,True,True,True,True,True,sobol_train_val,,,
2347.0,512.0,1.5286315120756626,0.1726781747303903,0.639376225695014,0.360623774304986,16,11,0.6875,1.7351719946600497,0.574423324689269,100.0,103.236104542381,0.9960069315884668,0.3751573145633972,958.7120899093338,964.9418381905534,True,True,True,True,True,True,sobol_train_val,,,
2348.0,512.0,1.0348332887515426,0.1254206517711281,0.4077349942177534,0.5922650057822466,23,8,0.3478260869565217,3.6093719707801935,0.4033601583912969,100.0,96.039649142133,0.6833790325959817,1.0277738139071448e-05,2442.4110904387903,2453.515346895564,True,True,True,True,True,True,sobol_train_val,,,
2349.0,512.0,1.163301095366478,0.1995499047450721,0.3317002318799495,0.6682997681200504,21,7,0.3333333333333333,4.190826538950205,0.592301639355719,100.0,102.73534390290172,0.8133998148510978,0.0001350024504588,1831.9823003576423,1847.5159780323056,True,True,True,True,True,True,sobol_train_val,,,
2350.0,512.0,1.650156575255096,0.0961888751015067,0.5149043954908847,0.4850956045091152,18,11,0.6111111111111112,2.790814262162894,0.4352886293083429,100.0,109.77980347291106,0.9029264416236092,0.0115105714647238,1788.2895718249038,1805.2569361145213,True,True,True,True,True,True,sobol_train_val,,,
2351.0,512.0,1.9514993373304603,0.2302016811445355,0.4699695475399493,0.5300304524600506,25,13,0.52,1.3565136870369314,0.5186603125184774,100.0,117.76943395947086,0.8978119631873275,0.0729101804895384,938.3529059700752,953.0769205714852,True,True,True,True,True,True,sobol_train_val,,,
2352.0,512.0,1.4850428933277726,0.0705174087546765,0.6766106657683849,0.3233893342316151,14,6,0.4285714285714285,3.2532788400538264,0.4600970508530736,100.0,101.13845656687982,0.9954659417791052,0.3024485700937515,1894.7573592010688,1902.775544948568,True,True,True,True,True,True,sobol_train_val,,,
2353.0,512.0,1.4633588241413236,0.2430157422088086,0.3783532295376062,0.6216467704623938,24,16,0.6666666666666666,2.73855593400076,0.4426437079906464,100.0,109.61168005554408,0.6763468739853349,0.0031358367807256,1817.9184961405024,1829.175408969185,True,True,True,True,True,True,sobol_train_val,,,
2354.0,512.0,1.9731464143842457,0.0644670205190777,0.574837090447545,0.4251629095524549,16,6,0.375,4.141797763668,0.5856307504698635,100.0,114.93916954778292,0.992935688396023,0.2790069289841584,1728.039101676487,1737.0583864129303,True,True,True,True,True,True,sobol_train_val,,,
2355.0,512.0,1.6748926183208823,0.1891461929306387,0.4166713524609804,0.5833286475390196,28,13,0.4642857142857143,3.101092831324786,0.4682206070050597,100.0,113.49629494915962,0.7834653211028075,9.607283605445915e-05,1858.0950254698444,1872.6572158112876,True,True,True,True,True,True,sobol_train_val,,,
2356.0,512.0,1.13860247656703,0.1045671972446143,0.6365922097116709,0.3634077902883291,12,7,0.5833333333333334,1.2011122874915598,0.5096573017537593,100.0,92.65300025076698,0.9669403311323922,0.3187637401194959,909.1147158993164,916.1330889234792,True,True,True,True,True,True,sobol_train_val,,,
2357.0,512.0,1.0092735243961215,0.1786643961444497,0.5122180387377738,0.4877819612622261,13,7,0.5384615384615384,2.269656834192574,0.4985989689826965,100.0,91.95909157711492,0.9697624455005504,0.052117115266046,1388.5465340347482,1405.607534173424,True,True,True,True,True,True,sobol_train_val,,,
2358.0,512.0,1.554215393960476,0.1126889250241219,0.3407342433929443,0.6592657566070557,27,12,0.4444444444444444,3.6954514489509167,0.5290861068293452,100.0,113.2022094550086,0.7234753899628469,7.54299257294387e-05,1909.6999244029687,1922.828878338785,True,True,True,True,True,True,sobol_train_val,,,
2359.0,512.0,1.843823657371104,0.2886374766938388,0.6990220576524734,0.3009779423475266,19,6,0.3157894736842105,3.5571197893470528,0.4249605631455779,100.0,108.71982257470928,0.996011820559531,0.2971473003726705,2133.459705677822,2141.6000611146897,True,True,True,True,True,True,sobol_train_val,,,
2360.0,512.0,1.342687802389264,0.0164852483198046,0.4541011229157448,0.5458988770842552,21,13,0.6190476190476191,1.686137170996517,0.5538973532617092,100.0,103.91936669777334,0.9405241083937028,0.0623400548310472,1005.8090468605428,1021.9904444810454,True,True,True,True,True,True,sobol_train_val,,,
2361.0,512.0,1.284588028676808,0.2209288702346384,0.6680320516228675,0.3319679483771325,26,10,0.3846153846153846,1.4730901150032878,0.4848723677918315,100.0,96.08649274897608,0.9942559800606704,0.3214519551739798,1060.0769676097138,1067.5266177860867,True,True,True,True,True,True,sobol_train_val,,,
2362.0,512.0,1.778876444324851,0.0806863836944103,0.4848294407129287,0.5151705592870712,14,9,0.6428571428571429,2.930767173785716,0.5434966593980789,100.0,113.63042820569132,0.9743681669427768,0.0736560160492673,1470.996363624963,1487.7797085155175,True,True,True,True,True,True,sobol_train_val,,,
2363.0,512.0,1.5722913136705756,0.2469663877040147,0.5297139286994934,0.4702860713005066,22,12,0.5454545454545454,4.307402917742729,0.4104644887149334,100.0,107.48309522792728,0.8980589556244463,0.0006867508978414,2623.8516817763525,2640.763630453226,True,True,True,True,True,True,sobol_train_val,,,
2364.0,512.0,1.1142443679273129,0.0502541762776672,0.3230743214488029,0.676925678551197,18,9,0.5,2.468302546720952,0.5675141161307693,100.0,101.48648745885572,0.7412031043948603,0.0044315625417247,1316.244455819317,1329.6049412478867,True,True,True,True,True,True,sobol_train_val,,,
2365.0,512.0,1.2347995145246389,0.2761821538209915,0.4476499084383249,0.552350091561675,17,7,0.4117647058823529,1.8259541907347736,0.4281354753300548,100.0,101.0613165961518,0.7809396264789145,0.0024729321079804,1401.8724449972017,1415.7208635255613,True,True,True,True,True,True,sobol_train_val,,,
2366.0,512.0,1.7017423287034037,0.0233664357103407,0.6058524537831544,0.3941475462168455,23,12,0.5217391304347826,3.312629359401762,0.5992596715688705,100.0,108.24799194332265,0.999749553359174,0.3424435323044992,1413.0443531514677,1420.1797675376642,True,True,True,True,True,True,sobol_train_val,,,
2367.0,512.0,1.89942538831383,0.1565411050803959,0.3608458895236253,0.6391541104763747,11,7,0.6363636363636364,3.941641535516828,0.4545061640441418,100.0,120.3624664600095,0.6424701855407782,0.0228434315172984,2324.0367196489688,2333.745672650975,True,True,True,True,True,True,sobol_train_val,,,
2368.0,512.0,1.4140328485518694,0.1474021431058645,0.5924855742603541,0.4075144257396459,29,10,0.3448275862068966,2.125093740597367,0.524055696092546,100.0,101.66779987344614,0.9974051088437343,0.2247273160515408,1230.2076706022167,1240.9389765957046,True,True,True,True,True,True,sobol_train_val,,,
2369.0,512.0,1.4173572612926364,0.2119469233788549,0.369802339375019,0.630197660624981,14,7,0.5,1.6612395778298377,0.534035836532712,100.0,108.69893064477344,0.7603157308974807,0.0290673775544247,1070.9094645085625,1083.7392828792422,True,True,True,True,True,True,sobol_train_val,,,
2370.0,512.0,1.896138928830624,0.0896487817168235,0.5772232502698897,0.4227767497301102,26,15,0.5769230769230769,3.477381688635796,0.4879847833886742,100.0,113.29283118245866,0.9999533592401356,0.1336651390884745,1861.4126718488649,1875.948520627477,True,True,True,True,True,True,sobol_train_val,,,
2371.0,512.0,1.6896439054980874,0.2565148752182722,0.4314598500728607,0.5685401499271393,18,12,0.6666666666666666,3.776901696436106,0.5580784576013684,100.0,113.34792665622297,0.9510055104006548,0.0200504819390784,1744.4862588647884,1763.325541018262,True,True,True,True,True,True,sobol_train_val,,,
2372.0,512.0,1.2468595672398806,0.0406864617951214,0.6154436692595482,0.3845563307404518,22,9,0.4090909090909091,2.289821040350944,0.4135532420128584,100.0,96.44977021658366,0.9979071753590506,0.0730758009799368,1606.7342407315173,1622.6081662243073,True,True,True,True,True,True,sobol_train_val,,,
2373.0,512.0,1.1175382183864713,0.2671454317867756,0.5396042648702859,0.4603957351297141,23,7,0.3043478260869565,1.282556394394487,0.5774941492825747,100.0,94.71255044094148,0.9507604471438372,0.2387941728158719,815.8028505598004,824.8601527750818,True,True,True,True,True,True,sobol_train_val,,,
2374.0,512.0,1.5689742919057608,0.032420525047928,0.3071832884103059,0.692816711589694,17,11,0.6470588235294118,3.121263079717755,0.4439431915059685,100.0,114.75910569892363,0.5475262374425461,0.0061443689344523,2021.89265885768,2029.797855705308,True,True,True,True,True,True,sobol_train_val,,,
2375.0,512.0,1.7668085237964988,0.166181015688926,0.6528734404593706,0.3471265595406294,29,15,0.5172413793103449,4.116894521657377,0.5023153619840741,100.0,108.3506417953372,0.9999853570262486,0.308962179072372,2077.1485509305976,2085.353635610777,True,True,True,True,True,True,sobol_train_val,,,
2376.0,512.0,1.2966785840690136,0.1377793494611978,0.4938896987587213,0.5061103012412786,11,5,0.4545454545454545,2.658823580481112,0.4702902417629957,100.0,101.4033997627862,0.903441643311084,0.0326020705694837,1641.6729648470655,1657.8855165603975,True,True,True,True,True,True,sobol_train_val,,,
2377.0,512.0,1.3303757412359118,0.2332294411025941,0.6828327629715204,0.3171672370284796,16,9,0.5625,2.0468723083846267,0.5887919822707772,100.0,96.95233347709755,0.9974043172605972,0.4631384693260972,1039.837039372658,1044.0677744825423,True,True,True,True,True,True,sobol_train_val,,,
2378.0,512.0,1.8561583533883093,0.0742363924160599,0.4636931020766496,0.5363068979233503,24,11,0.4583333333333333,3.918248612433672,0.4333293575793505,100.0,115.9806266316345,0.818148640606712,0.0001678940200199,2345.895811279116,2361.086029031091,True,True,True,True,True,True,sobol_train_val,,,
2379.0,512.0,1.5577533850446343,0.1983294574543833,0.5211752522736788,0.4788247477263212,12,4,0.3333333333333333,3.3343099390156565,0.5127948950976133,100.0,107.39041378733477,0.9656904175118962,0.0988373677135334,1748.441487670011,1763.6006477450887,True,True,True,True,True,True,sobol_train_val,,,
2380.0,512.0,1.0057123620063066,0.0953666816465556,0.3254726830869913,0.6745273169130087,28,19,0.6785714285714286,1.908909206651151,0.4589314447715878,100.0,97.77671924042043,0.599915931861826,0.0019114680107136,1414.8025095148507,1424.2569075867284,True,True,True,True,True,True,sobol_train_val,,,
2381.0,512.0,1.126259912736714,0.168969509191811,0.4015135034918785,0.5984864965081216,27,16,0.5925925925925926,2.489977465197444,0.544552038051188,100.0,99.23211711851178,0.8789368036259859,0.0022016141110261,1362.6874883210494,1380.1289047534588,True,True,True,True,True,True,sobol_train_val,,,
2382.0,512.0,1.6871968116611242,0.1224032088182866,0.6456532299518585,0.3543467700481415,13,4,0.3076923076923077,4.390363693144172,0.4765893179923296,100.0,106.7860098398458,0.9875348700226008,0.2701842379699997,2314.110621937876,2323.1268367875277,True,True,True,True,True,True,sobol_train_val,,,
2383.0,512.0,1.9767149677500129,0.2977659570984542,0.3882443279027938,0.6117556720972062,21,9,0.4285714285714285,2.8525395886972547,0.5693396221846342,100.0,121.01390950988775,0.8966054629596542,0.0037138515483097,1371.6799449964285,1389.8044590519717,True,True,True,True,True,True,sobol_train_val,,,
2384.0,512.0,1.4598282240331173,0.0073764150962233,0.5589468196034431,0.4410531803965569,19,10,0.5263157894736842,1.449703246448189,0.4029760764911771,100.0,103.8213060586641,0.9244384155423664,0.0174655122969334,1225.6528129154842,1242.2471013305135,True,True,True,True,True,True,sobol_train_val,,,
2385.0,512.0,1.4961265921592712,0.2873668139800429,0.4603231500834226,0.5396768499165774,29,11,0.3793103448275862,4.439418383035808,0.4950892075896263,100.0,107.7581883123898,0.9116910062927672,8.290499492457041e-06,2303.9533053590367,2320.4889355498367,True,True,True,True,True,True,sobol_train_val,,,
2386.0,512.0,1.9403776852414008,0.0156952369026839,0.6927456852048635,0.3072543147951365,10,7,0.7,2.542260134406388,0.5271265340968967,100.0,110.8808198359211,0.9897571845588784,0.4263034520315619,1360.9930315594324,1366.1343501383196,True,True,True,True,True,True,sobol_train_val,,,
2387.0,512.0,1.6458937618881464,0.1816416545771062,0.3470051731914281,0.6529948268085719,23,14,0.6086956521739131,1.6050803049467504,0.4190953990444541,100.0,115.19547872757391,0.5946611301688668,0.0037318941434223,1324.3432240142822,1333.3086242584814,True,True,True,True,True,True,sobol_train_val,,,
2388.0,512.0,1.1676022792235017,0.1164398046210408,0.505990419909358,0.494009580090642,16,7,0.4375,3.004699682816863,0.552731803804636,100.0,97.25644590218576,0.993999977663041,0.1111096312123117,1498.1840326960578,1513.3192843471263,True,True,True,True,True,True,sobol_train_val,,,
2389.0,512.0,1.0459475498646498,0.1899281750433147,0.63037074431777,0.36962925568223,18,8,0.4444444444444444,4.073632112704217,0.438352207839489,100.0,89.87073945472793,0.9993746205393874,0.1575777524813185,2394.1705713738656,2406.6621812803364,True,True,True,True,True,True,sobol_train_val,,,
2390.0,512.0,1.5175404222682118,0.1058298317715525,0.4229483343660831,0.5770516656339169,21,11,0.5238095238095238,2.1990258623845875,0.582889629714191,100.0,109.5026890036156,0.971680196558447,0.0302754087066559,1105.15187595904,1123.8963188062835,True,True,True,True,True,True,sobol_train_val,,,
2391.0,512.0,1.8187310583889484,0.239256870187819,0.568566770106554,0.431433229893446,15,10,0.6666666666666666,1.95797004327178,0.4631369909271597,100.0,111.91713487660816,0.9659965058177248,0.1078740057562522,1302.2325718895693,1316.7928606627795,True,True,True,True,True,True,sobol_train_val,,,
2392.0,512.0,1.3677813624963164,0.0614817685447633,0.3845814101397991,0.6154185898602009,25,8,0.32,3.386586559843272,0.5092734910547734,100.0,106.86903590709836,0.7836741018884164,2.4478944167848575e-05,1856.0215011020025,1870.79790726778,True,True,True,True,True,True,sobol_train_val,,,
2393.0,512.0,1.254978820681572,0.1580612484365701,0.598757266253233,0.401242733746767,20,14,0.7,3.175150831975043,0.4277384204789996,100.0,97.1480722693854,0.9998791037011412,0.0620737755961163,1988.253626460082,2004.9450113233024,True,True,True,True,True,True,sobol_train_val,,,
2394.0,512.0,1.8084865985438228,0.1485240337438881,0.354615981131792,0.645384018868208,20,7,0.35,1.3332287558354436,0.5941874161362648,100.0,118.62575186716624,0.7819136130294291,0.0627848103363922,803.0132257604332,814.879808911677,True,True,True,True,True,True,sobol_train_val,,,
2395.0,512.0,1.6059135738760233,0.2728684396483004,0.6120752431452274,0.3879247568547725,26,13,0.5,2.8125886593014,0.4517781443893909,100.0,105.86098574983367,0.9998136759424844,0.1415768218360682,1714.9981381016826,1728.7180845077744,True,True,True,True,True,True,sobol_train_val,,,
2396.0,512.0,1.0806211465969682,0.0193614967167377,0.4413712464272976,0.5586287535727024,13,7,0.5384615384615384,4.273889153357595,0.5197530737146735,100.0,96.49287397636527,0.9082138379692908,0.0100200743628141,2164.1536935616136,2181.921463496243,True,True,True,True,True,True,sobol_train_val,,,
2397.0,512.0,1.209096563979983,0.245852527488023,0.3168017130345106,0.6831982869654893,11,6,0.5454545454545454,3.631152914185077,0.4836937887594104,100.0,104.65461036956629,0.6042634676997072,0.0099584393270093,2127.844922145512,2137.213826779693,True,True,True,True,True,True,sobol_train_val,,,
2398.0,512.0,1.7274462403729558,0.0487420599907636,0.5359428729861975,0.4640571270138025,28,11,0.3928571428571428,1.8182281611487268,0.537642689049244,100.0,110.89985933763391,0.9907585293474253,0.1448108756315386,1066.4511441997438,1080.363948170692,True,True,True,True,True,True,sobol_train_val,,,
2399.0,512.0,1.9369539059698584,0.2249418005347251,0.4786056872457265,0.5213943127542735,15,5,0.3333333333333333,2.3437152343802152,0.4085181839764118,100.0,117.1921269251448,0.806869655855636,0.003324617194716,1663.1375320404447,1677.5287674935032,True,True,True,True,True,True,sobol_train_val,,,
2400.0,512.0,1.376503384672105,0.0840080925263464,0.6743097972124814,0.3256902027875186,24,15,0.625,3.827567517757416,0.5639930179342627,100.0,98.41550684236506,0.9999895468539473,0.4225360959820806,1742.6082549226485,1747.7613015353058,True,True,True,True,True,True,sobol_train_val,,,
2401.0,512.0,1.4019411467015743,0.2587136453948915,0.5160354617983103,0.4839645382016897,25,11,0.44,4.220511982217431,0.423222615942359,100.0,103.59908952758826,0.894644437119124,4.980844340206808e-05,2543.610638529929,2560.616010921397,True,True,True,True,True,True,sobol_train_val,,,
2402.0,512.0,1.9115475406870248,0.0428846592083573,0.3367396283894777,0.6632603716105223,15,8,0.5333333333333333,2.762840830441564,0.5552476914599538,100.0,121.47089577507744,0.7389713038595106,0.014553562255101,1423.4429333374642,1436.37003098887,True,True,True,True,True,True,sobol_train_val,,,
2403.0,512.0,1.7372885551303625,0.2097513047978282,0.6793780226260423,0.3206219773739577,22,14,0.6363636363636364,1.3861991548910737,0.4972608203068375,100.0,106.96697184663884,0.9955935903162544,0.3596792601856106,980.4607710483308,987.1710728351902,True,True,True,True,True,True,sobol_train_val,,,
2404.0,512.0,1.1992226736620069,0.0874525914900004,0.4735191378742456,0.5264808621257544,18,6,0.3333333333333333,3.225305432919413,0.5308118168264627,100.0,99.19946997317538,0.9886635676612556,0.0181673879930957,1657.7433269103406,1677.494269089697,True,True,True,True,True,True,sobol_train_val,,,
2405.0,512.0,1.0708702523261309,0.1639828177168965,0.3995600000023842,0.6004399999976158,17,7,0.4117647058823529,3.8805444139055902,0.4664795245975256,100.0,97.50675771628488,0.7485110017378143,0.0004597328006639,2287.0340376353847,2300.477881673245,True,True,True,True,True,True,sobol_train_val,,,
2406.0,512.0,1.6156347403302789,0.1355805798433721,0.5538559585809708,0.4461440414190292,24,16,0.6666666666666666,2.39386333823204,0.511004695482552,100.0,107.7906381464528,0.9998411483336284,0.1270774230870758,1361.2099622849776,1375.996965099321,True,True,True,True,True,True,sobol_train_val,,,
2407.0,512.0,1.783201314508915,0.2693416225723922,0.4112908005714416,0.5887091994285584,11,6,0.5454545454545454,1.7648570937104524,0.4413085037842393,100.0,116.12491292000414,0.7048343670658437,0.0396686289912912,1326.2910476747395,1336.835698908243,True,True,True,True,True,True,sobol_train_val,,,
2408.0,512.0,1.2802935345098376,0.0346161430701613,0.6421495720744133,0.3578504279255867,30,14,0.4666666666666667,3.581398981623352,0.5873595956712961,100.0,96.66505429203032,0.9999743504852808,0.3907655941729939,1571.4280090458033,1577.2055202318804,True,True,True,True,True,True,sobol_train_val,,,
2409.0,512.0,1.346221011132002,0.205215007904917,0.4311308786273002,0.5688691213726997,25,13,0.52,2.954945461358875,0.4559023084118962,100.0,104.74985486881836,0.7920970318176104,0.0003568113371034,1854.5504339154536,1869.154596880775,True,True,True,True,True,True,sobol_train_val,,,
2410.0,512.0,1.8403206011280415,0.1022528037428855,0.6221454620361329,0.3778545379638671,16,7,0.4375,1.5517095264047382,0.5222659107297659,100.0,110.8042519136788,0.9740004656244972,0.3002922518726815,997.234199075966,1005.2580150663618,True,True,True,True,True,True,sobol_train_val,,,
2411.0,512.0,1.5116365309804678,0.2263453166931867,0.3677883177995681,0.6322116822004318,29,10,0.3448275862068966,2.5924085394479333,0.4299130830913782,100.0,111.20262349782018,0.6451404193397081,5.867131653470831e-06,1790.6008313390023,1799.368596207806,True,True,True,True,True,True,sobol_train_val,,,
2412.0,512.0,1.051821474917233,0.0673528407700359,0.5853659525513648,0.4146340474486352,12,7,0.5833333333333334,4.492394977994263,0.5978757524862885,100.0,91.29510745012192,0.9980361454451288,0.3078089938487174,1855.6589315070885,1863.387424433868,True,True,True,True,True,True,sobol_train_val,,,
2413.0,512.0,1.173353211954236,0.2908798344433307,0.6595265064388514,0.3404734935611486,13,9,0.6923076923076923,3.4367410562932488,0.411863768287003,100.0,93.09429438426416,0.9983503640554384,0.1756768075448977,2179.961837354219,2191.544729159524,True,True,True,True,True,True,sobol_train_val,,,
2414.0,512.0,1.6401110151782632,0.0004908652044832,0.4935117978602648,0.5064882021397352,27,10,0.3703703703703703,2.0109405468218027,0.565727275237441,100.0,110.20918833103524,0.9891043841034156,0.1130851584763205,1073.9853663321448,1089.19649038848,True,True,True,True,True,True,sobol_train_val,,,
2415.0,512.0,1.9618461355566976,0.1758530613966286,0.5477957058697939,0.4522042941302061,20,10,0.5,2.1492781257256866,0.486647031083703,100.0,115.5307915581712,0.9928627811825668,0.0783012084676288,1311.7507016312609,1328.6663157592525,True,True,True,True,True,True,sobol_train_val,,,
2416.0,512.0,1.474689300172031,0.1292873326689005,0.3052181843668222,0.6947818156331778,20,11,0.55,4.020254849363118,0.5421096051111818,100.0,112.4569197056395,0.6649255833460409,0.0013934535615851,2007.6406459270077,2019.072006955439,True,True,True,True,True,True,sobol_train_val,,,
2417.0,512.0,1.449956334196031,0.1841326776891946,0.6007107280194759,0.3992892719805241,11,4,0.3636363636363636,1.8555389259941877,0.5622058652341366,100.0,102.36019601349102,0.9547646393816056,0.3250063618132022,1041.7774995339223,1048.5736259457658,True,True,True,True,True,True,sobol_train_val,,,
2418.0,512.0,1.986555460840464,0.1189314004965126,0.4464132703840732,0.5535867296159267,29,18,0.6206896551724138,3.28455521967262,0.4160693204030394,100.0,119.25311555502113,0.7639845150931659,0.0006869721065832,2114.6055130130194,2128.071042446083,True,True,True,True,True,True,sobol_train_val,,,
2419.0,512.0,1.6617924394086003,0.2848772258497774,0.5890287764370441,0.4109712235629559,17,9,0.5294117647058824,3.9712262953631576,0.5362072585150599,100.0,107.82719547649248,0.9990817691670946,0.234353117428376,1888.158832102248,1898.742993394517,True,True,True,True,True,True,sobol_train_val,,,
2420.0,512.0,1.1516958605498075,0.0132062204182147,0.358168464154005,0.641831535845995,23,10,0.4347826086956521,2.097019625455141,0.4916698753833771,100.0,101.46898907578526,0.7041979903735921,0.0004147390391572,1386.5010119280794,1398.927644011207,True,True,True,True,True,True,sobol_train_val,,,
2421.0,512.0,1.0310253137722611,0.2367652748711407,0.4835989724844693,0.5164010275155306,22,10,0.4545454545454545,1.50267443228513,0.5056580863893032,100.0,93.5499212509713,0.9590369649376655,0.0187941093688741,1049.0713148341902,1067.6757601088625,True,True,True,True,True,True,sobol_train_val,,,
2422.0,512.0,1.5324701610952616,0.0589907448738813,0.6628963645547628,0.3371036354452372,18,11,0.6111111111111112,2.9026934028603133,0.4720216369256377,100.0,102.6795876366021,0.9996019114902754,0.2862756681215694,1695.5231395821654,1704.1774938690778,True,True,True,True,True,True,sobol_train_val,,,
2423.0,512.0,1.8658777652308345,0.1924171909689903,0.3204029228538275,0.6795970771461726,26,18,0.6923076923076923,4.336987308785319,0.5804502544924617,100.0,121.08820237258992,0.7579027927891663,0.004166379817939,1902.173920457614,1916.0390218023288,True,True,True,True,True,True,sobol_train_val,,,
2424.0,512.0,1.320626899600029,0.1083194204606115,0.5262633126229047,0.4737366873770953,14,5,0.3571428571428571,2.4402288495562967,0.4484129667282104,100.0,101.09389702184956,0.9436843828356696,0.0128211153168833,1593.235229043058,1611.2910673329386,True,True,True,True,True,True,sobol_train_val,,,
2425.0,512.0,1.302554807625711,0.2800476735457778,0.3404009263962507,0.6595990736037494,19,12,0.631578947368421,2.240072516910732,0.5169192498549819,100.0,106.56222733138831,0.6937295247025286,0.010202793680657,1371.3883126080138,1383.1993161158407,True,True,True,True,True,True,sobol_train_val,,,
2426.0,512.0,1.7609031088650229,0.0265401589684188,0.5064171340316533,0.4935828659683466,21,7,0.3333333333333333,3.7235252198763193,0.4614444725215435,100.0,112.55486050170452,0.9401260230352364,0.0002499618749868,2101.3410193344903,2120.374508650093,True,True,True,True,True,True,sobol_train_val,,,
2427.0,512.0,1.5905661256983876,0.1508851571939885,0.4520828779786825,0.5479171220213175,13,5,0.3846153846153846,3.5275353983044626,0.5909664541482925,100.0,110.3476042440617,0.971283739905174,0.0927189527289222,1529.6580187040113,1545.2179360675248,True,True,True,True,True,True,sobol_train_val,,,
2428.0,512.0,1.0959763508290052,0.1413473697379231,0.6946619402617216,0.3053380597382784,27,15,0.5555555555555556,1.7142108681611716,0.4370175031945109,100.0,89.79299469548027,0.9997987316846968,0.3015730010216356,1280.6899362625638,1288.437731233792,True,True,True,True,True,True,sobol_train_val,,,
2429.0,512.0,1.2254206920042634,0.2177631388418376,0.5690422229468822,0.4309577770531178,28,15,0.5357142857142857,2.7089711987413465,0.5726853972300887,100.0,97.13617776207956,0.9999441981463856,0.2475237285804026,1320.557299191564,1330.40204203928,True,True,True,True,True,True,sobol_train_val,,,
2430.0,512.0,1.7111145947128534,0.0768288580700755,0.3780260808765888,0.6219739191234113,12,6,0.5,4.169871903397143,0.4047105245292187,100.0,115.63448970470614,0.6312071807236149,0.0056219101066531,2675.0711922979704,2684.733673557059,True,True,True,True,True,True,sobol_train_val,,,
2431.0,512.0,1.890354606322944,0.2530291909351945,0.6322382725775242,0.3677617274224758,24,9,0.375,3.071508071478456,0.5475050896406174,100.0,111.56188571832264,0.9983263623227044,0.3296781187975409,1496.7342241320505,1504.3953575746168,True,True,True,True,True,True,sobol_train_val,,,
2432.0,512.0,1.4231104254722595,0.0559181517921388,0.4146591328084468,0.5853408671915532,16,11,0.6875,1.2291864026337862,0.4810560433194041,100.0,107.3521611819113,0.7373605857686653,0.0665423674573807,1002.2567820885968,1012.7666781404243,True,True,True,True,True,True,sobol_train_val,,,
2433.0,512.0,1.4279387621209023,0.1714416344650089,0.5659552738070488,0.4340447261929512,23,9,0.391304347826087,4.009140785783529,0.593120058439672,100.0,102.7958381403892,0.9991871793382194,0.2687620394786426,1684.1392296031352,1693.325500853122,True,True,True,True,True,True,sobol_train_val,,,
2434.0,512.0,1.883603423833847,0.1243260260671377,0.387440276145935,0.612559723854065,17,11,0.6470588235294118,2.160719514917582,0.4345690108835697,100.0,119.10545140307477,0.6724500097753373,0.0166057884382797,1535.740681322025,1546.3113424671292,True,True,True,True,True,True,sobol_train_val,,,
2435.0,512.0,1.7181096756830812,0.2958434253931045,0.6292485982179641,0.3707514017820359,29,17,0.5862068965517241,1.9965786254033449,0.5179395481944085,100.0,107.94415166433186,0.999825273087362,0.2843431826704401,1180.352658988832,1189.3050292039516,True,True,True,True,True,True,sobol_train_val,,,
2436.0,512.0,1.2203479800373316,0.0049045764841139,0.4241713657975197,0.5758286342024803,11,5,0.4545454545454545,3.451379900146276,0.4609143270179629,100.0,101.38260561878371,0.7779741755025431,0.0103650837975448,2083.9150352245574,2097.6806053017813,True,True,True,True,True,True,sobol_train_val,,,
2437.0,512.0,1.0988229485228658,0.2313066143542528,0.3496259126812219,0.650374087318778,14,6,0.4285714285714285,4.452245567645877,0.5496582051739096,100.0,100.07713517301032,0.7736498903849691,0.0022192328519839,2145.480196877523,2159.88610410718,True,True,True,True,True,True,sobol_train_val,,,
2438.0,512.0,1.589641897007823,0.0717642408795654,0.5031409759074449,0.4968590240925551,26,13,0.5,2.632834970578551,0.478607252985239,100.0,108.71408788890824,0.9641566485999056,0.0009113030967353,1566.8953497591383,1586.732573566259,True,True,True,True,True,True,sobol_train_val,,,
2439.0,512.0,1.7620712434872985,0.2008013234473764,0.4614059019833803,0.5385940980166197,18,12,0.6666666666666666,1.514807875547558,0.5737059935927391,100.0,114.00851409470238,0.8995440201586792,0.1358462278957249,892.4710522405826,904.4458693662166,True,True,True,True,True,True,sobol_train_val,,,
2440.0,512.0,1.299463827162981,0.0972892217338085,0.6914830569177866,0.3085169430822134,22,7,0.3181818181818182,2.992174339480698,0.4041808677837253,100.0,95.87723731165886,0.9978246653530676,0.2398854810901825,1976.504286682826,1985.9077155576856,True,True,True,True,True,True,sobol_train_val,,,
2441.0,512.0,1.327286290936172,0.2643437082879245,0.4806222680956125,0.5193777319043875,27,19,0.7037037037037037,3.618527157884091,0.5351747877895832,100.0,102.66511856500745,0.9999951017976766,0.0294908610402177,1778.0363877401387,1798.220462396103,True,True,True,True,True,True,sobol_train_val,,,
2442.0,512.0,1.8612017780542371,0.0302413685247302,0.6724185157567262,0.3275814842432738,13,5,0.3846153846153846,1.7278547286987305,0.49221216943115,100.0,109.81839369949556,0.9728125645436982,0.3625189421927461,1132.5928916519108,1138.8806492272884,True,True,True,True,True,True,sobol_train_val,,,
2443.0,512.0,1.5373900467529893,0.1683598855510354,0.3173289436846971,0.6826710563153029,21,10,0.4761904761904761,2.434189067501575,0.5599667770788074,100.0,113.61305553274718,0.7178880063170715,0.0025623929566246,1307.0334911066898,1319.873297073531,True,True,True,True,True,True,sobol_train_val,,,
2444.0,512.0,1.024121547117829,0.1405807874165475,0.5356874261051416,0.4643125738948583,19,11,0.5789473684210527,3.840294289402664,0.4186033204197883,100.0,91.78011588872788,0.9199861762862404,0.0019199852046676,2405.6319642998988,2422.912706796252,True,True,True,True,True,True,sobol_train_val,,,
2445.0,512.0,1.152467262931168,0.2141261061653494,0.6100436702370644,0.3899563297629356,16,8,0.5,3.2398435626178976,0.579417509585619,100.0,93.80293603730462,0.9984274875480148,0.3281271955918711,1491.1078069431685,1498.3970741583666,True,True,True,True,True,True,sobol_train_val,,,
2446.0,512.0,1.6590371560305357,0.0924505147151649,0.4432473570108413,0.5567526429891587,24,10,0.4166666666666667,1.371736531611532,0.4489547958597541,100.0,112.25424579112484,0.8027914163985799,0.0019477829847607,1110.7122728122772,1125.537358137896,True,True,True,True,True,True,sobol_train_val,,,
2447.0,512.0,1.9895546501502397,0.2537134288810193,0.598263680934906,0.401736319065094,12,4,0.3333333333333333,2.7741815054789187,0.5034194631502033,100.0,114.56991017410223,0.9675136715846128,0.2340300712751796,1527.3904842939708,1537.405776128603,True,True,True,True,True,True,sobol_train_val,,,
2448.0,512.0,1.4489405490458012,0.0385075645521283,0.3549052760004997,0.6450947239995003,28,17,0.6071428571428571,4.209297216776759,0.4745559111237526,100.0,110.03903369908318,0.675192805350589,0.0002716604929556,2389.797519431073,2401.374703931404,True,True,True,True,True,True,sobol_train_val,,,
2449.0,512.0,1.470103196799755,0.248067875392735,0.6500072162598372,0.3499927837401628,19,9,0.4736842105263157,1.2177639269270002,0.4289783077314496,100.0,101.4903390823054,0.9773059944831022,0.2143341462903134,1049.5823190101205,1059.7707397033555,True,True,True,True,True,True,sobol_train_val,,,
2450.0,512.0,1.968355084769428,0.0515067338012158,0.4964906003326177,0.5035093996673823,22,13,0.5909090909090909,3.082653624750674,0.5985156398266553,100.0,117.26277094601022,0.9994976996706476,0.1590722213739508,1327.75293301724,1341.2327106715006,True,True,True,True,True,True,sobol_train_val,,,
2451.0,512.0,1.6328698862344029,0.2221768411807715,0.5383736904710531,0.4616263095289469,15,10,0.6666666666666666,4.155201569851488,0.4537609864026308,100.0,108.66048129415572,0.965604667903902,0.0240814440749553,2324.9970164009283,2343.3355826855823,True,True,True,True,True,True,sobol_train_val,,,
2452.0,512.0,1.1786719718948009,0.081792457960546,0.3082950245589018,0.6917049754410982,26,10,0.3846153846153846,2.723314206674695,0.5248973855748773,100.0,104.0285993359555,0.6488481918004383,4.920714050908672e-05,1567.6729672177853,1578.7184387341172,True,True,True,True,True,True,sobol_train_val,,,
2453.0,512.0,1.0492209251970053,0.1552965662442147,0.4343110971152782,0.5656889028847218,30,9,0.3,1.6737656218931078,0.4857117669656873,100.0,95.67837071374242,0.8444723740872078,2.294922568056039e-05,1190.383965447574,1206.639539654656,True,True,True,True,True,True,sobol_train_val,,,
2454.0,512.0,1.5123147116973996,0.1463086584582924,0.6128275878727436,0.3871724121272564,10,6,0.6,3.5676534173078838,0.5427491944283247,100.0,103.58189396887286,0.9902998611994384,0.2948174503088474,1723.380850430573,1731.7355834584791,True,True,True,True,True,True,sobol_train_val,,,
2455.0,512.0,1.8389102332293987,0.2750841004773974,0.3710665740072727,0.6289334259927273,24,12,0.5,3.6863277330994606,0.4097227443009615,100.0,118.71402047538618,0.6285058842621959,0.0001805143425825,2394.126438418823,2403.9784295012087,True,True,True,True,True,True,sobol_train_val,,,
2456.0,512.0,1.349554224871099,0.0221264655701816,0.5761453531682491,0.4238546468317509,17,8,0.4705882352941176,2.276992982905358,0.5683592388406395,100.0,100.42337915935462,0.9941491482613828,0.2586924639298338,1173.8338782426738,1183.2779205855338,True,True,True,True,True,True,sobol_train_val,,,
2457.0,512.0,1.2738763764500618,0.1880424074828624,0.3901250146329402,0.6098749853670598,12,7,0.5833333333333334,2.4772500174120067,0.4993167292326689,100.0,104.05783006159282,0.7530753859499693,0.0261819836217097,1514.212530037581,1526.860320556315,True,True,True,True,True,True,sobol_train_val,,,
2458.0,512.0,1.7876350684091449,0.1033215151168406,0.5569228805601596,0.4430771194398404,29,14,0.4827586206896552,4.299890536163002,0.5282657312229275,100.0,111.59413460096278,0.9999619783411692,0.1612998805173489,2037.7484678099368,2051.2153587153657,True,True,True,True,True,True,sobol_train_val,,,
2459.0,512.0,1.6104688066989183,0.2417654735036194,0.4017585404217243,0.5982414595782757,15,6,0.4,2.942912123724818,0.4241451481357217,100.0,112.47747217316578,0.6963132733385359,0.0018470395915797,1964.2897378046084,1975.9555434729768,True,True,True,True,True,True,sobol_train_val,,,
2460.0,512.0,1.0780200669541955,0.0633678216487169,0.6451184563338757,0.3548815436661243,25,17,0.68,1.4623299001716077,0.5546200711280107,100.0,90.51919434911656,0.9995663285791024,0.3604843880740408,919.9612363026488,926.4143151454092,True,True,True,True,True,True,sobol_train_val,,,
2461.0,512.0,1.1986973192542791,0.2898751580156385,0.5193037997931241,0.4806962002068758,20,12,0.6,2.111463347543031,0.4433641385287046,100.0,97.79801026553064,0.9253062596788846,0.009569085689976,1467.1223993950057,1484.693779798982,True,True,True,True,True,True,sobol_train_val,,,
2462.0,512.0,1.7397977905347943,0.0175810128450393,0.3275060590356588,0.6724939409643411,20,7,0.35,3.9566566636785865,0.5848130451515317,100.0,118.05587348031172,0.7880942363559876,0.000513887240674,1747.911727998351,1762.8068649582256,True,True,True,True,True,True,sobol_train_val,,,
2463.0,512.0,1.9083061181008816,0.1797555919736623,0.6825483229011297,0.3174516770988703,27,11,0.4074074074074074,3.2958014870993795,0.4674025217071175,100.0,110.5110360095644,0.9996767249355076,0.3211868150109005,1857.047103690148,1864.845243434995,True,True,True,True,True,True,sobol_train_val,,,
2464.0,512.0,1.4031991651281714,0.1139311750419437,0.4641882937401533,0.5358117062598466,14,8,0.5714285714285714,1.8442171521484847,0.510377349331975,100.0,105.23347706501409,0.8924794242534383,0.0533155855590662,1176.8089894819752,1192.0603391708746,True,True,True,True,True,True,sobol_train_val,,,
2465.0,512.0,1.3818219043314457,0.2933516914956272,0.3200757715851068,0.6799242284148932,17,5,0.2941176470588235,1.4125782173126935,0.450857144407928,100.0,109.4714829120872,0.5819414979255015,0.0011243267860971,1173.3052307026585,1182.283336329091,True,True,True,True,True,True,sobol_train_val,,,
2466.0,512.0,1.929712540470064,0.0024134142324328,0.526715787127614,0.473284212872386,23,15,0.6521739130434783,2.889538806583732,0.5203822135925293,100.0,115.5240131612938,0.9997849358665896,0.0906939771753347,1513.017053421298,1529.703538534121,True,True,True,True,True,True,sobol_train_val,,,
2467.0,512.0,1.7339549493044617,0.1739302257075905,0.4817824710160493,0.5182175289839507,10,5,0.5,4.350041110999882,0.4256809793412686,100.0,112.72923642549496,0.8224006493932238,0.0222303795153565,2595.7394812077546,2609.897644925673,True,True,True,True,True,True,sobol_train_val,,,
2468.0,512.0,1.2045102240517735,0.1268151900731027,0.6649846736341715,0.3350153263658285,30,13,0.4333333333333333,2.530224442575127,0.5967319821938872,100.0,93.87419648622443,0.9998612083380474,0.4386772007547423,1187.295257268715,1191.969568572489,True,True,True,True,True,True,sobol_train_val,,,
2470.0,512.0,1.6045029694214463,0.0997809561900794,0.3577008306980133,0.6422991693019867,14,8,0.5714285714285714,3.3487694151699543,0.5646218836307526,100.0,113.836206318226,0.7998038200522445,0.016797569582035,1613.1620812402427,1627.6744165521443,True,True,True,True,True,True,sobol_train_val,,,
2471.0,512.0,1.8091645389795303,0.2288174509070813,0.6025609105825425,0.3974390894174575,21,14,0.6666666666666666,3.906911084521561,0.4816366218030453,100.0,110.70751432587495,0.999946899147526,0.1748690808978265,2071.5646241637714,2084.3049368860443,True,True,True,True,True,True,sobol_train_val,,,
2472.0,512.0,1.2523780344054103,0.0692756490781903,0.4443588212132454,0.5556411787867546,18,7,0.3888888888888889,2.0580839267000552,0.5401877200230956,100.0,101.6784331520974,0.9496965646915108,0.0141992770257701,1182.6192474991008,1201.5234330104513,True,True,True,True,True,True,sobol_train_val,,,
2473.0,512.0,1.3749309368431568,0.1611813624389469,0.6335330322384833,0.3664669677615166,13,8,0.6153846153846154,2.669934496935457,0.4212382525205612,100.0,99.4847753675358,0.9941363515978072,0.1380645734065101,1760.8172046524942,1774.0298603989932,True,True,True,True,True,True,sobol_train_val,,,
2474.0,512.0,1.813564888201654,0.1334016915410757,0.4136117666959762,0.5863882333040238,26,9,0.3461538461538461,4.105456279590726,0.5501018492504954,100.0,116.71284284022062,0.9192743690480571,6.574307518175183e-05,1901.5396431879767,1920.5560474633096,True,True,True,True,True,True,sobol_train_val,,,
2475.0,512.0,1.5219739358872175,0.27152079641819,0.5718263328075408,0.4281736671924592,19,8,0.4210526315789473,3.135621854010969,0.4960224514827132,100.0,105.0017897155186,0.9973695798447706,0.1394579096583967,1716.5708701148578,1730.6213999863603,True,True,True,True,True,True,sobol_train_val,,,
2476.0,512.0,1.03953015524894,0.0374178850091993,0.3753428801894187,0.6246571198105813,20,11,0.55,1.2679206976667046,0.526485126465559,100.0,97.25405264684753,0.7711876237520437,0.0193258700176827,941.355585314538,954.8382610981016,True,True,True,True,True,True,sobol_train_val,,,
2477.0,512.0,1.1688600573688743,0.2608925241976976,0.4507973734289408,0.5492026265710592,25,14,0.56,2.329967303574085,0.465279546380043,100.0,98.98563149150397,0.8420506220707475,0.0011610776690591,1533.5603119280956,1549.547230711391,True,True,True,True,True,True,sobol_train_val,,,
2478.0,512.0,1.6426521027460694,0.0456860882230103,0.6957187641412019,0.304281235858798,15,7,0.4666666666666667,3.736478412430733,0.5066430477425456,100.0,104.39185306058148,0.9979721558347634,0.401391689527147,1915.493001296471,1921.2047643279968,True,True,True,True,True,True,sobol_train_val,,,
2479.0,512.0,1.9428866803646088,0.2069495902396738,0.3375774342566728,0.6624225657433271,28,10,0.3571428571428571,3.5142801923677327,0.439285940490663,100.0,122.09557891637375,0.6020432754775736,8.069542644118367e-06,2189.5996099185995,2196.509014755384,True,True,True,True,True,True,sobol_train_val,,,
2480.0,512.0,1.4956010011956096,0.0852734260261058,0.5090607736259698,0.4909392263740302,12,8,0.6666666666666666,1.6240138468332588,0.5822485201060772,100.0,106.22416268498256,0.9327638819630129,0.2050625030716253,915.8575516963303,925.869485835725,True,True,True,True,True,True,sobol_train_val,,,
2481.0,512.0,1.4547557523474095,0.2199787907302379,0.4108277551829815,0.5891722448170185,22,10,0.4545454545454545,3.7905494970269498,0.5150355154648423,100.0,108.30402523616476,0.8467027582120575,0.0004022791765812,1975.3545509080209,1991.9847838137548,True,True,True,True,True,True,sobol_train_val,,,
2482.0,512.0,1.9837102852761743,0.079593835864216,0.6424693889915942,0.3575306110084058,18,9,0.5,2.3808088598772885,0.4563989643007517,100.0,113.16581449676,0.99660548826266,0.2206695914832347,1488.8588606281796,1499.7339632959377,True,True,True,True,True,True,sobol_train_val,,,
2483.0,512.0,1.6804458694532514,0.2502644998021424,0.3974613048136234,0.6025386951863766,26,16,0.6153846153846154,1.7780125874094663,0.5898229207843542,100.0,114.26806907437532,0.8973971611287767,0.0497844757312089,951.8049122762574,967.4258588015068,True,True,True,True,True,True,sobol_train_val,,,
2484.0,512.0,1.1310884859412909,0.0537027854472398,0.5556649409234524,0.4443350590765476,14,4,0.2857142857142857,3.6714942991733546,0.4327855439856649,100.0,94.6733979250343,0.9725515176355648,0.0093161123936427,2230.0936081438053,2248.720421107886,True,True,True,True,True,True,sobol_train_val,,,
2485.0,512.0,1.002621621824801,0.2772827231325209,0.6798503380268812,0.3201496619731188,11,4,0.3636363636363636,4.25944857839495,0.571579777635634,100.0,87.12099891651332,0.990979230658975,0.4466477483535512,1900.5588150630635,1904.909658196177,True,True,True,True,True,True,sobol_train_val,,,
2486.0,512.0,1.558921756222844,0.0243245154619216,0.4732087697833776,0.5267912302166224,29,20,0.6896551724137931,2.827155143860727,0.4004433218389749,100.0,108.9072564701856,0.7879283457437651,0.0020108115983766,1962.1522601819777,1975.887131431879,True,True,True,True,True,True,sobol_train_val,,,
2487.0,512.0,1.855234364978969,0.1531005140393972,0.518094789609313,0.481905210390687,17,10,0.5882352941176471,1.3219856355339288,0.5455832507461309,100.0,114.23540628150874,0.9223551895611892,0.1813861978331787,871.7181182784047,882.577498899121,True,True,True,True,True,True,sobol_train_val,,,
2488.0,512.0,1.3332225754857063,0.1441120346076786,0.3348910760134458,0.6651089239865542,23,11,0.4782608695652174,3.186469458695501,0.4760459693148732,100.0,107.61566470457404,0.6389599325894447,0.0002220660415755,1933.3223563700055,1943.9404567024656,True,True,True,True,True,True,sobol_train_val,,,
2489.0,512.0,1.289775057695806,0.2348792033270001,0.5488357376307249,0.4511642623692751,28,15,0.5357142857142857,3.398005888424813,0.5570596907287836,100.0,99.56631892187698,0.9999751505181136,0.1900993219918868,1618.6406138203297,1630.6465831994135,True,True,True,True,True,True,sobol_train_val,,,
2490.0,512.0,1.7717286460101604,0.056482124235481,0.3039128538221121,0.6960871461778879,12,5,0.4166666666666667,1.9468276371248063,0.4140849078074098,100.0,119.62581442161093,0.5141009663864574,0.0065045491636288,1516.8048115390477,1523.7247526615058,True,True,True,True,True,True,sobol_train_val,,,
2491.0,512.0,1.564298545010388,0.1949255260638892,0.6622021880000829,0.3377978119999171,24,8,0.3333333333333333,2.2136930488049984,0.5318807007744908,100.0,103.46703272804314,0.9956294340557422,0.3687460531313792,1237.4479095751722,1243.890422831675,True,True,True,True,True,True,sobol_train_val,,,
2492.0,512.0,1.1241978462785482,0.1102052053436637,0.490717301890254,0.509282698109746,16,10,0.625,4.059292251896113,0.4904317554086447,100.0,96.37046694404556,0.9534117023122852,0.009974860811041,2179.001692922401,2197.8707860532404,True,True,True,True,True,True,sobol_train_val,,,
2493.0,512.0,1.2458440223708749,0.1866412899456918,0.3667333208024501,0.6332666791975499,19,13,0.6842105263157895,3.045141781959683,0.5012962970882654,100.0,104.02662917771728,0.7254790486111671,0.0098461205086762,1763.8733195185157,1776.5095873717542,True,True,True,True,True,True,sobol_train_val,,,
2494.0,512.0,1.6926433313637972,0.1208174446597695,0.5866561390459537,0.4133438609540463,21,8,0.3809523809523809,1.5649654330685734,0.4708214187994599,100.0,108.60083848765322,0.976891224164787,0.1480623929607086,1115.5735663721025,1128.7030513112318,True,True,True,True,True,True,sobol_train_val,,,
2495.0,512.0,1.8933838857337832,0.2829914672300219,0.4284888692200184,0.5715111307799816,13,6,0.4615384615384615,2.579454474058002,0.5753395022824407,100.0,117.92440937874947,0.9264415525492196,0.0609430064924315,1253.1439873733032,1269.1888021909076,True,True,True,True,True,True,sobol_train_val,,,
2496.0,512.0,1.4181289002299309,0.0106978948228061,0.6249738328158856,0.3750261671841144,27,15,0.5555555555555556,4.402501064166427,0.4463904615491629,100.0,100.85643663283253,0.9999927138047668,0.1598714816973043,2468.2858736910343,2481.7689451363044,True,True,True,True,True,True,sobol_train_val,,,
2497.0,512.0,1.4067933866754174,0.2252381080761551,0.4381289016455412,0.5618710983544588,12,8,0.6666666666666666,3.216352055221796,0.4111189736053348,100.0,106.15853179024054,0.72536367465078,0.0266984513386356,2156.383899250819,2167.601603347747,True,True,True,True,True,True,sobol_train_val,,,
2498.0,512.0,1.904742004349828,0.0661037153564393,0.6088325913995505,0.3911674086004495,28,9,0.3214285714285714,1.3937174434773625,0.5665693446993828,100.0,112.53735477857828,0.9719325324015192,0.3310581863735998,847.2017096790067,854.3154467042211,True,True,True,True,True,True,sobol_train_val,,,
2499.0,512.0,1.6971578998491168,0.2039613137952983,0.351422157511115,0.648577842488885,16,7,0.4375,2.7506899734959003,0.4874894835054874,100.0,116.23618681744256,0.682917567356316,0.0029130652739037,1660.631379987324,1672.3834875953874,True,True,True,True,True,True,sobol_train_val,,,
2500.0,512.0,1.2413063123822212,0.101150163821876,0.5955637495964765,0.4044362504035235,24,13,0.5416666666666666,4.231278104055673,0.5413651904091239,100.0,96.84483186015598,0.9999691349597898,0.2529575773488967,1997.6902033662,2007.401509217329,True,True,True,True,True,True,sobol_train_val,,,
2501.0,512.0,1.1128318598493934,0.1770918770693242,0.6712136052548885,0.3287863947451115,21,12,0.5714285714285714,3.595035281684249,0.4551601840183139,100.0,90.93194629423068,0.9999468589484196,0.2777104548673553,2096.5711671045624,2105.1349441330985,True,True,True,True,True,True,sobol_train_val,,,
2502.0,512.0,1.575626190751791,0.1303842516615986,0.47550984993577,0.52449015006423,19,9,0.4736842105263157,1.7498360585421322,0.5231106504797935,100.0,109.2403747863969,0.9508906367222358,0.0421275293288072,1088.327349255564,1105.8973603522277,True,True,True,True,True,True,sobol_train_val,,,
2503.0,512.0,1.7762737469747665,0.2919721668586135,0.5329935200512409,0.4670064799487591,27,10,0.3703703703703703,2.4106971175409853,0.4307528652250767,100.0,112.072256656449,0.9362370388024476,0.0001057738837692,1604.1290298135225,1622.5896565694263,True,True,True,True,True,True,sobol_train_val,,,
2504.0,512.0,1.2852678801864386,0.0017342674545943,0.3138520054519176,0.6861479945480824,13,9,0.6923076923076923,3.8622755454853177,0.5971286674961447,100.0,106.99826439089418,0.7378856443097691,0.0277649883957195,1706.7484785674726,1718.8489668636057,True,True,True,True,True,True,sobol_train_val,,,
2505.0,512.0,1.337523535825312,0.2108516559004783,0.502784388512373,0.497215611487627,18,6,0.3333333333333333,4.475737443845719,0.4656644895672798,100.0,102.26701820045712,0.9406346284435668,0.0003860803252388,2456.3644672305627,2475.2492898281425,True,True,True,True,True,True,sobol_train_val,,,
2506.0,512.0,1.8509713280946016,0.0887039967812597,0.3437994487583637,0.6562005512416362,22,13,0.5909090909090909,2.610853640735149,0.5117277963086962,100.0,119.9305244993173,0.6995934033641387,0.0043142185182647,1511.2395704545368,1523.486313275634,True,True,True,True,True,True,sobol_train_val,,,
2507.0,512.0,1.5477999104186893,0.2599604819901287,0.6894911326467991,0.3105088673532009,14,7,0.5,1.5382998255081477,0.4420258810743689,100.0,102.32809814175243,0.9856778061131948,0.315611926978988,1168.2166965148565,1175.6298156267471,True,True,True,True,True,True,sobol_train_val,,,
2508.0,512.0,1.013705126941204,0.0439895790070295,0.4570682905614376,0.5429317094385624,26,11,0.4230769230769231,2.970193083398044,0.586538840085268,100.0,93.7691657293758,0.9994496011501964,0.0747427812343203,1381.300770035025,1398.1386655004287,True,True,True,True,True,True,sobol_train_val,,,
2509.0,512.0,1.1353589138016105,0.2681005091406405,0.3816198509186506,0.6183801490813494,29,14,0.4827586206896552,4.032632293179631,0.4224041476845741,100.0,100.17226205768418,0.6606958152392766,1.030127379030992e-05,2577.180415947227,2587.9486385585037,True,True,True,True,True,True,sobol_train_val,,,
2510.0,512.0,1.6761523000895977,0.0335260994732379,0.5656048562377691,0.4343951437622309,11,6,0.5454545454545454,2.138738603051752,0.555967359058559,100.0,108.84619068910088,0.9705187896873144,0.2422140457779988,1147.692217487003,1157.390771927687,True,True,True,True,True,True,sobol_train_val,,,
2511.0,512.0,1.972618912346661,0.1628881875425577,0.4198399361222982,0.5801600638777018,23,16,0.6956521739130435,2.020070157386362,0.4979816308245063,100.0,119.85504611790724,0.8106191007040061,0.0258864982542198,1272.620274384415,1287.0000170379135,True,True,True,True,True,True,sobol_train_val,,,
2512.0,512.0,1.4658697303384542,0.1343440529890358,0.6272627007216215,0.3727372992783785,17,6,0.3529411764705882,3.429399012867361,0.5299944944679738,100.0,102.0148505481672,0.9946520569388284,0.3014569802503708,1719.357349667031,1727.5716870800402,True,True,True,True,True,True,sobol_train_val,,,
2513.0,512.0,1.4920401219278574,0.1521274206228554,0.3286146178841591,0.6713853821158409,27,14,0.5185185185185185,2.0878711321391163,0.5719650158658623,100.0,112.06808553247032,0.7643257358531119,0.0025477522540361,1137.3524248188069,1151.4868584069818,True,True,True,True,True,True,sobol_train_val,,,
2514.0,512.0,1.9464249545708296,0.1424385610967874,0.5243168741464614,0.4756831258535385,13,6,0.4615384615384615,3.978536867536605,0.4055281806737185,100.0,115.94123835447118,0.8761138001697468,0.0086156028737427,2458.576498467909,2474.555914890896,True,True,True,True,True,True,sobol_train_val,,,
2515.0,512.0,1.6549870520830154,0.2811434514820575,0.4669812083244323,0.5330187916755676,20,6,0.3,3.272209247108549,0.5483231287449598,100.0,111.3949850467596,0.985431556336894,0.0398996718297747,1585.309431146072,1604.0860105997367,True,True,True,True,True,True,sobol_train_val,,,
2516.0,512.0,1.1565482495352626,0.0277778358198702,0.6861211821436881,0.3138788178563119,20,13,0.65,1.866097331419587,0.4803360419347882,100.0,91.88686663511096,0.9995891575497552,0.3469879873750763,1244.8927011509404,1251.6632654494074,True,True,True,True,True,True,sobol_train_val,,,
2517.0,512.0,1.0359997488558292,0.2519299786537886,0.561941934004426,0.4380580659955739,15,10,0.6666666666666666,2.453657433204353,0.5162015387788415,100.0,91.42821458556584,0.9979332873640128,0.1533103995208607,1404.9442729755965,1418.139565675972,True,True,True,True,True,True,sobol_train_val,,,
2518.0,512.0,1.52554268296808,0.0546678875572979,0.3912398029118776,0.6087601970881225,24,9,0.375,4.321771157998591,0.4622647989541292,100.0,110.7555281256034,0.7275475826277124,2.6354501743944568e-05,2472.8494003012543,2485.782748648261,True,True,True,True,True,True,sobol_train_val,,,
2519.0,512.0,1.8258693050593136,0.2165174433030188,0.6486975330859422,0.3513024669140577,11,5,0.4545454545454545,2.9193194657564163,0.5917818229645491,100.0,109.73961601462707,0.9847972959745248,0.4168520637259308,1306.5193417525284,1311.671458896079,True,True,True,True,True,True,sobol_train_val,,,
2520.0,512.0,1.3625885965302589,0.0757250770926475,0.4045574460178613,0.5954425539821386,28,17,0.6071428571428571,1.484210448246449,0.4362948315218091,100.0,106.06369902562994,0.715931598360502,0.0022546731195109,1220.0537557726195,1232.3172209819686,True,True,True,True,True,True,sobol_train_val,,,
2521.0,512.0,1.26443831063807,0.2836372601799666,0.618743983283639,0.381256016716361,23,9,0.391304347826087,1.6973582061007615,0.5048186380416155,100.0,96.86037333713448,0.9933734140723146,0.2512678137959334,1112.6078878120134,1122.2054456951787,True,True,True,True,True,True,sobol_train_val,,,
2522.0,512.0,1.7970663392916322,0.0121081536635756,0.4347604770213365,0.5652395229786635,16,9,0.5625,3.5457727954722937,0.4727691510692239,100.0,115.64916095592416,0.8179405934643067,0.0074400701298511,2021.6091809153545,2036.8654688619852,True,True,True,True,True,True,sobol_train_val,,,
2523.0,512.0,1.6012167036533356,0.1830391975119709,0.5803773928433656,0.4196226071566343,29,18,0.6206896551724138,3.709920391067862,0.5811920451000333,100.0,106.66645902522816,0.9999958919680556,0.277999260027756,1618.2067586865285,1627.6661473049935,True,True,True,True,True,True,sobol_train_val,,,
2524.0,512.0,1.0872787265107036,0.1176868482492864,0.3729561690241098,0.6270438309758901,10,3,0.3,2.2551124348305165,0.4475677978247404,100.0,98.91832942067872,0.6681314112472306,0.0086226375096073,1596.3023993449588,1607.1303996815675,True,True,True,True,True,True,sobol_train_val,,,
2525.0,512.0,1.2166010327637196,0.1935232607647776,0.496946208178997,0.503053791821003,15,5,0.3333333333333333,1.2413561423309147,0.5613629836589098,100.0,99.00092444919432,0.9050476161225202,0.1780649023325121,835.3907597009346,845.6730689099376,True,True,True,True,True,True,sobol_train_val,,,
2526.0,512.0,1.7218872820958495,0.1095674048177897,0.6559295892715453,0.3440704107284547,25,17,0.68,3.060773420892656,0.4168134013190865,100.0,107.27607953715176,0.9999858934038948,0.174537804019205,1934.756206381722,1946.8545739047224,True,True,True,True,True,True,sobol_train_val,,,
2527.0,512.0,1.9263958018273115,0.2380178279243409,0.3101906090974807,0.6898093909025192,18,10,0.5555555555555556,4.178793809842318,0.5369524823501706,100.0,122.74111369490646,0.6663745331584159,0.0030315602750139,2059.2252252755525,2070.6250267225223,True,True,True,True,True,True,sobol_train_val,,,
2528.0,512.0,1.3851160379126668,0.0600922459736466,0.5426119461655616,0.4573880538344383,22,11,0.5,2.701434027403593,0.4908281397074461,100.0,102.3573211158913,0.9991963730992806,0.0689752012674823,1560.0353517959254,1577.2647011826612,True,True,True,True,True,True,sobol_train_val,,,
2529.0,512.0,1.3908985313028095,0.1970780476927757,0.6977058492600917,0.3022941507399083,29,19,0.6551724137931034,2.308492734655738,0.5438056683167816,100.0,98.17093635570028,0.9999904600878032,0.4441218909973147,1246.9137989406563,1252.2172264545168,True,True,True,True,True,True,sobol_train_val,,,
2530.0,512.0,1.9206446157768369,0.0942663260735571,0.4551272369921207,0.5448727630078793,12,5,0.4166666666666667,3.759665091242641,0.477429910749197,100.0,117.6157038750132,0.8587895324469388,0.0133059026527143,2074.4255683222536,2090.641995406624,True,True,True,True,True,True,sobol_train_val,,,
2531.0,512.0,1.743324350565672,0.2321245168335735,0.5094126649200916,0.4905873350799083,25,12,0.48,3.492805549688637,0.5701836466789245,100.0,112.07113542650023,0.99965960261534,0.139840676464186,1576.538465148355,1590.8653725928907,True,True,True,True,True,True,sobol_train_val,,,
2532.0,512.0,1.195132358931005,0.0729895513504743,0.3433960072696209,0.6566039927303791,16,9,0.5625,1.6472004518844183,0.4022331414744258,100.0,103.30871960320178,0.5704210487386638,0.0060098855723948,1414.584090773549,1422.7526312907687,True,True,True,True,True,True,sobol_train_val,,,
2533.0,512.0,1.0656889602541924,0.2988560051657259,0.4179476093500852,0.5820523906499148,20,10,0.5,2.648460296820849,0.5880482828244566,100.0,96.74393697031051,0.9934509690949868,0.0147644860585765,1263.2104545331324,1283.1692813665325,True,True,True,True,True,True,sobol_train_val,,,
2534.0,512.0,1.6227768315002322,0.0086175329983234,0.6355263467878103,0.3644736532121897,20,9,0.45,4.128642540425062,0.4341726206243038,100.0,105.59123245764818,0.9994508270713464,0.1612487294495751,2379.7592638049805,2392.49902514316,True,True,True,True,True,True,sobol_train_val,,,
2535.0,512.0,1.7911921609193089,0.1702060405164957,0.3811676707118749,0.618832329288125,14,4,0.2857142857142857,3.114147629309445,0.5136362493038178,100.0,117.323748210576,0.7797641864530288,0.0037401055135133,1698.618630663275,1713.1865448133465,True,True,True,True,True,True,sobol_train_val,,,
2536.0,512.0,1.270341948606074,0.1234978434629738,0.5721842151135206,0.4278157848864794,27,18,0.6666666666666666,1.291106933914125,0.4581858394667506,100.0,98.34046588751865,0.9766230378539836,0.093921048903554,1037.4581555800055,1052.517759131434,True,True,True,True,True,True,sobol_train_val,,,
2537.0,512.0,1.3528671767562628,0.2577640051022172,0.3611762028187513,0.6388237971812487,22,8,0.3636363636363636,1.915848424192518,0.5766776375472545,100.0,107.2527396007094,0.8477034491713639,0.004035707460121,1053.6694649014707,1070.1236082053242,True,True,True,True,True,True,sobol_train_val,,,
2538.0,512.0,1.8356199460104108,0.0417936748825013,0.5920360650867224,0.4079639349132776,19,13,0.6842105263157895,3.325583154335618,0.4446647172793746,100.0,111.58164917155516,0.999600298057358,0.0830116200370252,1954.716648034329,1971.066656428744,True,True,True,True,True,True,sobol_train_val,,,
2539.0,512.0,1.5002277456223965,0.2130495677702129,0.4494693871587514,0.5505306128412486,25,14,0.56,3.928385309223086,0.5030342189595103,100.0,108.20816251734806,0.9036953725246888,0.0007129914300399,2057.436011826598,2075.6800982627137,True,True,True,True,True,True,sobol_train_val,,,
2540.0,512.0,1.0612848093733191,0.0909024802967906,0.6037672948092222,0.3962327051907778,15,7,0.4666666666666667,2.0348976904526355,0.4694710582494735,100.0,91.09642459863272,0.9919765025217812,0.1650704834154672,1353.9456237487846,1366.2880317601837,True,True,True,True,True,True,sobol_train_val,,,
2541.0,512.0,1.1819543913006785,0.1650840922258794,0.5294171087443829,0.4705828912556171,11,5,0.4545454545454545,1.4340527862310408,0.5332158915698528,100.0,96.99626859997409,0.9285057188491924,0.1800506476351143,962.5617871414792,973.2823609383396,True,True,True,True,True,True,sobol_train_val,,,
2542.0,512.0,1.6295490665361283,0.1365405293181538,0.3235571213066577,0.6764428786933423,30,16,0.5333333333333333,2.866352127771824,0.4887028759345412,100.0,115.6371300611214,0.6326717282258859,0.000151961705679,1723.250073342854,1733.7603899628316,True,True,True,True,True,True,sobol_train_val,,,
2543.0,512.0,1.956298591569066,0.2659020250663161,0.6661970473825931,0.3338029526174069,17,10,0.5882352941176471,4.3715157536789775,0.5588007478043437,100.0,111.9424325336136,0.9996340434423452,0.4029330981373748,1920.4478047274108,1926.2579884328304,True,True,True,True,True,True,sobol_train_val,,,
2544.0,512.0,1.4821975538507104,0.031328188162297,0.4868992529809475,0.5131007470190525,24,8,0.3333333333333333,2.507037837523967,0.4127374917268753,100.0,106.56999804055869,0.82906390709926,5.319761406368768e-05,1754.5396455516686,1769.628566165054,True,True,True,True,True,True,sobol_train_val,,,
2545.0,512.0,1.4443992944434283,0.2739665019325912,0.5824162069708109,0.4175837930291891,13,8,0.6153846153846154,3.0235665050335228,0.4829718323424458,100.0,102.74262146980124,0.9943058667271378,0.1414725409073503,1719.6755926795176,1733.4320972310322,True,True,True,True,True,True,sobol_train_val,,,
2546.0,512.0,1.9940580409020183,0.0206014579162001,0.3648390281945466,0.6351609718054534,27,12,0.4444444444444444,1.5880514038726687,0.5384588684886694,100.0,122.18056857454592,0.7842279756116507,0.005361940252509,1006.171252878703,1020.8595712395664,True,True,True,True,True,True,sobol_train_val,,,
2547.0,512.0,1.6703993594273925,0.159305796213448,0.6190496880561114,0.3809503119438886,19,7,0.3684210526315789,2.5578791233710945,0.4093377951532602,100.0,107.15765299429472,0.9938657233792092,0.0782040652939552,1722.3962100878227,1738.1680867324255,True,True,True,True,True,True,sobol_train_val,,,
2548.0,512.0,1.1411434598267078,0.1496175094507634,0.4280346486717462,0.5719653513282538,21,14,0.6666666666666666,4.425586961209774,0.5632744962349534,100.0,98.84680039483578,0.9722175535971804,0.0061035279446418,1993.454021386428,2013.4199893879545,True,True,True,True,True,True,sobol_train_val,,,
2549.0,512.0,1.019610765390098,0.2236938206478953,0.3020247295498848,0.6979752704501152,24,15,0.625,3.376430980302393,0.427019134350121,100.0,99.0747548742866,0.5267583311502458,0.0004739285151322,2270.9334019884614,2278.478325408101,True,True,True,True,True,True,sobol_train_val,,,
2550.0,512.0,1.5419239103794098,0.0829020272009074,0.5446018427610397,0.4553981572389602,16,5,0.3125,1.9699131899513305,0.5950062658637763,100.0,106.29718269867556,0.9597721191331638,0.2620145868424353,997.7071440551188,1006.368699020666,True,True,True,True,True,True,sobol_train_val,,,
2551.0,512.0,1.872533448971808,0.244751030858606,0.4902691066265106,0.5097308933734894,28,13,0.4642857142857143,2.1921181160956618,0.4525950852781534,100.0,115.47603269783843,0.8952174572059929,0.0004875050310318,1450.184950574887,1467.8207401395794,True,True,True,True,True,True,sobol_train_val,,,
2552.0,512.0,1.3159319553524256,0.0474895114079117,0.6562842234969138,0.3437157765030861,12,6,0.5,4.082377780135721,0.5190318817272782,100.0,97.27010056893022,0.9965089501097422,0.3410103407078717,2030.3898231110527,2037.435912049637,True,True,True,True,True,True,sobol_train_val,,,
2553.0,512.0,1.3105513574555516,0.1805504676885903,0.470411156117916,0.5295888438820839,17,8,0.4705882352941176,4.28102348651737,0.4375112827867269,100.0,102.51688746733998,0.8355022842095448,0.0010308827000285,2545.54158069744,2561.070625908496,True,True,True,True,True,True,sobol_train_val,,,
2554.0,512.0,1.750961048528552,0.1151975456625223,0.6762695848941802,0.3237304151058198,23,13,0.5652173913043478,2.804069591034204,0.583635568805039,100.0,107.3530336825026,0.999814928478708,0.4454531699194261,1292.682532236432,1297.4512306559905,True,True,True,True,True,True,sobol_train_val,,,
2555.0,512.0,1.5853752559050918,0.2861291415989399,0.3337776750326156,0.6662223249673844,11,7,0.6363636363636364,1.3435605682432652,0.4638802612200379,100.0,114.21079558309305,0.5770224839810205,0.0526529896582903,1104.292299217002,1111.4256920307305,True,True,True,True,True,True,sobol_train_val,,,
2556.0,512.0,1.1031126715242865,0.0145994634367525,0.5130739644169807,0.4869260355830193,29,11,0.3793103448275862,3.1633839304558933,0.5084298942238092,100.0,95.03335533602105,0.9996711578707232,0.0425911115880033,1714.7679704319974,1733.2839867380687,True,True,True,True,True,True,sobol_train_val,,,
2557.0,512.0,1.2314660428091884,0.2405071299523115,0.6388946745544671,0.3611053254455328,26,9,0.3461538461538461,3.812124773953109,0.4942448493093252,100.0,95.36212469402648,0.999532458060856,0.2698549912268798,2027.4845663220603,2036.5480837396128,True,True,True,True,True,True,sobol_train_val,,,
2558.0,512.0,1.707030013203621,0.0625809763558209,0.4080363113433122,0.5919636886566877,14,9,0.6428571428571429,2.3577228890731927,0.5278690399602055,100.0,114.52373823578893,0.8141517593258744,0.0448035834044911,1342.390815842835,1356.0423040358874,True,True,True,True,True,True,sobol_train_val,,,
2559.0,512.0,1.8793063098564744,0.1910319515503943,0.5506502974778413,0.4493497025221586,22,12,0.5454545454545454,1.7995879380963742,0.4198421025648713,100.0,113.74228666899104,0.9415074434105392,0.0105502510898083,1335.6926885912223,1353.6157596180187,True,True,True,True,True,True,sobol_train_val,,,
2560.0,512.0,1.4321980122476816,0.107075522840023,0.396353930607438,0.6036460693925619,18,7,0.3888888888888889,3.648408402130008,0.551891640201211,100.0,108.1961967658902,0.882874265166524,0.0013300883680614,1761.2852304985831,1779.0050243216458,True,True,True,True,True,True,sobol_train_val,,,
,,1.554452087902888,0.2583366729361487,0.3129131216640708,0.6870868783359292,27,18,0.6666666666666666,2.658760892479197,0.4364955441192039,100.0,114.19497735060564,0.5542248672237702,0.0013863093598454,1818.7738047272665,1826.964249679136,True,True,True,True,True,True,lhs_holdout,1.0,,
,,1.744427871389446,0.2021231318203946,0.6340396912496835,0.3659603087503165,21,13,0.6190476190476191,2.1593504902074674,0.5860708953546917,100.0,108.39187681732466,0.999272450039602,0.3760839564244976,1067.694357234952,1074.0137705122634,True,True,True,True,True,True,lhs_holdout,2.0,,
,,1.2871131716023454,0.0418636567669291,0.4379563321703873,0.5620436678296127,29,13,0.4482758620689655,1.7370310149657944,0.5552967649039658,100.0,102.8798055213676,0.965613507001225,0.0153926890381776,1018.8470719706404,1038.183580051943,True,True,True,True,True,True,lhs_holdout,3.0,,
,,1.3992909480637403,0.126017581185363,0.6496855031029422,0.3503144968970578,14,4,0.2857142857142857,3.6917196413754008,0.5183824784936851,100.0,99.6824271349506,0.986138003929406,0.3370950509271641,1874.5752861898893,1881.589534250029,True,True,True,True,True,True,lhs_holdout,4.0,,
,,1.9956914210158647,0.2107901706280545,0.3890041902752737,0.6109958097247263,22,7,0.3181818181818182,4.47775496594017,0.4214121776754897,100.0,121.3735726197171,0.6723124860209514,3.002671943627984e-05,2712.9996059477867,2724.104764487653,True,True,True,True,True,True,lhs_holdout,5.0,,
,,1.4796210572818316,0.1205220470967987,0.4492194360590192,0.5507805639409808,18,12,0.6666666666666666,3.150714797335443,0.4396669287215768,100.0,107.6943421196504,0.7932809550123741,0.0107243567142367,1993.2589402321028,2007.266411001118,True,True,True,True,True,True,lhs_holdout,6.0,,
,,1.0065994697959957,0.0226125800151707,0.4609341921588838,0.5390658078411161,30,15,0.5,1.4026970345140604,0.5789270017984101,100.0,93.40639694262092,0.9506669367177936,0.1047288656701988,860.3661304311081,874.5327132432658,True,True,True,True,True,True,lhs_holdout,7.0,,
,,1.7897204950327814,0.2632800550785149,0.5015941101841992,0.4984058898158008,17,6,0.3529411764705882,4.488745908501066,0.4540877083875912,100.0,113.33943702980002,0.9180519987455776,0.0009394069271786,2483.259893118281,2501.524839074656,True,True,True,True,True,True,lhs_holdout,8.0,,
,,1.539082168448923,0.2792587552824283,0.3166881624014979,0.6833118375985021,15,10,0.6666666666666666,2.7478907650394557,0.5817739055574075,100.0,113.67814432495304,0.7169354159244079,0.0289586149161836,1355.8306400479898,1367.412775626526,True,True,True,True,True,True,lhs_holdout,9.0,,
,,1.446470002285168,0.0974191690079996,0.4059571364794735,0.5940428635205264,22,13,0.5909090909090909,3.371196602291852,0.5062253130443071,100.0,108.24999800151966,0.819674978511179,0.0024115591663672,1844.249070113123,1859.9473395418531,True,True,True,True,True,True,lhs_holdout,10.0,,
,,1.851570830654361,0.1575548828137652,0.3105172775413855,0.6894827224586145,17,11,0.6470588235294118,3.739142866312655,0.5562825624968933,100.0,121.13879716283174,0.6860178778549013,0.0110005072268959,1805.771521529324,1817.3597907820383,True,True,True,True,True,True,lhs_holdout,11.0,,
,,1.3086761669705462,0.1640657807085952,0.5369728814327148,0.4630271185672852,23,12,0.5217391304347826,3.656427465461204,0.5323332108320369,100.0,100.4441231877724,0.9998630820775208,0.1303173444032113,1808.016163385208,1822.517337303553,True,True,True,True,True,True,lhs_holdout,12.0,,
,,1.5899545758537323,0.0809459712835346,0.4818221125195228,0.5181778874804772,16,11,0.6875,2.127293104484318,0.4187390751589147,100.0,109.3867379728722,0.8039415021149035,0.0346821696761959,1548.5748733130647,1561.5750336806382,True,True,True,True,True,True,lhs_holdout,13.0,,
,,1.4566073592498443,0.0759323062346555,0.5620951830191228,0.4379048169808772,26,9,0.3461538461538461,4.484412036770348,0.5451649400322736,100.0,103.64661276314804,0.99939997703665,0.1972371816979368,2058.807166536776,2070.642726384894,True,True,True,True,True,True,lhs_holdout,14.0,,
,,1.765763988195759,0.2862228614012703,0.4568731354474339,0.5431268645525661,13,7,0.5384615384615384,1.642403435909505,0.4384884996384137,100.0,114.23691135977047,0.7851834351583127,0.0364526315982011,1259.614872602035,1272.326825205971,True,True,True,True,True,True,lhs_holdout,15.0,,
,,1.666566219621682,0.1293303830987137,0.4413822067505238,0.5586177932494761,21,8,0.3809523809523809,3.843591876487098,0.5423190546540819,100.0,112.49005734724363,0.963499907689128,0.0007706550142392,1828.813554299655,1849.095937415592,True,True,True,True,True,True,lhs_holdout,16.0,,
,,1.7253880867516986,0.0902524682586348,0.5030585817736486,0.4969414182263514,30,10,0.3333333333333333,2.238051544490724,0.5682271627840899,100.0,111.86743022233446,0.9937431210309128,0.1301996723746735,1143.615965964011,1158.2129674910216,True,True,True,True,True,True,lhs_holdout,17.0,,
,,1.310745382318595,0.0542495412186523,0.3994801227187561,0.6005198772812439,24,10,0.4166666666666667,4.189525346452512,0.4502024036723022,100.0,104.79651289920542,0.7265666869539659,3.490376507565281e-05,2487.3968949758787,2500.1696417184994,True,True,True,True,True,True,lhs_holdout,18.0,,
,,1.5713402775753345,0.0449132854866803,0.6535172776258219,0.3464827223741781,17,6,0.3529411764705882,2.3554942072187126,0.5037675755441199,100.0,103.87503612624188,0.990019408534514,0.322048413954141,1370.9283381301907,1378.4859928573296,True,True,True,True,True,True,lhs_holdout,19.0,,
,,1.6153062603909305,0.0512454507051111,0.4071817569031762,0.5928182430968238,22,10,0.4545454545454545,2.132033947500148,0.455166908000031,100.0,112.41166793371632,0.7465322045717068,0.000981498290306,1465.3978887890662,1478.7611321105005,True,True,True,True,True,True,lhs_holdout,20.0,,
,,1.5470266833383235,0.2043055758033873,0.66964973883602,0.33035026116398,15,10,0.6666666666666666,4.221037960623593,0.466267372401063,100.0,102.8476255054137,0.9996537538069934,0.2918954644206296,2291.687876674353,2300.155366915188,True,True,True,True,True,True,lhs_holdout,21.0,,
,,1.9749586551950569,0.0531366531238169,0.3071827103360957,0.6928172896639042,30,13,0.4333333333333333,2.9084743560126096,0.5345783855425843,100.0,123.85790424369412,0.6599018565135936,9.42907511181304e-05,1560.7734309380464,1572.116130476131,True,True,True,True,True,True,lhs_holdout,22.0,,
,,1.2817828485177292,0.1393966559441761,0.3261750129729288,0.6738249870270712,29,15,0.5172413793103449,1.5909269265533434,0.5459569036216176,100.0,106.46442168910625,0.7160786427911284,0.0019146984578319,1028.3919967381464,1041.2145247486949,True,True,True,True,True,True,lhs_holdout,23.0,,
,,1.9521679763097248,0.162461871605463,0.628770069955059,0.371229930044941,15,8,0.5333333333333333,1.953523387695326,0.5536766994111743,100.0,112.92683610484043,0.9890914409648632,0.338312551706518,1070.798498790154,1078.0668971878918,True,True,True,True,True,True,lhs_holdout,24.0,,
,,1.8093657222143549,0.1212282603629581,0.4661672657294878,0.5338327342705121,28,18,0.6428571428571429,4.315622112437676,0.4327341568729672,100.0,114.8937104475416,0.8212062523017619,0.0007691815189449,2540.995493948304,2556.224615740295,True,True,True,True,True,True,lhs_holdout,25.0,,
,,1.2019101787612154,0.0951389417639981,0.5168060995487552,0.4831939004512448,13,8,0.6153846153846154,1.2007207695602018,0.5896426213441208,100.0,97.968183537043,0.9198226400662668,0.2363299139822694,765.6973103254171,774.224718439166,True,True,True,True,True,True,lhs_holdout,26.0,,
,,1.512962283279227,0.1210104425689015,0.3193823900543112,0.6806176099456889,21,8,0.3809523809523809,1.4303765199907938,0.4453012841554604,100.0,112.9266741087976,0.5752108549305776,0.0007047054483752,1188.4879593700268,1197.275378772892,True,True,True,True,True,True,lhs_holdout,27.0,,
,,1.8474750789681544,0.1272379121096797,0.5598072235399953,0.4401927764600046,21,7,0.3333333333333333,3.317588323510278,0.5435282926767369,100.0,112.79371000467164,0.9942818816002992,0.1949284356271383,1604.936994417663,1616.962561132427,True,True,True,True,True,True,lhs_holdout,28.0,,
,,1.0248012344169584,0.1680752627754975,0.4702428522674283,0.5297571477325717,29,19,0.6551724137931034,2.203385945587997,0.5985997035255191,100.0,93.7441095660488,0.9999713502550754,0.1150223406981655,1081.2975923200324,1096.145140366426,True,True,True,True,True,True,lhs_holdout,29.0,,
,,1.4497122049948974,0.1601916382273751,0.5286162751760008,0.4713837248239991,15,7,0.4666666666666667,1.7469959054694515,0.4901974680273517,100.0,104.4644075499516,0.9615434996470736,0.078367675330157,1165.4148987695623,1181.2285837604843,True,True,True,True,True,True,lhs_holdout,30.0,,
,,1.6846114751287142,0.2384513300344674,0.624640179478672,0.375359820521328,20,13,0.65,2.7725227055741573,0.4207475768993771,100.0,107.32162478554405,0.9996904608629228,0.1082811003241788,1787.8387012797914,1802.623614564045,True,True,True,True,True,True,lhs_holdout,31.0,,
,,1.7617524923926993,0.1248434624693961,0.56128193744494,0.4387180625550599,13,9,0.6923076923076923,2.6476250961957604,0.5620177506971812,100.0,110.89642175002882,0.9923967999202652,0.2253096626276815,1305.4619032625078,1316.2522931792955,True,True,True,True,True,True,lhs_holdout,32.0,,
,,1.751427107546236,0.1698451149424128,0.549580112406891,0.450419887593109,29,13,0.4482758620689655,1.793301077135245,0.5779438641611744,100.0,111.020417942498,0.9952462152579672,0.2241223264164086,963.1190333042866,973.9678300070976,True,True,True,True,True,True,lhs_holdout,33.0,,
,,1.7811617713613674,0.2562202608527141,0.5339231659574124,0.4660768340425876,29,10,0.3448275862068966,2.860115281429735,0.5452860946202991,100.0,112.15088278565672,0.9981260538091002,0.1468374903247427,1431.5215020852058,1445.5636095525588,True,True,True,True,True,True,lhs_holdout,34.0,,
,,1.009964326432046,0.0689345136019405,0.4145364571080938,0.5854635428919062,14,8,0.5714285714285714,2.7540969207020463,0.49975759367172,100.0,94.97270948340758,0.8160293104048201,0.0126547962597782,1636.6797992572986,1651.594974840631,True,True,True,True,True,True,lhs_holdout,35.0,,
,,1.132264522092448,0.0164381357055967,0.314069942744581,0.685930057255419,13,4,0.3076923076923077,1.6510972552311722,0.592453003747299,100.0,102.37600145316696,0.7372403375543888,0.0229717262968783,947.8642319733256,960.1682407181504,True,True,True,True,True,True,lhs_holdout,36.0,,
,,1.3270922062358474,0.1084512962622291,0.3454106701096019,0.6545893298903981,11,6,0.5454545454545454,3.0407051646729624,0.4827733764572179,100.0,107.07969187298886,0.6535748816380046,0.015254552070604,1839.0926299819728,1849.512718892489,True,True,True,True,True,True,lhs_holdout,37.0,,
,,1.0808111326724872,0.1319122960534843,0.5697402686476349,0.430259731352365,11,6,0.5454545454545454,2.678921594881583,0.5547337873109058,100.0,92.6782072996774,0.9882892090252094,0.2337850589553422,1377.3066493315027,1387.3087025793702,True,True,True,True,True,True,lhs_holdout,38.0,,
,,1.109430559835324,0.1193078319628847,0.6463076079490677,0.3536923920509323,14,5,0.3571428571428571,1.9710473662918235,0.4891786472269491,100.0,91.48497555347132,0.9829722727198014,0.2947483556776307,1275.7933648117382,1283.6986959165667,True,True,True,True,True,True,lhs_holdout,39.0,,
,,1.464817712367778,0.1903915712839202,0.6924850956345343,0.3075149043654657,23,12,0.5217391304347826,1.7024249673812517,0.4844595473492711,100.0,100.2056908006806,0.9985322952374532,0.3668035257367288,1149.7103454865644,1156.1417495589571,True,True,True,True,True,True,lhs_holdout,40.0,,
,,1.0019130498759743,0.174491100954242,0.5526106041031165,0.4473893958968835,14,4,0.2857142857142857,3.4874526679903592,0.573580298352029,100.0,90.53945929391988,0.980859336337776,0.2342345579725245,1617.5518194667677,1627.2950239853822,True,True,True,True,True,True,lhs_holdout,41.0,,
,,1.7692527717230808,0.1358857482307694,0.6559186624776769,0.344081337522323,12,7,0.5833333333333334,3.0880960436644806,0.539560354743368,100.0,108.3184646442346,0.9950973407640106,0.3664771034066188,1536.8169608077303,1543.3909731879414,True,True,True,True,True,True,lhs_holdout,42.0,,
,,1.0643128500968044,0.0090584081136434,0.4040163434555307,0.5959836565444693,25,17,0.68,1.8029596103784291,0.4440884014581687,100.0,97.14591666402276,0.7224514092684379,0.0053962506364711,1374.3088745934135,1386.634804663658,True,True,True,True,True,True,lhs_holdout,43.0,,
,,1.0977308955831735,0.1232783591784314,0.3843886217038477,0.6156113782961523,16,6,0.375,4.299458409325737,0.4637441746915052,100.0,98.87963665172686,0.7164759776864161,0.0003762739089627,2504.7016553351305,2517.2735603085125,True,True,True,True,True,True,lhs_holdout,44.0,,
,,1.7534670733649982,0.2363161389534276,0.6492176981807809,0.3507823018192191,12,5,0.4166666666666667,2.95977442205324,0.5146534430200695,100.0,108.16163614537118,0.9867357516346004,0.3309197280084365,1572.8046754473148,1580.1551814845648,True,True,True,True,True,True,lhs_holdout,45.0,,
,,1.0533450088711749,0.0183723215521638,0.5290514053236353,0.4709485946763647,18,12,0.6666666666666666,1.688952103071048,0.5310076358286799,100.0,92.9485499235068,0.9909800573056508,0.1210651838567314,1061.09419004267,1075.5815374249996,True,True,True,True,True,True,lhs_holdout,46.0,,
,,1.6753432775899908,0.153278739126102,0.5585211516089811,0.4414788483910189,10,4,0.4,4.126884032977967,0.4489468329482929,100.0,109.03864581977076,0.9552544004611332,0.0715433340018213,2333.8754018785576,2349.568067113586,True,True,True,True,True,True,lhs_holdout,47.0,,
,,1.611423688771635,0.2701590641026138,0.6542380763254994,0.3457619236745006,11,4,0.3636363636363636,2.3079281212738096,0.5377542481037833,100.0,104.80299503581324,0.97207430823749,0.3810308258437712,1261.7963732897902,1267.5698076747758,True,True,True,True,True,True,lhs_holdout,48.0,,
,,1.80780980850354,0.0067645706230371,0.4023324054249411,0.5976675945750589,15,6,0.4,1.748071390377,0.4740796463295659,100.0,116.96714757293717,0.7556112341022295,0.0104240214075621,1230.720502047115,1244.087867275979,True,True,True,True,True,True,lhs_holdout,49.0,,
,,1.5868126359910673,0.1003304255372222,0.3617639081288135,0.6382360918711865,28,13,0.4642857142857143,1.730705499090635,0.5571619803209742,100.0,113.2681553312375,0.8125508009598806,0.0034768184808461,1028.8485904075756,1044.3981040297574,True,True,True,True,True,True,lhs_holdout,50.0,,
,,1.4887676685999518,0.0958972252175443,0.341148039510822,0.6588519604891779,15,5,0.3333333333333333,2.6287506302816133,0.5408944306439973,100.0,111.54420036096047,0.7391045161596912,0.0033679062870823,1439.2400544555007,1452.6637135252977,True,True,True,True,True,True,lhs_holdout,51.0,,
,,1.2964015105669755,0.0945047080706547,0.3235203252467818,0.6764796747532181,30,10,0.3333333333333333,1.6282271164650592,0.4459649163952357,100.0,106.97595003149394,0.583926286190242,1.0826736240717712e-05,1293.9381576329356,1302.9801747697772,True,True,True,True,True,True,lhs_holdout,52.0,,
,,1.852684273429919,0.0327488350195257,0.4009805428670865,0.5990194571329135,12,7,0.5833333333333334,3.642670780787414,0.5080949871411717,100.0,117.98433114672616,0.7909218084386004,0.0234654408065923,1931.0459026686308,1945.0000070252024,True,True,True,True,True,True,lhs_holdout,53.0,,
,,1.9994589301181795,0.1839814847893367,0.5437484480158365,0.4562515519841634,24,15,0.625,2.72502155874172,0.4342248383851205,100.0,116.41213026885008,0.9561592847253872,0.0064034568147797,1720.9837467441369,1739.8445183432686,True,True,True,True,True,True,lhs_holdout,54.0,,
,,1.9572333603544447,0.1483621885747935,0.3291576055477976,0.6708423944522024,27,18,0.6666666666666666,1.559836160876778,0.5238494562106076,100.0,122.69468632748396,0.6744957134995183,0.01526476468575,1044.433913299394,1055.543034571253,True,True,True,True,True,True,lhs_holdout,55.0,,
,,1.7540267369101514,0.0211693438583978,0.4184390442719969,0.581560955728003,22,8,0.3636363636363636,1.631395312365658,0.5191512313286659,100.0,115.23796784782508,0.8629640137464539,0.0067174961379725,1060.7080373854094,1077.5905470072112,True,True,True,True,True,True,lhs_holdout,56.0,,
,,1.6128234840000617,0.1411883421809367,0.4039901578512891,0.5960098421487109,26,9,0.3461538461538461,4.293450630432728,0.5506165807672806,100.0,112.45904166420428,0.8989449521271586,3.801958830460236e-05,1991.4288382949087,2009.7616949811647,True,True,True,True,True,True,lhs_holdout,57.0,,
,,1.289115371745864,0.1348188435651345,0.5264652464835875,0.4735347535164125,25,14,0.56,2.704819571258272,0.4008483199902769,100.0,100.20795819934044,0.8782661182806725,0.0006533152615945,1889.6156378899036,1905.687565128709,True,True,True,True,True,True,lhs_holdout,58.0,,
,,1.071432183124272,0.1056978620522034,0.3879148643745029,0.612085135625497,18,7,0.3888888888888889,3.433109174897312,0.4043638237092063,100.0,97.90502053898666,0.6511477150389124,0.0001679113985395,2351.008605447125,2361.3338017565197,True,True,True,True,True,True,lhs_holdout,59.0,,
,,1.0202059332022066,0.0461826002980773,0.6390073375535671,0.3609926624464329,13,5,0.3846153846153846,4.214891852100394,0.5076357447091476,100.0,88.78381344047625,0.994986185224786,0.2937376477816651,2162.000136115184,2170.1358675120805,True,True,True,True,True,True,lhs_holdout,60.0,,
,,1.716687461921345,0.0749783023737031,0.431995656132697,0.568004343867303,17,7,0.4117647058823529,2.5675102200483275,0.508704578871749,100.0,113.94805870587066,0.8738729184575333,0.0052445560311134,1468.4147685632147,1485.6420258124306,True,True,True,True,True,True,lhs_holdout,61.0,,
,,1.5423011823141537,0.288565660835908,0.3465592289170866,0.6534407710829133,10,5,0.5,3.056592402825741,0.5316648079125379,100.0,112.70338886762528,0.7115218300398339,0.0250698645708619,1644.3929707686368,1656.0845021655334,True,True,True,True,True,True,lhs_holdout,62.0,,
,,1.7779196974009055,0.2182789307335685,0.5887000610565554,0.4112999389434446,14,4,0.2857142857142857,3.1824419218257955,0.4172595475600952,100.0,110.43693063812816,0.9737642801953834,0.0509101076127252,1998.3202680136212,2015.045801421836,True,True,True,True,True,True,lhs_holdout,63.0,,
,,1.763689574015118,0.0889592273448389,0.5390455668073049,0.4609544331926951,11,7,0.6363636363636364,2.1637306484196683,0.4265553825576091,100.0,111.61079158210288,0.8769033157509444,0.0848436261461779,1516.548184294869,1529.4350322840835,True,True,True,True,True,True,lhs_holdout,64.0,,
,,1.4678909993700175,0.2036302146180434,0.3119661195587359,0.6880338804412641,22,7,0.3181818181818182,1.918257356213612,0.4659633115976703,100.0,112.03925878452992,0.5840336749135917,0.0001520768333092,1375.019862245295,1384.1655880992855,True,True,True,True,True,True,lhs_holdout,65.0,,
,,1.0556329335422394,0.2712119836922674,0.6980331514860332,0.3019668485139668,13,6,0.4615384615384615,3.5524220732102725,0.507541947898134,100.0,88.41420473900132,0.997339455335824,0.407622164311982,1883.538365429577,1888.828435131697,True,True,True,True,True,True,lhs_holdout,66.0,,
,,1.5821079510928835,0.2644191944204911,0.6659375862273539,0.3340624137726461,16,10,0.625,1.4511920768960094,0.5023406244040319,100.0,103.78897562426424,0.990258228197026,0.3446398885400675,1003.8820205420368,1010.8333168211065,True,True,True,True,True,True,lhs_holdout,67.0,,
,,1.420983294523106,0.2151575793655555,0.3428206650164139,0.6571793349835862,28,14,0.5,3.323364701397844,0.4298781181584957,100.0,109.7230754521313,0.6012783955962854,4.380295807877336e-05,2174.5251732859947,2183.879901903919,True,True,True,True,True,True,lhs_holdout,68.0,,
,,1.4951441935726373,0.260033407471778,0.6178922967060654,0.3821077032939346,17,5,0.2941176470588235,2.5383636517238,0.4537646775006364,100.0,103.01269506053076,0.9845600404175356,0.1765101627212715,1597.85835663834,1609.791284770029,True,True,True,True,True,True,lhs_holdout,69.0,,
,,1.8833659181773656,0.0365783640994335,0.6788652799646745,0.3211347200353255,14,5,0.3571428571428571,1.295221777641394,0.4177736912398272,100.0,110.09990375420256,0.960111363351137,0.286909632466748,1094.6904805750198,1102.4253918386428,True,True,True,True,True,True,lhs_holdout,70.0,,
,,1.3725959956377791,0.2378112309106792,0.3986780535547831,0.6013219464452169,22,11,0.5,3.6185756470682415,0.583427432721928,100.0,106.53000890480502,0.9544837820388894,0.0018310363809878,1608.412299936704,1628.1564664522405,True,True,True,True,True,True,lhs_holdout,71.0,,
,,1.866747975038118,0.0999836055993298,0.3587898086043146,0.6412101913956854,30,19,0.6333333333333333,3.814121022497852,0.4653985468299267,100.0,119.74062939562612,0.6707322679968745,0.000471349403042,2213.3739088086045,2224.7801138505947,True,True,True,True,True,True,lhs_holdout,72.0,,
,,1.698959449770519,0.1549200777535417,0.3053484394466046,0.6946515605533954,12,7,0.5833333333333334,1.8790353456193871,0.4591711763411708,100.0,117.92061528648748,0.5458052460135374,0.0221297302641835,1367.2213021363364,1374.610637196446,True,True,True,True,True,True,lhs_holdout,73.0,,
,,1.032316013577921,0.2993666592498559,0.550975510851093,0.449024489148907,13,6,0.4615384615384615,1.4355283037593067,0.4429029229733099,100.0,91.616785581675,0.9389819486389576,0.0629362301639512,1155.1096648803295,1170.2910879885824,True,True,True,True,True,True,lhs_holdout,74.0,,
,,1.97197063431288,0.2323036959452875,0.5409147615811403,0.4590852384188597,13,4,0.3076923076923077,2.4170344533075623,0.525152130977654,100.0,115.94690584309274,0.9495416281965424,0.1714295825985321,1327.9816534487204,1339.8997077514664,True,True,True,True,True,True,lhs_holdout,75.0,,
,,1.4092701612778435,0.1152249424914594,0.451203628421933,0.5487963715780669,29,13,0.4482758620689655,1.947861410675504,0.4037178374538064,100.0,105.80557506639008,0.7566494958392408,6.665681978475505e-05,1519.3585679101514,1532.3821713189122,True,True,True,True,True,True,lhs_holdout,76.0,,
,,1.5372243166096726,0.0422154668192483,0.5303914178840194,0.4696085821159805,17,10,0.5882352941176471,1.601519241391895,0.5171336372528494,100.0,106.60916521968367,0.967276476477084,0.1224557869613604,1040.574950742679,1054.718582153652,True,True,True,True,True,True,lhs_holdout,77.0,,
,,1.4543273914188997,0.1608065201983898,0.6211552244575772,0.3788447755424228,17,8,0.4705882352941176,3.0338654671354464,0.4498207017546982,100.0,101.89334340800708,0.99790438020234,0.1603520766915148,1832.4727147544852,1845.268433470396,True,True,True,True,True,True,lhs_holdout,78.0,,
,,1.639214854568316,0.0587519704298122,0.4505957358617641,0.5494042641382358,24,16,0.6666666666666666,2.037205558372833,0.5755276293391076,100.0,111.55224669520572,0.9761575069741084,0.0629796549997074,1061.8468963000844,1079.0951611822677,True,True,True,True,True,True,lhs_holdout,79.0,,
,,1.6821857927556876,0.1151732105466154,0.535813718172045,0.4641862818279549,23,9,0.391304347826087,4.463129461858102,0.4930026840096597,100.0,109.87914600165236,0.9992258880356824,0.0592454049126143,2266.513208528078,2284.4472775130475,True,True,True,True,True,True,lhs_holdout,80.0,,
,,1.5078317693308865,0.1180537995275665,0.5401251292921899,0.4598748707078101,25,10,0.4,2.502376658514681,0.4976948387923842,100.0,105.58960442120588,0.9979064234744534,0.078108367724603,1449.5337067613782,1466.4157063211635,True,True,True,True,True,True,lhs_holdout,81.0,,
,,1.273883783036557,0.0339800349690404,0.6587683780517906,0.3412316219482094,28,10,0.3571428571428571,1.2430150214433238,0.5940925489642163,100.0,96.03495049191048,0.986218367342074,0.4350419210721697,759.2547207730942,763.847378533786,True,True,True,True,True,True,lhs_holdout,82.0,,
,,1.0742959689662377,0.2072971251102578,0.5200723582049028,0.4799276417950971,26,14,0.5384615384615384,1.2769521007490958,0.4070004732165874,100.0,93.89826407699088,0.8754212483243894,0.0023361432739314,1161.0980993467629,1177.0184051482029,True,True,True,True,True,True,lhs_holdout,83.0,,
,,1.0789371779179908,0.1757370121704623,0.3028811579946387,0.6971188420053612,20,7,0.35,1.238428456555916,0.5922644577457561,100.0,101.0450296664584,0.7182307163324317,0.0169403178398287,804.9102960298571,816.9667452942622,True,True,True,True,True,True,lhs_holdout,84.0,,
,,1.8056167939806749,0.0407851061209208,0.4848580316331967,0.5151419683668033,15,10,0.6666666666666666,2.8130500505357183,0.4811970742174828,100.0,114.21415993908204,0.8975171949034377,0.0399489919671221,1644.9215914296478,1660.9360967373125,True,True,True,True,True,True,lhs_holdout,85.0,,
,,1.3454439557867983,0.1783781799205807,0.6546929841815445,0.3453070158184554,27,16,0.5925925925925926,1.5862484612340568,0.4312954269747264,100.0,98.11587245594922,0.9994773232973,0.2000646935293619,1219.3800233808504,1230.4585057595125,True,True,True,True,True,True,lhs_holdout,86.0,,
,,1.660193344256072,0.0925675824319689,0.3848294310211604,0.6151705689788396,30,11,0.3666666666666666,3.918446913130188,0.4565070345988025,100.0,114.22500941212375,0.7080684139697626,3.439098395166629e-06,2304.4926323422096,2314.760090186117,True,True,True,True,True,True,lhs_holdout,87.0,,
,,1.3011198226009453,0.1424681377185532,0.4642767180724141,0.5357232819275859,16,9,0.5625,3.2044976935797798,0.4777064986010249,100.0,102.44396546771878,0.8818360148599997,0.0077448450975196,1867.217416453264,1884.1637204335664,True,True,True,True,True,True,lhs_holdout,88.0,,
,,1.0905000329241294,0.1401921042832121,0.5087009041801086,0.4912990958198914,26,17,0.6538461538461539,2.028367981704009,0.562805783932202,100.0,94.75879985978082,0.9998667337391474,0.1271635532166826,1109.9238789979745,1124.4008240956327,True,True,True,True,True,True,lhs_holdout,89.0,,
,,1.3050700530876127,0.1788132498125557,0.4364707391982447,0.5635292608017552,18,8,0.4444444444444444,1.321733952713091,0.5884791760852057,100.0,103.43497594908116,0.8890555344891662,0.1199810075893351,811.1886831935007,823.30769663132,True,True,True,True,True,True,lhs_holdout,90.0,,
,,1.3921505966655603,0.0835064501456295,0.6799704234182391,0.3200295765817609,10,5,0.5,3.020878736878644,0.585729877748533,100.0,98.67553880388532,0.9896348550621245,0.4609536814084121,1381.2587031771254,1385.4552717335378,True,True,True,True,True,True,lhs_holdout,91.0,,
,,1.6947562044532496,0.2316851248172251,0.4751963999000482,0.5248036000999518,30,11,0.3666666666666666,2.797004591891751,0.5326394577769786,100.0,112.05077723851385,0.998413024836454,0.016101679998161,1451.7127858431204,1472.180057623403,True,True,True,True,True,True,lhs_holdout,93.0,,
,,1.5602087302372327,0.0967970323146864,0.3614098733093115,0.6385901266906885,21,13,0.6190476190476191,1.2141679251704491,0.4026804225395524,100.0,112.63061443298574,0.5994764627592054,0.0082722155839828,1160.5826604193485,1169.3571903515303,True,True,True,True,True,True,lhs_holdout,94.0,,
,,1.1848193594982337,0.0993618359593512,0.4669801399593959,0.5330198600406041,28,14,0.5,1.489840243497844,0.5338632292245817,100.0,98.96767526931256,0.9560449164486868,0.0399561906723189,977.7501377267196,995.3874569820382,True,True,True,True,True,True,lhs_holdout,95.0,,
,,1.8425647217047167,0.2821155410364142,0.5544010053039465,0.4455989946960534,25,17,0.68,2.8028969795650043,0.4329700512281508,100.0,112.852646083323,0.9705924728304652,0.0093554904237918,1765.1216593200134,1784.1452180171823,True,True,True,True,True,True,lhs_holdout,96.0,,
,,1.3940048399254743,0.2737794713939276,0.6315238297276693,0.3684761702723307,25,8,0.32,1.5003203504655396,0.5651462532346747,100.0,100.04430411613032,0.9846593708063308,0.3598026801276367,902.4789917185988,908.8592529433208,True,True,True,True,True,True,lhs_holdout,97.0,,
,,1.6472692430736018,0.2783596999986913,0.591038416769849,0.4089615832301509,28,10,0.3571428571428571,4.000812034251318,0.5202626830150484,100.0,107.43361425196208,0.9995690384790848,0.2143026775355814,1965.5444845376876,1976.8334940442105,True,True,True,True,True,True,lhs_holdout,98.0,,
,,1.7851592364569897,0.0258244744362932,0.39379842950274,0.60620157049726,26,9,0.3461538461538461,1.9266798211280984,0.4351059611532477,100.0,116.75896309129844,0.6970534292582461,8.59231830040517e-05,1420.9337486022862,1432.8187230295573,True,True,True,True,True,True,lhs_holdout,99.0,,
,,1.235349314538967,0.1716545611113462,0.623576366355772,0.376423633644228,14,9,0.6428571428571429,3.697087301220537,0.4962802466833941,100.0,95.8935064877876,0.9991661146532924,0.2423538161423085,1970.8750925674544,1980.839103243296,True,True,True,True,True,True,lhs_holdout,100.0,,
,,1.511517255876747,0.0508065045916988,0.6166756467487332,0.3833243532512668,27,13,0.4814814814814814,3.790094169996865,0.5256832102299435,100.0,103.45316226398086,0.9999413876919616,0.2708638295351878,1870.9246187787935,1880.2077368604128,True,True,True,True,True,True,lhs_holdout,101.0,,
,,1.2384323517812486,0.2877369682448494,0.5836189941531306,0.4163810058468694,27,17,0.6296296296296297,3.293423386275422,0.5116389784123123,100.0,97.09910351373532,0.9999940711357604,0.186189612626172,1742.8672603650691,1755.6739994003851,True,True,True,True,True,True,lhs_holdout,102.0,,
,,1.4324248203275414,0.1354888923930278,0.3339502634130099,0.6660497365869901,29,10,0.3448275862068966,1.8470946937739603,0.59379490717428,100.0,110.33501568963982,0.8201734084014362,0.0013361917843478,988.6569255166504,1004.3675448207898,True,True,True,True,True,True,lhs_holdout,103.0,,
,,1.8151340550142645,0.262778494349149,0.6504321803821366,0.3495678196178634,27,8,0.2962962962962963,2.2873759603640678,0.4767737878264326,100.0,109.46191713918564,0.9950643208373076,0.2721963555468118,1402.0455465510634,1411.210140877899,True,True,True,True,True,True,lhs_holdout,104.0,,
,,1.5510897643151764,0.2750903473192457,0.6693499440407771,0.3306500559592229,15,10,0.6666666666666666,2.2270622711052663,0.5127757886196693,100.0,102.95380996936666,0.9980975593090606,0.3569841402812045,1293.2721832363695,1300.0380956856602,True,True,True,True,True,True,lhs_holdout,105.0,,
,,1.5086036205487805,0.2590757876750851,0.594158342744973,0.4058416572550269,20,8,0.4,2.8829890393293462,0.5667551718516005,100.0,104.02340248571257,0.9968854462039364,0.286302190460695,1386.373485388745,1395.0851972606442,True,True,True,True,True,True,lhs_holdout,106.0,,
,,1.8282744708725185,0.0485992601624928,0.6603934661153497,0.3396065338846503,13,7,0.5384615384615384,3.5929532416670336,0.5876877675449893,100.0,109.4613354814997,0.9966062602447234,0.4245121023061253,1542.3957826602316,1547.573194121131,True,True,True,True,True,True,lhs_holdout,107.0,,
,,1.98231759258757,0.1864437908739508,0.6637420076472258,0.3362579923527742,24,16,0.6666666666666666,1.934690494839452,0.4975086988498146,100.0,112.53249574625994,0.9996200761770628,0.3245004273640727,1193.934082427304,1201.7656618629678,True,True,True,True,True,True,lhs_holdout,108.0,,
,,1.6193385285158903,0.0852417692294465,0.5447611445681224,0.4552388554318776,24,10,0.4166666666666667,2.842407003523721,0.4907810503919978,100.0,108.15029292357156,0.9985677129717628,0.0739207024039148,1605.0690495909132,1622.1937475138702,True,True,True,True,True,True,lhs_holdout,109.0,,
,,1.059723589256723,0.1164487060838816,0.6207925921745431,0.3792074078254569,28,11,0.3928571428571428,1.4830698455140894,0.4601519402853486,100.0,90.58086863456184,0.9957355998796508,0.1809210486504349,1126.3912993931608,1138.128375538766,True,True,True,True,True,True,lhs_holdout,110.0,,
,,1.295516722182522,0.2762584727697416,0.647527843693787,0.352472156306213,25,8,0.32,1.97976776156834,0.4897523523654292,100.0,96.9438431305784,0.9950079764092922,0.2854986291102422,1264.369863911989,1272.8922297955512,True,True,True,True,True,True,lhs_holdout,111.0,,
,,1.67767451302779,0.0499362375671188,0.3017156067665675,0.6982843932334325,20,12,0.6,3.5202005809600285,0.4437586302182666,100.0,117.55874784014634,0.5410662742634046,0.0016951717572693,2210.61523779779,2218.5114271006946,True,True,True,True,True,True,lhs_holdout,112.0,,
,,1.8960307009327648,0.1557830783528165,0.3737494725233439,0.6262505274766561,19,9,0.4736842105263157,2.1464351561355066,0.5511134577219099,100.0,119.84077032999356,0.8191653205659896,0.0109565705351686,1186.987954528981,1202.420850967551,True,True,True,True,True,True,lhs_holdout,113.0,,
,,1.9931719478124217,0.0088094186193818,0.5679375132855358,0.4320624867144642,16,7,0.4375,1.8004743746244043,0.5403338048969673,100.0,115.54893824032666,0.9713162730398878,0.2247805946850262,1048.132688937311,1058.6006513429295,True,True,True,True,True,True,lhs_holdout,114.0,,
,,1.8565496333582985,0.1885751452585898,0.6762091356908341,0.3237908643091659,21,12,0.5714285714285714,2.364280718383012,0.4095495894633014,100.0,109.61557266762878,0.999400931711954,0.210261807078209,1615.3260049395428,1626.120004203996,True,True,True,True,True,True,lhs_holdout,115.0,,
,,1.6797125626770888,0.2269841427438421,0.4982616448508463,0.5017383551491537,15,7,0.4666666666666667,3.95217354980876,0.451593368079241,100.0,110.97909964226324,0.90477910133378,0.0046035868574627,2265.432915922495,2283.048756511699,True,True,True,True,True,True,lhs_holdout,116.0,,
,,1.564013830836139,0.1724492166995195,0.4814984720195852,0.5185015279804148,25,17,0.68,1.678261077273465,0.5981512831880557,100.0,108.77010641203977,0.974870305492568,0.1500399002318006,889.2059204560846,902.258124283519,True,True,True,True,True,True,lhs_holdout,117.0,,
,,1.2314536256169983,0.2069696881821768,0.5515243459128873,0.4484756540871126,22,9,0.4090909090909091,2.382480781832838,0.4251927357824343,100.0,97.81780981154223,0.9591350132538938,0.0004983538706999,1633.557952863219,1652.2247376041555,True,True,True,True,True,True,lhs_holdout,118.0,,
,,1.1608085724506283,0.0430612316761878,0.6737008892016769,0.3262991107983231,15,6,0.4,3.083946630455408,0.4394415333999763,100.0,92.34114958081597,0.9961665480147076,0.262358488713551,1914.5113683867507,1923.4034425123568,True,True,True,True,True,True,lhs_holdout,119.0,,
,,1.2406447584728004,0.0523645382191707,0.4563464497637445,0.5436535502362555,12,8,0.6666666666666666,3.929632802239855,0.4577941667792458,100.0,100.95891002926705,0.819617660592393,0.0260930823705317,2303.5109902572435,2317.6376649224326,True,True,True,True,True,True,lhs_holdout,120.0,,
,,1.8419750602441176,0.2539223828662137,0.4427838159463632,0.5572161840536368,18,8,0.4444444444444444,3.352328267616942,0.4870419971039837,100.0,116.35898391237744,0.8611017727227512,0.0022090306365899,1866.3369429988927,1883.2357441605209,True,True,True,True,True,True,lhs_holdout,121.0,,
,,1.1506348368035817,0.0581103755061791,0.4336307602963671,0.5663692397036328,17,8,0.4705882352941176,4.052130713120319,0.4504349669023432,100.0,98.96469058851022,0.7883174733282666,0.0008867050886291,2414.680601596356,2429.0435926802697,True,True,True,True,True,True,lhs_holdout,122.0,,
,,1.4815757051849534,0.2973181194670951,0.4170132040763497,0.5829867959236503,16,11,0.6875,3.5329876713867936,0.4561033134357921,100.0,108.78928121442914,0.7538413973615714,0.0153504196563042,2125.840714033326,2138.7480600542262,True,True,True,True,True,True,lhs_holdout,123.0,,
,,1.9785377280466945,0.2329302239219843,0.6019440529450868,0.3980559470549132,23,9,0.391304347826087,4.335887221240481,0.5656807610256727,100.0,114.24075059494736,0.9991024671897912,0.2970146484497322,1876.763045986231,1885.407789247504,True,True,True,True,True,True,lhs_holdout,124.0,,
,,1.0858002750456786,0.2986773615797511,0.3418051197079139,0.6581948802920861,21,7,0.3333333333333333,3.4415108451096525,0.4689122749865236,100.0,99.91922667263508,0.6435619734005774,3.7145735547904605e-05,2100.825641072034,2111.5272181979294,True,True,True,True,True,True,lhs_holdout,125.0,,
,,1.170224857823024,0.0861632220671099,0.6893446940091202,0.3106553059908797,20,11,0.55,4.028699676147676,0.565359290097653,100.0,92.21504688083228,0.9999137716004184,0.4505833763766119,1825.603395922945,1830.0853510197817,True,True,True,True,True,True,lhs_holdout,126.0,,
,,1.438129237260867,0.132919415846024,0.6486426062553995,0.3513573937446005,29,20,0.6896551724137931,2.103334682626027,0.4447348513997782,100.0,100.71620252363503,0.9999849580386624,0.2099787223926223,1423.0659963033636,1433.992867367252,True,True,True,True,True,True,lhs_holdout,127.0,,
,,1.3406308758532126,0.1713963133474746,0.5824360812865153,0.4175639187134847,13,9,0.6923076923076923,2.805426869884198,0.5280475855792328,100.0,100.00050624561658,0.996223964222442,0.2126011436906993,1490.3100170491937,1501.4135244808008,True,True,True,True,True,True,lhs_holdout,128.0,,
,,1.5034437732862571,0.0400787471390127,0.5734513870921032,0.4265486129078968,18,8,0.4444444444444444,3.3300876970569604,0.5731819307532042,100.0,104.49520001548768,0.9975705388887012,0.2576321790995646,1523.1516677382,1532.777386205362,True,True,True,True,True,True,lhs_holdout,129.0,,
,,1.8770370173193476,0.2796244005914186,0.4138779846393978,0.5861220153606022,28,10,0.3571428571428571,1.8187339204823727,0.4410820904201702,100.0,118.06798436015772,0.740425575617931,9.4075799687941e-05,1341.333768116367,1354.4634668032097,True,True,True,True,True,True,lhs_holdout,130.0,,
,,1.4424703928947855,0.0072739735216412,0.4176786865171468,0.5823213134828532,12,8,0.6666666666666666,2.210110205723731,0.4607712711437988,100.0,107.75991169462036,0.734755460875275,0.0466126009499647,1499.1108904085286,1510.2310904724093,True,True,True,True,True,True,lhs_holdout,131.0,,
,,1.3357244129281445,0.2998173200841144,0.5099576813967484,0.4900423186032516,25,12,0.48,2.4103294092180896,0.4693830542390791,100.0,101.99995385171064,0.9603840975879102,0.00078629916293,1513.2667221929776,1532.7417004958104,True,True,True,True,True,True,lhs_holdout,132.0,,
,,1.3796693773532651,0.1750480467153598,0.6150717503800142,0.3849282496199858,20,10,0.5,2.51514814577837,0.428681586854836,100.0,100.1245680581871,0.9988819201874896,0.1035551544716419,1662.8311131302137,1677.7101889459873,True,True,True,True,True,True,lhs_holdout,133.0,,
,,1.577257494725823,0.244557087021344,0.3313919880226048,0.6686080119773952,28,11,0.3928571428571428,3.0483858435455287,0.4239517378650225,100.0,114.09724389531353,0.5752778976025624,9.969198023562707e-06,2050.728645578391,2057.597625441425,True,True,True,True,True,True,lhs_holdout,134.0,,
,,1.6222077558351526,0.0791397626126101,0.5149883681510788,0.4850116318489211,27,14,0.5185185185185185,3.012270451653354,0.5502200562800224,100.0,109.12279306477144,0.9998432723741772,0.1186305165596117,1479.8209006082477,1495.0686029261974,True,True,True,True,True,True,lhs_holdout,135.0,,
,,1.0155094820539536,0.2635738528791984,0.5497189322804782,0.4502810677195218,25,14,0.56,2.5098963873977,0.5703006374384537,100.0,91.08579980344882,0.999895410018746,0.2105242020336926,1268.880014685278,1279.8768930439464,True,True,True,True,True,True,lhs_holdout,136.0,,
,,1.0455104069968997,0.0161032475622888,0.606447984791354,0.393552015208646,28,11,0.3928571428571428,2.6353834339595013,0.4914037568337952,100.0,90.5050966456538,0.999646277069924,0.199507642839857,1553.3842643915948,1564.7005415778722,True,True,True,True,True,True,lhs_holdout,137.0,,
,,1.9669405086676348,0.2684780591918537,0.3564523495322418,0.6435476504677582,18,8,0.4444444444444444,2.942715151875418,0.5186071876961654,100.0,121.92190135436964,0.737544858159116,0.0027071567805453,1611.6266924036024,1625.0483101572931,True,True,True,True,True,True,lhs_holdout,138.0,,
,,1.0160935889501896,0.0779018538733739,0.372356466758368,0.6276435332416319,10,5,0.5,1.609001639780176,0.5103524186757039,100.0,96.55358692361716,0.7181578616907699,0.0405846151120496,1130.0512909310503,1141.1522823274763,True,True,True,True,True,True,lhs_holdout,139.0,,
,,1.1961663031847416,0.0910070802051106,0.3083134966304683,0.6916865033695316,11,7,0.6363636363636364,3.480089551797116,0.4495251044221539,100.0,104.5627231525819,0.547745038933947,0.0151131045908652,2209.9884665578925,2217.6370697422167,True,True,True,True,True,True,lhs_holdout,140.0,,
,,1.166022792202961,0.0301090152787776,0.6834067082938148,0.3165932917061852,25,10,0.4,3.563323605335394,0.4358634451730473,100.0,92.24377015503018,0.9997982463909884,0.2739029428025418,2150.6947017813736,2159.281508514276,True,True,True,True,True,True,lhs_holdout,141.0,,
,,1.5818997866206062,0.2487945577939135,0.3185644343756033,0.6814355656243967,17,10,0.5882352941176471,2.0197620064665083,0.5303152181555677,100.0,114.66680212446356,0.6617536929186921,0.014612264733323,1234.0669628987068,1244.8563042820983,True,True,True,True,True,True,lhs_holdout,142.0,,
,,1.3821524333678137,0.2817372062382478,0.6714887890805886,0.3285112109194114,18,8,0.4444444444444444,2.4323460838526367,0.5959751747573839,100.0,98.64047948657264,0.9970631551552668,0.450774834526494,1148.556572300086,1153.0243611893552,True,True,True,True,True,True,lhs_holdout,143.0,,
,,1.749083475916927,0.1571225819656907,0.5094781386318739,0.4905218613681261,11,6,0.5454545454545454,1.695515773828977,0.5050723374021567,100.0,112.19733710629788,0.9007831172846767,0.1260327289904202,1110.876418831353,1123.2654592305744,True,True,True,True,True,True,lhs_holdout,144.0,,
,,1.380547639743232,0.116123340341907,0.6114720389590965,0.3885279610409035,21,9,0.4285714285714285,4.223129596775478,0.437062914542898,100.0,100.24893254328242,0.999547188278482,0.1116351818174027,2434.1011891949297,2448.758960713097,True,True,True,True,True,True,lhs_holdout,145.0,,
,,1.9596455289975012,0.2209931435634721,0.5177231939509537,0.4822768060490463,25,13,0.52,3.1147095812480634,0.4585001525524309,100.0,116.41646510603408,0.9551773260400468,0.0010724805542326,1822.2687318435487,1841.7473286771776,True,True,True,True,True,True,lhs_holdout,146.0,,
,,1.4060163845670048,0.1964811517130416,0.3330720034249591,0.666927996575041,14,7,0.5,3.5273821857755268,0.5761045957149253,100.0,109.66521174989344,0.7743600411138042,0.0083752752781055,1654.5496361084895,1668.668654603068,True,True,True,True,True,True,lhs_holdout,147.0,,
,,1.0431937195917618,0.2228629086419621,0.6170241739719828,0.3829758260280171,16,10,0.625,3.850432613479677,0.5013411712807426,100.0,90.14032099584084,0.9997538798267056,0.2363417702820778,2032.252178688984,2042.3008568208693,True,True,True,True,True,True,lhs_holdout,148.0,,
,,1.0413152751333998,0.1815551059990613,0.5212479599134131,0.4787520400865869,20,10,0.5,4.323994566507231,0.4257377929046628,100.0,92.77691761297012,0.9073782803703004,0.0004106081650823,2617.697393650984,2634.866779677983,True,True,True,True,True,True,lhs_holdout,149.0,,
,,1.70267418057158,0.2249881401327944,0.4685387625258626,0.5314612374741374,22,13,0.5909090909090909,4.382119839350786,0.4763013278491095,100.0,112.44379684151562,0.8930640898632576,0.0017861055192569,2354.364786824445,2372.08827829287,True,True,True,True,True,True,lhs_holdout,150.0,,
,,1.332664301682304,0.008322382317925,0.3149798779795186,0.6850201220204815,17,9,0.5294117647058824,3.861946738787495,0.5916358692359258,100.0,108.29983065282244,0.7655683938780666,0.0039714030984154,1719.237565685881,1733.2340471051946,True,True,True,True,True,True,lhs_holdout,151.0,,
,,1.0375949551841517,0.0026747525790295,0.6122388871190052,0.3877611128809948,22,9,0.4090909090909091,1.3369162942552193,0.5669498087372344,100.0,90.08495264655072,0.98551437941164,0.3271222294511648,853.1408081451519,860.1868410439058,True,True,True,True,True,True,lhs_holdout,152.0,,
,,1.649359017676644,0.0780143229655849,0.604480259091869,0.395519740908131,28,9,0.3214285714285714,2.4711595944555107,0.495649956954671,100.0,107.09255115402031,0.9971701732201248,0.2048844394576015,1434.9528539788337,1446.4610230633448,True,True,True,True,True,True,lhs_holdout,153.0,,
,,1.6927795451111334,0.2805336342681624,0.6808512500004513,0.3191487499995487,28,14,0.5,2.437205980546527,0.572204070297563,100.0,105.93584460704004,0.9998259109450566,0.4423769590363747,1202.6184890783466,1207.4541355651331,True,True,True,True,True,True,lhs_holdout,154.0,,
,,1.3707355949997702,0.0813995332398247,0.6878046359993872,0.3121953640006127,22,9,0.4090909090909091,3.260234068953971,0.4712087182276941,100.0,97.90239550143116,0.9993763084593058,0.3381585829325626,1865.7623390714264,1872.8524584289132,True,True,True,True,True,True,lhs_holdout,155.0,,
,,1.8905100169484408,0.0019411996628628,0.4025899279264299,0.5974100720735701,30,18,0.6,3.897814506577416,0.5497420723222562,100.0,118.73440719560966,0.8930719522256507,0.0008856388219181,1829.7920758262408,1847.977560358868,True,True,True,True,True,True,lhs_holdout,156.0,,
,,1.9154213597277956,0.2098453149541785,0.4547312309007231,0.5452687690992768,28,12,0.4285714285714285,3.907214030289431,0.4940557720322822,100.0,117.52005922618054,0.898704538474278,6.838993102180856e-05,2056.112457985774,2074.3215133454146,True,True,True,True,True,True,lhs_holdout,157.0,,
,,1.9456646009606444,0.24659549578032,0.3037310960251765,0.6962689039748235,20,12,0.6,3.5420870281372334,0.4716902656395267,100.0,123.3793926143906,0.5727426349755453,0.0024289183637668,2082.40838699961,2091.1846464072737,True,True,True,True,True,True,lhs_holdout,158.0,,
,,1.2857685916653812,0.1389659624459061,0.3528011123879904,0.6471988876120096,26,15,0.5769230769230769,3.507209517805191,0.4893521325896121,100.0,105.656915461861,0.6905223381707104,0.0003796923703098,2018.9159347855216,2030.9730922582537,True,True,True,True,True,True,lhs_holdout,159.0,,
,,1.7741341984351735,0.2346115073126801,0.5863442874907269,0.4136557125092731,17,11,0.6470588235294118,2.0826138277950124,0.5240460603761975,100.0,110.4236009200244,0.996123298939514,0.2141699856964142,1197.4033955508462,1208.6968245277171,True,True,True,True,True,True,lhs_holdout,160.0,,
,,1.266673093485542,0.0521328931185716,0.3385339765720608,0.6614660234279393,29,19,0.6551724137931034,1.942155579471508,0.5801996935403679,100.0,105.59794125570004,0.7928403092963098,0.0098307861548723,1067.9152978775462,1082.454402848998,True,True,True,True,True,True,lhs_holdout,161.0,,
,,1.8186276741687697,0.1334083879590784,0.5320063663955775,0.4679936336044225,22,10,0.4545454545454545,1.5755716860260582,0.4197088626804125,100.0,113.02291791210148,0.9129424143392564,0.0053308788932299,1238.585091807049,1255.9471917149954,True,True,True,True,True,True,lhs_holdout,162.0,,
,,1.672046671843567,0.1444090041674225,0.67083103289133,0.32916896710867,19,10,0.5263157894736842,1.4067630547539252,0.4882586649219726,100.0,105.74252306029234,0.9894706195341376,0.336866954731257,1010.344765708786,1017.4977420241228,True,True,True,True,True,True,lhs_holdout,163.0,,
,,1.604425072250737,0.1105007279548308,0.4481430153707217,0.5518569846292782,30,14,0.4666666666666667,1.9936577828541973,0.5704794442264629,100.0,110.80696559521846,0.9921325871929918,0.0385768699762228,1056.862170292683,1075.8501246072346,True,True,True,True,True,True,lhs_holdout,164.0,,
,,1.1190174851072172,0.0984641813882782,0.4406848730431371,0.5593151269568628,14,5,0.3571428571428571,2.5453867315544394,0.5781864639946904,100.0,97.74940984004404,0.9599139878787892,0.0618816087556362,1262.636117333022,1279.182065760803,True,True,True,True,True,True,lhs_holdout,165.0,,
,,1.6818649630396252,0.1883683157391599,0.3663995850046674,0.6336004149953326,15,9,0.6,3.839770066888153,0.5533390969574137,100.0,115.36174736640528,0.8040891094301713,0.0130931418917043,1835.236547583612,1850.0860151101424,True,True,True,True,True,True,lhs_holdout,166.0,,
,,1.1823537453651676,0.0982991994908532,0.4478825090121429,0.5521174909878571,20,12,0.6,3.922242984342656,0.4796723200482824,100.0,99.48861538614,0.8585836818763698,0.0023695421323083,2198.1531429631154,2214.688074966847,True,True,True,True,True,True,lhs_holdout,167.0,,
,,1.275814487845151,0.1659633110892367,0.6946097619551148,0.3053902380448852,14,10,0.7142857142857143,1.5134724212110204,0.4404998936048207,100.0,95.13725725691762,0.992684847300392,0.3160097288504325,1171.025344855433,1178.3943148014623,True,True,True,True,True,True,lhs_holdout,168.0,,
,,1.7430706407242853,0.2769792573958669,0.3126246486268171,0.6873753513731828,11,4,0.3636363636363636,4.459615191702976,0.4275656070599556,100.0,118.66502409344236,0.543861098893909,0.0030402353298039,2740.283570448486,2748.100642121909,True,True,True,True,True,True,lhs_holdout,169.0,,
,,1.873647417269956,0.0232947920931276,0.5785415139017545,0.4214584860982455,24,13,0.5416666666666666,3.337494405698582,0.4945385840697225,100.0,112.78425337972288,0.9998315517005312,0.1479119986445426,1781.60874140725,1795.5586373733036,True,True,True,True,True,True,lhs_holdout,170.0,,
,,1.5311025409855974,0.0279642490939817,0.5112999326407567,0.4887000673592433,21,11,0.5238095238095238,2.2019308155183683,0.5891116808315164,100.0,107.03942982898872,0.996626288564215,0.1727996879362686,1083.332815050176,1096.0077849872862,True,True,True,True,True,True,lhs_holdout,171.0,,
,,1.9226878522418096,0.198426549851017,0.4730122198953754,0.5269877801046245,23,11,0.4782608695652174,2.323131590296064,0.4769157868913029,100.0,117.07751649367196,0.9020083924384694,0.0024896370511177,1438.3054910114224,1456.336469874789,True,True,True,True,True,True,lhs_holdout,172.0,,
,,1.4359468444700054,0.0845703245177123,0.6955187532380351,0.3044812467619648,16,11,0.6875,1.2566368698237222,0.5676968358725069,100.0,99.39337030171735,0.9904164603076152,0.4709533056895407,807.3848810504007,811.4486984376535,True,True,True,True,True,True,lhs_holdout,173.0,,
,,1.136346777030684,0.0452632661592659,0.3012917044153143,0.6987082955846857,19,11,0.5789473684210527,3.831322652517475,0.5109743619451811,100.0,102.9561159480604,0.6145508818573514,0.0014888177298805,2106.865436274427,2116.91811370752,True,True,True,True,True,True,lhs_holdout,174.0,,
,,1.5946466952349807,0.0395603524734483,0.5631991460279817,0.4368008539720183,22,13,0.5909090909090909,3.987534480962691,0.4855312158592252,100.0,107.01588448988105,0.9999253434279364,0.1004385269860216,2106.232541101229,2122.0671267866346,True,True,True,True,True,True,lhs_holdout,175.0,,
,,1.5242194720763529,0.2163180264358276,0.483619126594657,0.516380873405343,24,10,0.4166666666666667,4.15537982338745,0.4301656914699381,100.0,107.72617832238764,0.848658793760647,5.76309330599452e-05,2490.1602810911527,2506.0669191770385,True,True,True,True,True,True,lhs_holdout,176.0,,
,,1.821609026980836,0.2053922837944745,0.4094287261685306,0.5905712738314695,29,20,0.6896551724137931,4.101209955373804,0.5335295446803308,100.0,117.02832524483756,0.874471617153404,0.0028564467938329,1985.9051218141467,2003.389838974398,True,True,True,True,True,True,lhs_holdout,177.0,,
,,1.6257306159501532,0.1128838308682686,0.6669436822371222,0.3330563177628778,26,18,0.6923076923076923,1.9038413604848865,0.4046940771290714,100.0,104.78553529773342,0.9998955767923522,0.1771698589101559,1417.3260390895775,1429.1119309169617,True,True,True,True,True,True,lhs_holdout,178.0,,
,,1.8787790298653164,0.2728767658213965,0.6856893076375496,0.3143106923624503,22,10,0.4545454545454545,3.0010911404884952,0.4059538694247556,100.0,109.8157136443831,0.9993274649463773,0.2267331582504247,1931.319786153842,1941.5293493933527,True,True,True,True,True,True,lhs_holdout,179.0,,
,,1.8347608614873796,0.1775268186214742,0.5249180941456557,0.4750819058543443,14,8,0.5714285714285714,1.909328000522552,0.4088013291153923,100.0,113.58758594235483,0.863216776985973,0.0356800307635732,1437.6731427036584,1452.091629912435,True,True,True,True,True,True,lhs_holdout,180.0,,
,,1.811911649794112,0.0321592410214883,0.3957408506648499,0.6042591493351501,26,13,0.5,2.4816791396280644,0.4111318635225366,100.0,117.28023718754366,0.6718544321967325,0.0002611204065878,1766.4259835084074,1777.3921876956886,True,True,True,True,True,True,lhs_holdout,181.0,,
,,1.5780427317121992,0.1281008162718742,0.5748050623389835,0.4251949376610164,24,14,0.5833333333333334,1.844176334837937,0.490966098918878,100.0,106.27750483618,0.9985386955261484,0.1354888806307309,1189.5111535458177,1203.7660175302012,True,True,True,True,True,True,lhs_holdout,182.0,,
,,1.1957438947789043,0.1954073486241528,0.5190454333420439,0.4809545666579561,17,11,0.6470588235294118,2.549110414303559,0.5746565308833889,100.0,97.71739720472289,0.9987028318608612,0.1640147293923129,1259.7943397385527,1272.7129365961353,True,True,True,True,True,True,lhs_holdout,183.0,,
,,1.7211826612452663,0.1287410885977875,0.3922934806542842,0.6077065193457158,25,8,0.32,4.200416152935098,0.5474682950161609,100.0,115.37706624450897,0.866836763739978,4.374548742640615e-05,1973.80853840703,1991.1959118751904,True,True,True,True,True,True,lhs_holdout,184.0,,
,,1.0930979069996294,0.1970592394617429,0.5476305456708401,0.4523694543291598,14,4,0.2857142857142857,4.141483277391819,0.4126617076776949,100.0,93.70396489674016,0.9311553135698244,0.0017885888469305,2567.4027211673047,2584.914541404317,True,True,True,True,True,True,lhs_holdout,185.0,,
,,1.8852428144248805,0.0683432161390503,0.4462671498940688,0.5537328501059312,20,13,0.65,4.115784042781103,0.4101749310357701,100.0,117.16517298140492,0.7536901512842974,0.0042025694537533,2563.2337984807787,2576.1751691709173,True,True,True,True,True,True,lhs_holdout,186.0,,
,,1.430488920915053,0.1240455465825927,0.557738568094461,0.442261431905539,10,6,0.6,2.370384945450655,0.5583789696038708,100.0,103.10257671661144,0.9716352629915712,0.2303873183520003,1237.0220164044356,1247.0173220013044,True,True,True,True,True,True,lhs_holdout,187.0,,
,,1.106108960217956,0.011164509159441,0.6192608796795636,0.3807391203204364,16,8,0.5,2.783745622804465,0.421727832477732,100.0,92.11059259302982,0.9979635134509838,0.0999746226553341,1833.6996397591165,1848.38246364019,True,True,True,True,True,True,lhs_holdout,188.0,,
,,1.948874663972336,0.2777840805376763,0.5154052320310221,0.4845947679689779,12,7,0.5833333333333334,1.922926000893642,0.4339978107564661,100.0,116.26938271532816,0.8605607492646856,0.0652686435684719,1378.0250436644517,1391.469451994618,True,True,True,True,True,True,lhs_holdout,189.0,,
,,1.0824267005750128,0.0388015703599523,0.3960969891041739,0.6039030108958261,17,7,0.4117647058823529,1.3500157441978844,0.406335764674966,100.0,97.99855957503011,0.6658009034465169,0.0020552328275332,1239.1267611066085,1249.7590278101682,True,True,True,True,True,True,lhs_holdout,190.0,,
,,1.7564501841932372,0.2673020457126922,0.6227708096609982,0.3772291903390018,18,12,0.6666666666666666,2.738752761996764,0.468724956282894,100.0,108.97798388468982,0.9994111683423396,0.195864977094897,1620.9458038374523,1632.7521277649153,True,True,True,True,True,True,lhs_holdout,191.0,,
,,1.0108114546113969,0.1500731115452066,0.5717004288508408,0.4282995711491592,27,15,0.5555555555555556,1.3288203605610096,0.5865742429278563,100.0,90.30463487747852,0.9933924722815268,0.2744859986716911,811.3444537318288,819.9916771416001,True,True,True,True,True,True,lhs_holdout,192.0,,
,,1.0380357114073644,0.1370356731417035,0.3644600164914671,0.6355399835085329,29,13,0.4482758620689655,3.4498185660510208,0.438082099776633,100.0,97.56485857194014,0.6485946203858134,7.067455870110351e-06,2230.588300603179,2240.488279461194,True,True,True,True,True,True,lhs_holdout,193.0,,
,,1.800324566283626,0.0130293617192559,0.657356962705272,0.342643037294728,29,16,0.5517241379310345,2.6749649808711364,0.5618145297141274,100.0,108.94996353705956,0.9999467652021244,0.390155236838664,1311.9069963871805,1317.9670526716127,True,True,True,True,True,True,lhs_holdout,194.0,,
,,1.500619746460843,0.1229019649799103,0.6970653354073638,0.3029346645926362,13,9,0.6923076923076923,2.8563353729348395,0.4990153091211262,100.0,100.97498495360908,0.9985124949685394,0.3944286176334824,1592.0698482687153,1597.882714404751,True,True,True,True,True,True,lhs_holdout,195.0,,
,,1.7989554982120353,0.289071404158287,0.6854883010766567,0.3145116989233433,19,8,0.4210526315789473,2.446761053014587,0.4168210720817081,100.0,108.13903448195624,0.9968128375230076,0.2499116253039606,1638.781196393384,1648.2650171308755,True,True,True,True,True,True,lhs_holdout,196.0,,
,,1.8031900118770083,0.0463146182384959,0.4232204663015129,0.5767795336984871,24,9,0.375,1.280048700027508,0.5005463062264133,100.0,116.1654384400353,0.8352756824117665,0.0120614680316151,957.563882525951,973.2919690172284,True,True,True,True,True,True,lhs_holdout,197.0,,
,,1.603141947757285,0.1899413541854172,0.5935712808911942,0.4064287191088058,23,14,0.6086956521739131,2.375072530328585,0.4531838403084631,100.0,106.32802196489548,0.9996970463486576,0.103530911839172,1514.4960637398788,1529.8722292919515,True,True,True,True,True,True,lhs_holdout,198.0,,
,,1.656588405992741,0.0664189410799818,0.357677608677275,0.642322391322725,26,8,0.3076923076923077,1.4716726600910006,0.5815529982470989,100.0,115.0746288783214,0.819218359171865,0.0255860691194058,876.6887956004258,891.2858894688591,True,True,True,True,True,True,lhs_holdout,199.0,,
,,1.733880351325365,0.1758991754014038,0.6062753938632204,0.3937246061367796,12,8,0.6666666666666666,3.6316548424505743,0.4034411066794109,100.0,108.95476820520103,0.9704442948331038,0.067802688715973,2270.5806315063087,2286.1671861905725,True,True,True,True,True,True,lhs_holdout,200.0,,
,,1.871109967890292,0.0611621296975776,0.4944249981429107,0.5055750018570893,12,5,0.4166666666666667,3.3893120878078538,0.5064142507220434,100.0,115.31418321275343,0.9522051297669336,0.0482261132677893,1778.3500258411132,1795.7066973621309,True,True,True,True,True,True,lhs_holdout,201.0,,
,,1.965811427893024,0.1254796181756992,0.3906337248844788,0.6093662751155211,27,9,0.3333333333333333,2.7190417792735886,0.4308226470594888,100.0,120.70872032199172,0.6862976944181316,2.0558415800829384e-05,1810.474326121153,1822.0434168993932,True,True,True,True,True,True,lhs_holdout,202.0,,
,,1.003746129486418,0.1669225268608998,0.3691634594447351,0.6308365405552648,15,9,0.6,3.6751860947969313,0.4253180646707827,100.0,96.23227006622407,0.6394096354813261,0.0040122649203211,2403.6478086244083,2413.744494335337,True,True,True,True,True,True,lhs_holdout,203.0,,
,,1.9110341232210564,0.0729261576852589,0.5484909268342214,0.4515090731657786,18,7,0.3888888888888889,2.4930076286473417,0.5551690255658959,100.0,114.46878685367898,0.98704525024902,0.1970994981224914,1264.483004975176,1276.2770054656908,True,True,True,True,True,True,lhs_holdout,204.0,,
,,1.268440260312255,0.0693323562642478,0.4200554524091643,0.5799445475908357,29,20,0.6896551724137931,3.607960345947305,0.5991176720827948,100.0,102.9209167714584,0.9999975083010582,0.0319827966446416,1535.542119230411,1555.367045928995,True,True,True,True,True,True,lhs_holdout,205.0,,
,,1.2540485279512206,0.228468777464309,0.5219873954589695,0.4780126045410304,28,10,0.3571428571428571,3.402840021126469,0.5787803529425,100.0,99.34185410263086,0.9993477470844404,0.1745968140769354,1543.5265588428667,1556.0577768472633,True,True,True,True,True,True,lhs_holdout,206.0,,
,,1.8616927963349248,0.2933620029127785,0.4326439006071261,0.5673560993928739,26,16,0.6153846153846154,3.7572543553676176,0.4709496041773203,100.0,117.11532875052932,0.8166544561577368,0.0012733199777901,2118.5790183477525,2134.094624060554,True,True,True,True,True,True,lhs_holdout,207.0,,
,,1.365596265496781,0.0739196498275956,0.3811057688731955,0.6188942311268044,25,12,0.48,3.2899038548800057,0.5255637683765858,100.0,106.92617217164587,0.8029498256482488,0.0002945199847131,1749.5920465481047,1764.9641997154126,True,True,True,True,True,True,lhs_holdout,208.0,,
,,1.2935481420841666,0.2115372950605945,0.4464434450785404,0.5535565549214596,25,12,0.48,4.423832853831673,0.4815268764918276,100.0,102.79220533294772,0.8609817098938752,9.595658529288762e-05,2400.8620993733816,2417.6450532186163,True,True,True,True,True,True,lhs_holdout,209.0,,
,,1.051358531762093,0.0896080848689863,0.642661717284252,0.3573382827157479,17,6,0.3529411764705882,3.769235415255216,0.5603324507833549,100.0,89.7196769748449,0.9968114316489316,0.3647765956506414,1762.2764071865206,1768.5558307110755,True,True,True,True,True,True,lhs_holdout,210.0,,
,,1.9881266606162695,0.0712872578525781,0.5455141501097339,0.4544858498902661,19,10,0.5263157894736842,2.5826459267624635,0.5114253330042645,100.0,116.13089930237236,0.9965591737927716,0.1146228799242795,1417.8397919944944,1433.31066505869,True,True,True,True,True,True,lhs_holdout,211.0,,
,,1.868010370214341,0.2679082316323976,0.4084176427354081,0.5915823572645919,16,6,0.375,4.166086486234413,0.5895088128911107,100.0,118.06014898974558,0.9723195901264232,0.0157392880036463,1733.7146932664425,1753.3872095853312,True,True,True,True,True,True,lhs_holdout,212.0,,
,,1.556724782039542,0.0497694999228309,0.5736148903189976,0.4263851096810024,21,8,0.3809523809523809,4.259261296256662,0.5003758676725704,100.0,105.79873584594657,0.9987217572489464,0.1491520352310162,2160.5752141308326,2174.291246983544,True,True,True,True,True,True,lhs_holdout,213.0,,
,,1.9043555729078123,0.2960110897621997,0.6321745943619408,0.3678254056380592,23,8,0.3478260869565217,2.349348888574942,0.5513475738228513,100.0,111.85299429907172,0.994183517193813,0.3375942240527074,1221.306787025474,1228.6730940066034,True,True,True,True,True,True,lhs_holdout,214.0,,
,,1.1249884753705146,0.0883580561441305,0.4772322324284371,0.522767767571563,29,13,0.4482758620689655,2.9547343758833806,0.5795205665345875,100.0,96.80507855863584,0.9998258227840696,0.0980470057280548,1391.8175915923373,1407.6339227363278,True,True,True,True,True,True,lhs_holdout,216.0,,
,,1.4027463500344317,0.0733516381198847,0.6128842496905058,0.3871157503094942,11,5,0.4545454545454545,3.1868900920471503,0.5975382307647912,100.0,100.79431379395874,0.9869865849007574,0.3609140732024049,1397.4794341685788,1403.7939412886335,True,True,True,True,True,True,lhs_holdout,217.0,,
,,1.2076046660354909,0.0562252023278649,0.5851764869167789,0.4148235130832211,14,8,0.5714285714285714,2.053326160144638,0.4115299277728576,100.0,96.15365492986058,0.9656189541646796,0.0411732039502502,1509.211726809377,1525.7199609053137,True,True,True,True,True,True,lhs_holdout,218.0,,
,,1.7372846347369482,0.0537129570443479,0.5662820592372115,0.4337179407627884,11,4,0.3636363636363636,1.3179599770910282,0.5153799041232368,100.0,110.20539707039018,0.9119687012115222,0.2412275264890707,933.8047025604454,942.3377101869384,True,True,True,True,True,True,lhs_holdout,219.0,,
,,1.972589943606952,0.2225580410211139,0.5988151015185894,0.4011848984814106,14,6,0.4285714285714285,1.808420517564956,0.5850207037467318,100.0,114.2136712596798,0.969169480511291,0.3361077282716116,950.005414934661,956.9102568894402,True,True,True,True,True,True,lhs_holdout,220.0,,
,,1.6703588858347205,0.2560555481572714,0.6397113515508659,0.3602886484491341,26,9,0.3461538461538461,1.9762124038520577,0.4647036291534342,100.0,106.57073948504132,0.9952321228747536,0.2301816820503258,1305.3700288967393,1315.78071355646,True,True,True,True,True,True,lhs_holdout,221.0,,
,,1.6204964385815384,0.035811691936733,0.3509817565358833,0.6490182434641167,23,14,0.6086956521739131,3.455200433449674,0.5686522908634636,100.0,114.45336767373868,0.8086544646783421,0.0038192981572682,1634.000195915742,1649.3956275335863,True,True,True,True,True,True,lhs_holdout,222.0,,
,,1.825528005474759,0.184342106706108,0.5160559973221162,0.4839440026778838,17,8,0.4705882352941176,3.299676662974395,0.5804004681450665,100.0,113.66418868536772,0.9954290841964984,0.1694906502323728,1469.943915904852,1482.9195578332767,True,True,True,True,True,True,lhs_holdout,223.0,,
,,1.5347729670305403,0.212466132320076,0.4304731134027554,0.5695268865972445,30,18,0.6,4.3146643835972025,0.5871936777778239,100.0,109.68562440667915,0.9999958843991348,0.0300823626648009,1804.333403465054,1824.3544794245672,True,True,True,True,True,True,lhs_holdout,224.0,,
,,1.729045598733434,0.0039034112798792,0.5108741100897096,0.4891258899102904,29,20,0.6896551724137931,3.570478353929184,0.5847565371586951,100.0,111.70639012234729,0.9999972545385484,0.163534710016662,1549.6704003838308,1563.2888876282982,True,True,True,True,True,True,lhs_holdout,225.0,,
,,1.3155496446677888,0.1519241970126242,0.492121730506221,0.5078782694937789,24,15,0.625,3.886926666553322,0.452674260822948,100.0,101.98547568112946,0.8979442844647035,0.0014551000027047,2266.165983868027,2283.6054038075827,True,True,True,True,True,True,lhs_holdout,226.0,,
,,1.2271966767319813,0.1630391489371076,0.6931149604814457,0.3068850395185543,12,4,0.3333333333333333,2.9189237882395824,0.4702814801478186,100.0,93.79348911996584,0.9864271321350544,0.3627322987883532,1734.5914251260333,1740.766015723156,True,True,True,True,True,True,lhs_holdout,227.0,,
,,1.719660400052455,0.2608828886821088,0.5127536437243694,0.4872463562756306,13,4,0.3076923076923077,1.352894802112786,0.5205274682109241,100.0,111.43712739290874,0.8919243533648369,0.1634889765139137,941.9494400847884,952.6987630268892,True,True,True,True,True,True,lhs_holdout,228.0,,
,,1.2196161576771778,0.2518947226520525,0.6153504094387916,0.3846495905612084,11,7,0.6363636363636364,4.452875634329049,0.4757289165542182,100.0,95.66309778458094,0.9959681965398874,0.1958856699943592,2384.6360605815453,2396.0641474397944,True,True,True,True,True,True,lhs_holdout,229.0,,
,,1.726371052247938,0.1018588461669506,0.5813790341092346,0.4186209658907653,15,10,0.6666666666666666,2.1409622834706594,0.467026993762703,100.0,109.51470872534968,0.9860368990531488,0.1195935044608573,1371.5437062123628,1386.0828600312811,True,True,True,True,True,True,lhs_holdout,230.0,,
,,1.1474939305001406,0.1477345253481377,0.6617825205254166,0.3382174794745833,24,13,0.5416666666666666,1.6869937054329665,0.4523982776897329,100.0,92.2515454922164,0.9992316384283416,0.2533199941381762,1230.4432918140787,1239.7553169571042,True,True,True,True,True,True,lhs_holdout,231.0,,
,,1.954857665275889,0.1848035533365285,0.5759690845521385,0.4240309154478615,19,12,0.631578947368421,2.046054391139464,0.53756438319797,100.0,114.53553162392971,0.996655347811436,0.2140781920277525,1142.2503505305965,1153.6599274697496,True,True,True,True,True,True,lhs_holdout,232.0,,
,,1.6652095306924823,0.108751754519622,0.4501027654332749,0.5498972345667251,20,13,0.65,1.210493678006361,0.5230082331700776,100.0,112.1753498397133,0.8401970849660125,0.0943306989438921,890.2958417210209,902.4774021582448,True,True,True,True,True,True,lhs_holdout,233.0,,
,,1.932276371164368,0.1124146485488592,0.4994476784363876,0.5005523215636124,14,9,0.6428571428571429,3.672337860938556,0.4992306612129097,100.0,116.43111894397134,0.957925279619991,0.0395662890138068,1914.297116080278,1932.2392443135584,True,True,True,True,True,True,lhs_holdout,234.0,,
,,1.7095082488259898,0.1183621108522182,0.4801963414894254,0.5198036585105745,12,5,0.4166666666666667,4.089476287689277,0.442325849890879,100.0,112.22791600083303,0.854087606858696,0.0088091641157135,2386.9054467573533,2402.767075153302,True,True,True,True,True,True,lhs_holdout,235.0,,
,,1.9270723437790744,0.2080263421754951,0.3169631516418993,0.6830368483581006,12,5,0.4166666666666667,2.095844196240697,0.5646903462425246,100.0,122.50874294965024,0.6948475867243245,0.0256593271246776,1152.833591506159,1164.032030236022,True,True,True,True,True,True,lhs_holdout,236.0,,
,,1.4914905432997652,0.1301189771423662,0.367244961305517,0.632755038694483,24,12,0.5,1.2472119710666456,0.4018403218789369,100.0,110.71106492585216,0.6132205763171624,0.0010982468649936,1180.830920542657,1190.188014281935,True,True,True,True,True,True,lhs_holdout,237.0,,
,,1.6359297663777808,0.0629028350578502,0.690688599727715,0.309311400272285,16,8,0.5,4.130945189110843,0.5820596011519791,100.0,104.37314445046997,0.9990043378714902,0.469306511837766,1757.8710039735172,1762.122973367636,True,True,True,True,True,True,lhs_holdout,238.0,,
,,1.962303238491878,0.0868634033119204,0.3183595712090799,0.6816404287909201,27,13,0.4814814814814814,1.545715151884255,0.4164960132465197,100.0,123.18975135898046,0.5453264825465173,0.0003831603803911,1292.0639862970197,1299.9195852553269,True,True,True,True,True,True,lhs_holdout,239.0,,
,,1.985743413482978,0.1999314969872885,0.5776491908328312,0.4223508091671688,19,9,0.4736842105263157,3.821013924284239,0.516189016947971,100.0,115.1077957956366,0.9986943681626752,0.1830127669472518,1888.602935942132,1901.234370746935,True,True,True,True,True,True,lhs_holdout,240.0,,
,,1.8265104581443663,0.0823076964336848,0.6354005177106408,0.3645994822893592,17,6,0.3529411764705882,2.7362269657062104,0.4613988500252078,100.0,110.13094056328822,0.9908950811102132,0.220425764836789,1641.1143697229802,1651.832588858123,True,True,True,True,True,True,lhs_holdout,241.0,,
,,1.298989446155414,0.2138504133904112,0.6644839185299617,0.3355160814700383,13,6,0.4615384615384615,3.224571614647036,0.4469053907129192,100.0,96.58209840941532,0.9954939024514904,0.2548227222826483,1942.600791044184,1951.8637022255864,True,True,True,True,True,True,lhs_holdout,242.0,,
,,1.00464405629491,0.0638861457004324,0.3006491758129007,0.6993508241870994,17,10,0.5882352941176471,1.3008358802072582,0.4772328560013497,100.0,98.6039839511165,0.5655608828001913,0.0104617239367414,1085.5506282498031,1093.9228034027649,True,True,True,True,True,True,lhs_holdout,243.0,,
,,1.892031629470104,0.2241887695954564,0.3242894211576589,0.6757105788423411,14,8,0.5714285714285714,3.6413808683615487,0.4786350500342811,100.0,121.50568092206451,0.6148027812006455,0.0078409110676917,2093.8558574135745,2103.5453416473247,True,True,True,True,True,True,lhs_holdout,244.0,,
,,1.3502489219109457,0.064629569213684,0.4433697657194889,0.5566302342805112,29,9,0.3103448275862069,1.5307687030796036,0.466679471856935,100.0,104.46768381686354,0.8312747262701535,7.669302437281833e-05,1155.53155775273,1171.351761842906,True,True,True,True,True,True,lhs_holdout,245.0,,
,,1.0224596137729245,0.0351978860737,0.4987149097278275,0.5012850902721725,10,4,0.4,4.163238624450178,0.583911936843539,100.0,92.8075517347159,0.975302597461338,0.1591038047664953,1816.3522240228028,1828.7640318863723,True,True,True,True,True,True,lhs_holdout,246.0,,
,,1.9305761643788228,0.1736618860578182,0.570803515937439,0.4291964840625609,18,11,0.6111111111111112,4.263290338469389,0.4951876428651856,100.0,114.1955681408075,0.999619349239415,0.1336432046094223,2154.966482027265,2169.5591317080703,True,True,True,True,True,True,lhs_holdout,247.0,,
,,1.6272071275292703,0.0378329110273975,0.4903592954123639,0.5096407045876361,20,12,0.6,3.306280381707785,0.4361015728084162,100.0,110.00477934263417,0.8663787252002605,0.0041389363819065,2043.9106986107804,2060.2308787907814,True,True,True,True,True,True,lhs_holdout,248.0,,
,,1.122228589658283,0.1798704451257412,0.3699749657961451,0.6300250342038549,27,11,0.4074074074074074,2.1884770743852364,0.5715891271466009,100.0,100.14367915414618,0.8629060742069825,0.0005215781104481,1174.656475953222,1191.6918046229266,True,True,True,True,True,True,lhs_holdout,249.0,,
,,1.590082969412049,0.1321739898719672,0.6370915517167918,0.3629084482832082,26,12,0.4615384615384615,3.4210575167808037,0.4866201871035506,100.0,104.7785771307565,0.9998541187408816,0.254379416688317,1863.408144696908,1873.1709511272616,True,True,True,True,True,True,lhs_holdout,250.0,,
,,1.9347191215757928,0.2956790790147645,0.4272895530439881,0.5727104469560119,15,8,0.5333333333333333,3.136581178641037,0.55274358908002,100.0,118.82687607407138,0.9261365317405492,0.0236516246158848,1523.1705767818894,1541.1633083799943,True,True,True,True,True,True,lhs_holdout,251.0,,
,,1.7380553075041327,0.0768582643874218,0.3280624819948006,0.6719375180051994,24,15,0.625,4.274202303721122,0.513963999443582,100.0,117.99653672072104,0.6735492189282339,0.0013490281698563,2213.9890559627497,2225.63918334112,True,True,True,True,True,True,lhs_holdout,252.0,,
,,1.5537597787397972,0.0965572172794891,0.6960081415446361,0.3039918584553639,17,10,0.5882352941176471,2.890740119669101,0.5357679039133028,100.0,102.29624059370803,0.999384844320448,0.4331384389165174,1485.0989340438557,1490.1082345629832,True,True,True,True,True,True,lhs_holdout,253.0,,
,,1.9184511655908612,0.2546214527953364,0.4224942599437368,0.5775057400562632,12,7,0.5833333333333334,1.8618958520211757,0.5482210428992831,100.0,118.64939409812835,0.8314249126399353,0.0855022348925497,1083.531246379507,1095.9289541714124,True,True,True,True,True,True,lhs_holdout,254.0,,
,,1.7913078723541904,0.0171194085285298,0.3366642287159211,0.6633357712840788,19,11,0.5789473684210527,4.023786691794175,0.5699014591032867,100.0,118.88168174119556,0.7766224616080158,0.0046335102012305,1835.123904263878,1849.551699146056,True,True,True,True,True,True,lhs_holdout,255.0,,
,,1.887566755271632,0.2593866591285282,0.3496721627018134,0.6503278372981867,15,8,0.5333333333333333,1.2310870948485932,0.4573782857657094,100.0,120.50494353554842,0.6246798309839579,0.0234106184208843,1046.4670891106107,1055.7215179191987,True,True,True,True,True,True,lhs_holdout,257.0,,
,,1.4967562759386914,0.1616337987667259,0.4619011629042858,0.5380988370957143,21,13,0.6190476190476191,3.72334664764789,0.5809269647511133,100.0,107.72392057247168,0.9998088135640266,0.0738533214884158,1630.9693576045197,1648.2305037588844,True,True,True,True,True,True,lhs_holdout,258.0,,
,,1.2378518588945226,0.0123318966945515,0.3044727718943634,0.6955272281056366,21,12,0.5714285714285714,2.932889646630133,0.4837028374760568,100.0,105.94903114297811,0.5885758385319039,0.001225671627245,1808.0056342371945,1817.31311007182,True,True,True,True,True,True,lhs_holdout,259.0,,
,,1.3315258758460309,0.296502150053925,0.5395633613714084,0.4604366386285916,12,8,0.6666666666666666,1.8237053181122131,0.4625521122442481,100.0,100.99915854208564,0.9120963424850204,0.1067117642195588,1281.4876065906346,1294.495801057394,True,True,True,True,True,True,lhs_holdout,260.0,,
,,1.3881440587836684,0.2193049124511522,0.5923770739695133,0.4076229260304866,28,18,0.6428571428571429,2.836325787785791,0.5597937250245912,100.0,100.99098964037478,0.999990565114344,0.2718410111479705,1395.3231724964542,1405.056504524191,True,True,True,True,True,True,lhs_holdout,261.0,,
,,1.181036816821588,0.2688469890094574,0.6380051947356509,0.3619948052643491,11,4,0.3636363636363636,2.3454261953402344,0.5587276462278712,100.0,93.90253587762936,0.9752288270763138,0.3716726244061463,1238.9534259666957,1244.795910557069,True,True,True,True,True,True,lhs_holdout,262.0,,
,,1.5635661677543884,0.1607428874769978,0.6303995454965927,0.3696004545034073,12,8,0.6666666666666666,3.584359121477521,0.4191871403648788,100.0,104.33381521224176,0.9925179109477614,0.1286436597439361,2191.715533600804,2205.3744941420478,True,True,True,True,True,True,lhs_holdout,263.0,,
,,1.854860034192812,0.0275074301247519,0.6800471389721883,0.3199528610278117,18,12,0.6666666666666666,3.798246826809717,0.4001433754696142,100.0,109.47366407523684,0.9998368116352544,0.2006382048098422,2340.448571567497,2351.468942275005,True,True,True,True,True,True,lhs_holdout,264.0,,
,,1.895175482807072,0.1525442141686161,0.5894154566997376,0.4105845433002624,20,9,0.45,2.554609785225095,0.4432601079234395,100.0,112.9103530578406,0.996514252624892,0.0780926366554653,1608.1182129578967,1624.6311003676549,True,True,True,True,True,True,lhs_holdout,265.0,,
,,1.1560023427780903,0.2134656326006436,0.5957704860691493,0.4042295139308507,15,5,0.3333333333333333,1.65815586470584,0.4720025909907416,100.0,94.30689925617465,0.9689331986221572,0.1783404653854698,1180.774469746811,1192.2014234268022,True,True,True,True,True,True,lhs_holdout,266.0,,
,,1.6420194438258149,0.1826839360611826,0.4970887782317882,0.5029112217682118,23,9,0.391304347826087,3.706654519859625,0.5993885833084229,100.0,110.14213085709724,0.9982960390456348,0.1621142801852436,1545.5362218148457,1558.693748729083,True,True,True,True,True,True,lhs_holdout,267.0,,
,,1.276334325890677,0.2146180787540192,0.3476481527660156,0.6523518472339844,19,7,0.3684210526315789,4.4148196950489496,0.4792806206620688,100.0,105.56277581556532,0.6675263446841113,0.0001136969719387,2481.989626961861,2493.385845421953,True,True,True,True,True,True,lhs_holdout,268.0,,
,,1.2034617389985545,0.2368074899555596,0.444362173727036,0.555637826272964,29,12,0.4137931034482758,4.442997976152552,0.4086366707909468,100.0,100.23605683144262,0.7514325870695578,2.762914239753941e-06,2808.7981740802343,2820.703181972169,True,True,True,True,True,True,lhs_holdout,269.0,,
,,1.472501651685369,0.0675998700441129,0.5421354584024429,0.4578645415975571,29,16,0.5517241379310345,3.3393865621991186,0.4462214870645678,100.0,104.64153196144537,0.9787604896060302,0.0002781553072776,1990.853404175533,2010.6181021061057,True,True,True,True,True,True,lhs_holdout,270.0,,
,,1.1535442644268945,0.2455443953399865,0.3771568150993465,0.6228431849006535,29,18,0.6206896551724138,3.937831790686599,0.4389376508556069,100.0,100.88983095675673,0.6720899062077434,0.0001772578950418,2450.504379012132,2461.716763869841,True,True,True,True,True,True,lhs_holdout,271.0,,
,,1.689449937918739,0.138561031932474,0.5079560520086418,0.4920439479913582,27,15,0.5555555555555556,3.4647979720533018,0.4727378411522971,100.0,110.90041728252992,0.9627950884536516,0.000672691306827,1940.7290357675693,1960.519187302768,True,True,True,True,True,True,lhs_holdout,272.0,,
,,1.902786867329609,0.2421331871831935,0.6332457187830145,0.3667542812169855,18,8,0.4444444444444444,1.7617058536006285,0.4987955933330463,100.0,111.7898933440195,0.9869717135493474,0.2778120070873601,1126.784356277684,1135.7297330417937,True,True,True,True,True,True,lhs_holdout,273.0,,
,,1.8656427916486056,0.1266576574867227,0.3459604051097599,0.65403959489024,20,7,0.35,2.667444090788035,0.4261100732711013,100.0,120.1690585870482,0.6026715100612707,0.0002193524078314,1825.462170374789,1834.808907259304,True,True,True,True,True,True,lhs_holdout,274.0,,
,,1.20480114638284,0.1806281109720524,0.4532047491170705,0.5467952508829295,23,12,0.5217391304347826,3.1446262024618,0.4083102336429301,100.0,99.99795353882564,0.7657360151750533,0.0003204622510306,2135.169949145169,2148.435935131701,True,True,True,True,True,True,lhs_holdout,275.0,,
,,1.1139080735013198,0.0147886725038609,0.5914308725218322,0.4085691274781677,11,5,0.4545454545454545,2.17914953795043,0.4413558383563303,100.0,93.1236058993797,0.9708222034668424,0.1112070659400466,1496.4614591219297,1510.3052325049616,True,True,True,True,True,True,lhs_holdout,276.0,,
,,1.8304467031282223,0.0289136881706041,0.5946306353432644,0.4053693646567355,19,13,0.6842105263157895,2.007817520680581,0.5287017735844762,100.0,111.39519271294228,0.998032545835638,0.235027797742255,1154.1379675809458,1164.7572304020457,True,True,True,True,True,True,lhs_holdout,277.0,,
,,1.3559148963647063,0.0346658458074743,0.5468360844786139,0.4531639155213861,18,8,0.4444444444444444,4.355958857418289,0.4128297253325053,100.0,101.44913369248616,0.9308246556144744,0.0006952784422169,2643.307410557452,2661.039272235636,True,True,True,True,True,True,lhs_holdout,278.0,,
,,1.4715973033618943,0.2940422562506596,0.5999857112326599,0.4000142887673401,15,9,0.6,2.770720457704095,0.5572947922812893,100.0,102.9305955475221,0.9978777822620196,0.2839075472641493,1377.388221382039,1386.1894478839238,True,True,True,True,True,True,lhs_holdout,279.0,,
,,1.9080595968548604,0.2490564586687093,0.305623431871043,0.694376568128957,11,7,0.6363636363636364,3.392191391294487,0.5225544686976764,100.0,122.52274965808608,0.610116640569224,0.0274155627967246,1814.5070248775908,1823.4404735018536,True,True,True,True,True,True,lhs_holdout,280.0,,
,,1.1427705265116237,0.1419496478340847,0.668342526418783,0.331657473581217,27,16,0.5925925925925926,2.32150488577148,0.4729080876931825,100.0,91.9336076719967,0.9999701905744696,0.2987177383325547,1464.1140762115551,1472.1716034283857,True,True,True,True,True,True,lhs_holdout,281.0,,
,,1.6363020431547504,0.2091165187934612,0.4603921357071543,0.5396078642928457,19,9,0.4736842105263157,2.059761378467907,0.4022524045786799,100.0,111.16848586153937,0.7687163491894703,0.0022231604835937,1564.1036854842605,1577.371347859252,True,True,True,True,True,True,lhs_holdout,282.0,,
,,1.363650385227534,0.0880682522446787,0.590028862171112,0.409971137828888,12,7,0.5833333333333334,2.2545793912620176,0.4608561755466324,100.0,100.40544245827232,0.9810578816278168,0.1325643092934737,1459.3799575322075,1472.959501520806,True,True,True,True,True,True,lhs_holdout,283.0,,
,,1.3852435989539806,0.0798889666903484,0.375006640321615,0.624993359678385,30,18,0.6,2.0892978995396243,0.4241228293637656,100.0,107.66428273517784,0.6508739242243269,0.0004316326558056,1562.2608658830893,1572.7974845485253,True,True,True,True,True,True,lhs_holdout,284.0,,
,,1.6500253747600857,0.1511096410276542,0.6887292781674395,0.3112707218325605,11,5,0.4545454545454545,4.3477297864493805,0.4982098777528465,100.0,104.7504237852325,0.9936942255052938,0.3815728983107548,2201.0886757490325,2207.189825785988,True,True,True,True,True,True,lhs_holdout,285.0,,
,,1.312492458640712,0.0004289265597508,0.4333319624979959,0.5666680375020041,21,7,0.3333333333333333,3.880637969005877,0.5566214442031425,100.0,103.7438663824176,0.9767119040782052,0.0005290992936815,1805.2670114991731,1825.7980997763077,True,True,True,True,True,True,lhs_holdout,286.0,,
,,1.6960940496768795,0.1304095232461693,0.3871072809077446,0.6128927190922554,16,6,0.375,2.8886651828113785,0.5675389239464634,100.0,114.97989342838208,0.884885879795373,0.0078113796713379,1407.1664406693558,1424.6514891189731,True,True,True,True,True,True,lhs_holdout,287.0,,
,,1.1306249321297803,0.0923715764959623,0.3485707249880689,0.651429275011931,19,11,0.5789473684210527,1.725265265104837,0.5933912494261244,100.0,101.1319786417443,0.8132884988379038,0.0301330542401858,960.690335377686,974.7276404499062,True,True,True,True,True,True,lhs_holdout,288.0,,
,,1.4234407273417948,0.041380773846373,0.4779084911147718,0.5220915088852282,22,9,0.4090909090909091,1.892282797992692,0.5143944890578824,100.0,105.3364599728746,0.9716531153867364,0.0117846523548518,1167.5992740268714,1187.2764699801392,True,True,True,True,True,True,lhs_holdout,289.0,,
,,1.8755034115042293,0.0207260716062035,0.4220847424206652,0.5779152575793348,18,10,0.5555555555555556,3.20949908821462,0.5633625937630231,100.0,117.76031794405584,0.9478737143860326,0.0145743858406781,1509.8093730880776,1528.9124038302934,True,True,True,True,True,True,lhs_holdout,290.0,,
,,1.9299563372167083,0.0308909199738922,0.5765241349924809,0.4234758650075191,13,5,0.3846153846153846,3.597233384266719,0.5304230382996766,100.0,114.01128053153236,0.9848629637584788,0.2150269164167282,1756.4727748477908,1767.56392439951,True,True,True,True,True,True,lhs_holdout,291.0,,
,,1.7979554623587406,0.0200391763423131,0.3817889247461693,0.6182110752538307,23,11,0.4782608695652174,1.3740264566649425,0.4232283349470916,100.0,117.45128695814252,0.6605688868962536,0.0018709963735062,1182.0479544048571,1192.7846425832477,True,True,True,True,True,True,lhs_holdout,292.0,,
,,1.6300379903772924,0.0833745923316007,0.3900440497911783,0.6099559502088217,11,6,0.5454545454545454,3.164580513519179,0.5708049410208974,100.0,113.33796275942284,0.8527458831630491,0.0421356926200868,1507.941764654816,1522.739598899273,True,True,True,True,True,True,lhs_holdout,293.0,,
,,1.4059675390873152,0.2433284952410853,0.5377258763026254,0.4622741236973746,24,12,0.5,4.044744898077799,0.5738100492654097,100.0,103.05415361546436,0.9998806484537532,0.1944585195695779,1777.9106840539396,1789.7884252417653,True,True,True,True,True,True,lhs_holdout,294.0,,
,,1.485738157375707,0.2699689671050001,0.484043666742048,0.515956333257952,13,9,0.6923076923076923,2.3148013683438062,0.5098305379517798,100.0,106.74865825174004,0.9019327477456516,0.0822707538756261,1366.1215482622877,1380.317080233894,True,True,True,True,True,True,lhs_holdout,295.0,,
,,1.4361397889614995,0.1028985522038214,0.4592230918785581,0.5407769081214419,18,8,0.4444444444444444,3.7617270967740586,0.5314206990581785,100.0,106.25590415745324,0.9762861035273588,0.0033258402186028,1852.1467217222064,1872.530078604743,True,True,True,True,True,True,lhs_holdout,296.0,,
,,1.7594410252528596,0.2436867147819492,0.3100880884249019,0.6899119115750981,10,4,0.4,3.1721692102546117,0.4030794397453119,100.0,119.12592477958196,0.5149035986571001,0.0067768581625661,2188.676670826349,2195.533030882607,True,True,True,True,True,True,lhs_holdout,297.0,,
,,1.3199378607998604,0.2499648973740539,0.6254398532555321,0.3745601467444679,27,12,0.4444444444444444,1.5651462358341213,0.4634946098287242,100.0,98.22417820364296,0.996732852274963,0.1956667488059985,1142.8478701360232,1154.2900989284672,True,True,True,True,True,True,lhs_holdout,298.0,,
,,1.6632895643317576,0.1047906836087721,0.5538265985998692,0.4461734014001308,17,6,0.3529411764705882,2.652972690054339,0.5929712197497434,100.0,108.90209536400772,0.984672054383524,0.2580847472719529,1221.3545488250627,1230.7120577611236,True,True,True,True,True,True,lhs_holdout,299.0,,
,,1.317572338357444,0.0192599452331137,0.598125879763173,0.401874120236827,15,6,0.4,2.6247820088406897,0.5331046134225137,100.0,98.92299524478229,0.9905919672865372,0.2544029640107786,1407.410689929843,1416.9321877039229,True,True,True,True,True,True,lhs_holdout,300.0,,
,,1.936505778254625,0.2087215489119742,0.6721544446205168,0.3278455553794832,27,13,0.4814814814814814,2.330511629332649,0.5461145653560371,100.0,111.37543886478352,0.9995249267136646,0.4000712918961958,1225.832569368357,1231.7148983638076,True,True,True,True,True,True,lhs_holdout,301.0,,
,,1.7119717505330465,0.2754433989585275,0.691788340577743,0.308211659422257,21,11,0.5238095238095238,2.1224143569413543,0.4162904375325576,100.0,106.06654459927836,0.9988878923906084,0.2611829982802889,1489.9004866605576,1499.0254865195184,True,True,True,True,True,True,lhs_holdout,303.0,,
,,1.5279343800010046,0.2260323871126837,0.3790456466108052,0.6209543533891948,25,9,0.36,4.121562548912021,0.5770688304465876,100.0,111.22736874748388,0.8961167653467713,9.067125971485266e-05,1820.1872878280817,1838.3454150857533,True,True,True,True,True,True,lhs_holdout,304.0,,
,,1.1218205374445176,0.1451848770317243,0.4710383085598748,0.5289616914401252,16,6,0.375,4.031871727244622,0.5905983122577849,100.0,96.89482208531678,0.9933378385630756,0.108966685467566,1726.918811606167,1742.0024131226885,True,True,True,True,True,True,lhs_holdout,305.0,,
,,1.920936352288444,0.1564112510585784,0.4929808484490898,0.5070191515509102,20,11,0.55,3.2466896697905003,0.4134262603007099,100.0,116.40201369481866,0.838650382168356,0.0025389818715905,2084.7983841881,2100.1671460032967,True,True,True,True,True,True,lhs_holdout,306.0,,
,,1.0464662488637857,0.0469161607627224,0.4357532323020018,0.5642467676979982,29,14,0.4827586206896552,3.5430378234175226,0.4224919637127364,100.0,95.54095345269718,0.7545180103952348,1.4993704823991445e-05,2304.9807728489627,2318.125453980371,True,True,True,True,True,True,lhs_holdout,307.0,,
,,1.0878134581893513,0.240806262211137,0.6263726564712574,0.3736273435287426,13,6,0.4615384615384615,2.8724240923295965,0.5360572558432334,100.0,91.33655193656152,0.9941016771062552,0.3081135320406256,1508.1817495861965,1515.965337339734,True,True,True,True,True,True,lhs_holdout,308.0,,
,,1.0198042334395705,0.2404344456947755,0.4212686579827258,0.5787313420172742,11,5,0.4545454545454545,4.240849591189657,0.5266429059951593,100.0,95.0963983267194,0.8760471938990444,0.0125147649322647,2138.622074206793,2155.3408565000364,True,True,True,True,True,True,lhs_holdout,309.0,,
,,1.3591497947360154,0.2250723529599073,0.5645837272235779,0.4354162727764221,11,8,0.7272727272727273,3.62663646904342,0.444998995180266,100.0,101.01715004633547,0.9491963219379728,0.0849019564298642,2150.117671771597,2164.8135490618383,True,True,True,True,True,True,lhs_holdout,310.0,,
,,1.4271645134272744,0.1138455766121668,0.5651978565401632,0.4348021434598368,17,10,0.5882352941176471,3.1960657845521308,0.447834636702244,100.0,102.79787112017608,0.997503468023694,0.0321483502837841,1915.278827089172,1933.8613481779748,True,True,True,True,True,True,lhs_holdout,311.0,,
,,1.2223521752778983,0.1942459669430788,0.5680241827369352,0.4319758172630648,13,6,0.4615384615384615,2.45506829873812,0.5447431584296594,100.0,97.07557080895492,0.9871886546419544,0.2177171478337807,1314.3767713902023,1325.029280045801,True,True,True,True,True,True,lhs_holdout,312.0,,
,,1.1448722751930571,0.2185673756671999,0.5567529211701341,0.4432470788298659,13,8,0.6153846153846154,4.011154319724841,0.5749951028115573,100.0,95.06968459550444,0.9983028878411324,0.2303825937494865,1781.5627547820684,1791.9022215182583,True,True,True,True,True,True,lhs_holdout,314.0,,
,,1.822824730050694,0.2923691625980194,0.4588458751878718,0.5411541248121282,19,8,0.4210526315789473,2.8236015487763653,0.5590178591514225,100.0,115.4221327619992,0.9883825686000108,0.0411119627081771,1376.0104122393657,1394.885492718402,True,True,True,True,True,True,lhs_holdout,316.0,,
,,1.396254936501703,0.1245105743972225,0.4128621138891631,0.5871378861108368,16,9,0.5625,1.35886442756102,0.4120210027819821,100.0,106.69899547433346,0.6917120776059611,0.0149268243039136,1210.8086807719965,1221.6702044376048,True,True,True,True,True,True,lhs_holdout,317.0,,
,,1.7013705651050692,0.0567869010678036,0.5060380398121321,0.4939619601878678,28,15,0.5357142857142857,2.1906707224660003,0.4594986769597177,100.0,111.2316498528462,0.935027405296856,0.0014080885429957,1429.0677828961548,1447.8392848569974,True,True,True,True,True,True,lhs_holdout,318.0,,
,,1.2205894551810448,0.063559706593359,0.6447689989347772,0.3552310010652227,28,13,0.4642857142857143,1.895273968008048,0.5367623915191324,100.0,94.88697466928032,0.9994345084489964,0.3386849962765973,1117.864954042684,1124.9785716972187,True,True,True,True,True,True,lhs_holdout,319.0,,
,,1.9461002972401684,0.0031508913198641,0.6408989862135793,0.3591010137864207,16,7,0.4375,2.015968928516238,0.5517851309406693,100.0,112.45517040461776,0.987158031469724,0.3596331581844593,1098.752149137316,1105.420215971224,True,True,True,True,True,True,lhs_holdout,320.0,,
,,1.7734062630289853,0.0605636215546863,0.39170489729541,0.60829510270459,18,7,0.3888888888888889,3.515300067018708,0.5542952414501741,100.0,116.569962715546,0.8761991648215338,0.0021320243318571,1681.911957568822,1699.4813662305266,True,True,True,True,True,True,lhs_holdout,321.0,,
,,1.5147460953191354,0.0105671076992531,0.4373236932854644,0.5626763067145356,27,13,0.4814814814814814,2.7022994714881032,0.5069649922029776,100.0,108.96421970601978,0.8865399848531146,0.0004385937724134,1537.3938916438055,1555.1755376036947,True,True,True,True,True,True,lhs_holdout,322.0,,
,,1.3560675947492635,0.1778868119315291,0.4192721619387859,0.5807278380612141,19,6,0.3157894736842105,2.688767947448303,0.5413206726368526,100.0,105.40369970871892,0.9122774354490034,0.0015470393866229,1427.2237010501958,1445.7756252675172,True,True,True,True,True,True,lhs_holdout,323.0,,
,,1.9385531372632452,0.0042783829038728,0.6610968415862697,0.3389031584137303,20,9,0.45,2.276839796990412,0.5592523784854893,100.0,111.72792942349751,0.996465459499384,0.396792579160529,1171.8620778481943,1177.7583410977654,True,True,True,True,True,True,lhs_holdout,325.0,,
,,1.4519271396086342,0.0218662858219213,0.5198269845521619,0.4801730154478381,16,8,0.5,3.3488265316383856,0.4751247583087514,100.0,104.78658148286212,0.9807537151295828,0.0106610347868072,1891.7962405786584,1911.456082642304,True,True,True,True,True,True,lhs_holdout,326.0,,
,,1.1933219527481604,0.0367777333832758,0.5574365123638307,0.4425634876361692,13,7,0.5384615384615384,2.607356211692771,0.5611200820277368,100.0,96.5212256740445,0.9924294754173774,0.2172078236891759,1323.1526567419903,1333.902182591656,True,True,True,True,True,True,lhs_holdout,327.0,,
,,1.91341537691314,0.1494167578937214,0.3970334524105927,0.6029665475894073,14,7,0.5,2.399225774048501,0.4403841905525239,100.0,119.40478210671046,0.7015932700782532,0.0100164450480648,1626.5307595178283,1638.181845041585,True,True,True,True,True,True,lhs_holdout,328.0,,
,,1.366543036266196,0.1055740948649658,0.5135961141297781,0.4864038858702219,16,6,0.375,4.066007079884999,0.4966113439237503,100.0,102.7282602736766,0.9927977137527376,0.0278361841702116,2115.436293848798,2134.670576095832,True,True,True,True,True,True,lhs_holdout,329.0,,
,,1.321027909500878,0.1095383181464105,0.6093402850663117,0.3906597149336883,11,7,0.6363636363636364,2.0012520919917307,0.5640407519677996,100.0,98.70251964534545,0.9851343910720458,0.3188812800743493,1089.2075025664276,1096.6456394597851,True,True,True,True,True,True,lhs_holdout,330.0,,
,,1.3060099811653525,0.1115527540260702,0.4076922532218709,0.592307746778129,22,14,0.6363636363636364,2.5643026780775804,0.5391301851473493,100.0,104.39329312204814,0.8731395774787397,0.0098016632632719,1398.6684845801226,1415.601388026554,True,True,True,True,True,True,lhs_holdout,331.0,,
,,1.1744718478931575,0.2169022267543024,0.4288646035342262,0.5711353964657738,27,18,0.6666666666666666,2.26653839435266,0.5831678890718384,100.0,99.85075902572942,0.9960530175048808,0.0234557619497456,1138.0202116864414,1157.6559397412848,True,True,True,True,True,True,lhs_holdout,332.0,,
,,1.4114745408071705,0.013808382154154,0.6678328323140122,0.3321671676859877,19,11,0.5789473684210527,3.275713211280765,0.5213678246811189,100.0,99.50591522051856,0.9997729701849388,0.3631014255048211,1691.965245383726,1698.5448072100958,True,True,True,True,True,True,lhs_holdout,333.0,,
,,1.103246529443583,0.283303942584063,0.425489135558846,0.574510864441154,13,5,0.3846153846153846,2.494469639494133,0.4622521713574573,100.0,97.726808314661,0.7869638652842185,0.0049794685005666,1638.1902313238634,1652.4294261476591,True,True,True,True,True,True,lhs_holdout,334.0,,
,,1.7948645088018125,0.2555585160329956,0.4654637447295105,0.5345362552704895,14,6,0.4285714285714285,2.405898804206433,0.5997105018839233,100.0,114.60021252574944,0.9606981853976216,0.1349123084066768,1120.152649624633,1133.5874961648751,True,True,True,True,True,True,lhs_holdout,335.0,,
,,1.1878672034419135,0.242482471319755,0.485731575841511,0.514268424158489,21,14,0.6666666666666666,3.978228493834318,0.4144585479307413,100.0,98.48364627052972,0.8272384835038444,0.0032371147737411,2514.754271865533,2529.56833147528,True,True,True,True,True,True,lhs_holdout,336.0,,
,,1.0295305930218963,0.1646710360092851,0.3212590046374559,0.6787409953625441,27,8,0.2962962962962963,1.7840956384516355,0.5468043632242,100.0,98.74379087922917,0.7087771291677347,8.196027592302918e-05,1116.8875328183508,1129.5722978421195,True,True,True,True,True,True,lhs_holdout,337.0,,
,,1.2516997408865014,0.0571015776367524,0.4911586002035168,0.5088413997964831,22,9,0.4090909090909091,2.1130095878270128,0.5825259141522535,100.0,100.20354541108634,0.9919321541873516,0.1322598263603526,1083.4826562748642,1097.6057620685483,True,True,True,True,True,True,lhs_holdout,338.0,,
,,1.889473365435487,0.0549488551251831,0.6517067351492007,0.3482932648507992,27,9,0.3333333333333333,4.194242470877612,0.5718778077550515,100.0,110.98836785478149,0.9992671873244168,0.3915146095370078,1806.3017098142516,1812.3323585825524,True,True,True,True,True,True,lhs_holdout,339.0,,
,,1.5934982942166898,0.1221809716518691,0.3638800468176527,0.6361199531823473,13,8,0.6153846153846154,1.7139170095910805,0.5765224562663164,100.0,113.35704672179212,0.7631276743623022,0.0706179707147831,985.2820460698492,996.383496117374,True,True,True,True,True,True,lhs_holdout,340.0,,
,,1.766304667064004,0.2896574785967686,0.5238795195245302,0.4761204804754698,29,11,0.3793103448275862,3.0429691411011968,0.4344051254671833,100.0,112.13292138789376,0.9262226193824724,2.5002963305407653e-05,1893.6897432578012,1911.928731641287,True,True,True,True,True,True,lhs_holdout,341.0,,
,,1.6459102393550475,0.285151157424552,0.4967425102673272,0.5032574897326728,15,8,0.5333333333333333,3.784829250978033,0.5491956261115557,100.0,110.24383159275637,0.9955746872360416,0.0872671200378372,1768.8497161512432,1785.4838789079793,True,True,True,True,True,True,lhs_holdout,342.0,,
,,1.5208096212957491,0.1944052532231159,0.3709939060617292,0.6290060939382708,25,15,0.6,4.430335312908659,0.4569614219602559,100.0,111.32346721089488,0.6827980534992361,0.0004544805315405,2564.6764336724154,2576.3360689487445,True,True,True,True,True,True,lhs_holdout,343.0,,
,,1.2444154583256593,0.0115481560358276,0.5344859668041639,0.465514033195836,23,14,0.6086956521739131,2.17313120912782,0.4202810352163625,100.0,98.69317678937682,0.9187350335231412,0.0044854668019115,1557.1106318274617,1574.4044871351766,True,True,True,True,True,True,lhs_holdout,344.0,,
,,1.129340429240897,0.093640833378462,0.3074544832759463,0.6925455167240537,29,20,0.6896551724137931,1.3416529120158638,0.4582051538320334,100.0,102.5158014328714,0.5642550674460401,0.0038065402601542,1138.342406609824,1146.8360880288258,True,True,True,True,True,True,lhs_holdout,345.0,,
,,1.5337854258849526,0.278857978803284,0.4299778909115164,0.5700221090884836,18,11,0.6111111111111112,2.076982631699173,0.5947208077014332,100.0,109.67730535915943,0.9544228975514326,0.0725879792945257,1035.8576488231015,1051.8737060904712,True,True,True,True,True,True,lhs_holdout,346.0,,
,,1.9244693575521228,0.0917418392749263,0.3536797775203076,0.6463202224796923,23,10,0.4347826086956521,1.8554338093955147,0.4821473485831314,100.0,121.14016229288802,0.6817685741518937,0.0012953754699517,1267.2866254027224,1279.0576946792926,True,True,True,True,True,True,lhs_holdout,347.0,,
,,1.1404853011345202,0.2473030812885064,0.3522253195494614,0.6477746804505385,12,8,0.6666666666666666,3.980597993831922,0.4076172113661477,100.0,101.31906452632968,0.5855825884192827,0.0130915931816005,2639.544694777521,2647.863476216612,True,True,True,True,True,True,lhs_holdout,348.0,,
,,1.8128249564389425,0.1832013930789394,0.4052502975662401,0.5947497024337598,16,11,0.6875,1.3837414304611528,0.4319190378881985,100.0,116.97803612368187,0.6780898233241464,0.046398864472172,1165.6950478904407,1175.2534556398705,True,True,True,True,True,True,lhs_holdout,349.0,,
,,1.7049211244826712,0.2205111747616429,0.5971427441723947,0.4028572558276053,10,5,0.5,3.281752343470367,0.590965923459478,100.0,108.5721578993206,0.9824205279047956,0.3304748896744955,1437.1254079775515,1444.304577650952,True,True,True,True,True,True,lhs_holdout,350.0,,
,,1.1766853320764632,0.1933678703825984,0.3626867622373273,0.6373132377626727,10,5,0.5,3.2292524494272543,0.5977575214284448,100.0,102.08955218875968,0.8439510230257379,0.0388380464792955,1464.1664397753227,1478.616094274127,True,True,True,True,True,True,lhs_holdout,351.0,,
,,1.3257976132664933,0.2950361060755647,0.6467780801754734,0.3532219198245265,28,10,0.3571428571428571,3.813003306682085,0.5297630900198222,100.0,97.79826743537905,0.9997257886734232,0.333484796610849,1877.7888658716813,1885.107384678509,True,True,True,True,True,True,lhs_holdout,352.0,,
,,1.191556524024726,0.2395595900641267,0.6625380473179929,0.337461952682007,23,9,0.391304347826087,4.015965296474809,0.5178214999915355,100.0,93.55701810056884,0.9996326530272672,0.3486468203220844,2018.3464504485264,2025.1728347487297,True,True,True,True,True,True,lhs_holdout,353.0,,
,,1.5662717832923692,0.0133660078014197,0.3347841970722433,0.6652158029277566,15,9,0.6,4.307656151151246,0.5443227899241843,100.0,113.70836332094598,0.7250649965434917,0.0080629242948106,2087.398479891407,2100.2140794644165,True,True,True,True,True,True,lhs_holdout,354.0,,
,,1.3692532329134826,0.0438335138117542,0.609995877284113,0.390004122715887,19,7,0.3684210526315789,3.0259671835376203,0.5396737077457796,100.0,99.98987668314328,0.996121326084886,0.2806416624228843,1536.056526382454,1544.8797517547162,True,True,True,True,True,True,lhs_holdout,355.0,,
,,1.353233314413179,0.2287364965163865,0.4673578360190984,0.5326421639809016,23,12,0.5217391304347826,2.2562699659817507,0.4354391447700386,100.0,103.7906094885916,0.826911901437595,0.00119214268367,1574.8499127125954,1590.12424438457,True,True,True,True,True,True,lhs_holdout,356.0,,
,,1.189898111821994,0.2262460183858452,0.581693066974742,0.418306933025258,26,18,0.6923076923076923,1.8388025087216773,0.4744722196977821,100.0,95.72618143056847,0.9998795509911051,0.1185039426985474,1245.010278125417,1259.632993455407,True,True,True,True,True,True,lhs_holdout,357.0,,
,,1.2610027999232158,0.2531796733229144,0.3546535880348408,0.6453464119651592,25,11,0.44,4.20777049227461,0.4511786699660267,100.0,104.87921718836242,0.6461883607087475,2.627689786943241e-05,2524.576014977682,2535.2334780972674,True,True,True,True,True,True,lhs_holdout,358.0,,
,,1.3421192971749236,0.2610377623650721,0.4099740677442297,0.5900259322557704,26,16,0.6153846153846154,1.5404295485771482,0.4151522206256285,100.0,105.32464775860744,0.6991500416496987,0.0025967613962038,1298.6316464167155,1310.2099723301856,True,True,True,True,True,True,lhs_holdout,359.0,,
,,1.3758064942032775,0.1066603607119942,0.4689306874028747,0.5310693125971253,27,16,0.5925925925925926,2.2457791472084736,0.5531139475127687,100.0,104.35280390810192,0.9996175978456282,0.0401549671836798,1200.9953649456577,1220.0078371369132,True,True,True,True,True,True,lhs_holdout,360.0,,
,,1.2536735866305644,0.2654620102549812,0.3829055253832027,0.6170944746167972,19,10,0.5263157894736842,3.753203445332528,0.5900346265360747,100.0,103.71301093388752,0.9285641438285128,0.0037752548610826,1645.6798172245483,1664.44669049314,True,True,True,True,True,True,lhs_holdout,361.0,,
,,1.8980838148416788,0.1910486377431206,0.410574827328478,0.589425172671522,17,10,0.5882352941176471,3.962035751244815,0.4673971239522736,100.0,118.62371490294004,0.7660310496884356,0.0055300095527181,2239.7957441173357,2253.639456241841,True,True,True,True,True,True,lhs_holdout,363.0,,
,,1.6531260214233772,0.1893961697675027,0.6654001391297522,0.3345998608702478,11,6,0.5454545454545454,4.242798449571871,0.4783308290768932,100.0,105.46041874529136,0.9951318668915649,0.3057932357526263,2242.435044501723,2250.5159219090983,True,True,True,True,True,True,lhs_holdout,364.0,,
,,1.5233606688647456,0.2662236237174452,0.6139653526590112,0.3860346473409888,10,4,0.4,2.96252998831421,0.5882859115658025,100.0,103.82160776422852,0.9739905796789472,0.3620005525704695,1350.2493493630757,1356.4017292432952,True,True,True,True,True,True,lhs_holdout,365.0,,
,,1.85861445686149,0.0767849758781968,0.3805900892218131,0.619409910778187,23,10,0.4347826086956521,1.961523381560346,0.5521286757566393,100.0,118.80868614523854,0.8423629806315289,0.0060153331582748,1111.786808925228,1128.1517959815392,True,True,True,True,True,True,lhs_holdout,366.0,,
,,1.2085065365703238,0.1958900552970942,0.4523168442680171,0.5476831557319829,21,10,0.4761904761904761,3.113340317751888,0.4289380016303194,100.0,100.13648183223496,0.79176059048376,0.0004014618735915,2036.4828829457135,2050.7162493913,True,True,True,True,True,True,lhs_holdout,367.0,,
,,1.6680088894008285,0.221990518056502,0.3395539332025389,0.6604460667974611,28,15,0.5357142857142857,3.46020164765193,0.5465520336079264,100.0,115.9769631164334,0.7483771401398261,0.0003871404830241,1732.8906531468356,1746.7328172772477,True,True,True,True,True,True,lhs_holdout,368.0,,
,,1.3386065501094508,0.2730846202501839,0.6079021683702377,0.3920978316297623,24,15,0.625,2.976481081643678,0.4707693038293761,100.0,99.22313791725657,0.9999662813973508,0.1671525141456882,1745.0313393146196,1757.704458156481,True,True,True,True,True,True,lhs_holdout,369.0,,
,,1.84561074357679,0.2831976635121713,0.6772437946355712,0.3227562053644288,14,9,0.6428571428571429,4.061422804938694,0.4558390516467311,100.0,109.35733443712212,0.999076855154812,0.2930521632665784,2240.686551205863,2249.2024363519577,True,True,True,True,True,True,lhs_holdout,370.0,,
,,1.1144646779346026,0.297664121816358,0.3882779461985863,0.6117220538014136,12,5,0.4166666666666667,3.556772099240906,0.4699645062027968,100.0,99.2896886208972,0.7287847704337509,0.0042480354862182,2123.254469778922,2136.0316746941508,True,True,True,True,True,True,lhs_holdout,371.0,,
,,1.4531862883212183,0.1920344972284599,0.6184394681268244,0.3815605318731756,22,10,0.4545454545454545,1.4147854790508636,0.4228986157842255,100.0,101.94062683531835,0.9866907059572672,0.1159134724330454,1153.4756626239289,1167.5056874980332,True,True,True,True,True,True,lhs_holdout,372.0,,
,,1.7839368373386142,0.1493135057106472,0.3443086409571651,0.6556913590428348,21,14,0.6666666666666666,3.4944819286787547,0.4072453417767488,100.0,118.44748674310404,0.5786303144364187,0.0032485179126756,2323.7754403245817,2332.265806907086,True,True,True,True,True,True,lhs_holdout,373.0,,
,,1.22836148122888,0.2841042973199587,0.600181683930324,0.399818316069676,16,7,0.4375,2.5318966184577025,0.4064556455325916,100.0,96.34008659519463,0.9924185920545454,0.0273743986871128,1749.3141569793777,1767.0873497719856,True,True,True,True,True,True,lhs_holdout,374.0,,
,,1.4683538647668632,0.1704587101989546,0.5664980184150206,0.4335019815849794,14,7,0.5,3.774449959680751,0.5289715147234592,100.0,103.81661462678083,0.9963012359622216,0.1837749038123472,1856.486217278751,1868.7706555251616,True,True,True,True,True,True,lhs_holdout,375.0,,
,,1.941155009832164,0.1580637756624192,0.6733259181146798,0.3266740818853202,25,14,0.56,4.473055975269583,0.5842013740411411,100.0,111.43675389107034,0.9999733836829638,0.4408384019514197,1844.9123973809455,1849.8353108357228,True,True,True,True,True,True,lhs_holdout,376.0,,
,,1.5282244766485722,0.1976219088184353,0.6291832194937954,0.3708167805062046,15,7,0.4666666666666667,3.904618769506025,0.5008708256491228,100.0,103.51127805811204,0.9976322774752264,0.2620153509929033,2015.5712312995377,2025.0541919420184,True,True,True,True,True,True,lhs_holdout,377.0,,
,,1.599603234073437,0.2389700263459636,0.677792011990803,0.322207988009197,14,10,0.7142857142857143,4.095479067673825,0.4424473531115028,100.0,103.87780229314608,0.9994093701159132,0.2724985400823019,2331.8450004218143,2340.7824008684047,True,True,True,True,True,True,lhs_holdout,378.0,,
,,1.1625411790808011,0.0793207501033429,0.3090683362323781,0.6909316637676219,12,6,0.5,2.616226925160137,0.5032744337265161,100.0,103.50263664217482,0.6129644048551404,0.0091271928311457,1600.1962567837077,1609.88251902829,True,True,True,True,True,True,lhs_holdout,379.0,,
,,1.328510840480964,0.1875282779005728,0.383258440800214,0.616741559199786,26,13,0.5,4.35410078044386,0.5963096899223734,100.0,105.8325108569112,0.9488586899354836,0.0003631019259285,1812.2571433093235,1831.8178933399845,True,True,True,True,True,True,lhs_holdout,380.0,,
,,1.6003186076589326,0.2667620683663027,0.3780847327284677,0.6219152672715322,22,8,0.3636363636363636,1.5048816080550858,0.5128419343528905,100.0,113.03430913399296,0.7728403784824003,0.0031027019008747,1044.3073197263302,1058.6767219520073,True,True,True,True,True,True,lhs_holdout,381.0,,
,,1.997859771135912,0.0374551075612559,0.4940261813056861,0.5059738186943139,24,10,0.4166666666666667,3.131168944182368,0.4246112477150282,100.0,117.93699907664217,0.8584449438986979,0.0002063327673889,1977.4061985873311,1993.6347486677853,True,True,True,True,True,True,lhs_holdout,382.0,,
,,1.8388360017424872,0.0062994100733809,0.4284222844391834,0.5715777155608166,11,5,0.4545454545454545,2.108546901938404,0.5348797691529938,100.0,116.76580613967622,0.8496418330984198,0.0621404864738419,1211.2388541900882,1225.1235536337683,True,True,True,True,True,True,lhs_holdout,383.0,,
,,1.7922926986619911,0.2813079046767754,0.4539338540306153,0.5460661459693846,20,14,0.7,1.9904240168262328,0.5261314385903307,100.0,114.91695632495625,0.8944190548279166,0.0572023648207392,1179.5516134917098,1194.8782390012152,True,True,True,True,True,True,lhs_holdout,384.0,,
,,1.6294897506878847,0.272093313741942,0.603241082825667,0.396758917174333,19,11,0.5789473684210527,4.077686165764054,0.524450059660478,100.0,106.6671818280666,0.9997832618691486,0.2436727051978298,1979.5579547940947,1989.8057720342729,True,True,True,True,True,True,lhs_holdout,385.0,,
,,1.9616682679405533,0.1075082050682788,0.6847742804839195,0.3152257195160804,26,13,0.5,2.9906542353957843,0.5197869038290648,100.0,111.5302094727229,0.999836257662267,0.3936995535815369,1552.5683606087189,1558.618393936688,True,True,True,True,True,True,lhs_holdout,386.0,,
,,1.5192242719498348,0.1339126218321178,0.4578323532768414,0.5421676467231586,27,10,0.3703703703703703,3.5810823430823966,0.4679318433963365,100.0,108.4166025986096,0.8604586531297318,2.0294245204803435e-05,2062.236057794726,2078.956223976605,True,True,True,True,True,True,lhs_holdout,387.0,,
,,1.900714392471333,0.1434168033943789,0.6598021947413546,0.3401978052586454,26,16,0.6153846153846154,1.715720280535194,0.5235094409838355,100.0,110.99158741498394,0.9992261841021598,0.3508637877685432,1050.6908536301733,1057.7936367392736,True,True,True,True,True,True,lhs_holdout,388.0,,
,,1.10099364294655,0.2844054765131987,0.3279902872792623,0.6720097127207376,20,10,0.5,1.5774708473156929,0.5578578873841789,100.0,100.88864846626996,0.730702089903546,0.0088133816413981,1002.1782808366312,1015.06054338716,True,True,True,True,True,True,lhs_holdout,389.0,,
,,1.9771793172822016,0.1690992372116407,0.3682073478146913,0.6317926521853087,10,7,0.7,3.3754031833116764,0.4640428380018549,100.0,121.71878732550704,0.6449767750906762,0.0485463315774694,2015.6886695661765,2024.5729169155452,True,True,True,True,True,True,lhs_holdout,390.0,,
,,1.4759945854526484,0.0820207445576264,0.3571559661719579,0.6428440338280421,29,16,0.5517241379310345,1.5203637525996387,0.5279273907567561,100.0,110.66137736303985,0.7520418768265136,0.0040507422762381,1026.3977162432273,1040.1468972209673,True,True,True,True,True,True,lhs_holdout,391.0,,
,,1.568940749518081,0.241375982447212,0.4715397640378972,0.5284602359621028,23,16,0.6956521739130435,1.8852451462725823,0.4376940751997555,100.0,109.20389168294162,0.8246871878050841,0.0178703017083844,1378.4964501355755,1393.022800813195,True,True,True,True,True,True,lhs_holdout,392.0,,
,,1.1692788697784482,0.1513303431911663,0.5694349816772757,0.4305650183227243,16,5,0.3125,2.902582622302991,0.4555098810644871,100.0,95.4535519165076,0.9871103257558096,0.070168896534778,1779.826594505161,1796.1439540669537,True,True,True,True,True,True,lhs_holdout,393.0,,
,,1.3485519754956314,0.1662975699130167,0.4743353717088497,0.5256646282911503,28,19,0.6785714285714286,3.411860083648333,0.5485206285781684,100.0,103.444876539498,0.9999953963921752,0.0416526831786754,1648.3112295989831,1667.834349273507,True,True,True,True,True,True,lhs_holdout,394.0,,
,,1.212651693865412,0.180284944059993,0.6218777702204069,0.3781222297795931,26,10,0.3846153846153846,2.042715954446216,0.5031710180105616,100.0,95.27919701152264,0.9981052457905788,0.2503912173590149,1260.7842960071453,1270.464410341025,True,True,True,True,True,True,lhs_holdout,395.0,,
,,1.906110389656112,0.0591328407204003,0.359459724423459,0.640540275576541,29,11,0.3793103448275862,4.380132235778571,0.4116801949577127,100.0,120.55190330679191,0.6110023805820605,3.4661025524041784e-06,2738.701226900848,2745.8303621587675,True,True,True,True,True,True,lhs_holdout,396.0,,
,,1.9502251542037263,0.0479706747738894,0.4625967275518515,0.5374032724481485,19,8,0.4210526315789473,4.179807281906143,0.4818961030991653,100.0,117.98259832810214,0.8920080523807106,0.0009249159809416,2222.6072031962503,2240.477927390225,True,True,True,True,True,True,lhs_holdout,397.0,,
,,1.073729557275992,0.2471298316601464,0.4399173417138332,0.5600826582861669,14,5,0.3571428571428571,1.2645702193078412,0.5873232459629176,100.0,96.31315058642048,0.8763380289485869,0.1332709887639943,803.5182882549215,814.6910304562064,True,True,True,True,True,True,lhs_holdout,398.0,,
,,1.290626300868467,0.1460764990245857,0.3648520337465073,0.6351479662534927,25,14,0.56,4.110104079907647,0.5053040675623846,100.0,105.38510320209446,0.7371942866111586,0.0003327571095832,2202.3021752205964,2215.720292467269,True,True,True,True,True,True,lhs_holdout,399.0,,
,,1.278023105172336,0.2172920410702273,0.4387362682245519,0.5612637317754481,16,6,0.375,1.6113153975594965,0.4220918418467275,100.0,102.59582256792174,0.7569388834256859,0.0030693878606794,1311.5178866128288,1324.6421934137245,True,True,True,True,True,True,lhs_holdout,400.0,,
,,1.6060035430377644,0.0051045222497997,0.6407509567473811,0.3592490432526188,22,14,0.6363636363636364,2.8483845507125296,0.4734684880354777,100.0,105.05178337355404,0.999905029089462,0.2413454033293139,1662.570533190456,1672.7152159746104,True,True,True,True,True,True,lhs_holdout,401.0,,
,,1.1105379402537032,0.0010897151256728,0.4262673976425261,0.5737326023574739,19,10,0.5263157894736842,4.37002286419925,0.4835840214137529,100.0,97.9356365946678,0.8245958720958749,0.0008965725100666,2401.9029309649177,2417.566606454717,True,True,True,True,True,True,lhs_holdout,402.0,,
,,1.2479434153887237,0.2060647954221149,0.6941739724789706,0.3058260275210294,28,12,0.4285714285714285,3.266306137088752,0.4322848763940154,100.0,94.36110867480916,0.999923234571982,0.2926405290978999,2016.11486228232,2024.1882884821955,True,True,True,True,True,True,lhs_holdout,403.0,,
,,1.5486417092631224,0.0935675674130288,0.3944353115726488,0.6055646884273511,18,12,0.6666666666666666,2.9129295976876803,0.5295120026242691,100.0,111.22142764298138,0.8176791931919135,0.0183667604561115,1567.2816656258624,1582.2370797875333,True,True,True,True,True,True,lhs_holdout,404.0,,
,,1.706374967319504,0.2521581875417117,0.6310224367683512,0.3689775632316487,13,7,0.5384615384615384,3.09534569037018,0.4805264621262664,100.0,107.63107349181558,0.99485166449097,0.2377039647495025,1740.971247529828,1751.2252792632376,True,True,True,True,True,True,lhs_holdout,405.0,,
,,1.13871366491292,0.169410103546462,0.6525836239364939,0.347416376063506,24,16,0.6666666666666666,2.47520618850364,0.5638268007139321,100.0,92.2272112382679,0.9999743158960028,0.3838443115146983,1267.865130575744,1273.778930313801,True,True,True,True,True,True,lhs_holdout,406.0,,
,,1.2171235232858248,0.2026527862410398,0.6110324581748324,0.3889675418251676,25,15,0.6,3.2191762215796675,0.5148929970336077,100.0,95.70974772416724,0.9999807458920338,0.2445848866236137,1705.9866251942965,1715.932952023407,True,True,True,True,True,True,lhs_holdout,407.0,,
,,1.5052470611311872,0.2913718586496603,0.6268549453747874,0.3731450546252126,26,15,0.5769230769230769,1.3929969610056985,0.4932241820636882,100.0,103.01122471138008,0.9954011235586068,0.2481836181865032,999.8497443491938,1009.7038224087944,True,True,True,True,True,True,lhs_holdout,408.0,,
,,1.2586782636081504,0.2919409913512937,0.5634017682214827,0.4365982317785173,17,8,0.4705882352941176,3.1039331311204204,0.4922729110660763,100.0,98.26053932760924,0.9976840701840852,0.1154869908232378,1734.4958295777717,1749.3949079989468,True,True,True,True,True,True,lhs_holdout,409.0,,
,,1.47779149956744,0.1407510887966843,0.3359009144950965,0.6640990855049035,22,12,0.5454545454545454,1.8670573062040423,0.4271855110675819,100.0,111.4467472857961,0.5852939133993486,0.0014892799770095,1448.204783522789,1457.089403158678,True,True,True,True,True,True,lhs_holdout,410.0,,
,,1.4187570831869962,0.1857253588880099,0.3935837910974367,0.6064162089025633,25,12,0.48,2.643969158638172,0.5174901719026156,100.0,107.93475894891832,0.8150632487937207,0.0005949483993265,1505.175136711168,1520.8716274975675,True,True,True,True,True,True,lhs_holdout,411.0,,
,,1.0671973873292355,0.0650825763639066,0.4879992080048588,0.5120007919951411,22,8,0.3636363636363636,2.866172155564866,0.5954683700518395,100.0,94.62058406870348,0.9963542789461356,0.1426358628852822,1313.5616910038418,1327.1398674147997,True,True,True,True,True,True,lhs_holdout,412.0,,
,,1.2649032045279305,0.2710669060186952,0.6423806165167298,0.3576193834832701,26,14,0.5384615384615384,3.997562732263453,0.5355413812693959,100.0,96.22478409650483,0.9999841036978784,0.3322423482619196,1930.700639621696,1938.0243880266908,True,True,True,True,True,True,lhs_holdout,413.0,,
,,1.7300374469520134,0.131029403855898,0.4795117680386369,0.5204882319613631,28,18,0.6428571428571429,2.817168294109221,0.5211183947413784,100.0,112.7133269373308,0.9944360483128308,0.0063235935467542,1494.763982612781,1515.6370300438043,True,True,True,True,True,True,lhs_holdout,414.0,,
,,1.242753856992876,0.1635479498608183,0.6868928385492182,0.3131071614507817,28,20,0.7142857142857143,3.661819344526897,0.4878483499755633,100.0,94.40379737874956,0.9999996811031578,0.3581847796556695,1986.8484727350688,1994.1800444865407,True,True,True,True,True,True,lhs_holdout,415.0,,
,,1.7347024501922228,0.16741925596111,0.5775539191596968,0.4224460808403032,24,8,0.3333333333333333,4.409550980598748,0.4535403263264455,100.0,109.81333848697273,0.9987452784407752,0.0700559848463607,2414.5972233284824,2431.5967011944213,True,True,True,True,True,True,lhs_holdout,416.0,,
,,1.400933225138338,0.1009958917711648,0.4916350021540898,0.5083649978459102,21,9,0.4285714285714285,2.5869610075794425,0.4547862116028669,100.0,104.31784258845374,0.9010505893016356,0.0008149695659905,1650.139565411261,1667.768521408051,True,True,True,True,True,True,lhs_holdout,417.0,,
,,1.5725822758431185,0.0294003659780912,0.6351940136031146,0.3648059863968854,28,14,0.5,3.245604060491736,0.5773640840064577,100.0,104.41524009784638,0.999941057720961,0.3681957340109953,1474.1075606648,1480.5892145241048,True,True,True,True,True,True,lhs_holdout,418.0,,
,,1.026631999792878,0.2900471121911315,0.3797078522375831,0.6202921477624168,11,5,0.4545454545454545,3.25782959466418,0.401374745782566,100.0,96.6721950060325,0.630942229150207,0.0050079106254155,2280.153483035744,2289.76805774099,True,True,True,True,True,True,lhs_holdout,419.0,,
,,1.544236185565722,0.0703999000285857,0.4348225667940849,0.5651774332059151,24,8,0.3333333333333333,3.47538546092379,0.5275955252987652,100.0,109.7778261623875,0.9203285178816684,0.0001121633749915,1767.3437084614063,1786.26023831583,True,True,True,True,True,True,lhs_holdout,420.0,,
,,1.83202674816495,0.2236665106487227,0.4825480992458516,0.5174519007541484,21,11,0.5238095238095238,3.0056393696930925,0.4970702377343433,100.0,114.85855946396788,0.9553490618015544,0.0041777994372278,1654.832007199385,1674.5228360915996,True,True,True,True,True,True,lhs_holdout,421.0,,
,,1.1484032983744803,0.1584253839551907,0.4720997644130792,0.5279002355869207,16,8,0.5,1.7798235503721889,0.5016346475573752,100.0,97.6941625680816,0.9220430254181444,0.025094938091119,1176.9247175055166,1194.2146014422617,True,True,True,True,True,True,lhs_holdout,422.0,,
,,1.6169642428486628,0.0177981713471659,0.6014743796021327,0.3985256203978673,30,17,0.5666666666666667,3.173967467582343,0.4480810951230911,100.0,106.4251391568427,0.9999880078812908,0.1105795990190648,1889.360744036124,1904.3784017194885,True,True,True,True,True,True,lhs_holdout,423.0,,
,,1.4160604125844984,0.1769395430873271,0.6563262570051954,0.3436737429948046,21,8,0.3809523809523809,3.4088849977552806,0.5218866137799026,100.0,99.93741370066384,0.998665569734396,0.3427012230007919,1742.868921295949,1749.9636047318704,True,True,True,True,True,True,lhs_holdout,424.0,,
,,1.5848523093959508,0.2452900091028782,0.4164246932504223,0.5835753067495777,18,11,0.6111111111111112,2.5204580778122123,0.4277977101202184,100.0,111.373115116193,0.7222292670604946,0.0073959472794671,1738.0509427055235,1750.1997593491078,True,True,True,True,True,True,lhs_holdout,425.0,,
,,1.1043609440562314,0.2006076567416273,0.3602319992470219,0.639768000752978,27,10,0.3703703703703703,4.43655020412869,0.4802887131393114,100.0,99.8978295300044,0.6931400579419826,3.538301935385786e-06,2497.658713812969,2508.7958533315045,True,True,True,True,True,True,lhs_holdout,426.0,,
,,1.991800980714269,0.1376362496283299,0.6823469177569834,0.3176530822430166,25,12,0.48,4.331377341912557,0.4375358647500229,100.0,112.1982699167162,0.9999156120157052,0.2741043479387788,2426.929039549824,2435.983371381908,True,True,True,True,True,True,lhs_holdout,427.0,,
,,1.654779185361133,0.084725480921482,0.6985424954233825,0.3014575045766174,15,10,0.6666666666666666,2.78688412898343,0.4682108451271383,100.0,104.59353104676734,0.999112608497405,0.357158134957191,1649.6139762205898,1656.3351820400044,True,True,True,True,True,True,lhs_holdout,428.0,,
,,1.9426897722171503,0.1870739477257058,0.5040166054083305,0.4959833945916695,11,5,0.4545454545454545,4.278278966486122,0.5195020581011225,100.0,116.50074116530254,0.9654957951523852,0.0771738661459768,2071.060450091549,2087.454489776429,True,True,True,True,True,True,lhs_holdout,429.0,,
,,1.3225086499986791,0.2483493114625937,0.596180465732441,0.403819534267559,14,5,0.3571428571428571,3.50287526328359,0.5416996654666254,100.0,99.11378306773224,0.9898517110691022,0.2631185045688031,1716.0838431291334,1725.3107970428146,True,True,True,True,True,True,lhs_holdout,430.0,,
,,1.7794141281869922,0.2100664188895396,0.3249903415831758,0.6750096584168241,22,13,0.5909090909090909,4.402920966174457,0.5604207409261941,100.0,119.03485196287664,0.7368340926060003,0.0019507745452857,2030.1675161423327,2043.588086373484,True,True,True,True,True,True,lhs_holdout,431.0,,
,,1.377816880331259,0.2374043024147978,0.3406122621876307,0.6593877378123694,27,18,0.6666666666666666,3.361669998962592,0.5437717077575519,100.0,108.64262837394102,0.7438346802523026,0.0023229538452479,1725.5679576502923,1739.1643131555943,True,True,True,True,True,True,lhs_holdout,432.0,,
,,1.1553716902238431,0.1103152264397477,0.6453864530808497,0.3546135469191502,19,13,0.6842105263157895,1.2899052747568982,0.4916840376073058,100.0,92.92929927579524,0.9934570230348836,0.2855434870394454,974.2457484992124,982.6519061808322,True,True,True,True,True,True,lhs_holdout,433.0,,
,,1.4998710851350905,0.2356476653472465,0.3158159174767541,0.6841840825232459,12,7,0.5833333333333334,3.730322612819835,0.4099980060138822,100.0,112.7220640850632,0.5298141379678151,0.0078649956825737,2473.6069019947968,2480.829089579179,True,True,True,True,True,True,lhs_holdout,434.0,,
,,1.7136313799958205,0.2120186752242161,0.3516962245388146,0.6483037754611853,17,10,0.5882352941176471,3.8766472651194928,0.5965001940089847,100.0,116.6046910211366,0.8553372657967947,0.0110117264044241,1654.191163271715,1670.4823115194267,True,True,True,True,True,True,lhs_holdout,435.0,,
,,1.4240491913523476,0.2535234115051791,0.3714859792896892,0.6285140207103108,12,7,0.5833333333333334,3.853948717769802,0.4831609821172908,100.0,108.81861395312065,0.7064668677635996,0.013156393654006,2183.1300735111954,2195.042082295576,True,True,True,True,True,True,lhs_holdout,436.0,,
,,1.9867031036588247,0.2569302971069665,0.411508315024598,0.5884916849754019,14,6,0.4285714285714285,1.3111990195220555,0.5343137717158679,100.0,120.42272288009492,0.8010656006049608,0.0719860141205774,904.4002452746925,916.5789603106982,True,True,True,True,True,True,lhs_holdout,437.0,,
,,1.8814602013120871,0.1118413323956219,0.5308464791410039,0.4691535208589961,21,12,0.5714285714285714,1.7585321158540648,0.597021587312308,100.0,114.39391269235097,0.9874261391969292,0.2226656380690347,905.4956699607828,916.200551407284,True,True,True,True,True,True,lhs_holdout,438.0,,
,,1.517180597846902,0.0874908342268339,0.4554146983876558,0.5445853016123442,11,3,0.2727272727272727,2.2892375095644253,0.5024736945553618,100.0,108.4428319555069,0.8703302718902041,0.0445771344783993,1382.244558013696,1397.317736580137,True,True,True,True,True,True,lhs_holdout,439.0,,
,,1.3465528812918164,0.1542785448776888,0.5792745541971156,0.4207254458028844,19,12,0.631578947368421,1.618381868459243,0.5058930801324758,100.0,100.2520491883326,0.9938786787612222,0.1743299714791374,1073.84589390898,1086.3030671322144,True,True,True,True,True,True,lhs_holdout,440.0,,
,,1.723556095497106,0.2201316556471085,0.5602725486432668,0.4397274513567332,13,8,0.6153846153846154,4.497912582510579,0.5427178960598139,100.0,110.07834209083131,0.9973048972314906,0.1920347002672479,2055.0300815528844,2067.1743984061945,True,True,True,True,True,True,lhs_holdout,441.0,,
,,1.6870927716430906,0.1988719119238556,0.6080647302976252,0.3919352697023748,18,10,0.5555555555555556,3.801388268258102,0.4788141675182255,100.0,107.85289510033516,0.9994966708657508,0.1819935321239452,2047.230663458433,2059.594810585645,True,True,True,True,True,True,lhs_holdout,442.0,,
,,1.1350690000056618,0.2939715159015401,0.5055331503742811,0.4944668496257188,23,11,0.4782608695652174,3.6870783920970167,0.5660187184901966,100.0,96.26603498679695,0.9997628855179048,0.1265866579529368,1701.7625210478757,1716.2922061648007,True,True,True,True,True,True,lhs_holdout,443.0,,
,,1.1276091608231789,0.2904243724366108,0.321791328927743,0.678208671072257,12,8,0.6666666666666666,3.07221226946385,0.5557414291847766,100.0,101.95824909654316,0.6887077855674261,0.0284795762357655,1598.494600446632,1609.3882355762266,True,True,True,True,True,True,lhs_holdout,444.0,,
,,1.9176266157634372,0.1992373767404784,0.3325585653280315,0.6674414346719685,17,7,0.4117647058823529,4.363667438460763,0.4738194804326627,100.0,121.74820425922178,0.631426090134795,0.0006639290481549,2434.97911330049,2445.3660692088297,True,True,True,True,True,True,lhs_holdout,445.0,,
,,1.6907351075306185,0.0671043041569434,0.6434613373540784,0.3565386626459216,20,13,0.65,3.970929612429371,0.4874670491459855,100.0,106.92753315531684,0.999939740315749,0.2686527903761781,2083.8524248161307,2093.211128276974,True,True,True,True,True,True,lhs_holdout,446.0,,
,,1.7413374978793774,0.1197274925929786,0.4790476643962669,0.5209523356037331,23,9,0.391304347826087,3.066949409129175,0.4417244411968045,100.0,112.98149092325502,0.8579336719428224,0.0001916508381524,1905.9152818386767,1922.3081348765731,True,True,True,True,True,True,lhs_holdout,447.0,,
,,1.1781121057482749,0.2157439226270013,0.3664791157494794,0.6335208842505206,24,12,0.5,1.4460389654084085,0.5268955913708073,100.0,102.0055760281918,0.7690288616942783,0.0050282786586262,1008.2488277747188,1022.3842948513797,True,True,True,True,True,True,lhs_holdout,448.0,,
,,1.4443138835180684,0.23156590939296,0.6993784743560345,0.3006215256439655,17,10,0.5882352941176471,3.159058042119134,0.538001593697959,100.0,99.5039988155272,0.9995803650257092,0.4415860256794466,1586.581620720796,1591.375279419106,True,True,True,True,True,True,lhs_holdout,449.0,,
,,1.575872672821362,0.0235037951912352,0.5458884044516076,0.4541115955483924,10,4,0.4,4.170934332398517,0.5915264831720575,100.0,107.08214784104509,0.9746430897556044,0.2498157581801813,1744.3923885120814,1753.778042472749,True,True,True,True,True,True,lhs_holdout,450.0,,
,,1.1739983507663303,0.147240882906574,0.3229169130885413,0.6770830869114587,23,15,0.6521739130434783,2.577210454537769,0.5407719066516453,100.0,103.37125888131236,0.6973904328128847,0.0049107380143584,1446.701771914151,1458.8642917265672,True,True,True,True,True,True,lhs_holdout,451.0,,
,,1.9818861735957432,0.1728503842471005,0.506950317800517,0.493049682199483,23,12,0.5217391304347826,1.469659029536641,0.4157140302788415,100.0,117.20554336774518,0.8620706847737388,0.007832892119203,1200.2743192414807,1216.0926300773403,True,True,True,True,True,True,lhs_holdout,452.0,,
,,1.256798390221746,0.1453856117561369,0.5335230471999883,0.4664769528000116,20,10,0.5,1.6646127142455671,0.4840053635696604,100.0,99.07885315718772,0.9853121172964446,0.0518677686438525,1147.6514860485015,1165.2164727440402,True,True,True,True,True,True,lhs_holdout,453.0,,
,,1.0986560309246842,0.2743735430789868,0.6744123319667653,0.3255876680332347,22,14,0.6363636363636364,3.715477763034346,0.5090541286838485,100.0,90.40290947367862,0.999987180957493,0.3604190193859903,1939.9604158568216,1946.4246451816923,True,True,True,True,True,True,lhs_holdout,454.0,,
,,1.3619912727569703,0.1928956594934635,0.337650387999299,0.6623496120007011,23,9,0.391304347826087,3.654053072540636,0.5223769229313334,100.0,108.3142200215168,0.7068381086268397,9.287188276932191e-05,1939.215896117964,1951.852362128296,True,True,True,True,True,True,lhs_holdout,455.0,,
,,1.4298389101065738,0.0253637934564231,0.3977087404234062,0.6022912595765937,23,15,0.6521739130434783,2.340512805513544,0.4155892576892294,100.0,108.08918235923994,0.6780068840603692,0.003549196007367,1705.1290650917408,1716.1446245905845,True,True,True,True,True,True,lhs_holdout,456.0,,
,,1.714893137260226,0.2029800466979174,0.4866816980152919,0.5133183019847081,21,6,0.2857142857142857,2.697578944576201,0.5743382785125108,100.0,112.144717321334,0.9785703612428236,0.1221344191100087,1292.0839841109805,1306.6222826149667,True,True,True,True,True,True,lhs_holdout,457.0,,
,,1.386136410760894,0.018743095351308,0.5272618087233398,0.4727381912766601,13,7,0.5384615384615384,1.6360736249224597,0.513433318358767,100.0,102.8418055801854,0.9487202068418292,0.127855611088921,1072.9120303975064,1086.259928153263,True,True,True,True,True,True,lhs_holdout,458.0,,
,,1.54199276751043,0.1073624573304923,0.3439124101394393,0.6560875898605607,22,14,0.6363636363636364,4.145571612673078,0.5492837404773598,100.0,112.7881727392218,0.7592266846557195,0.0031239077372253,1993.3642866318628,2007.3779978741863,True,True,True,True,True,True,lhs_holdout,459.0,,
,,1.8168195734513104,0.2579121382952658,0.4154016787182814,0.5845983212817185,16,10,0.625,3.382748115104484,0.5158677597783436,100.0,116.72368798317234,0.8401665662726389,0.0167686248947644,1781.828386526509,1797.5375841773675,True,True,True,True,True,True,lhs_holdout,460.0,,
,,1.6334515089295638,0.0751128779080874,0.5001920588819246,0.4998079411180753,13,7,0.5384615384615384,1.4916682961959384,0.5693291296153347,100.0,109.84474501018344,0.9236727438404962,0.1798491458824754,893.4356412075751,904.2539297997176,True,True,True,True,True,True,lhs_holdout,461.0,,
,,1.0636103246270372,0.2858111436418311,0.320413190687197,0.679586809312803,25,13,0.52,2.2195791917794216,0.537160027276411,100.0,99.92308078168912,0.6913347990304349,0.0008118355113063,1320.1393938091624,1332.3129044906764,True,True,True,True,True,True,lhs_holdout,462.0,,
,,1.0496714932254916,0.2279204722114351,0.3752367133767439,0.624763286623256,15,6,0.4,2.392474267998446,0.5384406998219288,100.0,97.5989483921988,0.8072682966631922,0.0048947723044485,1364.0096477359875,1379.2180145666855,True,True,True,True,True,True,lhs_holdout,463.0,,
,,1.86287406817733,0.06124850406064,0.5725600600753377,0.4274399399246623,20,14,0.7,4.286519455854186,0.5852792372666037,100.0,112.7364092275114,0.9999474781251196,0.2697195389222537,1782.2262221004794,1791.642469308816,True,True,True,True,True,True,lhs_holdout,464.0,,
,,1.2102411531821766,0.2619164558934557,0.4448229127807316,0.5551770872192684,16,5,0.3125,3.942372761598728,0.4859850758830388,100.0,100.42411334462378,0.8647695574608529,0.0006641811465651,2175.284135786289,2192.149921103626,True,True,True,True,True,True,lhs_holdout,465.0,,
,,1.214391997679474,0.2873391389694873,0.3733530012091975,0.6266469987908024,24,13,0.5416666666666666,2.9418765084654024,0.5725215534569548,100.0,102.87281746196322,0.8708503144834073,0.001888843605553,1441.020442468044,1458.2448105679232,True,True,True,True,True,True,lhs_holdout,466.0,,
,,1.0778564458138784,0.0057137502802515,0.5245290434932633,0.4754709565067366,20,6,0.3,2.2311614854613646,0.4292193831227399,100.0,93.88327530747988,0.9187711325131696,0.0002755180370234,1572.8975347093767,1590.4617235551375,True,True,True,True,True,True,lhs_holdout,467.0,,
,,1.7477196405155937,0.2334241912684955,0.6027241899972199,0.3972758100027801,14,7,0.5,1.2217528153236596,0.4136720755567257,100.0,109.36424101589064,0.9366116342568164,0.1294788456359784,1077.3190802479637,1089.6806416389036,True,True,True,True,True,True,lhs_holdout,468.0,,
,,1.7710330626973043,0.2648799848474911,0.6829409383980292,0.3170590616019708,11,7,0.6363636363636364,3.4305781742033705,0.4518897459795666,100.0,107.60688884780188,0.9947145750815204,0.3047800671836074,1982.7360819071555,1990.77280308781,True,True,True,True,True,True,lhs_holdout,469.0,,
,,1.4618115402711078,0.1468855637056063,0.6050890152696822,0.3949109847303178,17,8,0.4705882352941176,2.2752048649551693,0.4598266504334162,100.0,102.53744856342092,0.9948159632794812,0.1472696600182598,1461.317137693328,1474.668927221601,True,True,True,True,True,True,lhs_holdout,470.0,,
,,1.463294510256283,0.2011677245082864,0.6579367787134407,0.3420632212865593,23,11,0.4782608695652174,1.3850224405440812,0.4628974823113186,100.0,101.10109086142756,0.9921111567482296,0.2701925346419436,1058.643410542386,1067.5614003985404,True,True,True,True,True,True,lhs_holdout,471.0,,
,,1.4585626206569908,0.0245715817360204,0.5535504916183795,0.4464495083816204,24,13,0.5416666666666666,4.044127674299591,0.512026644657262,100.0,103.94805927855448,0.999942519225729,0.1281101462723379,2031.0890468291136,2045.733754107744,True,True,True,True,True,True,lhs_holdout,473.0,,
,,1.3361261869199548,0.2300723675599511,0.6899066888548833,0.3100933111451167,12,5,0.4166666666666667,2.422732761061733,0.5691592856045004,100.0,96.92051310211502,0.987959761950956,0.4642873644122284,1226.0743658269832,1230.19345014732,True,True,True,True,True,True,lhs_holdout,474.0,,
,,1.4138288847179632,0.2308132661344774,0.3271900274721296,0.6728099725278703,21,7,0.3333333333333333,2.712711097052616,0.4861582770784804,100.0,110.08021531014674,0.6366256748490512,0.0001346454360504,1676.331943109256,1686.9396696836332,True,True,True,True,True,True,lhs_holdout,475.0,,
,,1.8363062515937725,0.2343560986777397,0.4417209823319515,0.5582790176680484,19,13,0.6842105263157895,3.120968638732041,0.4210900116504651,100.0,116.2720311199813,0.7547131207845006,0.0114270557145376,2029.7466385770065,2042.539265909962,True,True,True,True,True,True,lhs_holdout,476.0,,
,,1.2499475970316245,0.0316543955742269,0.330106649950994,0.669893350049006,20,11,0.55,2.4613713625785625,0.5478830647091562,100.0,105.40293054247786,0.7250977040034245,0.004158105318904,1368.1594408555943,1381.127388892362,True,True,True,True,True,True,lhs_holdout,477.0,,
,,1.1589584587840815,0.0699959166277869,0.5225425815525014,0.4774574184474985,23,8,0.3478260869565217,2.602480231328632,0.4925312449656938,100.0,96.4996029013992,0.9960771327697288,0.0346508957358016,1529.0178099400243,1547.7791933829126,True,True,True,True,True,True,lhs_holdout,478.0,,
,,1.2824089495978184,0.0596462250882568,0.5873809201909448,0.4126190798090552,12,4,0.3333333333333333,2.301433744567849,0.4887845109595084,100.0,98.24799310964768,0.9673195594646812,0.1900063673501592,1412.5358245252723,1423.6797563122552,True,True,True,True,True,True,lhs_holdout,479.0,,
,,1.487342112699047,0.1821027051952387,0.5869149460130745,0.4130850539869255,18,6,0.3333333333333333,1.367125577507698,0.4141332151345747,100.0,103.70209767410137,0.9554717637975516,0.0655273671690792,1153.8074928986543,1169.1670752937443,True,True,True,True,True,True,lhs_holdout,480.0,,
,,1.1173638717057826,0.1041922713267833,0.3763318817426869,0.623668118257313,26,12,0.4615384615384615,4.398819901953882,0.4181223819947255,100.0,99.77693031132526,0.6467436954969886,1.5134359740030688e-05,2792.572070596007,2802.946824993799,True,True,True,True,True,True,lhs_holdout,481.0,,
,,1.4407051783542475,0.1433189695171921,0.3308471664962596,0.6691528335037403,26,13,0.5,3.075355917953204,0.4283347287371744,100.0,110.66156937602608,0.5786747679403923,9.113110193614426e-05,2059.024381021124,2067.807012777729,True,True,True,True,True,True,lhs_holdout,482.0,,
,,1.6409855027350766,0.2505453981426461,0.6367918965301268,0.3632081034698732,18,5,0.2777777777777778,1.55010182937338,0.5798853024396083,100.0,105.97850571829076,0.963043372340342,0.4004297791580111,884.7424524424673,889.8892066436918,True,True,True,True,True,True,lhs_holdout,483.0,,
,,1.068267448453168,0.0150465662556026,0.5555545340669034,0.4444454659330966,26,15,0.5769230769230769,3.6119767447609057,0.4936221881336589,100.0,92.6742986301714,0.9999888468049302,0.0996300431768834,1959.8121833856728,1975.3403554182264,True,True,True,True,True,True,lhs_holdout,484.0,,
,,1.597121455876379,0.1654388918114161,0.5318893703988047,0.4681106296011953,29,20,0.6896551724137931,3.747412931114229,0.5429038218580887,100.0,108.0124898334388,0.9999985803272188,0.1377694063211118,1780.476722065624,1795.3125161867042,True,True,True,True,True,True,lhs_holdout,485.0,,
,,1.0561461392748808,0.0017551310794635,0.355911863963915,0.644088136036085,21,7,0.3333333333333333,3.872545739058912,0.4048662308991395,100.0,98.4604364338768,0.5980268055608827,1.4870019838485216e-05,2600.8271787760627,2609.8839343429845,True,True,True,True,True,True,lhs_holdout,486.0,,
,,1.2709531523043105,0.043255681575998,0.4120976072952058,0.5879023927047942,13,9,0.6923076923076923,2.5975387097644536,0.4053976097984356,100.0,103.25155338892296,0.6742776145181041,0.0275548368617118,1881.7180649067584,1891.579695533775,True,True,True,True,True,True,lhs_holdout,487.0,,
,,1.4937983772443963,0.1034046923109159,0.3494928182246167,0.6505071817753832,18,10,0.5555555555555556,2.452023217564187,0.4107071678157321,100.0,111.38177076894948,0.5912340085335831,0.0026368486827039,1791.48047755312,1800.3323175391638,True,True,True,True,True,True,lhs_holdout,488.0,,
,,1.164759936914577,0.0553279279727864,0.4767541576363675,0.5232458423636325,18,9,0.5,2.761941024109699,0.5165363983736119,100.0,98.05555851029936,0.9782935878749028,0.0073452739836237,1526.5467876098292,1546.5129583945863,True,True,True,True,True,True,lhs_holdout,489.0,,
,,1.8491947739365933,0.0335074854706862,0.5035770700651495,0.4964229299348505,20,6,0.3,1.4380996875878966,0.4464713547451954,100.0,114.56062017588351,0.9026001599600916,0.0088841955964739,1119.3910730566956,1136.7207944952115,True,True,True,True,True,True,lhs_holdout,490.0,,
,,1.198874943758488,0.1142654408453247,0.4752123140987192,0.5247876859012808,21,7,0.3333333333333333,1.829891189904232,0.433468485760876,100.0,99.1368937382436,0.8385344753577659,0.0003634873411828,1379.7786255122965,1395.3220604407252,True,True,True,True,True,True,lhs_holdout,491.0,,
,,1.2253553224543838,0.049195748787498,0.4003230084723616,0.5996769915276383,15,7,0.4666666666666667,4.255533149252806,0.4486542553694098,100.0,102.30520049727636,0.7248898236227869,0.0014673133938623,2536.0498482387616,2548.6864051244875,True,True,True,True,True,True,lhs_holdout,492.0,,
,,1.786242062255227,0.0267979975154415,0.4634567406319043,0.5365432593680957,24,10,0.4166666666666667,1.4585771711489204,0.5625232481361332,100.0,114.47595036981818,0.9177733953431528,0.1101240043683607,891.541232144312,905.0908326797114,True,True,True,True,True,True,lhs_holdout,493.0,,
,,1.558881515542598,0.0659994045215696,0.3863719273872617,0.6136280726127383,12,4,0.3333333333333333,1.7680120692920984,0.5948390787180328,100.0,111.74525261401384,0.8353614981184746,0.0805534946001494,951.5423680300106,964.0113614879316,True,True,True,True,True,True,lhs_holdout,494.0,,
,,1.0359591140337143,0.1021248916261253,0.542839083404791,0.4571609165952089,27,13,0.4814814814814814,2.069297884612076,0.5612994704896834,100.0,91.971816195269,0.9994635050711752,0.1859542944254717,1131.824854455292,1143.7775881460789,True,True,True,True,True,True,lhs_holdout,495.0,,
,,1.262413958422797,0.1592281712392712,0.675758995048443,0.324241004951557,27,15,0.5555555555555556,1.2697011996170542,0.4954211497799025,100.0,95.25728459020854,0.9969485120592168,0.3486329441326017,953.3220845373264,960.1082207447176,True,True,True,True,True,True,lhs_holdout,496.0,,
,,1.6588953344995183,0.0285542985978813,0.424357862748322,0.575642137251678,19,7,0.3684210526315789,1.5240002632693312,0.4616271558960738,100.0,112.86983129308425,0.7851472211727174,0.0035894055845438,1158.1144016421626,1172.497883184093,True,True,True,True,True,True,lhs_holdout,497.0,,
,,1.4148714075883413,0.0099347108655213,0.3370358079529665,0.6629641920470335,10,3,0.3,2.152380125255973,0.4753001082597115,100.0,109.762556204701,0.631666277235344,0.0117835678410996,1454.2499463747167,1464.2109174453817,True,True,True,True,True,True,lhs_holdout,498.0,,
,,1.0886472124465654,0.0247523198665624,0.5142330837339552,0.4857669162660448,15,8,0.5333333333333333,1.6751836456563436,0.4472576149964745,100.0,94.53521393447022,0.9093324375833,0.0259542839677217,1262.7381840942069,1279.0394326813157,True,True,True,True,True,True,lhs_holdout,499.0,,
,,1.01277995098311,0.062322518200981,0.6273469143419392,0.3726530856580607,24,14,0.5833333333333334,1.4218125197517115,0.484858318997322,100.0,88.84536913432333,0.998327815443022,0.2331959260198473,1050.1090006659092,1060.1424613893648,True,True,True,True,True,True,lhs_holdout,500.0,,
