sobol_index,batch,pressure_atm,requested_vapor_fraction,benzene_feed_fraction,toluene_feed_fraction,stages,feed_stage,feed_stage_fraction,reflux_ratio,bottoms_fraction,feed_flow_kmol_h,feed_temperature_C,x_D_benzene,x_B_benzene,Q_C,Q_R,dwsim_solved,column_calculated,column_error,output_values_valid,composition_valid,temperature_valid,case_valid,error_message
1,2048,1.431029474362731,0.24431039169430732,0.6225651066750288,0.37743489332497115,11,5,0.45454545454545453,3.9715973918326197,0.5395551698282361,100.0,101.25730488571543,0.9909815636285197,0.30816652182354426,1894.6851316866805,1902.6165038481972,True,True,,True,True,True,True,
2,2048,1.8824654864147305,0.047053441498428585,0.4307692196220159,0.5692307803779841,29,15,0.5172413793103449,2.0821339627727866,0.4825667183846235,100.0,117.6183543823289,0.8315460698583252,0.0010370259895782128,1338.1337926808712,1354.1958319881078,True,True,,True,True,True,True,
3,2048,1.7033175639808178,0.22296037646010516,0.585932033881545,0.414067966118455,17,10,0.5882352941176471,1.8591579909436404,0.5651566851884127,100.0,108.86343980561594,0.9925445329881517,0.2730766329531136,1018.0581227907031,1027.1989081939219,True,True,,True,True,True,True,
4,2048,1.2331875702366233,0.0821731511503458,0.36757319085299966,0.6324268091470003,23,8,0.34782608695652173,3.2664719916880127,0.4065690586343408,100.0,103.62576275197938,0.6193925962536349,1.618816833330389e-05,2246.6068965286267,2256.1974752598967,True,True,,True,True,True,True,
5,2048,1.103864811360836,0.15857003415003418,0.49300365969538684,0.5069963403046132,22,8,0.36363636363636365,4.327703504450619,0.5953152256086469,100.0,95.65674930839299,0.9987357153089177,0.14921403199193448,1806.7721376540042,1820.154980877151,True,True,,True,True,True,True,
6,2048,1.5826465440914035,0.14888633340597152,0.6597996599972248,0.3402003400027752,18,12,0.6666666666666666,2.460804465506226,0.42582667879760266,100.0,103.97066867485597,0.9994360396306389,0.2018382847335094,1632.0180209715847,1643.1322265452436,True,True,,True,True,True,True,
7,2048,1.753136532381177,0.27352358512580394,0.3047589220106602,0.6952410779893399,26,15,0.5769230769230769,1.4901427578181028,0.5217014122754335,100.0,119.17776335364772,0.6307089227429712,0.0059269885717745515,1033.7300319600402,1044.031128485719,True,True,,True,True,True,True,
8,2048,1.3103522518649697,0.020163128245621918,0.5481176398694515,0.4518823601305485,14,7,0.5,2.926466682460159,0.45061369035393,100.0,100.16254307216298,0.977942997094311,0.024101409494983052,1799.2716614337953,1817.7000916104892,True,True,,True,True,True,True,
9,2048,1.3127994146198034,0.19176335055381058,0.3372934959828853,0.6627065040171147,19,10,0.5263157894736842,3.539223618619144,0.5817107152193784,100.0,106.95970391871168,0.8022450539687099,0.0029632532752152684,1635.9659325341422,1651.1159435014663,True,True,,True,True,True,True,
10,2048,1.8737363712862134,0.10781149109825491,0.5158081330358981,0.4841918669641019,21,9,0.42857142857142855,1.6912056592293083,0.44031050074845557,100.0,114.69785516646652,0.9168221801842326,0.006079459365062453,1244.9139765718614,1262.711188754194,True,True,,True,True,True,True,
11,2048,1.5401756428182125,0.24094539759680628,0.4739265687763691,0.5260734312236309,13,4,0.3076923076923077,2.2485632702708243,0.5072786012664438,100.0,108.42508740985375,0.9185208110219757,0.0420838543725865,1338.7168038369919,1355.2844239749634,True,True,,True,True,True,True,
12,2048,1.0232889642938972,0.06302381213754416,0.6790041618049144,0.3209958381950856,27,17,0.6296296296296297,3.7037676843814547,0.46435254998505116,100.0,87.83805168959083,0.999998702007013,0.30872375432149374,2117.5910638630453,2126.262764091534,True,True,,True,True,True,True,
13,2048,1.1438379064202309,0.28656513160094615,0.5533844839781523,0.4466155160218477,28,18,0.6428571428571429,3.0671212309040126,0.5251690279692411,100.0,95.13461548120108,0.9999957190758473,0.14958176176213786,1611.7129911149827,1626.0283160299805,True,True,,True,True,True,True,
14,2048,1.6696204645559192,0.01504003945738077,0.39986973367631434,0.6001302663236856,12,5,0.4166666666666667,1.248112986423075,0.4962689088657498,100.0,113.93578282805709,0.7470979228574544,0.0474208419839047,970.4276562278907,982.0648342052365,True,True,,True,True,True,True,
15,2048,1.994291516020894,0.1812795488163829,0.641629221662879,0.35837077833712105,24,11,0.4583333333333333,2.7077817267738284,0.5515155056491494,100.0,113.40050581475953,0.999100062650653,0.3509391984347915,1345.9372349673577,1353.0641446814898,True,True,,True,True,True,True,
16,2048,1.4422504315152764,0.11593121392652392,0.4115517538040876,0.5884482461959124,16,9,0.5625,4.185550715401768,0.42108954973518853,100.0,107.95548268159911,0.7088038031765016,0.0028926921308330177,2609.6002903710278,2621.49563752196,True,True,,True,True,True,True,
17,2048,1.4824558170512319,0.17064895732328295,0.5066780850291251,0.49332191497087485,25,8,0.32,1.4002665404230354,0.4754134198650718,100.0,105.96566959297598,0.9420098757988321,0.026325956516130934,1050.6300171243188,1068.3765902187963,True,True,,True,True,True,True,
18,2048,1.9540487509220839,0.12393617313355207,0.3398805737495422,0.6601194262504577,14,9,0.6428571428571429,3.222504731174558,0.5465133465826512,100.0,122.24444576121397,0.7194926180236427,0.024885940158991912,1630.900725914636,1642.844202729335,True,True,,True,True,True,True,
19,2048,1.6322224950417876,0.29959176722913977,0.6949716717004776,0.3050283282995224,21,11,0.5238095238095238,4.237827336229384,0.400978122651577,100.0,104.17169364873968,0.9998927038535866,0.23944970197205057,2571.8490192054587,2581.4744388581253,True,True,,True,True,True,True,
20,2048,1.181272853165865,0.009348709043115378,0.4516114011406898,0.5483885988593102,18,7,0.3888888888888889,2.756842563394457,0.5705521179363131,100.0,99.33876559590021,0.9889894828390186,0.04713899268626338,1350.0868613115601,1368.2659077151295,True,True,,True,True,True,True,
21,2048,1.0596185652539134,0.23285796102136372,0.3776522193104028,0.6223477806895972,16,8,0.5,1.7434883284382523,0.4313687881454826,100.0,97.85140003543944,0.6608605437939443,0.004326943733151757,1388.0089283334728,1398.686540339397,True,True,,True,True,True,True,
22,2048,1.5038695931434631,0.07371842740103603,0.5694496531039477,0.4305503468960523,23,13,0.5652173913043478,3.5882783085107803,0.5899686194956302,100.0,104.62278887503982,0.9999039405465625,0.2702813267832788,1549.685090015225,1558.890712371076,True,True,,True,True,True,True,
23,2048,1.832401611842215,0.1975186868570745,0.41443180330097673,0.5855681966990233,10,7,0.7,3.855927778501063,0.4577181622385979,100.0,117.09397381427686,0.7224528762391774,0.04950401911502769,2251.3758841890894,2262.110151113305,True,True,,True,True,True,True,
24,2048,1.3541100714355707,0.09470239598304032,0.6327921394258738,0.36720786057412624,30,11,0.36666666666666664,2.4039403287693855,0.5147920621559023,100.0,98.94894568762948,0.9993024341775913,0.2873573744910061,1368.83992858325,1377.4870264112276,True,True,,True,True,True,True,
25,2048,1.272557538934052,0.26517294393852353,0.4467352036386728,0.5532647963613272,25,16,0.64,2.617793048825115,0.4458526559174061,100.0,102.1852055026286,0.8042416548483752,0.002374774411302467,1729.7597139414183,1744.4686567280369,True,True,,True,True,True,True,
26,2048,1.7909071575850248,0.0305945198982954,0.6002514649182558,0.39974853508174424,15,5,0.3333333333333333,4.4814747299999,0.5763640632852912,100.0,110.38088405282173,0.9907655849584958,0.31321789738752026,1896.2146136812644,1904.1127104766683,True,True,,True,True,True,True,
27,2048,1.6234927540645003,0.16464810222387313,0.3584416169673204,0.6415583830326796,28,13,0.4642857142857143,2.9771325037814673,0.4714569730684161,100.0,114.26530325207364,0.6781012597501911,7.632960059450327e-05,1822.1560991039837,1833.8094307822112,True,True,,True,True,True,True,
28,2048,1.0630421675741673,0.13609995329752564,0.5885206375271081,0.41147936247289185,11,6,0.5454545454545454,1.5440369518473744,0.5003692999482154,100.0,91.57514155438514,0.9647849431129785,0.21281163187376365,1074.9000357212722,1085.0634440966307,True,True,,True,True,True,True,
29,2048,1.1915171323344111,0.2126113001257181,0.6626812353730201,0.33731876462697985,13,8,0.6153846153846154,2.1328063242137434,0.48911565616726876,100.0,93.55203867969595,0.9958089422548494,0.3147276219684308,1336.749269458993,1344.3690764247556,True,True,,True,True,True,True,
30,2048,1.7450249642133713,0.09045964451506734,0.48416505157947537,0.5158349484205247,26,12,0.46153846153846156,4.025485144089907,0.5321271589025856,100.0,112.90146486669187,0.9997747028088231,0.030814145994358683,1919.4303959818067,1939.1430880410135,True,True,,True,True,True,True,
31,2048,1.9193749660626054,0.2570326060988009,0.5259016513824463,0.47409834861755373,19,7,0.3684210526315789,3.4234666233882303,0.4154985649511218,100.0,115.33613856316623,0.8993121890191117,0.0006159969810176588,2140.666936136636,2157.844454711004,True,True,,True,True,True,True,
32,2048,1.3940826002508402,0.04105770662426948,0.32082256525754926,0.6791774347424507,20,13,0.65,2.0129230697639287,0.5569109871983529,100.0,109.77634060312761,0.7022459074395138,0.01735543103545808,1163.8426066539857,1175.5888399006274,True,True,,True,True,True,True,
33,2048,1.3843614468351007,0.21607453543692826,0.46346577331423755,0.5365342266857624,30,15,0.5,1.5941851601935921,0.40354074183851485,100.0,104.75419704402827,0.7768821786505041,0.00021650226625121607,1334.6509540939412,1348.1837906728151,True,True,,True,True,True,True,
34,2048,1.9291259963065386,0.07528673848137259,0.683386630564928,0.316613369435072,10,6,0.6,3.03010929543525,0.5746284071356058,100.0,110.9123145255333,0.9909459165302379,0.4557144611644459,1393.0679513867499,1397.5704041711576,True,True,,True,True,True,True,
35,2048,1.7197103006765246,0.2511942255310714,0.3250988222658634,0.6749011777341366,23,16,0.6956521739130435,4.43172070523724,0.4791496302932501,100.0,117.68520528879111,0.6213862176661262,0.0030251762724828545,2461.2722693307155,2471.326671599586,True,True,,True,True,True,True,
36,2048,1.2168025746941566,0.05393670257180929,0.5215826831758021,0.47841731682419786,17,6,0.35294117647058826,2.5644220735877754,0.5486382277682423,100.0,98.26777968452387,0.9862662817129955,0.13929647465995965,1344.9669630056264,1358.6871452169066,True,True,,True,True,True,True,
37,2048,1.0884487619623542,0.28040999835357067,0.6459629636257886,0.35403703637421136,19,7,0.3684210526315789,1.9631751364096999,0.4595022017136216,100.0,90.83037964971686,0.9934896831643538,0.23717373747533144,1344.6273472324608,1354.352636082678,True,True,,True,True,True,True,
38,2048,1.5980550907552242,0.027048968710005283,0.40104202888906,0.5989579711109401,22,13,0.5909090909090909,3.3700895567424594,0.518089771643281,100.0,112.20369318770213,0.8289162439102502,0.003039267537504402,1786.1446085510433,1802.1667133609524,True,True,,True,True,True,True,
39,2048,1.8007812397554517,0.15168677251785992,0.5592077728360891,0.44079222716391087,15,8,0.5333333333333333,4.0756398372352125,0.43588357828557495,100.0,111.81084933406993,0.9802403500733134,0.014337285549676448,2342.481186225079,2361.545923512748,True,True,,True,True,True,True,
40,2048,1.2627153005450964,0.14200250012800097,0.38772397749125953,0.6122760225087405,26,11,0.4230769230769231,2.185776631068438,0.5928720803931355,100.0,103.81538690443273,0.9473240988858752,0.003450720972564313,1090.8748693135342,1110.2066064998417,True,True,,True,True,True,True,
41,2048,1.3598927715793252,0.23874691799283027,0.5768615912646056,0.42313840873539443,21,12,0.5714285714285714,2.8098131591454147,0.47402264215052126,100.0,100.68189659771264,0.9996802509134596,0.1076983782230626,1660.25316518137,1675.486929015723,True,True,,True,True,True,True,
42,2048,1.8266505170613527,0.06082590529695153,0.37022198401391504,0.629778015986085,20,9,0.45,4.287981740478426,0.5044486427679657,100.0,118.47764248842407,0.7465313460510998,0.0005504535843237002,2233.010312768478,2246.737769074246,True,True,,True,True,True,True,
43,2048,1.5253068758174777,0.19395925970748065,0.6152285423129797,0.38477145768702026,27,11,0.4074074074074074,3.1691273633390664,0.44958581347018484,100.0,103.8335366120283,0.9996667070875528,0.14458140912260464,1888.739711034355,1902.2573516838788,True,True,,True,True,True,True,
44,2048,1.0381499752402306,0.11000797189772128,0.43202593140304085,0.5679740685969592,14,9,0.6428571428571429,1.3505189082585274,0.578485893830657,100.0,95.37897111831018,0.8621351557931999,0.1186266495991612,855.4958615266171,866.9305139747694,True,True,,True,True,True,True,
45,2048,1.1596831222996116,0.18347745621576905,0.30745644196867944,0.6925435580313206,12,8,0.6666666666666666,2.350569458026439,0.4172795508056879,100.0,103.4706327532084,0.5138410227275714,0.01924574834180382,1758.6804115035566,1765.2474746849332,True,True,,True,True,True,True,
46,2048,1.6537827663123608,0.11812969297170639,0.5390961267054081,0.4609038732945919,28,9,0.32142857142857145,3.80617364924401,0.5602056467905641,100.0,109.12570135600077,0.9987705956902098,0.17823836925513473,1731.6425775354444,1744.3120772270968,True,True,,True,True,True,True,
47,2048,1.9481746004894376,0.28436865024268626,0.494211632758379,0.505788367241621,15,6,0.4,3.641255007963627,0.4936334969475865,100.0,116.92368719981192,0.963570333750452,0.012767921631158047,1919.5531835205763,1939.0411587610497,True,True,,True,True,True,True,
48,2048,1.4883596058934927,0.012844130862504244,0.6524141781032085,0.34758582189679155,25,13,0.52,1.7936366289854049,0.5350336726754904,100.0,101.88127976955974,0.9989076707732232,0.3512974902477029,1070.841870260048,1077.753541401356,True,True,,True,True,True,True,
49,2048,1.4675336424261332,0.292412814963609,0.3541567180305719,0.6458432819694281,14,5,0.35714285714285715,3.753921590745449,0.5677191136404872,100.0,110.54705888095862,0.8139119857000994,0.0040889332168105854,1756.1458092536805,1771.659156791447,True,True,,True,True,True,True,
51,2048,1.679369255900383,0.17782533019781113,0.44086310751736163,0.5591368924826383,18,10,0.5555555555555556,1.6414569390937686,0.5432915709912777,100.0,112.8033341215766,0.8948462611390336,0.05922944686065681,1008.2041540770875,1023.4277591551008,True,True,,True,True,True,True,
52,2048,1.1341183362528682,0.13111311877146362,0.6123483959585427,0.38765160404145727,22,11,0.5,3.4858473387546836,0.48469179030507803,100.0,93.1750733854127,0.99984381522481,0.20037833852951933,1933.96454524584,1945.2934426408112,True,True,,True,True,True,True,
53,2048,1.013448242098093,0.20469706691801548,0.5365089520812034,0.4634910479187966,23,9,0.391304347826087,4.135795903857797,0.523485261015594,100.0,91.39456639705378,0.9995409951130045,0.11500966010816498,2059.3152037467376,2074.2280048700504,True,True,,True,True,True,True,
54,2048,1.5500474339351058,0.1018813488073647,0.31658658385276794,0.6834134161472321,17,9,0.5294117647058824,2.6544115383177997,0.45391120910644533,100.0,113.95432444901263,0.5773833409019655,0.0028290172893573663,1756.3297121977057,1765.141791388655,True,True,,True,True,True,True,
55,2048,1.8483002316206694,0.2256810159422457,0.6747294396162032,0.32527056038379676,29,18,0.6206896551724138,1.298260407987982,0.5998302064836025,100.0,109.48371633199594,0.9954425295360179,0.46076977730286645,748.729566508234,753.1182892286442,True,True,,True,True,True,True,
56,2048,1.3382037105038762,0.0665420539677143,0.47824402600526805,0.521755973994732,11,4,0.36363636363636365,3.120098809339106,0.4287303304299712,100.0,103.03978754588786,0.8292581495591019,0.010533669123836823,2016.7660874079074,2031.5619580183031,True,True,,True,True,True,True,
57,2048,1.2888816092163324,0.16215679747983813,0.692225332558155,0.307774667441845,16,11,0.6875,3.319449477922171,0.5098440796136856,100.0,95.5644935682252,0.999805865485245,0.3965225055597636,1759.318575461111,1765.0199669838473,True,True,,True,True,True,True,
58,2048,1.774575569666922,0.13360807579010725,0.4605841010808944,0.5394158989191056,24,9,0.375,1.909305504709482,0.46843170206993817,100.0,114.31182054819595,0.8657507423974461,0.0008127031377040837,1294.834075810391,1311.7517998764351,True,True,,True,True,True,True,
59,2048,1.576893389225006,0.26766225043684244,0.5055189430713654,0.49448105692863464,12,6,0.5,2.0287638788111506,0.5854440635070205,100.0,108.33406453471395,0.9573633218645187,0.18556668272212123,1040.620492756336,1051.920065358487,True,True,,True,True,True,True,
60,2048,1.1096492735669017,0.03308325475081801,0.34731490463018416,0.6526850953698158,28,17,0.6071428571428571,3.9218424757942554,0.4424325220286846,100.0,100.50515205712509,0.6227921350608716,0.00015157922009945062,2447.735458181274,2457.7212593005,True,True,,True,True,True,True,
61,2048,1.2390931732952595,0.25952448304742576,0.4233557645231485,0.5766442354768515,27,14,0.5185185185185185,2.873090101405978,0.5532963007688523,100.0,101.96173042881605,0.9466602119932034,0.0008564527910759447,1456.8230809817328,1476.394701647565,True,True,,True,True,True,True,
62,2048,1.6974414205178618,0.043549011927098036,0.629996882751584,0.37000311724841595,13,6,0.46153846153846156,1.4403943388722835,0.4243840185925365,100.0,107.4593048034377,0.961511793367684,0.18034428980863582,1158.0213156797838,1169.141695909887,True,True,,True,True,True,True,
63,2048,1.9040275793522596,0.21012256583198904,0.38513527698814864,0.6148647230118514,21,7,0.3333333333333333,2.5137758480384944,0.5296870594844222,100.0,119.61567644429505,0.8177216060713169,0.0010410248554257367,1388.7877877127369,1404.6649228526467,True,True,,True,True,True,True,
64,2048,1.4094377430155873,0.08797033745795488,0.5683394405990838,0.4316605594009162,19,12,0.631578947368421,4.377857121918351,0.499175613373518,100.0,102.2441617336682,0.9999029323529564,0.13534220288417895,2226.892394217228,2241.1238330236783,True,True,,True,True,True,True,
65,2048,1.4217688478529453,0.15236934749409556,0.39394549280405045,0.6060545071959496,24,14,0.5833333333333334,3.0885985781438645,0.459117359854281,100.0,108.00220340229816,0.7275248850459841,0.0009553574087162255,1918.842948210007,1931.695765385615,True,True,,True,True,True,True,
66,2048,1.891719556413591,0.1433762988075614,0.5529307395219802,0.44706926047801976,16,8,0.5,1.2249235784634946,0.5130053270608187,100.0,113.93247059906724,0.9271563491571182,0.19767977945108126,893.1934873678181,903.5632866303765,True,True,,True,True,True,True,
67,2048,1.693884326145053,0.27684436608105895,0.4073122978210449,0.5926877021789552,28,10,0.35714285714285715,2.729259098600596,0.4331433456391096,100.0,114.24679828726937,0.7185342415219489,1.5560660802832504e-05,1817.4538944327417,1829.8893744181537,True,True,,True,True,True,True,
68,2048,1.2426276030018926,0.02388159027323127,0.6397348329424858,0.3602651670575142,12,8,0.6666666666666666,4.162361332029104,0.5885816471651196,100.0,95.66116943767048,0.9987616862589849,0.3887753518759671,1768.782096998597,1774.5654097420697,True,True,,True,True,True,True,
69,2048,1.1219499055296183,0.24982845615595578,0.5153606060892343,0.4846393939107657,13,8,0.6153846153846154,3.5607013346627356,0.4023743519559503,100.0,95.56249022480517,0.8525066947554857,0.014615882393791272,2348.175332098509,2362.874102742128,True,True,,True,True,True,True,
70,2048,1.564554893411696,0.05326215578243136,0.3313752461224794,0.6686247538775205,27,9,0.3333333333333333,1.6680158332921564,0.5687622237950564,100.0,113.78655356459137,0.7665353075249278,0.001438105569330102,986.9425600251745,1001.212054808912,True,True,,True,True,True,True,
71,2048,1.7710490077733994,0.2192499062977731,0.6771157521754503,0.3228842478245497,19,8,0.42105263157894735,2.2700410600751635,0.47719113640487193,100.0,107.76779600336192,0.9958044649257874,0.3279616313899735,1395.5015430717824,1403.0192660523555,True,True,,True,True,True,True,
72,2048,1.2924465714022517,0.07886036429554223,0.46969334222376347,0.5303066577762365,21,11,0.5238095238095238,3.6805779322050514,0.5451293425634504,100.0,102.03035970540367,0.999536032600869,0.0275592340804106,1769.004951458538,1788.6480279823227,True,True,,True,True,True,True,
73,2048,1.3349212892353535,0.28343201698735354,0.6586867365986109,0.3413132634013891,26,12,0.46153846153846156,4.306225788407027,0.41375756449997425,100.0,97.72306369306614,0.9999570282469619,0.17515113703198942,2579.822014581927,2591.6067314142874,True,True,,True,True,True,True,
74,2048,1.8516210531815886,0.01113387532532215,0.48798273988068097,0.512017260119319,14,8,0.5714285714285714,2.483994291443378,0.558258275128901,100.0,115.10499187105518,0.9742503160735062,0.10319863668273732,1258.4364619335754,1273.8309737874179,True,True,,True,True,True,True,
75,2048,1.5621039252728224,0.1873749665915966,0.5453199315816164,0.4546800684183836,22,15,0.6818181818181818,1.4686649680137633,0.48778055775910617,100.0,106.76688584228322,0.9622739821651162,0.10747029193462529,1047.5395930092725,1062.085933563113,True,True,,True,True,True,True,
76,2048,1.0013538869097829,0.12154655316844581,0.3011786464601755,0.6988213535398244,18,7,0.3888888888888889,2.9496564346365632,0.5338559221476317,100.0,98.47038613033482,0.6455433773440699,0.0004920614435093202,1646.0175366570247,1656.9640125063856,True,True,,True,True,True,True,
77,2048,1.1308053825050592,0.19566148482263088,0.42575428932905196,0.574245710670948,17,5,0.29411764705882354,3.9501200445927678,0.46971894092857835,100.0,98.59499430319585,0.8027046590675414,0.00020690306597471656,2279.669155728067,2294.6462520425207,True,True,,True,True,True,True,
78,2048,1.682659544982016,0.11093657808378339,0.6214583992958069,0.37854160070419307,23,15,0.6521739130434783,2.105323370732367,0.5017197469249368,100.0,107.36806008015196,0.9996765814053901,0.2458334549709831,1266.022671994592,1276.1734643166878,True,True,,True,True,True,True,
79,2048,1.9810653924942017,0.23532206648960707,0.363999143242836,0.636000856757164,11,6,0.5454545454545454,1.8376806191168724,0.4445143984630704,100.0,121.9455557650029,0.6295156448766097,0.032197885739107486,1357.3209673114575,1366.3023043425128,True,True,,True,True,True,True,
80,2048,1.4554697601124644,0.056920400261878966,0.5831403031945228,0.4168596968054772,29,12,0.41379310344827586,3.2896613750606774,0.5780898582190275,100.0,103.0049862135624,0.9997951455023469,0.2790289210216704,1493.677655897434,1502.6169381757231,True,True,,True,True,True,True,
81,2048,1.492870389483869,0.2295463353395462,0.48451665751636025,0.5154833424836398,20,14,0.7,2.1543843794614075,0.5199634028598666,100.0,106.91407616573241,0.9537558003630412,0.05132173856618933,1259.9678365445577,1277.0919861198538,True,True,,True,True,True,True,
82,2048,1.943640735000372,0.07000912064686417,0.6685004767030477,0.3314995232969523,20,7,0.35,4.00239644413814,0.4519641622900963,100.0,111.62237606044931,0.9977587955335554,0.26925300256320506,2223.420724903591,2232.658597527622,True,True,,True,True,True,True,
83,2048,1.6424510972574353,0.20372852878645062,0.3228103186935186,0.6771896813064814,13,6,0.46153846153846156,3.445044703222811,0.5939769901335239,100.0,115.97026272304856,0.7768936735973881,0.012415788420354944,1541.1160442719079,1555.0530634165348,True,True,,True,True,True,True,
84,2048,1.1710374560207129,0.10022158585488795,0.5302312295883893,0.4697687704116107,27,15,0.5555555555555556,1.9898343943990766,0.42755249943584206,100.0,96.64173765545581,0.9254769985866395,0.0010560337247617064,1451.5570418339303,1469.292824410107,True,True,,True,True,True,True,
85,2048,1.0426912317052484,0.1743685827590525,0.6060767315328122,0.39392326846718784,29,16,0.5517241379310345,2.639371472876519,0.5634157074615359,100.0,90.42207410315638,0.9999809363016521,0.30084579543237644,1334.9871227881822,1343.0385186593353,True,True,,True,True,True,True,
86,2048,1.5208034832030535,0.12725811526179312,0.44709298983216283,0.5529070101678372,12,5,0.4166666666666667,4.45838561207056,0.40791637152433396,100.0,108.80003053154536,0.7523551288458379,0.004011386884543417,2782.9573250338476,2795.781014508788,True,True,,True,True,True,True,
87,2048,1.815288315527141,0.2940828580409288,0.5928563840687275,0.40714361593127246,25,8,0.32,2.9987110015936196,0.5382200933992862,100.0,111.12316379432713,0.9965103784926549,0.2465160385918546,1504.6670048649419,1514.8506440908077,True,True,,True,True,True,True,
88,2048,1.3712165728211403,0.0031491500325500966,0.3604354076087475,0.6395645923912525,16,10,0.625,1.5209479076787829,0.4842955073341727,100.0,107.77983552154171,0.6745150762304218,0.025986620738473947,1138.7664827548479,1149.304418722965,True,True,,True,True,True,True,
89,2048,1.2515972396358848,0.20650672707706688,0.5745608858764171,0.42543911412358293,11,4,0.36363636363636365,1.7219099043868482,0.5529117122292518,100.0,97.73683077470008,0.9478770175744339,0.2726951173224575,1023.8950423373685,1031.9577973241292,True,True,,True,True,True,True,
90,2048,1.8118609003722668,0.08483514999970794,0.3788583166897297,0.6211416833102703,30,20,0.6666666666666666,3.611367426440119,0.4192996306344867,100.0,117.85682814892033,0.6519459216826089,0.0006695607886400761,2313.0813556514454,2323.6041308765584,True,True,,True,True,True,True,
91,2048,1.602352206595242,0.260156565438956,0.6362672246992588,0.3637327753007412,17,10,0.5882352941176471,3.8343492806889117,0.5269467225298285,100.0,105.09160438275171,0.9995874344105591,0.3101056866159127,1876.787105292621,1884.9080203251438,True,True,,True,True,True,True,
92,2048,1.08418950997293,0.0449547154828906,0.41712756380438804,0.5828724361956119,24,11,0.4583333333333333,2.4270293729379775,0.494884879142046,100.0,97.37710578970575,0.8254335589481726,0.0003783796371272956,1500.9260144943266,1516.71402206587,True,True,,True,True,True,True,
93,2048,1.2057150462642312,0.2707871197722852,0.3410928528755903,0.6589071471244097,22,10,0.45454545454545453,1.3786884851753711,0.508677776157856,100.0,103.70788673551885,0.6910969464016814,0.0030318306632428535,1028.663137494025,1040.6896376323593,True,True,,True,True,True,True,
94,2048,1.730820493772626,0.03668877650052309,0.5117953445762395,0.48820465542376046,18,9,0.5,3.245593431126326,0.46256578993052244,100.0,111.71761704650805,0.9484250624949188,0.0045042926433325175,1883.7100111589637,1902.7596898563281,True,True,,True,True,True,True,
95,2048,1.933392639271915,0.16074081268161536,0.4543132003396749,0.5456867996603251,25,16,0.64,4.2162492563948035,0.5834852507337928,100.0,117.9063779113178,0.9999672481539094,0.06479424643961854,1761.8433797445655,1779.7833716083687,True,True,,True,True,True,True,
96,2048,1.380071721971035,0.13296571103855967,0.6984529267996549,0.30154707320034513,15,5,0.3333333333333333,2.7799312387593087,0.4389235027134419,100.0,97.86698221543412,0.9916267296102758,0.32368864428455785,1758.7537441344984,1765.9498398205394,True,True,,True,True,True,True,
97,2048,1.4054485885426402,0.2743552071042359,0.5418895188719034,0.4581104811280966,15,8,0.5333333333333333,2.374058187101036,0.598055568523705,100.0,102.91673136774875,0.992578842170472,0.23898843486800972,1123.260615859553,1133.2642868473968,True,True,,True,True,True,True,
98,2048,1.9080473184585571,0.021393002942204475,0.3110292065888643,0.6889707934111358,24,10,0.4166666666666667,3.784195466525852,0.43011740706861024,100.0,122.32504285146825,0.5457391961505617,5.125744494842025e-05,2375.922496811165,2383.8941170511853,True,True,,True,True,True,True,
99,2048,1.7404798651114106,0.15486051365733147,0.6535226423293352,0.3464773576706648,11,4,0.36363636363636365,3.6647438107989725,0.5220859948545694,100.0,107.7551381295649,0.9831671077872322,0.3517684209108427,1826.6790228325988,1833.410962373596,True,True,,True,True,True,True,
100,2048,1.1960243079811335,0.1458680377341807,0.4992251846939325,0.5007748153060675,28,17,0.6071428571428571,1.771658520027995,0.45569808427244424,100.0,98.31945612998999,0.9142473694897175,0.003521764630238855,1280.8204236728325,1298.5817388337857,True,True,,True,True,True,True,
101,2048,1.0743776829913259,0.22173849307000637,0.37380077391862865,0.6261992260813714,26,18,0.6923076923076923,2.8333015194162723,0.5415139885619282,100.0,98.467471780359,0.8093526838618773,0.0050439895744044715,1528.6726311452398,1543.9432011361332,True,True,,True,True,True,True,
102,2048,1.6121346335858107,0.08134952383115887,0.579661163687706,0.42033883631229396,13,5,0.38461538461538464,4.266003975737839,0.48607573173940183,100.0,106.9453166556188,0.9901704094661937,0.14563008012816256,2224.6890322150853,2238.299732907149,True,True,,True,True,True,True,
103,2048,1.7863925909623504,0.24733671778813004,0.4370456516742706,0.5629543483257293,20,10,0.5,3.1926157481968405,0.5663229826837778,100.0,115.33958670293305,0.9912199995383543,0.012649758491055003,1484.82858241181,1505.3300624854164,True,True,,True,True,True,True,
104,2048,1.2770952470600605,0.050770989060401915,0.6163430437445641,0.38365695625543594,20,11,0.55,1.3285411681048571,0.412434976734221,100.0,97.28502203819534,0.9849995488212028,0.09114115502976504,1141.0939869346032,1155.8577008496056,True,True,,True,True,True,True,
105,2048,1.3498396454378963,0.1801984461955726,0.40527397245168684,0.5947260275483132,15,7,0.4666666666666667,1.939686776138842,0.5310222502797842,100.0,105.6914028475909,0.8423950602944039,0.01922830032247473,1178.0811098259219,1193.6482726798736,True,True,,True,True,True,True,
106,2048,1.8366951793432236,0.11436946000903844,0.6478530347347259,0.3521469652652741,25,13,0.52,3.3920673214830455,0.4974467338994145,100.0,109.99311088030879,0.9998928281160674,0.29219876625961566,1795.936399523063,1804.6613877075797,True,True,,True,True,True,True,
107,2048,1.5149609679356217,0.2906111078336835,0.39364084899425505,0.6063591510057449,18,12,0.6666666666666666,4.052151452377438,0.5550373578444123,100.0,110.40997207316656,0.8691102356694056,0.0124591147899495,1899.3529028275161,1916.1001062251128,True,True,,True,True,True,True,
108,2048,1.0485045854002237,0.018312394525855778,0.5596570566296577,0.4403429433703423,21,6,0.2857142857142857,2.2077543712221086,0.42303660251200204,100.0,91.90852385770916,0.9697804191923756,0.00034103911886118246,1564.5767858484637,1583.3500477429282,True,True,,True,True,True,True,
109,2048,1.1769718946889043,0.2424991590902209,0.6852828834205865,0.3147171165794135,23,9,0.391304347826087,1.5706964311189948,0.5867821987718344,100.0,92.52299731494992,0.9948681774523727,0.46727002046368443,887.9597086574565,892.0238970640021,True,True,,True,True,True,True,
110,2048,1.63648553006351,0.0640969212166965,0.46770374365150924,0.5322962563484908,16,10,0.625,3.0520874781534078,0.4407067777588964,100.0,110.93903722103431,0.8254728584040865,0.01366660941825784,1920.450453531609,1935.2496605997105,True,True,,True,True,True,True,
111,2048,1.9651705985888839,0.1884829661808908,0.5220380056649446,0.4779619943350554,30,18,0.6,4.408231902401894,0.5115820014849305,100.0,116.39398134908373,0.999995791700736,0.06572274522599382,2139.260578191151,2157.4723999218404,True,True,,True,True,True,True,
112,2048,1.4713723100721836,0.10375748667865992,0.3310218635946512,0.6689781364053489,10,5,0.5,2.586400182545185,0.46708134151995184,100.0,111.45296856650623,0.6055442691251244,0.017804571348750783,1681.8653914134852,1690.8956647306939,True,True,,True,True,True,True,
113,2048,1.445780836045742,0.20153248105198143,0.6265144310891628,0.3734855689108372,21,13,0.6190476190476191,2.896679538488388,0.43722173329442743,100.0,101.52529308457787,0.9998611826329635,0.14595000827988822,1810.5358584853675,1823.8113240900086,True,True,,True,True,True,True,
114,2048,1.9907227708026767,0.09802496647462249,0.42065554633736607,0.579344453662634,19,6,0.3157894736842105,1.4185168641619383,0.5911463640630246,100.0,120.1955163922459,0.8544278488298352,0.12064572212570505,823.3581211145215,834.8060151644297,True,True,,True,True,True,True,
115,2048,1.6573160458356142,0.23174496246501802,0.5632206983864307,0.43677930161356926,27,11,0.4074074074074074,2.5373653588816523,0.46124014258384705,100.0,108.48407389611441,0.9988332099340039,0.05438842431052195,1561.0670469917447,1578.8908623069563,True,True,,True,True,True,True,
116,2048,1.1561802485957742,0.07220717500895261,0.38392486497759815,0.6160751350224019,13,7,0.5384615384615384,4.355979720968753,0.5167394397780299,100.0,100.74725119354054,0.7871333658530543,0.006840973224058776,2250.9158575210154,2265.439022449294,True,True,,True,True,True,True,
117,2048,1.0268498416990042,0.2962794779799878,0.45789010040462014,0.5421098995953799,12,7,0.5833333333333334,3.343038546200842,0.48048484083265064,100.0,94.19185893641543,0.8636105110782811,0.019214369192182577,1948.7533072200115,1964.5054628992232,True,True,,True,True,True,True,
118,2048,1.5366373704746366,0.005345197208225727,0.6887488719075918,0.3112511280924082,28,14,0.5,1.8874284479767083,0.5469093762338162,100.0,102.0784003821451,0.9995519542798026,0.4312622648202015,1076.3518908358155,1081.3922392601066,True,True,,True,True,True,True,
119,2048,1.8614014200866222,0.17217052783817052,0.3461104717105627,0.6538895282894372,16,6,0.375,2.0523529716767372,0.40528181791305545,100.0,120.07285892338211,0.5809321477250282,0.0015290067976792372,1578.5730375894877,1587.1604251453953,True,True,,True,True,True,True,
120,2048,1.3251112243160605,0.12505948869511485,0.5004064302891492,0.4995935697108508,24,16,0.6666666666666666,3.899965443648398,0.5732810197398066,100.0,101.99755451746921,0.9999884502256786,0.1285468509346581,1734.748684884353,1749.3227461360102,True,True,,True,True,True,True,
121,2048,1.2982614412903786,0.253272870182991,0.31459437422454356,0.6854056257754564,29,9,0.3103448275862069,4.112206835579127,0.49185589477419855,100.0,107.34358430283874,0.6191084863252795,9.618305527492003e-07,2298.641564326504,2307.364584341093,True,True,,True,True,True,True,
122,2048,1.765204201452434,0.038071592990308996,0.5321720089763402,0.4678279910236598,11,7,0.6363636363636364,2.6762885950505733,0.5364175861701369,100.0,111.85404212590004,0.9674408212524362,0.15599908442337349,1399.7963674985008,1412.6817142277546,True,True,,True,True,True,True,
123,2048,1.5859632808715105,0.213392420578748,0.4778881069272756,0.5221118930727244,23,12,0.5217391304347826,1.2746713151223956,0.41588340084999803,100.0,109.41471631973917,0.8139715341124644,0.0058561629426867705,1130.2175597685332,1144.7140359948792,True,True,,True,True,True,True,
124,2048,1.10057067964226,0.09172141514718532,0.6689026903361082,0.33109730966389184,17,8,0.47058823529411764,3.141975841484964,0.5619954377412796,100.0,90.60765570913725,0.9988392188670806,0.41175886162613795,1520.5101238439029,1525.75273694674,True,True,,True,True,True,True,
125,2048,1.2211272921413183,0.1676239357329905,0.5947482459247112,0.4052517540752888,18,8,0.4444444444444444,3.7303321536630394,0.4478111557662487,100.0,96.28138953721441,0.9988775207563637,0.09641799350700099,2177.2963366028343,2192.6265413781102,True,True,,True,True,True,True,
126,2048,1.715415765531361,0.13984940573573112,0.3521707244217396,0.6478292755782604,22,13,0.5909090909090909,2.323411838617176,0.5798729425296187,100.0,116.62885796609095,0.8193014387776968,0.013728834233450385,1180.9530706624141,1196.1424817299005,True,True,,True,True,True,True,
127,2048,1.8857517503201962,0.26390085406601427,0.6065278746187687,0.39347212538123133,14,9,0.6428571428571429,1.6178674282506107,0.47262335699051616,100.0,112.21117164283015,0.9704943422902702,0.20039562539967928,1128.438748021448,1139.5215168765806,True,True,,True,True,True,True,
128,2048,1.4277048697695136,0.029803083557635543,0.4405131660401821,0.5594868339598179,26,10,0.38461538461538464,3.5077247397042806,0.5062354892492295,100.0,106.63295675984233,0.892095535427362,5.5613770694639324e-05,1879.1468197430845,1897.0750666530403,True,True,,True,True,True,True,
129,2048,1.4243699871003628,0.19286004742607474,0.5917629584670067,0.40823704153299334,13,9,0.6923076923076923,2.549401044566184,0.41800188794732096,100.0,101.95723975011282,0.9608829716835209,0.07782957035189149,1721.0597541847476,1736.0246927615708,True,True,,True,True,True,True,
130,2048,1.887164263986051,0.10875770766288041,0.36168429255485535,0.6383157074451447,27,9,0.3333333333333333,4.445356999151408,0.5593898495659232,100.0,120.07384292472614,0.8208405001764175,2.5521280856332096e-05,2016.4357068467652,2032.4477766654281,True,True,,True,True,True,True,
131,2048,1.7147359158843756,0.23750122245401142,0.6034453123807907,0.3965546876192093,19,9,0.47368421052631576,3.011840433161706,0.49281350504606963,100.0,108.60965419247219,0.998306388786268,0.19706789561835725,1663.3834470659538,1675.2357796890453,True,True,,True,True,True,True,
132,2048,1.223729987628758,0.05972212431952357,0.4499286964535713,0.5500713035464286,21,12,0.5714285714285714,1.6110189333558083,0.5357518121600151,100.0,100.66353663918483,0.9261127112992017,0.0372954853635341,1025.5209166244242,1042.4898629152028,True,True,,True,True,True,True,
133,2048,1.0952540654689074,0.2856109136715531,0.3239187333732843,0.6760812666267157,24,13,0.5416666666666666,2.193294913507998,0.47474154606461527,100.0,100.8432986056552,0.6161173279269551,0.0006278630086363343,1498.3051217186567,1508.3061054027453,True,True,,True,True,True,True,
134,2048,1.5932027408853173,0.01393532222136855,0.5289975125342607,0.47100248746573925,16,7,0.4375,4.066686465684325,0.5036294123157858,100.0,108.00672634915838,0.995959374840637,0.06875641904785137,2066.2759152119584,2083.6637333447534,True,True,,True,True,True,True,
135,2048,1.758697398006916,0.18457323415204882,0.4871144283562898,0.5128855716437102,28,10,0.35714285714285715,3.380855672433972,0.44876925479620694,100.0,113.11234408164228,0.8836700012382528,1.7687782845976857e-05,2016.511632512013,2033.7482553278228,True,True,,True,True,True,True,
136,2048,1.3028458757326007,0.11936736982315778,0.6656309191137552,0.33436908088624484,12,7,0.5833333333333334,1.9510242856107651,0.5792074665427208,100.0,96.65797397291328,0.9914536838001411,0.4289218719103988,1033.1159009321075,1037.9524453138372,True,True,,True,True,True,True,
137,2048,1.3238515369594097,0.25230029532685877,0.4548174563795328,0.5451825436204671,17,7,0.4117647058823529,1.3399793794378638,0.46034350898116827,100.0,103.37656674565585,0.8329114806860435,0.011585404706571342,1081.9995871602332,1097.226246428962,True,True,,True,True,True,True,
138,2048,1.8646449884399772,0.0551846869289875,0.6981773722916841,0.3018226277083159,23,15,0.6521739130434783,3.1815048133023085,0.5173442132771016,100.0,109.17836367939555,0.9999636549945401,0.4166262612567659,1640.510384126453,1645.9962601953218,True,True,,True,True,True,True,
139,2048,1.534126466140151,0.21732708849012852,0.34313510246574874,0.6568648975342513,11,6,0.5454545454545454,4.280639690905809,0.43513992577791216,100.0,112.61953689462939,0.6005656305943111,0.008961841321939612,2619.831226258488,2628.8751564960094,True,True,,True,True,True,True,
140,2048,1.0273773418739438,0.0763882395811379,0.5099329683929681,0.4900670316070319,29,14,0.4827586206896552,2.818942775856703,0.5937152964994311,100.0,92.64162490772162,0.9999197434257002,0.17460986303186476,1304.615685407265,1316.9229384026783,True,True,,True,True,True,True,
141,2048,1.1490325797349215,0.15044680684804915,0.6357537224888801,0.36424627751111993,26,11,0.4230769230769231,1.81208173641935,0.40438471939414744,100.0,92.99566711908,0.9984895159917834,0.10146963432738061,1400.7595784439063,1415.1462183563258,True,True,,True,True,True,True,
142,2048,1.662480310536921,0.1409044333733618,0.4173936933279037,0.5826063066720963,14,7,0.5,3.6245974676683543,0.5738855190575123,100.0,113.18390062014868,0.9490126441850667,0.022674818546132004,1630.7413369010828,1649.3265807802102,True,True,,True,True,True,True,
143,2048,1.9862911626696587,0.279316518176347,0.5725580275058746,0.4274419724941254,22,14,0.6363636363636364,3.8214212774299083,0.4784033074975014,100.0,115.27180608250819,0.9999166316370466,0.10660170625266219,2035.6977027105013,2051.4161125277765,True,True,,True,True,True,True,
144,2048,1.4521963251754642,0.025804416462779044,0.3807602867484092,0.6192397132515908,18,6,0.3333333333333333,2.337159750983119,0.549478773586452,100.0,109.24122435829275,0.8414678820878853,0.0030273639324136393,1279.6149506049178,1296.0211669970313,True,True,,True,True,True,True,
145,2048,1.4744611447677016,0.26890106610953807,0.6758622031658887,0.32413779683411126,28,16,0.5714285714285714,3.4706311818212265,0.5540430527180433,100.0,100.89434737368845,0.9999907135257979,0.4149667686103315,1641.811624012891,1647.697000872554,True,True,,True,True,True,True,
146,2048,1.9640041328966618,0.03418017374351621,0.47078497074544423,0.5292150292545558,12,6,0.5,1.6548855288885533,0.4235438065603376,100.0,117.99858756979376,0.7878550538433364,0.039244078249762136,1289.7191154707302,1302.2595394092386,True,True,,True,True,True,True,
147,2048,1.6374076129868627,0.16324912989512086,0.5125200506299734,0.4874799493700266,25,9,0.36,2.2830703737214204,0.5288426527753473,100.0,109.55578783754152,0.9929037029869494,0.08452626007531838,1269.608484453083,1286.271548631612,True,True,,True,True,True,True,
148,2048,1.1741269659250975,0.13485147804021835,0.33400505296885963,0.6659949470311404,15,10,0.6666666666666666,3.7705476597882805,0.49991816766560077,100.0,102.99018210317212,0.6576031346883495,0.010301387460727144,2112.2426370560397,2123.030975990402,True,True,,True,True,True,True,
149,2048,1.0535789662972093,0.20901535721495748,0.40855661556124684,0.5914433844387532,19,12,0.631578947368421,3.1274093876592817,0.5105873983353376,100.0,96.64292821375335,0.8283067665234651,0.006207699505264017,1753.1602015826916,1768.8129140041797,True,True,,True,True,True,True,
150,2048,1.507963741198182,0.08672121204435825,0.6386337704956531,0.36136622950434694,20,7,0.35,1.2891119085252285,0.4675880568102002,100.0,102.74909595059705,0.9703652806524437,0.26091365200054606,1010.0626084514392,1018.8959227584576,True,True,,True,True,True,True,
151,2048,1.8434480307623744,0.2582707889378071,0.3968254543840885,0.6031745456159114,13,5,0.38461538461538464,2.6649699498899277,0.5846030900254846,100.0,117.92701824505212,0.8966552757066044,0.04165970173721075,1264.4296869675995,1280.5049616036886,True,True,,True,True,True,True,
153,2048,1.2781088864430785,0.1765842167660594,0.3642729006707668,0.6357270993292332,21,10,0.47619047619047616,3.911107831355184,0.5243021534755826,100.0,105.04638207850269,0.7652677396455201,0.000452197589853977,2027.7328525837606,2041.9954174230888,True,True,,True,True,True,True,
154,2048,1.7833950705826283,0.1300230751745403,0.5826313830912113,0.4173686169087887,18,11,0.6111111111111112,2.0409336123615502,0.45319006554782393,100.0,110.73512234105607,0.993472634331774,0.0869040181617519,1357.3893716944754,1373.477352611325,True,True,,True,True,True,True,
155,2048,1.6148877711966634,0.29131818478927013,0.4276150532066822,0.5723849467933178,25,17,0.68,1.9017683395184575,0.5991109687834978,100.0,111.72525159267309,0.9478891565410165,0.07948456890709481,964.5843248634347,980.096729324018,True,True,,True,True,True,True,
156,2048,1.073607949540019,0.0009338015690445899,0.6194113008677959,0.38058869913220406,14,5,0.35714285714285715,3.3283713782206172,0.4295491317287088,100.0,91.06907612235045,0.9923484487104333,0.12413840021808671,2074.9272628539925,2088.5333654068645,True,True,,True,True,True,True,
157,2048,1.202929743565619,0.22678136704489588,0.5450611542910337,0.45493884570896626,10,3,0.3,4.396094512939453,0.5685386763885617,100.0,97.16618750140015,0.9661463394390256,0.2255017044247855,1955.7634818916551,1965.6576073457238,True,True,,True,True,True,True,
158,2048,1.735557833686471,0.06779345925897359,0.30170274935662744,0.6982972506433726,30,19,0.6333333333333333,2.4969231921248136,0.4099266838282347,100.0,118.89146120964017,0.5109882531735217,0.00044481181449694795,1815.695653942491,1822.7123250337465,True,True,,True,True,True,True,
159,2048,1.912724974565208,0.20594390351325273,0.6567923154681921,0.34320768453180794,17,9,0.5294117647058824,1.4554342506453395,0.5425696630030871,100.0,111.32320975279418,0.9838092016309055,0.38109076760005456,914.6290962229946,920.6989423009892,True,True,,True,True,True,True,
160,2048,1.3987870514392853,0.1029862686060369,0.48999600224196904,0.510003997758031,23,10,0.43478260869565216,2.85948527874425,0.4855079213157296,100.0,104.3115345793504,0.9518524343410727,0.0005730356487250705,1659.106343701265,1678.5735244479984,True,True,,True,True,True,True,
161,2048,1.3772270334884524,0.23969741770997643,0.3442709717899561,0.6557290282100439,27,17,0.6296296296296297,3.2782200166024262,0.525889790058136,100.0,108.49961043799527,0.7247753232076761,0.0012175663890815417,1763.8686254469794,1776.9643377217826,True,True,,True,True,True,True,
162,2048,1.9343149587512016,0.06191774681210518,0.502474607899785,0.49752539210021496,14,5,0.35714285714285715,1.8487947011366486,0.49545163493603467,100.0,116.37740080234806,0.924866626596218,0.07232487882286096,1183.6620232576327,1199.047276433963,True,True,,True,True,True,True,
163,2048,1.729654268361628,0.19066185392439364,0.4575885940343141,0.5424114059656859,21,9,0.42857142857142855,2.0906845084391534,0.5506970858201384,100.0,113.40691632937018,0.9741446764669617,0.03613719616134392,1140.441374901772,1159.1253299612458,True,True,,True,True,True,True,
164,2048,1.2088041175156832,0.10655894251540303,0.689230227842927,0.310769772157073,20,11,0.55,3.964481935277581,0.4218091689050198,100.0,93.3605081975295,0.9999193236641731,0.2633561421625905,2393.4269809133716,2402.252242807181,True,True,,True,True,True,True,
165,2048,1.0793592678382993,0.18237761110067366,0.5650509402155877,0.43494905978441234,15,9,0.6,2.909230071119964,0.5824280440807342,100.0,92.764096813339,0.9985620139207336,0.25424547921548907,1369.5646401598733,1379.0259034086932,True,True,,True,True,True,True,
166,2048,1.6091052945703268,0.11717117512598633,0.3818472266197204,0.6181527733802796,25,12,0.48,1.508814458269626,0.4394897935912013,100.0,113.11716316497836,0.6804798151901239,0.0009824960066979135,1219.2295553659296,1230.6661990124735,True,True,,True,True,True,True,
167,2048,1.8048639139160514,0.28780967937782403,0.6268553167581559,0.37314468324184413,12,4,0.3333333333333333,2.4467653334140778,0.5064636146649718,100.0,109.9125049908277,0.9691470536456293,0.29330067132515736,1394.735765959444,1402.8363484743304,True,True,,True,True,True,True,
168,2048,1.2566718570888042,0.016133515164256096,0.4202137485146522,0.5797862514853478,29,20,0.6896551724137931,4.343127371650189,0.4650756023824215,100.0,102.57571398072292,0.7847657821365163,0.0008873189161957559,2475.5015074949,2489.9462698837992,True,True,,True,True,True,True,
169,2048,1.3704470796510577,0.2242106362245977,0.6093406811356544,0.3906593188643456,24,7,0.2916666666666667,3.7175802173092958,0.5961550561711192,100.0,100.0401705523413,0.9972690838504652,0.346553066208362,1578.614312492409,1585.4594699044424,True,True,,True,True,True,True,
170,2048,1.8180416896939278,0.08327235896140336,0.4378557950258255,0.5621442049741745,17,11,0.6470588235294118,2.2329128162004053,0.42507954537868503,100.0,116.00444364594085,0.7478266819672262,0.018620917274335912,1584.026774390839,1596.3767451647716,True,True,,True,True,True,True,
171,2048,1.5178062031045556,0.24541416820138692,0.5960230588912964,0.40397694110870364,30,15,0.5,1.7082660254091024,0.5209592394530773,100.0,104.1972995485055,0.9988191342399767,0.22563893967263457,1068.334380159423,1079.1233963121263,True,True,,True,True,True,True,
172,2048,1.0437051076442003,0.04829913256689906,0.35110017508268354,0.6488998249173165,10,4,0.4,3.520375685300678,0.4514584785327315,100.0,98.20484951543773,0.6349430254054917,0.006219204913436244,2215.2665787513415,2225.380077501692,True,True,,True,True,True,True,
173,2048,1.1643761591985822,0.272432398237288,0.4750902537256479,0.5249097462743522,15,7,0.4666666666666667,4.176823936868459,0.5403976706787944,100.0,98.09484263817859,0.9947290625686362,0.03312220614227308,1990.066565975794,2009.160533716985,True,True,,True,True,True,True,
174,2048,1.64712898992002,0.018920869287103414,0.671575217321515,0.32842478267848496,26,15,0.5769230769230769,2.7147209381684663,0.4818222552537918,100.0,105.15261645566471,0.9999421654087582,0.3184315088832117,1576.9241007172377,1584.7424720881959,True,True,,True,True,True,True,
175,2048,1.9387189438566566,0.15733236176893114,0.3132858771830797,0.6867141228169202,19,12,0.631578947368421,1.2361383746378123,0.5644118420779705,100.0,122.88553819504278,0.6520171543313268,0.05186827365907259,837.6059913081924,846.6655746780946,True,True,,True,True,True,True,
176,2048,1.4997760616242886,0.14779055994004012,0.5332086954265832,0.4667913045734168,22,9,0.4090909090909091,3.0772579215466975,0.4074111765250564,100.0,105.59602491510549,0.8996448733348134,0.0002207660775779756,2031.2099586891113,2048.0962930538226,True,True,,True,True,True,True,
177,2048,1.4580722153186798,0.16573815029114483,0.434975653141737,0.565024346858263,12,7,0.5833333333333334,2.7687857039272785,0.48986083306372163,100.0,107.60085431627357,0.8236371738780357,0.03022639553681347,1640.9369980306521,1655.3109858362163,True,True,,True,True,True,True,
178,2048,1.9803853062912822,0.1373410711996257,0.6181778557598591,0.38182214424014094,28,11,0.39285714285714285,4.227671762835234,0.5312854701653122,100.0,113.80178639509523,0.999752179081119,0.28154008548932025,1983.9108357719233,1993.0818010475543,True,True,,True,True,True,True,
179,2048,1.6840718183666468,0.26640947526320813,0.37331778183579445,0.6266822181642056,16,5,0.3125,3.2312503924593328,0.41465573031455283,100.0,115.1743275621663,0.6374590809181985,0.0004458902980869859,2153.3125305119265,2163.426539534456,True,True,,True,True,True,True,
180,2048,1.1274702632799745,0.03168915454298258,0.5799577973783017,0.42004220262169834,24,15,0.625,1.393358800280839,0.5576550211757422,100.0,93.86979570694638,0.9954672482098461,0.25036824373553024,886.8486986540604,896.4651298781529,True,True,,True,True,True,True,
181,2048,1.0059380810707808,0.25578119633719326,0.6556076090782881,0.3443923909217119,21,14,0.6666666666666666,2.386911433842033,0.4465943995863199,100.0,87.86377168969386,0.9999311187431295,0.22893346740472054,1577.6432945679999,1587.605502042848,True,True,,True,True,True,True,
182,2048,1.5555968852713704,0.03995735105127096,0.49740551970899105,0.502594480291009,19,7,0.3684210526315789,3.874794594570994,0.5755189413204789,100.0,108.06859325015637,0.9953572498741549,0.1301462313066474,1702.74950798638,1717.2725911260318,True,True,,True,True,True,True,
183,2048,1.8588602729141712,0.21150637585669754,0.5423388417810201,0.4576611582189799,27,13,0.48148148148148145,3.5744468928314745,0.47061757165938617,100.0,113.56508606594969,0.999850638809452,0.027688153396655948,1968.8618523800112,1988.3326015500463,True,True,,True,True,True,True,
184,2048,1.3296044385060668,0.08921280344948172,0.31069870106875896,0.689301298931241,13,7,0.5384615384615384,1.7591073112562299,0.5011167671531439,100.0,108.36633324408103,0.6052057209100032,0.017504689288324153,1218.4000459081392,1227.5563413413,True,True,,True,True,True,True,
185,2048,1.292973831295967,0.29849484376609325,0.5246906887739896,0.4753093112260104,18,8,0.4444444444444444,1.558044612687081,0.43218420390039686,100.0,100.36947873215928,0.9168856606248059,0.00942526685886329,1227.3831250070455,1244.6124045825804,True,True,,True,True,True,True,
186,2048,1.7685378668829799,0.008109888900071383,0.32820723615586755,0.6717927638441324,22,11,0.5,2.9616897538304325,0.5892459008842706,100.0,118.67714316583317,0.7945088743414932,0.0031565627574985326,1379.286049643101,1394.2198937429316,True,True,,True,True,True,True,
187,2048,1.5677982214838266,0.1694055506028235,0.6863485600799322,0.31365143992006783,14,9,0.6428571428571429,4.49873022409156,0.4570004042237997,100.0,102.89234181316345,0.9994675350739078,0.3143050871381764,2453.630170328745,2461.4133542454074,True,True,,True,True,True,True,
188,2048,1.1206899816170335,0.12284383624792099,0.46642729453742504,0.533572705462575,26,8,0.3076923076923077,2.599152819626033,0.5156124355271459,100.0,97.0008912435436,0.9628712440173627,6.877893731166372e-05,1470.924782317443,1490.8225013095862,True,True,,True,True,True,True,
189,2048,1.2490428518503904,0.19876781674101948,0.3909788988530636,0.6090211011469364,29,11,0.3793103448275862,2.0044039953500032,0.476231505908072,100.0,103.30980784655674,0.7464370370158275,4.037231748522216e-05,1371.4661174635974,1384.9848634432612,True,True,,True,True,True,True,
190,2048,1.689452481456101,0.09580960907042026,0.5624622382223605,0.4375377617776395,11,7,0.6363636363636364,3.430600962694734,0.5457932982593775,100.0,109.2431387884127,0.9888644989950238,0.20760867148738324,1649.9870122101102,1661.3268247550964,True,True,,True,True,True,True,
191,2048,1.8968835808336735,0.23396060541272162,0.4042476661503315,0.5957523338496685,23,14,0.6086956521739131,4.013718236424029,0.4002576943486929,100.0,118.81250494602097,0.6733295224422468,0.0010576782097525736,2582.40721798717,2593.2583228117874,True,True,,True,True,True,True,
192,2048,1.4146209424361587,0.07497212598100304,0.6491690568625926,0.35083094313740737,17,8,0.47058823529411764,2.1431381427682936,0.5713698210194706,100.0,100.09589930087571,0.9952692360153252,0.38953189370506197,1114.7963763577281,1120.6256734175372,True,True,,True,True,True,True,
193,2048,1.4103619735687971,0.2893665689975023,0.41393680088222023,0.5860631991177798,22,8,0.36363636363636365,1.7823998582549394,0.5859381720423699,100.0,107.0391486658969,0.9332912474743416,0.0469306460992935,965.7289862153749,982.424852862117,True,True,,True,True,True,True,
194,2048,1.901180979795754,0.01721890987828374,0.633076774701476,0.36692322529852395,18,11,0.6111111111111112,3.6525673834607,0.4414497150108218,100.0,111.7616307744396,0.9996192539324446,0.16929672298148124,2109.8257789019663,2122.4951091481585,True,True,,True,True,True,True,
195,2048,1.7005323953926563,0.17910039285197854,0.37561903856694695,0.6243809614330531,26,14,0.5384615384615384,3.79173932550475,0.5123283704742789,100.0,115.47471087997747,0.7698022190859287,0.00041416970727243846,1993.3064886329907,2007.7280530598264,True,True,,True,True,True,True,
196,2048,1.237925044260919,0.11312948986887932,0.5713212948292494,0.4286787051707506,14,6,0.42857142857142855,2.365129593014717,0.4662407495081425,100.0,97.43490837769991,0.9858500348848294,0.09675488847690444,1500.3164907156329,1515.5362909676876,True,True,,True,True,True,True,
197,2048,1.1164004504680634,0.189584453869611,0.6955066405236721,0.30449335947632794,11,5,0.45454545454545453,1.3102970832958818,0.5301808938384056,100.0,90.41128959622802,0.9732548588834595,0.4493805458144512,914.0030700499987,918.1479167293537,True,True,,True,True,True,True,
198,2048,1.5720650581642985,0.10501004420220851,0.4513665534555912,0.5486334465444088,29,17,0.5862068965517241,3.2094750978983937,0.4981923414394259,100.0,109.92352114046167,0.8987691030170257,0.0007311891737748933,1771.1631843695066,1789.253640644279,True,True,,True,True,True,True,
199,2048,1.779648283496499,0.24374713003635406,0.5087022133171558,0.4912977866828442,17,12,0.7058823529411765,4.250957370176911,0.5557810565456748,100.0,112.89664701823233,0.9994971010222878,0.1164116551265165,1901.9068238955333,1917.3329642340686,True,True,,True,True,True,True,
200,2048,1.2818865263834596,0.06520299548283219,0.3380000822246074,0.6619999177753926,23,8,0.34782608695652173,2.8469130358658727,0.42219334021210675,100.0,106.05548377587746,0.5849528090219318,2.5121397849056795e-05,1976.191936430523,1985.0867521370897,True,True,,True,True,True,True,
201,2048,1.340958995744586,0.15609819497913122,0.5269797436892986,0.47302025631070144,28,18,0.6428571428571429,2.2229772096499802,0.5407951338216662,100.0,101.63153518732577,0.9999405009707355,0.12536373846889137,1227.1084924652025,1241.8667926308913,True,True,,True,True,True,True,
202,2048,1.8475288273766637,0.14696380225941538,0.3195585198700428,0.6804414801299572,12,4,0.3333333333333333,4.038716181088239,0.4868949130177498,100.0,120.72371020600593,0.6197666750208425,0.0031901277328727218,2239.2900062338076,2249.3237136319844,True,True,,True,True,True,True,
203,2048,1.5510632134974003,0.2754464029334485,0.6652975060045718,0.3347024939954282,24,10,0.4166666666666667,3.41053799316287,0.567139495164156,100.0,103.06407338438476,0.9995442809859786,0.41018884307823933,1569.8471834819115,1575.3318821513437,True,True,,True,True,True,True,
204,2048,1.0104490583762527,0.022635252960026265,0.4813139997422695,0.5186860002577305,16,8,0.5,1.9230540256015956,0.4117134502157569,100.0,92.91918505490764,0.8145155821014426,0.0052121859571816415,1499.0027736460786,1513.2779825718544,True,True,,True,True,True,True,
205,2048,1.1387943178415298,0.2462329323403537,0.3573300700634718,0.6426699299365282,19,11,0.5789473684210527,2.5790829227305947,0.597333280555904,100.0,101.09291579448302,0.868764148839057,0.012571650275179867,1237.0892778774348,1253.539227602782,True,True,,True,True,True,True,
206,2048,1.6727098701521754,0.04952530693262815,0.5897514071315526,0.4102485928684474,21,10,0.47619047619047616,4.4173870833590625,0.4309331551194191,100.0,108.05646231766241,0.9996693619743774,0.0484171210672384,2523.3286997129476,2541.0342485013657,True,True,,True,True,True,True,
207,2048,1.9758821967989206,0.22048822436481713,0.44413449726998805,0.5558655027300119,13,5,0.38461538461538464,3.0415223850868642,0.5229059405624866,100.0,119.11181087129523,0.9057908191124572,0.022935603932503754,1591.4177125670792,1608.8166507200665,True,True,,True,True,True,True,
208,2048,1.4626137549057603,0.08025032496079802,0.6031178783625364,0.3968821216374636,27,18,0.6666666666666666,1.5830490913242101,0.45497999098151926,100.0,102.61388283865654,0.9992872899440677,0.12854882361530387,1161.673254586128,1175.8667229519485,True,True,,True,True,True,True,
209,2048,1.4876814233139157,0.21449735378846527,0.3044698193669319,0.695530180633068,17,7,0.4117647058823529,4.366513342782855,0.44699154384434225,100.0,112.81780174811593,0.550309372540507,0.00032256384527630424,2626.0322929449826,2634.2305083790684,True,True,,True,True,True,True,
210,2048,1.9507751520723104,0.09296824727207421,0.5486114114522933,0.4513885885477067,24,13,0.5416666666666666,2.5249938159249723,0.5805914649739862,100.0,115.28087773148525,0.999206278895079,0.22311035604648122,1198.3629489334878,1209.421378891714,True,True,,True,True,True,True,
211,2048,1.650449558161199,0.2545242888852954,0.491127735376358,0.508872264623642,10,6,0.6,1.4258530067279933,0.47334531117230655,100.0,110.52530065727143,0.8219855801300637,0.1230080236516652,1082.6865870969996,1093.110947696382,True,True,,True,True,True,True,
212,2048,1.1610934846103191,0.039171939622610806,0.6618314251303672,0.3381685748696328,30,10,0.3333333333333333,2.887555828783661,0.5054193120449781,100.0,92.66359027600214,0.9995630785751529,0.33135279410483404,1606.7399402498727,1613.987886860629,True,True,,True,True,True,True,
213,2048,1.031641031615436,0.26266431380063293,0.5861876670271158,0.4138123329728842,25,9,0.36,3.881526243221015,0.491038953140378,100.0,90.60283977060101,0.9995693888273302,0.15774196011611302,2088.779902833353,2101.705633992735,True,True,,True,True,True,True,
214,2048,1.529892973601818,0.028708457853645085,0.36704615242779254,0.6329538475722074,15,10,0.6666666666666666,2.069004604965448,0.5371387789025903,100.0,111.68579840510444,0.7447735821212947,0.04155283698853927,1224.1859293154432,1236.0696639197572,True,True,,True,True,True,True,
215,2048,1.821331755258143,0.16653387872502207,0.6244565803557633,0.37554341964423665,22,12,0.5454545454545454,1.872186726797372,0.41660268474370243,100.0,110.33404013536557,0.9974395302949021,0.10214269419090223,1364.842821160826,1379.856097780674,True,True,,True,True,True,True,
216,2048,1.3671339023858309,0.13860829677432776,0.4287528250366449,0.5712471749633551,19,9,0.47368421052631576,3.3564423462376,0.5611765902489424,100.0,105.39738158771053,0.9717971687557797,0.004123389745094731,1592.8387518348093,1613.0403297272987,True,True,,True,True,True,True,
217,2048,1.2602060632780194,0.23064232701435683,0.6428920362144708,0.3571079637855292,14,7,0.5,3.156990975793451,0.4797415712848306,100.0,96.07760286044919,0.9971906967431845,0.2586710393635057,1800.3572292598083,1809.693798797197,True,True,,True,True,True,True,
218,2048,1.8013065960258245,0.07095346748828887,0.41046919412910937,0.5895308058708906,27,12,0.4444444444444444,1.2610409159213305,0.5477529723197222,100.0,116.55058982274721,0.836751316919662,0.05851790796585351,859.6706531529052,873.3555129959861,True,True,,True,True,True,True,
219,2048,1.5967970779165626,0.20028336010873318,0.5562341202050447,0.4437658797949553,20,6,0.3,2.6945515626110135,0.4061227452009917,100.0,107.27375043034993,0.9363760932634055,0.0003687778040296941,1824.7519286017398,1842.642866452706,True,True,,True,True,True,True,
220,2048,1.0916901789605618,0.09691774444654584,0.39724918045103547,0.6027508195489646,20,13,0.65,4.0953789571300145,0.5725350784137845,100.0,98.26274055110139,0.9209008379919259,0.006286178883923378,1855.623430459852,1874.023855549163,True,True,,True,True,True,True,
221,2048,1.2123688263818622,0.17341392561793326,0.4727037295699119,0.5272962704300881,25,17,0.68,3.500212351977825,0.4364750305190683,100.0,99.61689016869451,0.836968616784025,0.002396678709147628,2181.825325946776,2197.276568238402,True,True,,True,True,True,True,
222,2048,1.726127453148365,0.12615183452144266,0.6801264941692352,0.3198735058307648,16,6,0.375,1.6268149050883949,0.5919865269213915,100.0,106.69983593085766,0.9794605491706938,0.47381729147614804,879.3343305526424,883.2442228203423,True,True,,True,True,True,True,
223,2048,1.9219761798158288,0.29737639250233766,0.3344348162412643,0.6655651837587357,29,13,0.4482758620689655,2.3126516176387666,0.4620845030993223,100.0,121.77212207318541,0.6216347351847101,0.0001040108151151415,1538.9975245829758,1549.084300844403,True,True,,True,True,True,True,
224,2048,1.3895273823291063,0.006584026291966438,0.5184198215603828,0.4815801784396172,12,7,0.5833333333333334,3.7424771097488696,0.5159969316795469,100.0,103.19797235746091,0.9862661151803782,0.079566364108805,1904.9454095710469,1921.4716233365905,True,True,,True,True,True,True,
225,2048,1.395493202842772,0.18627919759601355,0.6719012640416622,0.32809873595833783,18,6,0.3333333333333333,4.148346989694983,0.46887648925185205,100.0,98.97974238883563,0.9972194756131422,0.3033942513267098,2263.4242527842916,2271.439032382285,True,True,,True,True,True,True,
226,2048,1.9160419944673777,0.1203088673762977,0.48088622465729713,0.5191137753427029,22,15,0.6818181818181818,2.7447085300460454,0.5024641608819366,100.0,116.68651945183302,0.9446983909593514,0.021631621131774036,1529.2603953862726,1547.7647990472487,True,True,,True,True,True,True,
227,2048,1.7476257560774684,0.2821897624991834,0.5352189548313617,0.4647810451686383,15,8,0.5333333333333333,1.2076614028774202,0.4452591953799129,100.0,111.37204856274735,0.8923195966473728,0.09031354732660878,1021.4391548096586,1034.6845281324825,True,True,,True,True,True,True,
228,2048,1.1908391863107681,0.010042675025761127,0.3176417760550976,0.6823582239449024,25,12,0.48,3.1072454888373615,0.5772477865219117,100.0,104.07193210690468,0.7508117240971142,0.00040696523723459456,1516.1724651131872,1529.9732081752225,True,True,,True,True,True,True,
229,2048,1.0702835386618972,0.2365677530877292,0.4436577927321195,0.5563422072678805,29,12,0.41379310344827586,3.6891036881133914,0.41291778311133387,100.0,96.08292387483823,0.755713961692112,3.495430216808692e-06,2415.3491130947277,2427.666193915978,True,True,,True,True,True,True,
230,2048,1.6181742288172245,0.05802419018000364,0.6096729096025229,0.39032709039747715,10,5,0.5,2.2629000392742453,0.5590053593739868,100.0,106.21785456235108,0.972921168489455,0.32310985961925986,1186.8904319755152,1194.1407535846379,True,True,,True,True,True,True,
231,2048,1.7954934956505895,0.19676068816334008,0.35546224378049374,0.6445377562195063,23,14,0.6086956521739131,1.6797894224524497,0.48852268438786267,100.0,118.31045453536524,0.6864632426552174,0.008908785899439027,1179.3003610205574,1190.9040048207,True,True,,True,True,True,True,
232,2048,1.2660488318651915,0.11218685125932097,0.5980393569916487,0.4019606430083513,16,6,0.375,3.55036283461377,0.5330111801624298,100.0,97.48394296418206,0.995008996020717,0.25024137751587616,1769.329435871188,1779.044762732513,True,True,,True,True,True,True,
233,2048,1.3573517287150025,0.27793785519897934,0.3869840186089277,0.6130159813910723,11,7,0.6363636363636364,2.9377066003158685,0.40165697392076255,100.0,106.50400621102028,0.6314475119697465,0.02281026672223216,2076.470161671973,2085.465326465968,True,True,,True,True,True,True,
234,2048,1.8311438355594873,0.02512613357976079,0.5662803079932928,0.43371969200670724,28,11,0.39285714285714285,1.4788272351957856,0.5695829801261425,100.0,112.25139814221677,0.9757159193549291,0.2568819728041779,872.7688109137001,882.1337822120612,True,True,,True,True,True,True,
235,2048,1.5043951896950603,0.15360932210460304,0.42366632781922814,0.5763336721807719,15,7,0.4666666666666667,2.4752419363707303,0.47800616919994354,100.0,109.14926107901863,0.8048844545496329,0.00736868527268726,1550.2697342789972,1565.1353741489534,True,True,,True,True,True,True,
236,2048,1.0571095645427704,0.14447435662150382,0.6295247565954923,0.37047524340450766,24,14,0.5833333333333334,4.313140222337097,0.5444062439724803,100.0,90.25963006468879,0.9999909097471393,0.31949498050742514,2027.959243694526,2036.3408670732229,True,True,,True,True,True,True,
237,2048,1.1864390289410949,0.21799734430387616,0.5037101559340953,0.4962898440659047,20,10,0.5,3.306696963775903,0.45839654859155415,100.0,97.89625476755043,0.9290815212827854,0.001140633002599212,1975.480611313461,1993.810824409315,True,True,,True,True,True,True,
238,2048,1.6250729151070118,0.07775887213647366,0.3494137890636921,0.6505862109363079,20,9,0.45,1.818807109259069,0.5138226501643658,100.0,114.6173221312639,0.7145263601428327,0.003946651898692092,1181.92324110019,1194.5999692536604,True,True,,True,True,True,True,
239,2048,1.9604661436751485,0.24872237741947173,0.6919057048857211,0.3080942951142789,27,8,0.2962962962962963,2.1191614801995455,0.4339618116617203,100.0,111.30819414451338,0.9949159466843329,0.2966786174014879,1431.9773154594495,1440.2250109749068,True,True,,True,True,True,True,
240,2048,1.4780223052948713,0.05201418036594987,0.46104734167456624,0.5389526583254338,13,8,0.6153846153846154,3.9344943679869173,0.5878619818016886,100.0,107.2764374008517,0.9913039289280469,0.08928412880722739,1679.9960217620956,1696.21562570595,True,True,,True,True,True,True,
241,2048,1.4410820621997118,0.2614102684892714,0.5565643195062875,0.4434356804937125,23,11,0.4782608695652174,1.9760277561843393,0.5078597392886877,100.0,103.41084120208694,0.996866815727158,0.12989963009658467,1210.2200230543513,1224.6795595180472,True,True,,True,True,True,True,
242,2048,1.9973822543397546,0.046057346463203426,0.3905476618558168,0.6094523381441832,17,9,0.5294117647058824,3.460689262580126,0.46328578907996415,100.0,121.35466593768854,0.7243777729219013,0.003807776550848214,2034.665126265828,2047.3964744514356,True,True,,True,True,True,True,
243,2048,1.6667736247181892,0.20761394463479518,0.6449063319712877,0.35509366802871234,29,20,0.6896551724137931,3.985341972671449,0.5842056328430771,100.0,106.34297720135072,0.9999992768105816,0.39217463932970964,1696.3960315985698,1702.6960221479512,True,True,,True,True,True,True,
244,2048,1.1447619004175067,0.08608426647260785,0.40232771970331666,0.5976722802966834,11,4,0.36363636363636365,2.1732264180667697,0.438105845823884,100.0,99.78763161381033,0.7093200351380984,0.008594357523031119,1569.6717834164797,1581.4766713091872,True,True,,True,True,True,True,
245,2048,1.0162936411798,0.1596484713256359,0.3277822151780128,0.6722177848219872,14,5,0.35714285714285715,1.5296687914989888,0.5520963456481696,100.0,98.06399807595182,0.7170499407726177,0.011978891325883763,1002.4291906144566,1014.7898005559475,True,True,,True,True,True,True,
246,2048,1.5452481200918555,0.13172231772914528,0.5187987595796585,0.4812012404203415,26,16,0.6153846153846154,2.991777684912085,0.42002230007201435,100.0,107.15776980968513,0.8934372469036537,0.001478430059318288,1945.1279119271571,1962.0379736225564,True,True,,True,True,True,True,
247,2048,1.8689077999442816,0.26954829515889284,0.4645133256912231,0.5354866743087769,18,10,0.5555555555555556,4.47035432914272,0.5276644343510271,100.0,116.22505096609484,0.9761952461349158,0.0065006222508365045,2110.633672371817,2131.0308823830333,True,True,,True,True,True,True,
248,2048,1.3195503549650311,0.035591866448521615,0.6820920631289482,0.3179079368710518,22,9,0.4090909090909091,2.629240676946938,0.4940645519644022,100.0,96.6773014396963,0.9988916741784837,0.3576809704700615,1524.1123191555957,1530.7279948679875,True,True,,True,True,True,True,
249,2048,1.307352827861905,0.20248170113191008,0.4962662741541862,0.5037337258458138,27,16,0.5925925925925926,2.415287255030125,0.5626739146187901,100.0,101.63015730641928,0.9998831132339533,0.10483582424686823,1240.1318796481596,1255.808438141561,True,True,,True,True,True,True,
250,2048,1.7541520753875375,0.09911665711551905,0.6505641818046569,0.3494358181953431,13,6,0.46153846153846156,3.844706663489341,0.4087615426629782,100.0,108.13880442092267,0.9945214108721833,0.15304995966770304,2340.1712539748455,2352.8758373592564,True,True,,True,True,True,True,
251,2048,1.5818748995661736,0.22844599317759273,0.3079242616891861,0.6920757383108139,21,8,0.38095238095238093,3.6028227877803145,0.5390595410019159,100.0,115.04829757907538,0.6677590314543113,0.00023648182670378928,1844.5394093456187,1856.0993795175837,True,True,,True,True,True,True,
252,2048,1.1066198600456119,0.06875770641490817,0.5387841239571571,0.46121587604284286,19,13,0.6842105263157895,1.729019453935325,0.4835479939356446,100.0,94.39102069548613,0.9794252988308108,0.068160036873442,1185.823946174199,1202.2929808275298,True,True,,True,True,True,True,
253,2048,1.2282674424350262,0.29517747927457094,0.613140419498086,0.38685958050191405,16,10,0.625,2.7971619430929424,0.5192181767895818,100.0,95.97642043364232,0.9991881966512123,0.25567106029169334,1521.1798653651979,1530.756485726555,True,True,,True,True,True,True,
254,2048,1.7102210959419608,0.004385685827583074,0.4338426250964403,0.5661573749035598,24,8,0.3333333333333333,4.197583462949842,0.45280590020120143,100.0,113.74032461573029,0.7928313198317283,2.2870236117148487e-05,2416.403193679518,2431.0921029051406,True,True,,True,True,True,True,
255,2048,1.8758058603852987,0.17560968725010753,0.5764093089848756,0.42359069101512437,12,5,0.4166666666666667,3.2596266562119123,0.5948198709636927,100.0,112.89305333418247,0.9814900321062745,0.30047610350592613,1407.9217724906582,1415.9850470774716,True,True,,True,True,True,True,
256,2048,1.4357052193954587,0.1283481677994132,0.3705493215471506,0.6294506784528494,28,14,0.5,1.363270524982363,0.426808419264853,100.0,109.15707660738377,0.6461173324730878,0.0004700022268892928,1187.8090255236543,1198.2508276661824,True,True,,True,True,True,True,
257,2048,1.4348983094096184,0.17481625685468316,0.47997114807367325,0.5200288519263268,16,10,0.625,3.852393403183669,0.560121120326221,100.0,105.57115301590056,0.9983188092331103,0.07288193259447517,1763.5929517418149,1780.8833641386811,True,True,,True,True,True,True,
258,2048,1.8785981191322207,0.12825454249978066,0.6733296066522598,0.3266703933477402,23,8,0.34782608695652173,2.4205037780106067,0.4187331601977349,100.0,110.15523308271781,0.9963087770281903,0.22496799217892213,1616.6191374620303,1626.960801568749,True,True,,True,True,True,True,
259,2048,1.7072459924966097,0.2942377064377069,0.3181667923927307,0.6818332076072693,10,4,0.4,1.7399286900646984,0.5353135086596013,100.0,117.64826163068665,0.6457824005360371,0.03377560882330814,1104.8408778568157,1114.4523744557466,True,True,,True,True,True,True,
260,2048,1.2292577186599374,0.0038527515716850758,0.5349630638957024,0.46503693610429764,29,15,0.5172413793103449,3.604816715978086,0.49237520303577187,100.0,98.2380044299652,0.9999831644905598,0.05552328965488655,1947.308829175483,1965.1350010732783,True,True,,True,True,True,True,
261,2048,1.1077336128801107,0.2273780420422554,0.6107105258852243,0.38928947411477566,25,14,0.56,4.195589921995997,0.5033871842548251,100.0,92.39578329065813,0.9999888925544559,0.22667317393276734,2161.2404219632695,2171.688610502139,True,True,,True,True,True,True,
262,2048,1.5787791358307004,0.06838956261053682,0.4423521924763918,0.5576478075236082,15,7,0.4666666666666667,2.786252319719642,0.4744993194937706,100.0,110.37733193330769,0.8356367766967949,0.006797901232070142,1686.8056411960338,1702.5595539362525,True,True,,True,True,True,True,
263,2048,1.757064949721098,0.20185306118801236,0.5973929304629564,0.4026070695370436,22,8,0.36363636363636365,1.3580543892458081,0.5793520368635654,100.0,109.72544600284277,0.9644731687029847,0.3308686666827031,815.4423727979624,822.3429133028962,True,True,,True,True,True,True,
264,2048,1.3064223965629935,0.09889485351741313,0.3555965457111597,0.6444034542888404,18,13,0.7222222222222222,3.251939529273659,0.4489138266071677,100.0,106.14876960428506,0.6359010214524566,0.01149520287830721,2068.377250526973,2078.299940033037,True,True,,True,True,True,True,
265,2048,1.3166667893528938,0.27064842721447346,0.5664139423519372,0.4335860576480628,13,4,0.3076923076923077,3.4650871887803074,0.5177855804562569,100.0,99.8045896196029,0.9791559456445047,0.18202598458157374,1794.98608737416,1806.8250188381194,True,True,,True,True,True,True,
266,2048,1.8698675436899066,0.035928106494247915,0.3863367337733507,0.6136632662266492,27,17,0.6296296296296297,1.9845078173093498,0.4607848746702075,100.0,118.85143873620694,0.7133331683809878,0.003683011588860142,1375.8622870479417,1388.2648440911828,True,True,,True,True,True,True,
267,2048,1.5441054720431566,0.16030900832265615,0.6282182980328799,0.3717817019671201,20,10,0.5,2.174401651136577,0.5929809620603919,100.0,103.92529404063072,0.997669926027977,0.37462894838532684,1063.1314443337133,1069.3603068212587,True,True,,True,True,True,True,
268,2048,1.0193605134263635,0.13191192923113704,0.42470327652990814,0.5752967234700919,20,9,0.45,3.9970448252744974,0.4344055898487568,100.0,94.97242071574539,0.7507675510991451,0.00016927850955704446,2487.6952912066304,2500.876223348293,True,True,,True,True,True,True,
269,2048,1.1477053072303534,0.20843928102403878,0.34915723055601117,0.6508427694439889,24,11,0.4583333333333333,2.980075231846422,0.5737378850579262,100.0,101.65000235575599,0.8184115799791671,0.0005223380206810684,1468.4469772847838,1484.187783446725,True,True,,True,True,True,True,
270,2048,1.6657516555860639,0.08614570861682296,0.5042343139648438,0.49576568603515625,15,9,0.6,1.528493158891797,0.4042370839044452,100.0,110.47138613027874,0.8206011184086076,0.037975072343711745,1276.1495697778155,1289.2543216588556,True,True,,True,True,True,True,
271,2048,1.998221393674612,0.2623822311870754,0.4624748259782791,0.5375251740217208,28,19,0.6785714285714286,2.620761015359312,0.5497240653261543,100.0,118.96168450092779,0.9989020231402856,0.02309947583802225,1319.4809355629448,1339.7420991067809,True,True,,True,True,True,True,
272,2048,1.4383220365270972,0.04655838590115308,0.6909899607300758,0.3090100392699242,11,4,0.36363636363636365,4.465956003405154,0.47864859774708746,100.0,99.5745581598913,0.9905261411550952,0.3647306433948839,2358.1737515765385,2364.497264149595,True,True,,True,True,True,True,
273,2048,1.478526416234672,0.24936017375439404,0.3892168771475553,0.6107831228524447,22,12,0.5454545454545454,1.4744290078058837,0.42407976482063536,100.0,109.63510242840505,0.6734606359003348,0.0032012208711003757,1243.0252411302654,1254.0322827121795,True,True,,True,True,True,True,
274,2048,1.9579776227474213,0.052245138119906186,0.5575767692178488,0.4424232307821512,18,7,0.3888888888888889,2.9292268403805792,0.5545790124684572,100.0,115.15403385879284,0.9915244574569881,0.20904580885123178,1420.6388491479483,1432.1094806061335,True,True,,True,True,True,True,
275,2048,1.628354617394507,0.21907444959506392,0.40248567126691337,0.5975143287330866,26,9,0.34615384615384615,4.311964491382241,0.49928455166518687,100.0,112.8789982585397,0.8038058804925661,1.6016763483155018e-05,2262.660457696184,2278.0212494119432,True,True,,True,True,True,True,
276,2048,1.185141185298562,0.0781361723318696,0.6442835610359907,0.3557164389640093,14,9,0.6428571428571429,2.4635395816527303,0.5282090382650495,100.0,93.85542618949722,0.9982040034693985,0.3281658321634825,1364.462695395784,1371.8167349313953,True,True,,True,True,True,True,
277,2048,1.0556892128661275,0.15455824909731744,0.5202019236981869,0.47979807630181315,11,7,0.6363636363636364,1.830509863514453,0.46754114124923946,100.0,93.28454178414131,0.8977451887314215,0.0902380989083145,1291.8470304145255,1305.0806287281107,True,True,,True,True,True,True,
278,2048,1.507798520848155,0.1450164472684264,0.3268419660627842,0.6731580339372158,29,11,0.3793103448275862,3.3078722951933743,0.5105404842644929,100.0,112.53124335043952,0.6677475540723825,1.360719765313855e-05,1838.4348241967616,1849.9713913207124,True,True,,True,True,True,True,
279,2048,1.8285337602719665,0.2787404419854283,0.6818598158657551,0.31814018413424494,17,8,0.47058823529411764,3.942974527459591,0.44351839236915114,100.0,108.86917704107361,0.9988778717882287,0.2840979156937274,2239.232891649856,2247.9302636310936,True,True,,True,True,True,True,
280,2048,1.3579784221947193,0.025228913035243748,0.465062003582716,0.534937996417284,23,13,0.5652173913043478,2.123559308052063,0.5849429743364454,100.0,103.99182642103517,0.9975285247273546,0.08723896504048387,1074.726866073952,1091.1542650446268,True,True,,True,True,True,True,
281,2048,1.2686286447569728,0.19577956907451152,0.6511135272681713,0.3488864727318287,28,12,0.42857142857142855,2.737021501455456,0.45382674522697924,100.0,96.09328630254271,0.999814469978031,0.23146149560873805,1697.5099836281308,1707.646874966006,True,True,,True,True,True,True,
282,2048,1.7948365360498428,0.1116766576655209,0.49603488519787786,0.5039651148021221,12,6,0.5,4.1431307556107635,0.5249388316646219,100.0,113.62584554330164,0.9759092172837927,0.06173986468893108,2001.1549431914234,2018.551540143129,True,True,,True,True,True,True,
283,2048,1.6196244293823838,0.23573326254263519,0.5378447331488132,0.4621552668511868,24,15,0.625,3.096335767116398,0.4290101097896695,100.0,108.36543824278027,0.9395778974841403,0.0031691394736679517,1942.3216198812022,1960.613966405797,True,True,,True,True,True,True,
284,2048,1.0669100526720285,0.05795359164476394,0.30932809337973594,0.690671906620264,16,5,0.3125,1.2056679602712392,0.5985719453543424,100.0,100.41983663917853,0.7212456757018495,0.033079031994383,780.9644265858882,792.3620210025643,True,True,,True,True,True,True,
285,2048,1.187588226981461,0.28152007134631274,0.4332205217331648,0.5667794782668352,19,7,0.3684210526315789,2.2648938691243528,0.4095837373286486,100.0,100.11108760643748,0.73352796314695,0.0003274391500705678,1687.8027313554521,1700.2580559487842,True,True,,True,True,True,True,
286,2048,1.748954338952899,0.009843907132744788,0.6132992293685675,0.3867007706314325,21,14,0.6666666666666666,3.7000130225904284,0.5681957283988595,100.0,109.08536542054549,0.9999458978429119,0.3194645537012952,1656.4368704930184,1664.3296487122595,True,True,,True,True,True,True,
287,2048,1.9155066078528762,0.18516990914940834,0.37156262956559655,0.6284373704344035,13,8,0.6153846153846154,3.555579455941915,0.48555790055543185,100.0,120.32613959829621,0.7052370428207193,0.018039588026190958,2002.7255419023834,2014.4496484139247,True,True,,True,True,True,True,
288,2048,1.3979504443705082,0.119963473174721,0.5750791918486357,0.42492080815136435,27,12,0.4444444444444444,1.6874760637991129,0.5426196407526731,100.0,101.74684593721258,0.9958419615403457,0.2204182091544408,1017.6786080130374,1028.536871144347,True,True,,True,True,True,True,
289,2048,1.388291328214109,0.296728868689388,0.633992463722825,0.36600753627717497,23,16,0.6956521739130435,1.2558215900324285,0.4959876036271453,100.0,99.82555205935608,0.9908995268479381,0.27130967561392444,942.6853931108076,951.6428473751648,True,True,,True,True,True,True,
290,2048,1.925197597593069,0.006344485469162464,0.412508987262845,0.587491012737155,17,6,0.35294117647058826,3.1493071373552084,0.526425763219595,100.0,119.1254266564726,0.8678177794692004,0.002919793574891597,1635.9768042747276,1653.2659332781034,True,True,,True,True,True,True,
292,2048,1.2129337694495916,0.12576595125719905,0.37587555386126037,0.6241244461387396,11,6,0.5454545454545454,2.683644932694733,0.5500634608790278,100.0,102.74476886579606,0.7965643739849769,0.03176459766396224,1435.5267475603762,1449.1822908965362,True,True,,True,True,True,True,
293,2048,1.092378587462008,0.19936132673174142,0.4503294542431831,0.549670545756817,14,7,0.5,1.6377211354672907,0.43944286461919546,100.0,96.59458716974706,0.7918529587610008,0.01468043068660739,1288.6446614573904,1302.315058610757,True,True,,True,True,True,True,
294,2048,1.5941266436129808,0.09640369182452559,0.6968128651380538,0.30318713486194615,26,11,0.4230769230769231,3.502209384273738,0.5823811195790768,100.0,103.23392789609534,0.9997890911690486,0.47955216113440147,1543.435439510972,1547.493039313432,True,True,,True,True,True,True,
295,2048,1.8046486182138324,0.22986663384363054,0.33864712119102475,0.6613528788089753,18,6,0.3333333333333333,3.7501605486497285,0.46541549563407897,100.0,119.10532023509381,0.6332514226121425,0.00025996977163342077,2199.190799202832,2209.598509988763,True,True,,True,True,True,True,
296,2048,1.2588464692234993,0.07087872605770826,0.5085684403777122,0.4914315596222878,22,13,0.5909090909090909,2.317871343065053,0.5068035123869776,100.0,99.8819229383268,0.998912978699426,0.03136648115696326,1361.7685822350647,1380.986922546056,True,True,,True,True,True,True,
297,2048,1.3638211926445365,0.16748810419812799,0.31942388862371446,0.6805761113762856,27,11,0.4074074074074074,2.5165171477943655,0.4257162146270275,100.0,109.0039481537894,0.5561977314060687,2.0339194666440333e-05,1794.9245627553487,1803.1489743362597,True,True,,True,True,True,True,
298,2048,1.8227206580340862,0.13909045234322548,0.5276261150836944,0.4723738849163056,13,9,0.6923076923076923,4.3621119252406055,0.5967917209491134,100.0,113.24574435715022,0.9973670226933655,0.21025396957565906,1760.988106401794,1772.343716373281,True,True,,True,True,True,True,
299,2048,1.5291756736114621,0.2634719107300043,0.48261955678462976,0.5173804432153702,21,12,0.5714285714285714,2.8758566642180083,0.45091947000473737,100.0,107.88027567952759,0.8763185878806433,0.003205285547762098,1794.759912754947,1811.5728307592703,True,True,,True,True,True,True,
300,2048,1.0342825707048178,0.028751018363982438,0.664259548485279,0.335740451514721,19,9,0.47368421052631576,1.4246741839684545,0.5204202264547348,100.0,88.58691655293433,0.9930023125711039,0.36131551013780755,978.8759301997779,985.1773464547168,True,True,,True,True,True,True,
301,2048,1.1636115470901132,0.25520370751619337,0.5900070641189814,0.4099929358810186,16,7,0.4375,2.0701830404810604,0.4814793221652508,100.0,94.69988630262606,0.9910042752229244,0.15815766252352584,1332.6466302822907,1345.416754126438,True,True,,True,True,True,True,
302,2048,1.6498529184609652,0.0393792905844748,0.35680490322411057,0.6431950967758895,24,12,0.5,3.8932257950305935,0.540054733119905,100.0,114.94665438972066,0.7752096176250106,0.00046392469223765614,1921.782460015219,1936.4034913762093,True,True,,True,True,True,True,
303,2048,1.9520434392616153,0.2156163697130978,0.6016893971711397,0.3983106028288603,12,8,0.6666666666666666,3.3608433765359225,0.4074611453339458,100.0,113.71420108075671,0.962872050023483,0.07646082591288678,2110.5330613665255,2125.7279372350977,True,True,,True,True,True,True,
304,2048,1.4844922348856926,0.09332222454249858,0.44504932798445224,0.5549506720155477,28,8,0.2857142857142857,1.880663782171905,0.5644618064165116,100.0,107.95207805741705,0.9611253165373509,0.046853038317700754,1042.74809135839,1060.3520320591758,True,True,,True,True,True,True,
305,2048,1.4636652804911137,0.22127307169139385,0.5499412856996059,0.4500587143003941,19,11,0.5789473684210527,4.047193138115108,0.5320167513564229,100.0,104.18493536371085,0.999754970091311,0.15426778432227017,1948.7535616480686,1962.3224327058583,True,True,,True,True,True,True,
306,2048,1.972846276126802,0.08033422278240322,0.30345637574791906,0.6965436242520809,22,11,0.5,2.227378338295966,0.4905921187251806,100.0,123.95125101233299,0.5941323417118801,0.0016326421780531496,1421.979577773305,1431.4049232642617,True,True,,True,True,True,True,
307,2048,1.6754403542727232,0.24716412210837005,0.66167246773839,0.33832753226161005,15,6,0.4,1.9347536757588386,0.5572167042642832,100.0,106.07272781820683,0.984343602706231,0.40526721365658047,1067.0104705108527,1072.4293970760755,True,True,,True,True,True,True,
308,2048,1.1380477072671056,0.05004851371049881,0.491749607771635,0.508250392228365,25,17,0.68,3.411716330330819,0.4142174178734422,100.0,96.77322644108051,0.8379746922879625,0.002139589086517565,2230.4269384402983,2245.5474267263044,True,True,,True,True,True,True,
309,2048,1.0095799211412668,0.27654239209368825,0.3656419824808836,0.6343580175191164,30,19,0.6333333333333333,4.416208358947188,0.5752766998484731,100.0,96.55149252750584,0.8603394181702554,0.0004201299929850814,1989.6813830324259,2006.5956252784044,True,True,,True,True,True,True,
310,2048,1.5539153153076768,0.023030290380120277,0.5871270176023244,0.41287298239767556,11,4,0.36363636363636365,2.5673836598172786,0.4463521625846624,100.0,105.33680011127763,0.9622576339419388,0.12181481575651781,1636.7164976607328,1650.2747264420263,True,True,,True,True,True,True,
311,2048,1.8443713337182999,0.15675487294793128,0.4289841618388891,0.5710158381611109,24,10,0.4166666666666667,1.5786475754342972,0.5012613479048014,100.0,116.86615629690561,0.8547378338296607,0.005379070478340869,1076.2215926971237,1092.867676084327,True,True,,True,True,True,True,
312,2048,1.3421330926939845,0.14721249947324394,0.623906908556819,0.37609309144318104,17,9,0.5294117647058824,3.0330458153039217,0.470762156881392,100.0,98.8718137609996,0.9989285496442989,0.20230238300475117,1770.017585495119,1781.3305330176872,True,True,,True,True,True,True,
313,2048,1.2850137539207935,0.2426189599558711,0.40992038063704966,0.5900796193629503,12,5,0.4166666666666667,3.657787010539323,0.5896872576326131,100.0,103.72530416628194,0.9474843416077273,0.03586297351726538,1605.8154207385285,1623.4074017666494,True,True,,True,True,True,True,
314,2048,1.778443924151361,0.06483986182138324,0.6431240405887365,0.3568759594112635,29,17,0.5862068965517241,1.7900833955034612,0.432625556178391,100.0,108.87855026536022,0.9996476089837382,0.17556027112949538,1290.7587316859847,1303.0271398313446,True,True,,True,True,True,True,
315,2048,1.5729640405625105,0.18889587884768844,0.3981891985982656,0.6018108014017344,15,10,0.6666666666666666,2.367126723658293,0.5148781144991517,100.0,111.69177941740617,0.7824606779570906,0.03612626343146648,1397.2659341470521,1410.3814774921116,True,True,,True,True,True,True,
316,2048,1.1135781975463033,0.10479353908449411,0.5548308085650205,0.44516919143497946,25,10,0.4,3.8026454575359816,0.4562660787254572,100.0,94.14821817589126,0.9997200058636766,0.02464711079172859,2186.8819000624976,2205.796575980244,True,True,,True,True,True,True,
317,2048,1.235225299373269,0.17828363953158258,0.680749224871397,0.319250775128603,20,6,0.3,3.198568566329777,0.5456456776708365,100.0,94.34955218313166,0.9959278593815223,0.4183028082457932,1590.1725566384507,1595.3116788966774,True,True,,True,True,True,True,
318,2048,1.7013097489252687,0.11307777520269155,0.4725454397499561,0.5274545602500439,20,13,0.65,1.3083003521896899,0.47608388084918263,100.0,112.28476286079592,0.8468577355636528,0.060626456425285184,1018.6211058917116,1032.225189188,True,True,,True,True,True,True,
319,2048,1.9000981748104095,0.288403189368546,0.5174070455133915,0.48259295448660855,27,14,0.5185185185185185,2.8392290990799665,0.5716151023283601,100.0,115.20034857101456,0.9996915290084851,0.15595898291965796,1335.3010817150314,1349.0105635707496,True,True,,True,True,True,True,
320,2048,1.413366618566215,0.016727597918361425,0.3357655487954616,0.6642344512045384,14,6,0.42857142857142855,4.245738142635673,0.40050297118723394,100.0,109.7669342450028,0.5594001055523657,0.0010160729854276319,2788.410501034459,2796.47467462273,True,True,,True,True,True,True,
321,2048,1.4179005268961191,0.23358216192573308,0.5023403089493512,0.4976596910506488,29,10,0.3448275862068966,2.956485770177096,0.44218328800052403,100.0,104.43596172199119,0.9005381379382748,8.615284512063236e-06,1861.1108027063904,1877.039259902193,True,True,,True,True,True,True,
322,2048,1.895587437786162,0.0738938751630485,0.3449173953384161,0.6550826046615839,12,8,0.6666666666666666,1.5503706090152263,0.586671743541956,100.0,120.84319421066874,0.6968431894313066,0.09697508369231765,902.4924787186345,910.9731288815221,True,True,,True,True,True,True,
323,2048,1.6899554282426834,0.1985357134602964,0.6905358370393514,0.3094641629606486,25,14,0.56,2.59717152910307,0.46580014675855635,100.0,105.60793312272801,0.9998875995541965,0.3357577940464545,1571.7727311842918,1579.073070703249,True,True,,True,True,True,True,
324,2048,1.2465569851920009,0.09517066944390536,0.45655096881091595,0.543449031189084,15,7,0.4666666666666667,4.487833428941667,0.5118877662345767,100.0,101.12490660881957,0.9315496929964361,0.003627661700331498,2261.580181181013,2280.4196812038294,True,True,,True,True,True,True,
325,2048,1.1180815435945988,0.16930162562057374,0.3821031264960766,0.6178968735039234,20,8,0.4,3.441498145088553,0.4979462882503867,100.0,99.60864289682712,0.7608531011827595,0.0002297485842013259,1950.5619448601417,1964.5810937323645,True,True,,True,True,True,True,
326,2048,1.5684227412566543,0.12204010616987943,0.5645259149372577,0.4354740850627423,21,11,0.5238095238095238,2.0063848986290393,0.5299348391592502,100.0,106.34867780099142,0.9966752649656743,0.18119902037703528,1161.9895280266564,1174.4474300517109,True,True,,True,True,True,True,
327,2048,1.7671201061457396,0.29795160982757807,0.41878540888428684,0.5812145911157132,14,9,0.6428571428571429,2.150812533684075,0.42234173864126207,100.0,115.51817577754258,0.7045463866176954,0.027936008610489175,1563.712569613223,1574.5351144954545,True,True,,True,True,True,True,
328,2048,1.2963759424164891,0.0071598163805902,0.6277703903615475,0.37222960963845253,27,9,0.3333333333333333,4.018921832833439,0.555929453484714,100.0,97.50869755268923,0.9994922708593869,0.33084597404282856,1851.551739655889,1858.9120697563092,True,True,,True,True,True,True,
329,2048,1.331053415313363,0.21157811768352985,0.4387715362012386,0.5612284637987615,22,14,0.6363636363636364,4.219178965687751,0.48733245208859444,100.0,104.08631342634254,0.8535788799834368,0.002411187775356994,2283.7821688817166,2300.29838908664,True,True,,True,True,True,True,
330,2048,1.8554893815889955,0.09004843952134252,0.6079131998121738,0.39208680018782616,19,8,0.42105263157894735,2.7643752383999525,0.541232674382627,100.0,111.53718075238271,0.9958600715881272,0.2790759680612622,1405.4609728610915,1414.576820643577,True,True,,True,True,True,True,
331,2048,1.5581745207309723,0.2562925354577601,0.35057600811123846,0.6494239918887615,26,12,0.46153846153846156,1.3816435066983104,0.41098294090479615,100.0,112.95599312419023,0.5949388258920526,0.00035779159710814623,1231.761179201167,1240.7875544477733,True,True,,True,True,True,True,
332,2048,1.0052827624604106,0.04093961343169212,0.5962796263396739,0.4037203736603261,15,9,0.6,3.230062521714717,0.5664089873433114,100.0,89.43444445637408,0.9992037708879132,0.2878378808559317,1544.0843771515188,1552.4767524671338,True,True,,True,True,True,True,
333,2048,1.1269375272095203,0.2667560149915516,0.6705382596701384,0.32946174032986164,10,5,0.5,3.875982864852994,0.4307878203690052,100.0,91.38840076105276,0.9923438461608178,0.24532389003120758,2326.58996934725,2335.84746513518,True,True,,True,True,True,True,
334,2048,1.686527899466455,0.03279958628118038,0.47639672122895715,0.5236032787710428,30,13,0.43333333333333335,2.398626327887177,0.5971879472956061,100.0,111.82422640492808,0.9986069660006931,0.12416752961792872,1120.2270806276863,1135.0685465494366,True,True,,True,True,True,True,
335,2048,1.977136043831706,0.16593806147575377,0.533855977281928,0.466144022718072,17,5,0.29411764705882354,1.7635181763209402,0.45522298049181703,100.0,116.26901860330202,0.9395231896007933,0.04838167408033936,1234.4202292467294,1251.0036641156719,True,True,,True,True,True,True,
336,2048,1.459398684091866,0.13801190787926315,0.31315224580466744,0.6868477541953326,24,16,0.6666666666666666,3.5829392904415727,0.5231489315629005,100.0,111.77665016506518,0.6538242772591066,0.002628321794708009,1912.5709965066117,1923.6388263359459,True,True,,True,True,True,True,
337,2048,1.496800214983523,0.15786644155159593,0.6176291868090629,0.38237081319093713,13,6,0.46153846153846156,2.2414051154628396,0.5811297254636884,100.0,103.0613530424813,0.9859186627400804,0.3521715213826868,1122.0578406243924,1128.6668804934204,True,True,,True,True,True,True,
338,2048,1.9397122878581285,0.1487314760684967,0.4352078914642334,0.5647921085357666,27,15,0.5555555555555556,3.7219911807216706,0.44752980284392835,100.0,118.66647419541982,0.7874411535882306,0.0003660627403294349,2200.424275828095,2214.93013589457,True,True,,True,True,True,True,
339,2048,1.646318475715816,0.27252716682851313,0.5808980494737626,0.41910195052623744,19,13,0.6842105263157895,3.5320906776934864,0.5047833967953921,100.0,107.7078270568548,0.9998471391234239,0.16988143532065303,1838.745978404537,1851.7101194515171,True,True,,True,True,True,True,
340,2048,1.1671686246991158,0.019715445209294555,0.3719146147370338,0.6280853852629662,21,8,0.38095238095238093,1.709454197343439,0.4727093944326043,100.0,101.4868665987384,0.7047732234522321,0.0006233118607930814,1257.253084282743,1269.5766328705813,True,True,,True,True,True,True,
341,2048,1.0466211130842566,0.24563711509108543,0.4980282936245203,0.5019717063754797,24,8,0.3333333333333333,2.713533165771514,0.537088038213551,100.0,93.63981475024713,0.9963793548187657,0.06851554216169481,1445.1920910410847,1462.3458500400764,True,True,,True,True,True,True,
342,2048,1.516875084489584,0.04892891803756356,0.655449654534459,0.344550345465541,16,10,0.625,4.165108544938266,0.49098821096122264,100.0,102.50298801716406,0.999699701008011,0.29856263181503223,2164.62879930692,2172.981100154535,True,True,,True,True,True,True,
343,2048,1.8191557126119733,0.22457992555573583,0.3096862602978945,0.6903137397021055,28,15,0.5357142857142857,3.0728473576717077,0.5615203011780977,100.0,120.46446870607957,0.7054085579710557,0.0006749563915246046,1531.2586160286103,1543.8313692869895,True,True,,True,True,True,True,
344,2048,1.3673477675765753,0.08434145338833332,0.5436696175485849,0.4563303824514151,12,5,0.4166666666666667,1.2276456758379937,0.41694639418274165,100.0,101.85083326902469,0.8864788414915525,0.06429437430984306,1100.4058645078883,1114.0929005248045,True,True,,True,True,True,True,
345,2048,1.2555256644263864,0.28761892234906555,0.32953734435141085,0.6704626556485891,17,10,0.5882352941176471,1.853998199198395,0.5483858238905668,100.0,105.58601103805472,0.7079547644467603,0.017898591396341652,1129.3285573193511,1141.2066172237548,True,True,,True,True,True,True,
347,2048,1.6062210453674197,0.18204022776335477,0.4662684816867113,0.5337315183132887,11,4,0.36363636363636365,3.966462936904281,0.5719998816028238,100.0,110.2683383021897,0.9574568964528068,0.09873062562807171,1759.7249649376822,1774.7262625514823,True,True,,True,True,True,True,
348,2048,1.0803221389651299,0.11606989754363894,0.68697066642344,0.31302933357656004,29,19,0.6551724137931034,2.1015815924853083,0.405587549880147,100.0,89.49424475805318,0.9999920943353788,0.22821811466257091,1542.934396228941,1553.6655634613078,True,True,,True,True,True,True,
349,2048,1.2096434673294425,0.1901596711948514,0.5610584035515784,0.43894159644842157,26,17,0.6538461538461539,1.497917761467397,0.5916458796709776,100.0,96.90181684280446,0.9980235631248894,0.2594663900934281,850.8494407770512,860.1864154651164,True,True,,True,True,True,True,
350,2048,1.7268906347453594,0.10558583429083228,0.3919182926416397,0.6080817073583603,14,4,0.2857142857142857,2.907248682249337,0.4361343847587705,100.0,115.5193373673996,0.6938138589902794,0.0016071510609073686,1898.4055728215635,1910.1458850856918,True,True,,True,True,True,True,
351,2048,1.9372614370658994,0.23963483003899455,0.6494004368782043,0.35059956312179574,22,10,0.45454545454545453,4.33545326963067,0.5160446086898446,100.0,112.03327428219222,0.9996451721677041,0.3209348200493768,2093.7660864082595,2101.7145526383665,True,True,,True,True,True,True,
352,2048,1.3762043174356222,0.06109126713126897,0.40369832962751384,0.5963016703724862,18,9,0.5,2.4415614481084047,0.46213218159973624,100.0,106.46164776068787,0.7480911545831603,0.00286606757103375,1604.2801678499068,1617.6252643765727,True,True,,True,True,True,True,
353,2048,1.4015192361548543,0.2054195512086153,0.36181807443499564,0.6381819255650043,12,4,0.3333333333333333,2.048605009820312,0.503002410940826,100.0,108.54978836142584,0.7172526510844155,0.010627747597557573,1317.7032398099936,1330.1055121288368,True,True,,True,True,True,True,
354,2048,1.911976246163249,0.10205393554642796,0.5911159105598927,0.40888408944010735,28,17,0.6071428571428571,3.9163145195692772,0.4694147348403931,100.0,113.20751210898044,0.9999918130704287,0.12896917109453823,2115.095113711949,2130.0596385343965,True,True,,True,True,True,True,
355,2048,1.736612013541162,0.22669632593169808,0.44862247481942175,0.5513775251805783,16,9,0.5625,3.3392652721144254,0.5766118846833705,100.0,113.85406220538675,0.9911247830694296,0.05026284360120196,1503.0169539955864,1521.397069170174,True,True,,True,True,True,True,
356,2048,1.199892658740282,0.06700746640563011,0.6044824086129665,0.39551759138703346,24,10,0.4166666666666667,1.903752432949841,0.4446232890710235,100.0,95.3841818895778,0.9973416679276911,0.11374680555457631,1345.9718093231236,1360.436834527446,True,True,,True,True,True,True,
357,2048,1.070448282174766,0.291068344283849,0.5287410002201796,0.47125899977982044,21,10,0.47619047619047616,2.494938699156046,0.5589546320959926,100.0,93.51911003169596,0.9986273051307223,0.15798297449102666,1293.7760096239085,1306.8735314857695,True,True,,True,True,True,True,
358,2048,1.616063505411148,0.00027597807347774507,0.3244432296603918,0.6755567703396081,19,11,0.5789473684210527,4.38520101858303,0.41286705136299134,100.0,115.28318695875907,0.5518300147180608,0.0010796490292772365,2783.298247493245,2791.2748863839906,True,True,,True,True,True,True,
359,2048,1.7825247133150697,0.1761880338191986,0.6670587416738272,0.33294125832617283,27,19,0.7037037037037037,2.8542781909927726,0.5333548806607723,100.0,108.29529106597374,0.9999929051583146,0.3757667570074753,1464.7649483249033,1471.5661852571022,True,True,,True,True,True,True,
360,2048,1.2809635791927576,0.128925942722708,0.48619873039424416,0.5138012696057559,13,5,0.38461538461538464,1.447763252723962,0.48886638041585684,100.0,101.19455896179232,0.8950884599447048,0.05868075627088383,1062.1366662675644,1077.0224909729454,True,True,,True,True,True,True,
361,2048,1.3459107400849462,0.25848843958228823,0.6972625326365232,0.30273746736347684,18,12,0.6666666666666666,1.6592995841056108,0.5702158421278,100.0,96.98996918013705,0.9985189315971325,0.47019922656310964,947.7234881209283,951.8741798784218,True,True,,True,True,True,True,
362,2048,1.8406245540827513,0.04313609031960368,0.4562459465116262,0.5437540534883738,22,7,0.3181818181818182,3.4791202909313137,0.4022898403927684,100.0,115.88999869818332,0.7632896450598249,5.038290021104736e-05,2274.4874738552653,2287.7432560205375,True,True,,True,True,True,True,
363,2048,1.5110926097258925,0.209379634167999,0.5104581322520971,0.48954186774790287,14,6,0.42857142857142855,3.7717390218749642,0.5438710337504744,100.0,106.56906488524675,0.9906171585243314,0.10775971307817789,1795.9288160475287,1811.371658893105,True,True,,True,True,True,True,
364,2048,1.0523724295198917,0.08785052765160799,0.34287944845855234,0.6571205515414477,26,14,0.5384615384615384,2.2947822743095454,0.47747096344828605,100.0,98.77508688129257,0.6558727837929396,0.00035021898437482407,1533.3118888246095,1544.3691975650993,True,True,,True,True,True,True,
365,2048,1.173043000511825,0.16374158514663575,0.4184316478669643,0.5815683521330357,29,17,0.5862068965517241,1.277399620693177,0.5134819895029068,100.0,100.14135432305886,0.8459090364576977,0.013398046274458288,953.456273077583,969.2989230100955,True,True,,True,True,True,True,
366,2048,1.640414908528328,0.13581600319594145,0.634448168426752,0.365551831573248,11,5,0.45454545454545453,3.1262184128165247,0.4580558924004436,100.0,106.03134648888584,0.9855897574382371,0.21899665181560876,1838.0647942817861,1848.5988659764207,True,True,,True,True,True,True,
367,2048,1.9613022739067674,0.2689539263024926,0.3801139064133167,0.6198860935866832,23,9,0.391304347826087,4.114960428792983,0.5879096692427992,100.0,120.97911426422672,0.9216190516631845,0.0005563998708263097,1735.2892824149737,1754.2663720472933,True,True,,True,True,True,True,
368,2048,1.475240195170045,0.03499807035550475,0.5726926676928996,0.4273073323071004,17,11,0.6470588235294118,2.660556281916797,0.43400950357317924,100.0,103.81003694175882,0.9877905231703166,0.03138036734294563,1712.9831490633485,1731.1482602407298,True,True,,True,True,True,True,
369,2048,1.4496496375650167,0.27970354473218323,0.471334645524621,0.528665354475379,26,11,0.4230769230769231,3.1770912436768413,0.46401935163885355,100.0,106.22395441317713,0.8793032469986084,8.4428930634513e-05,1892.9772568716332,1910.1640854302627,True,True,,True,True,True,True,
370,2048,1.9868553625419736,0.02689239475876093,0.6756308633834123,0.3243691366165877,13,7,0.5384615384615384,1.3314897847361862,0.5085932973772287,100.0,112.28808600693208,0.9708119319146867,0.39042488098894224,933.1570347361908,938.807786270922,True,True,,True,True,True,True,
371,2048,1.6612444631755352,0.1506874931976199,0.3330657113343477,0.6669342886656523,20,12,0.6,2.817751702666283,0.437665256485343,100.0,116.04812843382433,0.5902105104067857,0.002673172370132145,1878.6560055980788,1887.6902082683207,True,True,,True,True,True,True,
372,2048,1.152250393293798,0.14155310047790406,0.5139242116361856,0.4860757883638144,19,6,0.3157894736842105,4.268927501421421,0.5837650390341877,100.0,96.54880822746634,0.9950908846216139,0.1708519489432034,1835.2133141967581,1847.7046178489632,True,True,,True,True,True,True,
373,2048,1.0307186767458916,0.21740297544747592,0.6380119070410728,0.3619880929589272,15,5,0.3333333333333333,3.636309269908815,0.4197762602940202,100.0,89.1618144486373,0.9943532601755962,0.14546952392045448,2264.2783696805964,2276.8974360066263,True,True,,True,True,True,True,
374,2048,1.5327700031921268,0.07716507604345679,0.40871556401252745,0.5912844359874725,25,17,0.68,1.8132731968536973,0.551850301399827,100.0,110.35175081017451,0.8698118933308235,0.03425679022191824,1064.3550626521067,1080.0296914966752,True,True,,True,True,True,True,
375,2048,1.8653298486024141,0.2528154912404716,0.5513539642095566,0.4486460357904434,12,7,0.5833333333333334,2.34564895844087,0.49421293996274474,100.0,113.42712659591837,0.9656961308084913,0.1273024126495734,1385.4697726736522,1399.4362944156812,True,True,,True,True,True,True,
376,2048,1.3211813727393746,0.056107865832746025,0.3954955771565437,0.6045044228434563,28,14,0.5,3.8258352342993023,0.5278128178790211,100.0,105.22065057969496,0.8374695416433442,0.00011340691977625797,1951.1699288763768,1967.5504382939614,True,True,,True,True,True,True,
378,2048,1.7613353924825788,0.11855862736701965,0.3652856796979904,0.6347143203020096,17,8,0.47058823529411764,2.5441938584670423,0.563111468590796,100.0,117.20938567032965,0.8230902807359316,0.01010055378699584,1306.6503103991693,1322.197963658758,True,True,,True,True,True,True,
379,2048,1.5898931585252285,0.28512761257588864,0.619569581747055,0.380430418252945,30,10,0.3333333333333333,1.6001253406517206,0.48281747121363877,100.0,105.26856312373604,0.9914736773744153,0.22118226179039868,1106.0380970263402,1116.7388197391367,True,True,,True,True,True,True,
380,2048,1.0966422846540809,0.012979953456670046,0.4269923314452171,0.5730076685547829,10,6,0.6,3.009856038540602,0.5383290227502584,100.0,97.46638274864523,0.8647775164788735,0.05154945061534692,1593.3008616268044,1607.8232804371567,True,True,,True,True,True,True,
381,2048,1.2249946668744087,0.2371460996568203,0.3031060520559549,0.696893947944045,14,9,0.6428571428571429,4.068670460768044,0.4526605520397425,100.0,105.61562918583934,0.5482104462337867,0.006735732645853822,2482.7548306730887,2490.7205787806442,True,True,,True,True,True,True,
382,2048,1.7115469379350543,0.058601965103298424,0.5441211450845003,0.45587885491549973,25,9,0.36,2.20418890574947,0.5190728330984712,100.0,110.29422782347626,0.9932058784111987,0.12802651092770953,1261.2672258684245,1275.928167743968,True,True,,True,True,True,True,
383,2048,1.8896815795451403,0.19265155317261815,0.48976399488747113,0.5102360051125289,18,8,0.4444444444444444,1.9562310721725225,0.4270514192059636,100.0,115.85300633410412,0.850776201967577,0.0054183329180186295,1416.1356082486918,1431.9072082797911,True,True,,True,True,True,True,
384,2048,1.42377641890198,0.10807714350521565,0.657341131940484,0.34265886805951595,21,12,0.5714285714285714,3.38852697154507,0.5950628753751517,100.0,100.10914276693683,0.9998720878757168,0.42425072512406253,1468.4622603532232,1473.532150998365,True,True,,True,True,True,True,
385,2048,1.428238781169057,0.2645768405869603,0.3123358082026243,0.6876641917973757,20,10,0.5,2.6751006874255836,0.48232372887432573,100.0,110.98908822422203,0.6023552411037154,0.001059337016593454,1677.7180608997285,1687.3735045570816,True,True,,True,True,True,True,
386,2048,1.8832968482747674,0.029997844900935888,0.5408520456403494,0.4591479543596506,20,11,0.55,4.100491480529308,0.5393121788278222,100.0,114.12488005067166,0.9996219561809108,0.1489653197873596,1908.8797465764915,1922.9211553862333,True,True,,True,True,True,True,
387,2048,1.718664325773716,0.1687395173124969,0.499091025814414,0.500908974185586,13,9,0.6923076923076923,3.137565412838012,0.4067143933847547,100.0,111.83993948638579,0.8148292981445335,0.03851589852356687,2077.530349660888,2090.5174424360544,True,True,,True,True,True,True,
388,2048,1.2198001248762012,0.140190795622766,0.6541700702160597,0.34582992978394034,26,9,0.34615384615384615,1.266178579442203,0.5653020184487104,100.0,94.61058054431032,0.9847107849530115,0.39999587770398304,823.6937309060439,829.0408943829289,True,True,,True,True,True,True,
389,2048,1.0991229079663754,0.21437983280047773,0.5782329641282558,0.42176703587174424,28,10,0.35714285714285715,2.331904174759984,0.42655718810856347,100.0,93.02548053208858,0.9988293236327137,0.012802944325220689,1601.4595275822194,1620.4495366533206,True,True,,True,True,True,True,
390,2048,1.5893353810533881,0.09222760442644358,0.3747168518602848,0.6252831481397152,11,7,0.6363636363636364,3.7347429818473756,0.5960457334294915,100.0,112.88417116560282,0.8552388112868599,0.04905732189474154,1615.3370573786449,1629.7457422340465,True,True,,True,True,True,True,
391,2048,1.7626258339732885,0.2541136560961604,0.6165999360382557,0.3834000639617443,25,13,0.52,3.5194396952167155,0.45017615128308536,100.0,109.29071406663962,0.999904921287654,0.14841666407073864,2027.158455187063,2040.6770701916741,True,True,,True,True,True,True,
392,2048,1.2989160316064954,0.0381381849758327,0.4365207783877849,0.5634792216122151,15,6,0.4,1.619055735412985,0.5212638717144727,100.0,103.25999776339472,0.8798351854998311,0.029379293906088653,1066.6105751696632,1082.682147773884,True,True,,True,True,True,True,
393,2048,1.3277189303189516,0.17122446075081824,0.6473274938762188,0.3526725061237812,10,6,0.6,1.4076201058924198,0.4401621023193002,100.0,97.8357003922211,0.9555075483189542,0.2553562458167191,1128.6652282249158,1137.124497499841,True,True,,True,True,True,True,
394,2048,1.8607761720195413,0.12451224932447075,0.4055300064384937,0.5944699935615063,29,13,0.4482758620689655,2.894698309432715,0.5815623182803392,100.0,118.00342130260947,0.9677966495819152,0.0009783396417458643,1333.932569147766,1354.3395341444239,True,True,,True,True,True,True,
395,2048,1.5380563363432884,0.2954797533340752,0.5605722762644291,0.43942772373557093,16,6,0.375,4.348305680416524,0.4645986031740904,100.0,105.7278355639911,0.9950666596169345,0.059850029974922093,2358.042911714086,2375.458018548031,True,True,,True,True,True,True,
396,2048,1.023448939435184,0.0052372667938470835,0.3922119818627834,0.6077880181372166,23,15,0.6521739130434783,2.5321613137610255,0.507524655945599,100.0,96.15447442587742,0.7915704816089371,0.00470767555151247,1521.0873131490387,1535.7655305233714,True,True,,True,True,True,True,
397,2048,1.1528999619185925,0.231110028270632,0.46835050396621225,0.5316494960337877,21,14,0.6666666666666666,1.8926321058534086,0.49670951161533594,100.0,97.94883906535745,0.9058664482970025,0.02502793509834235,1240.3690463983771,1257.1825253632787,True,True,,True,True,True,True,
398,2048,1.6586114903911948,0.07197106629610062,0.6851478662341832,0.3148521337658168,18,5,0.2777777777777778,3.3507129739969965,0.5256096322089434,100.0,105.04427931089998,0.9915212227350574,0.4086299294756624,1693.1942823317424,1698.6593698029308,True,True,,True,True,True,True,
399,2048,1.9902209993451834,0.2004582356661558,0.3299835320562124,0.6700164679437877,25,11,0.44,3.901946285460144,0.4203559767454863,100.0,123.34169199682822,0.5692489284326003,5.2184741932954595e-05,2462.8943157450162,2471.367574973317,True,True,,True,True,True,True,
400,2048,1.448267881758511,0.09764251755550503,0.5233439397066831,0.47665606029331686,15,8,0.5333333333333333,2.063250117190182,0.5507819341495633,100.0,104.58613250536848,0.9843289711383603,0.14736427221996237,1139.778561652613,1153.263157035132,True,True,,True,True,True,True,
401,2048,1.4705317849293351,0.187651336658746,0.4215952709317207,0.5784047290682792,24,9,0.375,3.402964368648827,0.5464656695723533,100.0,108.35663101003331,0.92931736773955,0.000223178603258915,1671.169949044471,1690.3614343860327,True,True,,True,True,True,True,
402,2048,1.967933053150773,0.10370004884898662,0.6251098841428757,0.3748901158571243,16,11,0.6875,1.9416677162982523,0.47536574136465787,100.0,113.3505323920055,0.9934561142790004,0.21858287622493702,1251.7841689557772,1262.778859471952,True,True,,True,True,True,True,
403,2048,1.6335397539660335,0.24152090102434157,0.3833748042583465,0.6166251957416535,28,16,0.5714285714285714,2.2154288973659275,0.570892765186727,100.0,113.64729646030997,0.8848852323200617,0.0064279402427925075,1157.197557373299,1174.7293880567556,True,True,,True,True,True,True,
404,2048,1.1779953092336655,0.06359988832846283,0.5634524211287498,0.4365475788712502,12,6,0.5,4.057355011906474,0.4013187684118748,100.0,95.88818446749599,0.9329138897841696,0.012311847634796017,2563.322569852545,2580.1810334837,True,True,,True,True,True,True,
405,2048,1.04964957293123,0.28950468041002747,0.6877350393682717,0.31226496063172826,13,5,0.38461538461538464,3.0468835313804448,0.590503816306591,100.0,88.4833969338946,0.992736219314239,0.4762262204470361,1394.082378340612,1397.897507403559,True,True,,True,True,True,True,
406,2048,1.5118926204741001,0.017980161029845475,0.4592203605920076,0.5407796394079925,27,15,0.5555555555555556,1.5630222922191024,0.4319039834663272,100.0,108.18928485597587,0.8067634169057658,0.0020889188384118724,1243.5709012018467,1258.2543341519258,True,True,,True,True,True,True,
407,2048,1.8395801605656743,0.17953161606565118,0.5010286767035722,0.4989713232964278,19,12,0.631578947368421,2.5844188551418483,0.5141592105850578,100.0,114.43543465942992,0.9897332760521668,0.039252674908315785,1419.9062152273941,1438.8391699408667,True,True,,True,True,True,True,
408,2048,1.348877502605319,0.11418385282158851,0.3459511373192072,0.6540488626807928,21,7,0.3333333333333333,4.39733524248004,0.4570853091776371,100.0,107.66579611934304,0.6371868836298079,2.885138803961481e-05,2581.580430884402,2592.048288389739,True,True,,True,True,True,True,
409,2048,1.2741799736395478,0.24840180678293108,0.5320133421570062,0.46798665784299376,26,17,0.6538461538461539,3.7853836753405625,0.5760203523561358,100.0,99.62039266691846,0.999995142080699,0.18755612563325508,1683.998867497177,1696.6671941810425,True,True,,True,True,True,True,
410,2048,1.7873244378715754,0.05114428382366896,0.31521747894585134,0.6847825210541487,14,5,0.35714285714285715,2.385773240961134,0.44550894647836686,100.0,119.56254796173192,0.5665696045569564,0.0023788505082730483,1639.504311815025,1648.0053976185663,True,True,,True,True,True,True,
411,2048,1.6110194055363536,0.22236427310854195,0.6702338088303804,0.3297661911696196,22,10,0.45454545454545453,1.7760694465599953,0.5004200406372548,100.0,104.35219669359094,0.9962555516372974,0.3447597797264643,1138.6073623084362,1145.669988554032,True,True,,True,True,True,True,
412,2048,1.0774757862091064,0.08157647615298629,0.47687494195997715,0.5231250580400229,18,11,0.6111111111111112,3.6732360485941173,0.47150771524757146,100.0,95.2936127582438,0.8980238791803187,0.0048241792055460754,2114.6892593886264,2132.0602964836316,True,True,,True,True,True,True,
413,2048,1.1990008568391204,0.1556510841473937,0.35240311473608016,0.6475968852639198,17,9,0.5294117647058824,4.257511338405311,0.5327630741521716,100.0,103.11786692011668,0.7519071926650831,0.002035757045734406,2143.877837063391,2157.688287763266,True,True,,True,True,True,True,
414,2048,1.7394872196018696,0.14596681175753473,0.5941990435123443,0.4058009564876557,23,10,0.43478260869565216,2.8288909924216568,0.48975157290697097,100.0,109.43046198123432,0.9987511635202588,0.17273189503473416,1595.5279062414384,1608.3325332936806,True,True,,True,True,True,True,
415,2048,1.908856657333672,0.27529211780056356,0.4391094774007797,0.5608905225992202,11,3,0.2727272727272727,1.3168257147073745,0.5563727267086506,100.0,117.89654224603305,0.8096621958621035,0.1436471003489545,864.7500664050704,874.3459458669709,True,True,,True,True,True,True,
416,2048,1.4026549439877272,0.021931088156998155,0.6074682667851448,0.39253173321485524,29,18,0.6206896551724138,3.1914279389195146,0.4149603059515357,100.0,100.94460596756409,0.999995653687382,0.05403879069771476,2024.9043786298237,2042.6053190334094,True,True,,True,True,True,True,
417,2048,1.3811568664386868,0.1615627147257328,0.5516247533261776,0.44837524667382245,21,9,0.42857142857142855,3.623079290147871,0.5745807196944952,100.0,101.98590531543925,0.9989628913177677,0.22040566288521374,1628.3236094302074,1639.1940459930975,True,True,,True,True,True,True,
418,2048,1.9303865190595388,0.1330145657993853,0.39498349800705906,0.605016501992941,19,10,0.5263157894736842,1.7231012050062418,0.40349304992705587,100.0,119.82861910444831,0.6590497581706749,0.004599723238358849,1395.9839257059502,1406.374652548692,True,True,,True,True,True,True,
419,2048,1.7335216542705894,0.2717556503601372,0.6398695118725299,0.36013048812747006,27,16,0.5925925925925926,2.435518518928438,0.5489788884297013,100.0,107.98560924450402,0.9999152228251129,0.3440692368653887,1265.3850511307978,1272.6116759957065,True,True,,True,True,True,True,
420,2048,1.2049352936446667,0.03717722631990909,0.40666549727320667,0.5933345027267933,13,5,0.38461538461538464,3.838763397373259,0.4794902864843607,100.0,101.48904754264714,0.7787206003198869,0.0027843261077627212,2188.4394653230843,2202.733110020696,True,True,,True,True,True,True,
421,2048,1.083289141766727,0.2612898864783347,0.33280396573245524,0.6671960342675447,12,4,0.3333333333333333,3.2411797016859056,0.5186249818652868,100.0,100.14538393140481,0.687728260222309,0.0033726983169918563,1807.8858203281452,1819.8228960462288,True,True,,True,True,True,True,
422,2048,1.6051768884062767,0.04531498700380325,0.5144451554864644,0.4855548445135356,28,19,0.6785714285714286,1.3701989519409834,0.4600374074652791,100.0,108.73637002639555,0.9170967465249006,0.04182960294019201,1068.0410372968977,1084.2179656559977,True,True,,True,True,True,True,
423,2048,1.808731303550303,0.207200450822711,0.4694370653480291,0.5305629346519709,16,9,0.5625,2.7787403253838416,0.592239218391478,100.0,114.77468311194974,0.9910550647197818,0.11029384794793777,1257.3275317625228,1272.6956365503347,True,True,,True,True,True,True,
424,2048,1.2528030443936586,0.08504879521206021,0.6776411574333906,0.3223588425666094,24,12,0.5,4.204537005443126,0.4352507118135691,100.0,94.93466087548961,0.999961246777797,0.2594229597951189,2446.109064882575,2455.1956267875726,True,True,,True,True,True,True,
425,2048,1.37437551189214,0.29299087543040514,0.4885072868317365,0.5114927131682635,29,15,0.5172413793103449,4.004380574449897,0.5041049422696233,100.0,103.70556567586777,0.9849694873553059,0.00013124699460117584,2061.3786005364127,2082.0052801048773,True,True,,True,True,True,True,
426,2048,1.8141118492931128,0.0027478172443807123,0.6584297921508551,0.34157020784914494,11,5,0.45454545454545453,2.1652783348225055,0.47367894612252714,100.0,109.21505067702401,0.9777075784799968,0.3036695030978877,1363.0312506001283,1370.9029180626412,True,True,,True,True,True,True,
427,2048,1.521675049327314,0.17371590910479426,0.3002625282853842,0.6997374717146159,23,7,0.30434782608695654,1.995041045732796,0.5785366211086511,100.0,113.8329412100216,0.7111408021288796,0.0009391762819218969,1093.5076943191432,1106.1715109702955,True,True,,True,True,True,True,
428,2048,1.0398377440869808,0.12700312491506338,0.5467477928847074,0.45325220711529257,17,11,0.6470588235294118,3.452716039214283,0.4496365452185273,100.0,91.98909620884928,0.9834131843296041,0.012272633752366641,2066.620984817911,2085.5932630153175,True,True,,True,True,True,True,
429,2048,1.1683045728132129,0.20294768577441571,0.6208107404410839,0.37918925955891614,18,12,0.6666666666666666,4.450714675616473,0.5608415486291051,100.0,93.988203382437,0.9999506623184466,0.3239311268478635,1999.5349721618072,2007.0132846638626,True,True,,True,True,True,True,
430,2048,1.643199123442173,0.10013139490038156,0.4258883006870746,0.5741116993129254,22,9,0.4090909090909091,2.634164422005415,0.41791545711457734,100.0,112.45184948463856,0.7314884400257828,0.00024057387573356607,1818.7151855297311,1831.3054352730626,True,True,,True,True,True,True,
431,2048,1.9425877342000604,0.22861915212124584,0.5841776408255099,0.41582235917449006,14,7,0.5,1.5100543518550693,0.534495422616601,100.0,114.0407603841748,0.9592364853049876,0.25753056298398647,955.3777882191837,964.4639440166416,True,True,,True,True,True,True,
432,2048,1.4959086496382952,0.06947961850091815,0.3626922987401485,0.6373077012598515,26,15,0.5769230769230769,2.996726471744478,0.4930952513590455,100.0,110.97953531209117,0.714757108286147,0.0007645694306784577,1755.9241382656749,1768.665244808401,True,True,,True,True,True,True,
433,2048,1.4542039018124342,0.2346374968998134,0.6675598386675119,0.3324401613324881,16,5,0.3125,2.4820098599418996,0.41040215715765954,100.0,100.60887388488914,0.9880890865136838,0.20707615842395904,1698.6995091547658,1709.152344067548,True,True,,True,True,True,True,
434,2048,1.9842531951144338,0.05671591144055128,0.48592020757496357,0.5140797924250364,25,15,0.6,4.29533213423565,0.5674761092290282,100.0,117.92204002611959,0.9999581324580438,0.09413223338593545,1854.097736374725,1870.664101057189,True,True,,True,True,True,True,
435,2048,1.6801429279148579,0.19453732017427683,0.5307802814990281,0.4692197185009719,12,7,0.5833333333333334,2.944449285417795,0.484837138466537,100.0,109.98555462284008,0.9632872497275905,0.07123396907159213,1675.6054037017886,1691.8941792562564,True,True,,True,True,True,True,
436,2048,1.1313996529206634,0.11058546071872115,0.3225776944309473,0.6774223055690527,29,12,0.41379310344827586,1.4609941299073397,0.5434369146823883,100.0,102.05128181612145,0.7058511567363384,0.0005756602977170831,990.2471158357324,1002.8366819478392,True,True,,True,True,True,True,
437,2048,1.0020697116851807,0.18641559239476918,0.44810581356287,0.5518941864371301,27,13,0.48148148148148145,2.112994608376175,0.4546417318284512,100.0,93.64527006392984,0.8215169506924772,0.0001785159751664676,1478.794999548679,1494.0816360573838,True,True,,True,True,True,True,
438,2048,1.5594647256657481,0.12106725750491022,0.6047455698251725,0.39525443017482753,13,7,0.5384615384615384,3.955326794274151,0.5242157792672515,100.0,104.96318394647489,0.9967885015114979,0.24892285835282021,1939.1878554662294,1949.1549606960161,True,True,,True,True,True,True,
439,2048,1.8549313638359308,0.2826192690990865,0.3598122477531433,0.6401877522468566,20,14,0.7,3.3005554287694396,0.42829278092831374,100.0,119.45153463966892,0.6235421448400588,0.007772277334546618,2127.9956372452734,2137.604843689688,True,True,,True,True,True,True,
440,2048,1.3335338020697236,0.011094176955521106,0.5930147215723991,0.4069852784276009,20,7,0.35,1.839664651080966,0.5993926525115967,100.0,99.50542653696652,0.9850745123344467,0.3309797040892393,946.513312890676,953.5296039859824,True,True,,True,True,True,True,
441,2048,1.2891059648245573,0.22016793536022305,0.3790175125002861,0.6209824874997139,15,9,0.6,1.213211425859481,0.4682833140715957,100.0,104.86427621075904,0.6835162498111567,0.033272039123048276,1033.1079805817683,1043.4941418118694,True,True,,True,True,True,True,
442,2048,1.7724062027409673,0.07938071005046367,0.5739383935928344,0.4260616064071656,25,8,0.32,3.087407566420734,0.5096956960856914,100.0,110.752739171163,0.9966778161711057,0.1672699618838295,1635.4786324690742,1648.562429850078,True,True,,True,True,True,True,
443,2048,1.5638688243925571,0.2506001427769661,0.41579706966876984,0.5842029303312302,18,8,0.4444444444444444,4.153871700447053,0.4426785618066788,100.0,110.88361173537095,0.7455836072467794,0.0006046905701427971,2471.818529066903,2485.0430292521046,True,True,,True,True,True,True,
444,2048,1.1246188646182418,0.05334319258108735,0.6372809067368507,0.36271909326314933,22,11,0.5,2.724845467507839,0.585690107755363,100.0,92.20177608622782,0.9996591699168182,0.3809391432797005,1291.7451460516645,1297.672426524613,True,True,,True,True,True,True,
445,2048,1.245174989104271,0.27748788334429264,0.511563578620553,0.488436421379447,24,14,0.5833333333333334,1.6724298516288398,0.4248246079310775,100.0,99.3969999065788,0.8859189820370089,0.004718036811842317,1309.1430972397156,1325.6300239133961,True,True,,True,True,True,True,
446,2048,1.6933208284899592,0.02412742646411061,0.3416425723582506,0.6583574276417494,17,8,0.47058823529411764,3.5691905790008605,0.5537368945777417,100.0,116.49133074053202,0.7617146002423657,0.003102603016597595,1741.9600251998324,1756.0556854890224,True,True,,True,True,True,True,
447,2048,1.8929542247205973,0.15345217594876884,0.6998571444302797,0.3001428555697203,30,11,0.36666666666666664,3.6817693311721085,0.4984420508146286,100.0,109.71829743762481,0.9997802954535464,0.39805883138382414,1906.9128443449201,1912.8132052488631,True,True,,True,True,True,True,
448,2048,1.4185498589649796,0.14376847520470618,0.45337342061102387,0.5466265793889762,11,7,0.6363636363636364,2.281752825435251,0.5289535013958812,100.0,105.98127694277457,0.870787232922396,0.08165679062786832,1310.6947598486565,1324.1280494744008,True,True,,True,True,True,True,
449,2048,1.406493604183197,0.2106184554286301,0.6839115127921104,0.3160884872078896,26,14,0.5384615384615384,1.9210083204321562,0.5127600353211165,100.0,98.944245578329,0.9996622138097624,0.3838760398917634,1176.9404775296932,1182.9961058483627,True,True,,True,True,True,True,
450,2048,1.9050488201901317,0.08894744999706745,0.46320887207984923,0.5367911279201507,15,6,0.4,3.3206246495246887,0.45887206960469484,100.0,117.027732094886,0.8525940810935893,0.004027845287127724,1953.1190227573939,1969.42740165478,True,True,,True,True,True,True,
451,2048,1.696603486314416,0.25958077535033225,0.5206666082143783,0.47933339178562173,22,8,0.36363636363636365,3.93032257379964,0.5887292811647058,100.0,110.67096019040684,0.9975178383873555,0.1875626837943701,1658.9967163998776,1671.1981749870336,True,True,,True,True,True,True,
452,2048,1.241854407824576,0.04437949815765023,0.32652701884508134,0.6734729811549187,19,11,0.5789473684210527,2.033161866478622,0.43329098112881187,100.0,105.28987544359512,0.573853866132136,0.003044264715488206,1532.8336648719776,1541.4331497516669,True,True,,True,True,True,True,
453,2048,1.1125321369618177,0.2678467120975256,0.40039460398256776,0.5996053960174322,17,12,0.7058823529411765,1.4359959516674279,0.5694965582340956,100.0,98.83176288999601,0.8156803468762878,0.08646509866211127,909.5777369425768,921.2582505710425,True,True,,True,True,True,True,
454,2048,1.5759329469874501,0.033748941589146854,0.6460971195250749,0.35390288047492513,23,8,0.34782608695652173,2.8646104029379784,0.4031086878851056,100.0,104.19060086289636,0.9978568824611019,0.12525390331270117,1895.6814143117685,1909.3671176320843,True,True,,True,True,True,True,
455,2048,1.7757193930447102,0.16248788768425584,0.3887614596635103,0.6112385403364897,10,5,0.5,4.376681550778448,0.544687975384295,100.0,116.72161276767162,0.8198443067475905,0.0284169320310737,2065.883324623287,2080.47738400786,True,True,,True,True,True,True,
456,2048,1.2858159160241485,0.13471335768699647,0.5579011622816323,0.44209883771836767,30,17,0.5666666666666667,2.502073431853205,0.4767497707158327,100.0,99.19058456151862,0.9999704573663915,0.07272030554431538,1522.851704447843,1539.711449810994,True,True,,True,True,True,True,
457,2048,1.3370911329984665,0.2254552069120109,0.3689160410314798,0.6310839589685202,25,11,0.44,2.3035283289849757,0.5581137048080563,100.0,106.5539371625332,0.8336002856318897,0.001004225681705119,1249.9570698678758,1266.1996966622467,True,True,,True,True,True,True,
458,2048,1.851397174410522,0.0659174194559455,0.577899931743741,0.422100068256259,15,8,0.5333333333333333,3.7648308883421118,0.4136129926890135,100.0,112.3348206637221,0.9754556281493,0.014300905718791767,2284.078722589596,2302.615710001961,True,True,,True,True,True,True,
459,2048,1.547133857384324,0.2043249176815152,0.4321609456092119,0.5678390543907881,28,18,0.6428571428571429,3.491063824854791,0.5340981502085924,100.0,109.9358887854059,0.924904682415352,0.0023208616093768233,1747.3786459656653,1766.332698859882,True,True,,True,True,True,True,
460,2048,1.0143779749050736,0.10081740310415625,0.6145817849785089,0.3854182150214911,12,4,0.3333333333333333,1.6491436173208056,0.48802278432995083,100.0,89.24368451973265,0.9618426231145223,0.25027608043008204,1150.351469041668,1159.133852475268,True,True,,True,True,True,True,
461,2048,1.13492645137012,0.1772883905097842,0.5405249908566474,0.4594750091433526,14,5,0.35714285714285715,2.6467244728468358,0.5021580504253507,100.0,95.2302959132287,0.9812833733051721,0.10355810960752959,1524.9037403186553,1539.9018194107975,True,True,,True,True,True,True,
462,2048,1.6765782060101628,0.13017735136672853,0.3065412253141403,0.6934587746858597,27,18,0.6666666666666666,4.1305798050016165,0.4701572429388762,100.0,117.35789389269007,0.5777676422048341,0.0008837289173151976,2380.7638910467845,2389.732238489318,True,True,,True,True,True,True,
463,2048,1.9719527997076511,0.2923151842318475,0.6521581351757049,0.34784186482429513,20,12,0.6,3.109189124498516,0.5773585874587297,100.0,112.65408842628636,0.9996787474021851,0.39776419117579465,1406.579516372562,1412.483165613538,True,True,,True,True,True,True,
464,2048,1.4665426379069686,0.001380903460085392,0.4947371825575828,0.5052628174424172,21,10,0.47619047619047616,1.2962668301537632,0.44378312621265653,100.0,105.92854285365598,0.8798273902208256,0.012091629896107323,1079.0870756149511,1095.4332159606395,True,True,,True,True,True,True,
465,2048,1.4916112972423434,0.2840284058824181,0.5992385368794202,0.4007614631205798,11,7,0.6363636363636364,4.285988260991871,0.45191418305039405,100.0,103.45477749467005,0.9899649522073494,0.1253449892221999,2392.712447808197,2406.807037186745,True,True,,True,True,True,True,
466,2048,1.9468467459082603,0.011729692574590445,0.3535344686359167,0.6464655313640832,29,10,0.3448275862068966,2.798903375957161,0.5199134251102805,100.0,121.61061853517987,0.7363517444269604,4.291273318545995e-05,1549.96512666219,1563.4755809066419,True,True,,True,True,True,True,
467,2048,1.6543169477954507,0.1832838381640613,0.6110181447118521,0.3889818552881479,17,7,0.4117647058823529,1.3453027110546827,0.42789544593542816,100.0,107.01881903732033,0.9636607640713479,0.1395327784915249,1107.376966041595,1120.0973737372017,True,True,,True,True,True,True,
468,2048,1.1572246719151735,0.11745485197752714,0.4418769311159849,0.5581230688840151,23,13,0.5652173913043478,3.1614403962157667,0.5943199381232261,100.0,98.9080173443786,0.9998009967118255,0.061047153422031784,1410.9529278146113,1428.5781719717306,True,True,,True,True,True,True,
469,2048,1.0355708645656705,0.19389381101354955,0.31635487005114554,0.6836451299488544,22,12,0.5454545454545454,3.8138602291233834,0.40845539346337323,100.0,99.12002878359874,0.5346634392291393,0.0001902152641700806,2574.698160907342,2582.3018455597226,True,True,,True,True,True,True,
470,2048,1.5259645339101553,0.10916833151131868,0.5370590038597584,0.46294099614024165,18,9,0.5,2.35578604247421,0.5639547308906913,100.0,106.13110796742268,0.9948990918143031,0.18305954725723744,1205.5915978897194,1217.8983430222822,True,True,,True,True,True,True,
471,2048,1.8251991411671042,0.2382418742403388,0.47964857593178745,0.5203514240682126,26,10,0.38461538461538464,1.804546024929732,0.4836588276550174,100.0,114.80405318729277,0.9274068757505115,0.001643767571968981,1196.4466136449912,1215.3117425940743,True,True,,True,True,True,True,
472,2048,1.3632650785148144,0.05983963636681437,0.6737897120416164,0.3262102879583836,14,10,0.7142857142857143,3.643248874694109,0.537583415210247,100.0,98.07809913530537,0.9995690459176912,0.39356213882781543,1778.7260651909362,1784.5402690612866,True,True,,True,True,True,True,
473,2048,1.2641344768926501,0.1517935574054718,0.4596437059342861,0.5403562940657138,19,6,0.3157894736842105,3.018406977597624,0.41895974781364204,100.0,101.53672866643325,0.7909686554875557,0.00014273702165704534,2019.6036586114108,2033.7056092898476,True,True,,True,True,True,True,
474,2048,1.7973767295479774,0.142801081482321,0.6936290241777896,0.3063709758222104,21,13,0.6190476190476191,1.5930094907060264,0.5525718279182911,100.0,107.88185902003676,0.9977209252179736,0.447400172355185,945.7455832800122,950.5056015170452,True,True,,True,True,True,True,
475,2048,1.6006658682599664,0.2809560944326222,0.3478640981018543,0.6521359018981456,13,7,0.5384615384615384,2.555942276772112,0.49493179470300674,100.0,114.08624570932398,0.6747784629496019,0.014254789360485487,1558.8648680437161,1569.946555524595,True,True,,True,True,True,True,
476,2048,1.0878227669745684,0.027993890270590783,0.5052865616977215,0.49471343830227854,27,12,0.4444444444444444,4.427322416380048,0.5269936366006732,100.0,94.77400076375898,0.9999422897933902,0.061322541077398075,2152.335766185222,2169.9583266787486,True,True,,True,True,True,True,
477,2048,1.2162972586229444,0.25157553115859627,0.6310100387781858,0.36898996122181416,28,13,0.4642857142857143,3.3744874460622665,0.46319940593093634,100.0,95.1357033551916,0.9999517440063158,0.2034196783813931,1957.3526290427892,1968.5008295975813,True,True,,True,True,True,True,
478,2048,1.72219761274755,0.05500980243086815,0.422024654969573,0.577975345030427,12,7,0.5833333333333334,1.971655332762748,0.5093113906681538,100.0,114.40248752652286,0.8018415547005614,0.05609659003187824,1236.5467009905458,1249.3239163537737,True,True,,True,True,True,True,
479,2048,1.925845026038587,0.2163094986230135,0.5677163328975439,0.43228366710245614,24,16,0.6666666666666666,2.1869519010186194,0.4383875444531441,100.0,114.191393920174,0.992176704419427,0.023951116145903565,1454.2312469229573,1473.241115306418,True,True,,True,True,True,True,
480,2048,1.3856600187718868,0.075920529384166,0.38529394678771495,0.614706053212285,16,6,0.375,4.087342554610222,0.5829492909833789,100.0,107.32913830511194,0.9195428701426721,0.0030993668256629457,1785.0431849123395,1803.6683956289216,True,True,,True,True,True,True,
481,2048,1.3915638094767928,0.25738257793709635,0.4302438173443079,0.5697561826556921,14,8,0.5714285714285714,4.480295870359987,0.4300674382597208,100.0,106.00732479686127,0.7507517305163991,0.005501912152127295,2704.1423867876742,2717.118709997518,True,True,,True,True,True,True,
482,2048,1.9199708737432957,0.04218072798103094,0.6228213805705309,0.37717861942946906,26,13,0.5,2.6060938227921726,0.598005604185164,100.0,112.44365065218449,0.9995856604751574,0.3695511083498012,1176.1727559544909,1182.6864409663738,True,True,,True,True,True,True,
483,2048,1.7437578858807683,0.2128146456554532,0.3684886503964662,0.6315113496035338,18,6,0.3333333333333333,1.5396355711854994,0.4560410173609853,100.0,116.70379974556818,0.6756564828997408,0.002104039948812017,1192.548909051943,1203.952264881882,True,True,,True,True,True,True,
484,2048,1.1947075258940458,0.09114306857809425,0.5845033053308726,0.4154966946691274,22,15,0.6818181818181818,2.9686558971181514,0.5224289324134588,100.0,95.79022195763724,0.9999664491785459,0.2047141345997996,1581.3303164008403,1592.6923158304944,True,True,,True,True,True,True,
485,2048,1.0663541788235307,0.16468665730208157,0.6604464694857597,0.3395535305142403,23,14,0.6086956521739131,4.03396213799715,0.486614740267396,100.0,89.73702036282606,0.999990591007256,0.30222285459915044,2164.223858284334,2173.1127608444713,True,True,,True,True,True,True,
486,2048,1.6221031490713358,0.1369115556590259,0.49286897182464595,0.507131028175354,17,6,0.35294117647058826,2.1372073176316917,0.5420530015602708,100.0,109.80586454554361,0.9656580842544701,0.09342862043839108,1186.6498518052802,1202.1633771194242,True,True,,True,True,True,True,
487,2048,1.7916256366297603,0.26565109407529236,0.5470796376466751,0.4529203623533249,29,12,0.41379310344827586,2.0246226830407976,0.4117983074858785,100.0,111.97842072910908,0.9299876054394169,0.00015178520447024102,1470.9188483549947,1488.8531110743195,True,True,,True,True,True,True,
488,2048,1.2699171751737595,0.03155275080353021,0.3060649052262306,0.6939350947737695,11,6,0.5454545454545454,3.424645095784217,0.5656863179057836,100.0,106.83165797224115,0.682570356765508,0.01699786003578733,1688.6446391609254,1699.8499748031136,True,True,,True,True,True,True,
489,2048,1.353422841988504,0.1974387955851853,0.5171149745583534,0.4828850254416466,16,7,0.4375,3.211598138138652,0.49710684064775706,100.0,102.26705437300365,0.9927807158082795,0.035893295080267944,1757.882432044994,1776.6767316837213,True,True,,True,True,True,True,
490,2048,1.835073221474886,0.09393185265362262,0.33625616133213043,0.6637438386678696,24,14,0.5833333333333334,1.3982699691317975,0.5306823525577784,100.0,119.85487945848621,0.6979476229946425,0.01638907550843451,965.5369486736198,977.2447814127465,True,True,,True,True,True,True,
491,2048,1.5005268724635243,0.23233875855803487,0.6788701415061951,0.32112985849380493,12,8,0.6666666666666666,2.7491586880758403,0.42308353148400785,100.0,101.46148002768695,0.9952839345913783,0.24740326432908402,1783.6702827312972,1793.0999482028697,True,True,,True,True,True,True,
492,2048,1.0609774570912123,0.07280154386535287,0.47457423657178877,0.5254257634282112,28,11,0.39285714285714285,4.232607948873192,0.5550842823460698,100.0,94.82258387096067,0.9998481191627688,0.05353560345597415,1954.3933958539715,1972.456358763755,True,True,,True,True,True,True,
493,2048,1.1825101161375642,0.2992007341235876,0.3984418634325266,0.6015581365674734,27,8,0.2962962962962963,3.5934980954043567,0.44134040717035533,100.0,101.07943641771686,0.7132205534895217,1.5769001181240163e-06,2254.041725778554,2265.310482381569,True,True,,True,True,True,True,
494,2048,1.629002282395959,0.008267026115208864,0.5543006110936404,0.44569938890635963,13,8,0.6153846153846154,1.7511718042194842,0.587415823712945,100.0,108.09143328040284,0.9731585441749275,0.26010732476225645,935.8502055637731,944.9121908857649,True,True,,True,True,True,True,
495,2048,1.9565977780148387,0.17040426665917038,0.4118086952716112,0.5881913047283889,21,11,0.5238095238095238,2.4059372995980084,0.46654537282884123,100.0,119.79796203967487,0.7691633765387945,0.0032053345819622685,1536.0125257017605,1550.0520712972732,True,True,,True,True,True,True,
496,2048,1.4818901419639587,0.12329379916191101,0.6411046776920557,0.3588953223079443,19,8,0.42105263157894735,3.8668339719995855,0.5110460283234716,100.0,102.03218496380333,0.9988663550876968,0.29880842152625336,1962.287993874423,1970.6474801680781,True,True,,True,True,True,True,
497,2048,1.4449509046971798,0.18079224228858948,0.3397222451865673,0.6602777548134326,30,20,0.6666666666666666,1.7021117543801665,0.5909010827541351,100.0,110.46176750450843,0.7973113991657171,0.02290852698256959,948.0740508356431,962.0910568270933,True,True,,True,True,True,True,
498,2048,1.9935148945078254,0.1149638288654387,0.5073012359440326,0.49269876405596735,10,4,0.4,3.5412206877954304,0.4369764564558864,100.0,117.42864629618867,0.8742378604262374,0.03452949431359671,2121.303984716907,2136.5245871272746,True,True,,True,True,True,True,
499,2048,1.6707020606845617,0.2865174223668873,0.45294256582856174,0.5470574341714383,23,11,0.4782608695652174,3.711451258510351,0.516887060366571,100.0,112.21085202628547,0.9367693112971068,0.0007328475417270235,1887.6305857488785,1907.0152991307716,True,True,,True,True,True,True,
500,2048,1.1408320562914014,0.014219280704855917,0.6939588449895382,0.3060411550104618,16,9,0.5625,2.253782958816737,0.4613877676427364,100.0,91.20494328676557,0.9986478905137451,0.3382728608247714,1466.1603956540787,1473.0620877544488,True,True,,True,True,True,True,
501,2048,1.0201624352484941,0.24073289791122077,0.5696822803467512,0.43031771965324883,18,10,0.5555555555555556,1.2428936974145472,0.5476436972618103,100.0,90.67816383005106,0.9734600265876081,0.23616054184372798,858.2173173137409,867.796645302012,True,True,,True,True,True,True,
502,2048,1.5413807043805718,0.06233123168349266,0.3771031644195318,0.6228968355804683,21,9,0.42857142857142855,3.0594372572377324,0.48121916633099315,100.0,111.62791314617425,0.7265108945397923,0.00042306030753030814,1818.950894889845,1831.9739549305577,True,True,,True,True,True,True,
503,2048,1.872836209833622,0.19140422232449053,0.6313885983079672,0.36861140169203277,14,5,0.35714285714285715,4.183554045762866,0.5728396629914642,100.0,111.22195877041969,0.990700910963642,0.36345336740152945,1802.8988846786372,1809.4704180800939,True,True,,True,True,True,True,
504,2048,1.3156204922124743,0.10667931558564304,0.41537243239581584,0.5846275676041841,25,15,0.6,2.6968752320855858,0.40484046563506126,100.0,104.41222258670138,0.6974067161649338,0.000755272121401456,1925.7189656340888,1937.200104284675,True,True,,True,True,True,True,
505,2048,1.311220210045576,0.2737774321809411,0.6011912357062101,0.39880876429378986,20,8,0.4,2.083312336821109,0.5362730054184794,100.0,98.66124920579182,0.9939641946071757,0.26155251581015027,1188.5036860641928,1197.8558364558658,True,True,,True,True,True,True,
506,2048,1.7502832552418113,0.02081465637311339,0.44533099494874473,0.5546690050512553,19,13,0.6842105263157895,3.9832971034571525,0.49171130955219267,100.0,114.26759946457366,0.8646407802998475,0.011877138633716838,2123.037440533361,2139.5602887285995,True,True,,True,True,True,True,
507,2048,1.5858047362416983,0.1589702214114368,0.5879709150642156,0.4120290849357844,26,16,0.6153846153846154,3.2708730834536253,0.5622376792132855,100.0,106.07886834902354,0.9999777627335907,0.2671792660514092,1535.1710031989026,1544.600902917853,True,True,,True,True,True,True,
508,2048,1.1026914166286588,0.14997717272490263,0.3586733859032392,0.6413266140967608,13,6,0.46153846153846156,1.8676348865032195,0.4161256378516555,100.0,99.89641063486118,0.6102385718124413,0.0056974467635035496,1496.1988887402506,1505.4424026346494,True,True,,True,True,True,True,
509,2048,1.232134835794568,0.22348873307928444,0.4831513665616512,0.5168486334383489,11,5,0.45454545454545453,2.4523279571905734,0.5803112594410778,100.0,99.87872945409458,0.9580169486693544,0.13972165113293464,1217.5946654385216,1230.564137203459,True,True,,True,True,True,True,
510,2048,1.706352279521525,0.08309919107705355,0.6640117324888706,0.3359882675111294,28,14,0.5,4.32330202544108,0.44824946820735934,100.0,106.70455432892066,0.9999808138785303,0.25046618951927935,2400.931023437736,2410.672135514299,True,True,,True,True,True,True,
511,2048,1.8797357305884361,0.2443994393572211,0.32144504860043527,0.6785549513995648,15,9,0.6,2.9147673580795526,0.5055042080581188,100.0,121.3468634679482,0.6374747088552823,0.012298159456258182,1671.168326380829,1681.3679560975268,True,True,,True,True,True,True,
512,2048,1.431776816956699,0.0478331389836967,0.5257424645125865,0.47425753548741345,25,8,0.32,1.4889639965258539,0.4718920713290572,100.0,104.08750278809123,0.9617341877375044,0.03781673568818391,1094.6009674662141,1112.2373757439243,True,True,,True,True,True,True,
513,2048,1.4335709987208247,0.22268314640969036,0.32563995495438575,0.6743600450456142,20,8,0.4,2.2541095683351156,0.49273731391876935,100.0,110.65756231737106,0.6412841850561627,0.0006913744548083834,1448.4444576427607,1459.1797269928243,True,True,,True,True,True,True,
514,2048,1.8798858374357224,0.08244066936895252,0.5213436625897884,0.47865633741021163,20,13,0.65,3.709310331288725,0.5357244461774826,100.0,114.65498578009027,0.9997576514262615,0.1067233577545124,1776.3620674024362,1792.297182671778,True,True,,True,True,True,True,
515,2048,1.7056569093838334,0.24403332537040112,0.46390882059931754,0.5360911794006824,27,16,0.5925925925925926,3.544771723821759,0.4183222226798535,100.0,112.66006624471794,0.7971787586861132,0.0005034127542521969,2244.866838322584,2259.2216578908397,True,True,,True,True,True,True,
516,2048,1.2308863941580057,0.04732112232595682,0.6830503828823566,0.31694961711764336,14,7,0.5,1.6967495477758348,0.5597590094432234,100.0,94.16392580813499,0.9906324706326644,0.44114246115699063,990.9602710682589,995.5345843757602,True,True,,True,True,True,True,
517,2048,1.1025325478985906,0.2732651042751968,0.5587673362344503,0.4412326637655497,12,5,0.4166666666666667,2.700426470953971,0.4485038427636027,100.0,93.68568244732882,0.9728522061962687,0.049573705116809336,1719.7238863174016,1736.5317341282525,True,True,,True,True,True,True,
518,2048,1.584001673385501,0.020449376665055752,0.38806369416415687,0.6119363058358431,29,15,0.5172413793103449,4.178191636316478,0.5789908796548844,100.0,112.30107184478055,0.9213665947239819,0.0002674490280871771,1819.2794060605165,1838.2071813999107,True,True,,True,True,True,True,
519,2048,1.7515410548076034,0.15831142980605364,0.6454252999275922,0.35457470007240777,15,10,0.6666666666666666,3.0597644629888237,0.4748604767024517,100.0,108.22616335676281,0.9988185301649778,0.254611217855316,1740.324911017145,1750.0918081406498,True,True,,True,True,True,True,
520,2048,1.3119248189032078,0.14917245944961904,0.40128366015851497,0.598716339841485,25,8,0.32,1.2407521739602088,0.5037971680983901,100.0,104.7701842913238,0.8068542198532627,0.001832646232362884,957.3225231253957,972.6346343052377,True,True,,True,True,True,True,
521,2048,1.3153524128720164,0.24124539904296396,0.6152824904769658,0.3847175095230342,30,21,0.7,1.86630080351606,0.4347768545150757,100.0,98.38033812276689,0.9999756714070779,0.11516988978535045,1344.689739178282,1359.1250920280484,True,True,,True,True,True,True,
522,2048,1.8711604475975037,0.06269668685272335,0.4312975328415632,0.5687024671584369,10,4,0.4,3.2736186521127815,0.5934010563418268,100.0,117.36136116323661,0.9137002176319262,0.10075263713774964,1437.1628177592497,1450.9201823056692,True,True,,True,True,True,True,
523,2048,1.5425035739317536,0.19206318939104675,0.5770136248320341,0.4229863751679659,24,12,0.5,3.978738593962043,0.4603647803887725,100.0,105.35365100805626,0.9998911251972891,0.08132407819055883,2209.772635647912,2226.224380027738,True,True,,True,True,True,True,
524,2048,1.0209838841110468,0.10748420208692551,0.369590812548995,0.6304091874510049,17,10,0.5882352941176471,2.0892791848629715,0.517414315789938,100.0,96.81318571740303,0.7539268679978343,0.011126354527951387,1311.4985743946997,1324.8688439328887,True,True,,True,True,True,True,
525,2048,1.1425170572474599,0.18159744115546345,0.4940630681812763,0.5059369318187237,19,10,0.5263157894736842,1.4844060709699987,0.4782294571399689,100.0,96.84248292284843,0.9249324268662616,0.023970172485110228,1100.9269258331044,1118.1507828216365,True,True,,True,True,True,True,
526,2048,1.6709794979542494,0.11562196053564548,0.6530479602515697,0.34695203974843025,22,9,0.4090909090909091,2.9207336221821603,0.5493537543341518,100.0,106.2111646985939,0.9985599369580895,0.36961741690798894,1446.6249792425808,1453.1331485663304,True,True,,True,True,True,True,
527,2048,1.9926845645532012,0.2868831463158131,0.30740510448813435,0.6925948955118657,15,5,0.3333333333333333,4.321968133002519,0.4046073948964477,100.0,124.21248127744616,0.5160086038739177,0.0004385774153833524,2761.291579403846,2768.370744507118,True,True,,True,True,True,True,
528,2048,1.443819273263216,0.014730909559875726,0.5398279942572116,0.4601720057427884,26,16,0.6153846153846154,2.455073335301131,0.5741570256650448,100.0,103.97705171228955,0.9999002031717683,0.1986011512065001,1214.8204930498725,1226.5631574097304,True,True,,True,True,True,True,
529,2048,1.481129266321659,0.2998597771860659,0.4412104535847902,0.5587895464152097,16,7,0.4375,2.969989002775401,0.5285709584131837,100.0,107.99016711007619,0.9275295749081152,0.007476766823913868,1566.178519755326,1584.882589823657,True,True,,True,True,True,True,
530,2048,1.95541341137141,0.009071988612413406,0.6119125369936227,0.3880874630063773,24,14,0.5833333333333334,1.5368909798562527,0.499695298448205,100.0,113.48244226926982,0.9932531157888267,0.2301083007522303,1029.9565153478366,1040.6414248202059,True,True,,True,True,True,True,
531,2048,1.6306174714118242,0.17091684378683566,0.35440597869455814,0.6455940213054419,12,8,0.6666666666666666,2.6106509615667166,0.5541682656854391,100.0,114.57514475489631,0.7338530776759361,0.049138971958467406,1384.1565964518516,1395.4337252684622,True,True,,True,True,True,True,
532,2048,1.182839692570269,0.12365933032706379,0.5985461134463548,0.4014538865536452,28,11,0.39285714285714285,4.47433039303869,0.4237178446725011,100.0,95.04138284722524,0.9999205753425175,0.052653511036399356,2633.545662859276,2650.5596948226885,True,True,,True,True,True,True,
533,2048,1.0621696319431067,0.1978045865893364,0.6744827896356582,0.3255172103643418,27,9,0.3333333333333333,3.4292028184980152,0.5845327997580171,100.0,89.23402611054172,0.9995297096682693,0.44344985147289206,1544.8408775246446,1549.3767080428302,True,True,,True,True,True,True,
534,2048,1.5012956755235791,0.0944435485638678,0.47878058105707166,0.5212194189429283,13,8,0.6153846153846154,2.0186566217802464,0.4431570444256067,100.0,107.30549992549214,0.8261257872946401,0.04232996765992688,1431.6164310745587,1445.1208067831067,True,True,,True,True,True,True,
535,2048,1.8347352407872677,0.23314402448013424,0.5361650750041007,0.4638349249958993,21,11,0.5238095238095238,2.13854061383754,0.5109018322080374,100.0,113.24095271367742,0.9953774970451277,0.09655938808551816,1250.3109870543663,1266.5081638803588,True,True,,True,True,True,True,
536,2048,1.3517993679270148,0.07345974259078503,0.31702505350112914,0.6829749464988708,19,8,0.42105263157894735,4.0312173561193045,0.4679513158276677,100.0,108.758322408884,0.5956700628688276,0.00021317139336831867,2369.8879496421077,2379.3416250911023,True,True,,True,True,True,True,
537,2048,1.2712271437048912,0.16432061037048698,0.5061573028564452,0.4938426971435548,14,8,0.5714285714285714,4.232281529903411,0.5989430192857981,100.0,100.3094162588643,0.9979687316091529,0.17683610574475636,1745.7382215072564,1758.0702839672108,True,True,,True,True,True,True,
538,2048,1.7922604633495212,0.13639960605651139,0.34717396944761275,0.6528260305523872,26,13,0.5,2.7512994247488676,0.42943001333624126,100.0,118.5305245831538,0.608323583247404,0.0001931792330547375,1860.0543278627183,1869.572351678987,True,True,,True,True,True,True,
539,2048,1.6218915153294802,0.26484557446092366,0.6929617777466773,0.30703822225332267,18,7,0.3888888888888889,1.3947195170447229,0.5245189281180501,100.0,103.98671409057567,0.9817664421123615,0.43115807150481916,937.333502539141,942.1499662841318,True,True,,True,True,True,True,
540,2048,1.0646205404773355,0.030894296150654553,0.46054039299488064,0.5394596070051194,22,15,0.6818181818181818,3.2169597608037295,0.45345567129552367,100.0,95.37259545105343,0.8386234437019137,0.004829993130067936,1995.7311757723487,2011.2630495685708,True,True,,True,True,True,True,
541,2048,1.1940644141286612,0.2567238623276353,0.38440230078995224,0.6155976992100478,23,14,0.6086956521739131,3.8632837227545673,0.5422003094106913,100.0,101.8929659311695,0.8375848159016072,0.001777278726598242,1916.8331264598828,1933.1176920465757,True,True,,True,True,True,True,
542,2048,1.7424395130947232,0.041376090701669456,0.5683857593685389,0.43161424063146114,17,6,0.35294117647058826,2.411298719421029,0.4851873988285661,100.0,110.25728876893669,0.9834354122987883,0.1279797886911746,1438.7928711350198,1453.0576516125013,True,True,,True,True,True,True,
543,2048,1.921712439507246,0.21230239374563098,0.4227200154215097,0.5772799845784903,29,12,0.41379310344827586,1.7508459814824162,0.5685662301257253,100.0,118.70974367116565,0.9265447376222762,0.04040719782917052,977.4398594895567,994.5417910213166,True,True,,True,True,True,True,
544,2048,1.391783251427114,0.0907778648659587,0.6301412869244813,0.36985871307551865,11,6,0.5454545454545454,3.595638235844672,0.41000306867063047,100.0,100.02424342273508,0.9880914351434823,0.11503395788539446,2249.1368899147533,2263.002137786068,True,True,,True,True,True,True,
545,2048,1.3859398253262043,0.25091730169951915,0.585204791650176,0.414795208349824,19,6,0.3157894736842105,3.163580339960754,0.5504803111776709,100.0,101.13780648816555,0.9927130034006937,0.25243862021743224,1551.3484225310908,1561.0185719136134,True,True,,True,True,True,True,
546,2048,1.9275247668847442,0.05420452700927853,0.3676260065287351,0.6323739934712649,21,14,0.6666666666666666,1.3449739378876984,0.42154356315732006,100.0,120.7144056468328,0.6230840517433703,0.017078272137764375,1171.1079027330275,1180.3086693803625,True,True,,True,True,True,True,
547,2048,1.7210636120289564,0.2157977350987494,0.6219358544796705,0.3780641455203295,13,7,0.5384615384615384,2.8042673528194424,0.5260577395558357,100.0,108.21872943602193,0.9935225976122743,0.2871617496722162,1475.1164282783482,1483.8664809280572,True,True,,True,True,True,True,
548,2048,1.2154721887782216,0.07555468529462814,0.4309193577617407,0.5690806422382593,27,12,0.4444444444444444,4.282438601832837,0.4955707533285022,100.0,101.02151850190307,0.8542357662193963,2.94227425973503e-05,2285.3285641239963,2302.005524466957,True,True,,True,True,True,True,
549,2048,1.0861494038254023,0.15142802568152547,0.30539157167077063,0.6946084283292293,28,13,0.4642857142857143,3.6486126610077916,0.5064360609278082,100.0,101.19367695665727,0.6187257963306122,2.184785844107721e-05,2049.7602146425943,2059.972929091493,True,True,,True,True,True,True,
550,2048,1.6003925586119294,0.14228848256170748,0.5479702316224575,0.4520297683775425,12,7,0.5833333333333334,1.8009965563192964,0.4649992175400257,100.0,107.6059083487819,0.9320115204596144,0.10611750482297058,1247.1733258068455,1260.860529993975,True,True,,True,True,True,True,
551,2048,1.7981957793235779,0.2801510877907276,0.4937336318194866,0.5062663681805134,24,16,0.6666666666666666,2.3579254022799434,0.58279739767313,100.0,113.7716328069015,0.9995402937651754,0.1316428687094303,1141.5136785027446,1156.1818927920303,True,True,,True,True,True,True,
552,2048,1.265262576751411,0.027334788534790277,0.6597502417862415,0.34024975821375847,16,6,0.375,3.8135320398956534,0.43981031607836485,100.0,95.76535931011063,0.996998012812267,0.2301950216987754,2244.3119253163995,2254.324947831332,True,True,,True,True,True,True,
553,2048,1.3614596165716648,0.19425895493477582,0.47368641570210457,0.5263135842978954,11,7,0.6363636363636364,4.424578617978841,0.5208340264856816,100.0,103.81650776834351,0.9394282801939753,0.04521582410656154,2180.529390222749,2197.4947795543576,True,True,,True,True,True,True,
554,2048,1.825045502744615,0.10968054039403796,0.6795464508235454,0.32045354917645463,29,10,0.3448275862068966,2.557277736626565,0.451284440420568,100.0,108.85924005881475,0.9988719195631242,0.29127518106140804,1589.20142803073,1597.7307861829659,True,True,,True,True,True,True,
555,2048,1.5266715418547392,0.23904649084433913,0.3369553528726101,0.6630446471273899,17,7,0.4117647058823529,1.5870416591875254,0.5964267505332828,100.0,112.64981534193947,0.7846111869435004,0.03404825404576345,894.3774575566275,907.5074729944843,True,True,,True,True,True,True,
556,2048,1.0368234338238835,0.06049835029989481,0.5162530995905399,0.4837469004094601,23,12,0.5217391304347826,3.022963323444128,0.4253024145960808,100.0,92.77319889617797,0.8979634705526631,0.00044014431445592983,1983.445371153796,2000.3548760929834,True,True,,True,True,True,True,
557,2048,1.15737240947783,0.2846868085674941,0.641970094665885,0.35802990533411505,22,13,0.5909090909090909,4.081374126859009,0.5640974082052708,100.0,93.08203663171577,0.9999744006762504,0.36532464324386077,1851.12825087911,1857.5027427269933,True,True,,True,True,True,True,
558,2048,1.656116389669478,0.012535143457353114,0.4111101847141981,0.588889815285802,18,9,0.5,2.191508843097836,0.4070479175075889,100.0,113.24435991442789,0.6914399323342646,0.002750944245954992,1635.4422361846916,1646.7539497650728,True,True,,True,True,True,True,
559,2048,1.9456006735563278,0.18379577714949846,0.5536280345171689,0.4463719654828311,26,9,0.34615384615384615,1.9689113315194844,0.5404679609462619,100.0,115.02235500096464,0.9876702244235396,0.18457101508028542,1108.816621281367,1121.1342904645783,True,True,,True,True,True,True,
560,2048,1.4909106669947505,0.11782086929306387,0.3993301745504141,0.6006698254495859,14,10,0.7142857142857143,3.3758231087587776,0.48184372037649154,100.0,109.61233770480953,0.7430866079859854,0.029668051451709105,1957.4505514909515,1969.6329157889725,True,True,,True,True,True,True,
561,2048,1.4652285715565085,0.1780930741690099,0.6948288410902023,0.30517115890979774,25,11,0.44,2.0359050809405743,0.4146344589069486,100.0,100.15349345536816,0.9990383300717648,0.26535156407424454,1466.3333143924438,1475.1839547128777,True,True,,True,True,True,True,
562,2048,1.9713063649833202,0.13083613235503436,0.4522516801953316,0.5477483198046684,15,8,0.5333333333333333,3.9289876978844402,0.5575849186629057,100.0,118.75144450038044,0.9821651244387922,0.03177356839676358,1772.8123003704245,1792.0717486905057,True,True,,True,True,True,True,
563,2048,1.676793341524899,0.29268039520829914,0.5066332444548607,0.4933667555451393,28,18,0.6428571428571429,3.326592290494591,0.4902239043265581,100.0,110.65139331214465,0.9912015843773244,0.002746480296500641,1808.3166335211897,1829.0281482779344,True,True,,True,True,True,True,
564,2048,1.1366713400930166,0.0018931793980300426,0.3406181752681732,0.6593818247318268,11,3,0.2727272727272727,1.916452165134251,0.5315997103229165,100.0,101.59487097298666,0.7108199436967736,0.014430050645144727,1202.7995388875195,1214.8946418565083,True,True,,True,True,True,True,
565,2048,1.0150170782580972,0.22596722189337015,0.41448004133999344,0.5855199586600066,13,5,0.38461538461538464,2.508040476590395,0.4703948961570859,100.0,95.1483359133818,0.77863668955701,0.004488027877660276,1628.6119202106402,1642.6960606336925,True,True,,True,True,True,True,
566,2048,1.5484404731541872,0.06628351276740431,0.6320572677999734,0.3679427322000266,26,17,0.6538461538461539,4.372125991713255,0.5008452605456114,100.0,103.92250145134608,0.9999973824849648,0.2653589569369032,2204.1936564194566,2214.1559837825257,True,True,,True,True,True,True,
567,2048,1.8496592594310641,0.2049833963625133,0.37779777981340884,0.6222022201865911,19,11,0.5789473684210527,2.867353414557874,0.44676824994385245,100.0,118.71280468507842,0.6797103720046571,0.003941039095447821,1838.9685499175048,1850.337279886724,True,True,,True,True,True,True,
568,2048,1.3368828520178795,0.10162292998284102,0.5688127715140581,0.43118722848594193,20,9,0.45,1.4346612785942852,0.5756439605727792,100.0,100.29045277367351,0.9766938989715027,0.26812934074799083,861.0286351734192,869.7960737016832,True,True,,True,True,True,True,
569,2048,1.2865804424509406,0.26733502456918357,0.35800767727196214,0.6419923227280379,25,14,0.56,1.6470050442963837,0.4566800694912672,100.0,105.50225715040136,0.6576248809851196,0.0015486293084711901,1267.056658454329,1277.9899610889063,True,True,,True,True,True,True,
570,2048,1.7769149206578732,0.033383173495531084,0.5888660881668328,0.41113391183316716,14,6,0.42857142857142855,3.49139122730121,0.5152432756498456,100.0,110.41012688106929,0.9921349174537304,0.2094584832541128,1778.2426447465168,1789.6038335928256,True,True,,True,True,True,True,
571,2048,1.5743137495592237,0.1618297342211008,0.4462032739073038,0.5537967260926961,21,7,0.3333333333333333,3.7594678888097404,0.4322603950276971,100.0,110.14451510182658,0.7858750285097923,7.285972222535893e-05,2310.0402579908564,2324.267691361202,True,True,,True,True,True,True,
572,2048,1.1121908035129309,0.13390815826132893,0.6004995930939913,0.39950040690600874,18,11,0.6111111111111112,2.3070770108141003,0.5892732668668031,100.0,92.81765960355,0.9992183758652345,0.3225906687754045,1137.7078057026877,1145.1101655340426,True,True,,True,True,True,True,
573,2048,1.240665734745562,0.2098135158419609,0.526436311006546,0.473563688993454,17,12,0.7058823529411765,1.2909036400727927,0.40013876371085644,100.0,98.8224044284118,0.8353627931035471,0.06331508084108652,1181.1731628312918,1193.3745672693171,True,True,,True,True,True,True,
574,2048,1.6958459336310625,0.08828841531649231,0.320577834546566,0.679422165453434,23,8,0.34782608695652173,3.1127379968762394,0.5712020652368665,100.0,117.29898337148768,0.7472234580679863,0.000298619870060758,1509.7372094840755,1523.5001427889783,True,True,,True,True,True,True,
575,2048,1.9053827030584216,0.2592153106816113,0.6631185725331306,0.33688142746686944,10,5,0.5,4.12844064803794,0.4764969179406762,100.0,110.99417284682988,0.9891099357968531,0.30496784813766176,2184.320117979637,2192.418628224941,True,True,,True,True,True,True,
576,2048,1.4081054702401161,0.043866966292262076,0.4838223308324814,0.5161776691675186,30,17,0.5666666666666667,2.6470524592325093,0.5460098851472139,100.0,104.7491993512457,0.9999500514471503,0.054680509548691324,1369.0264841736905,1387.2880090494796,True,True,,True,True,True,True,
577,2048,1.4191968301311135,0.277121486607939,0.6534778375178575,0.3465221624821425,15,10,0.6666666666666666,1.4613201493397354,0.5123009925708175,100.0,100.09640706330805,0.9899429693559846,0.3331714781414337,994.2290084475507,1001.4180017112741,True,True,,True,True,True,True,
578,2048,1.8942687083035707,0.023613962531089782,0.49996272660791874,0.5000372733920813,25,8,0.32,2.942308948282152,0.46616454645991323,100.0,115.62594508219257,0.936465055667474,0.00010916802536472983,1731.5431929892434,1750.5927663684797,True,True,,True,True,True,True,
579,2048,1.6915755225345492,0.15264630876481533,0.5417466286569833,0.4582533713430167,18,8,0.4444444444444444,4.29888218678534,0.586307343840599,100.0,109.91354094965544,0.998143167225465,0.21971821889057438,1793.5998400613644,1804.6108915250015,True,True,,True,True,True,True,
580,2048,1.2449593171477318,0.14310851292684673,0.3116695214062929,0.6883304785937071,22,11,0.5,2.4766486368142067,0.4417700616642833,100.0,105.90352025875279,0.5580153399848123,0.000381995581256082,1733.4611255298587,1741.8287903895125,True,True,,True,True,True,True,
581,2048,1.123312666080892,0.2195082776248455,0.4371911525726318,0.5628088474273683,23,13,0.5652173913043478,1.8432152998633682,0.5555644815787673,100.0,97.99560085147073,0.9565016686730231,0.021750289664908554,1067.4050100220645,1086.0236534898022,True,True,,True,True,True,True,
582,2048,1.5632302574813366,0.07857400635257362,0.6157061979174614,0.3842938020825386,16,7,0.4375,3.2951936094090337,0.42192794010043144,100.0,104.7411711277714,0.9963786813925344,0.09414752009740802,2042.1059288217084,2057.367906744157,True,True,,True,True,True,True,
583,2048,1.7726139472797513,0.2500869554467499,0.37384904772043226,0.6261509522795677,29,11,0.3793103448275862,3.9556530165486032,0.5303486377000809,100.0,117.16440715034048,0.7959935528990141,2.064229072279287e-05,1971.9747656237237,1987.2363429507545,True,True,,True,True,True,True,
584,2048,1.2908434625715017,0.05297592468559742,0.5789262324571609,0.4210737675428391,10,7,0.7,2.1108540683984756,0.4983112601563334,100.0,98.72591583898901,0.9562472109192199,0.19904869564817493,1308.6926703142617,1319.3132337797977,True,True,,True,True,True,True,
585,2048,1.3323377380147576,0.1870748600922525,0.39310885965824127,0.6068911403417587,15,5,0.3333333333333333,2.723511974606663,0.5668252669274807,100.0,105.6104880259723,0.8957916848820764,0.0089648170279347,1366.1393693547327,1383.7756806514567,True,True,,True,True,True,True,
586,2048,1.8541664201766253,0.1218735734000802,0.55990522056818,0.44009477943181996,24,15,0.625,4.1566166790202255,0.4113503908738494,100.0,112.93256796151923,0.9497889091702459,0.0019599324125928242,2494.295951578828,2512.7077811718495,True,True,,True,True,True,True,
587,2048,1.5598064763471484,0.28313206862658263,0.4048400685191154,0.5951599314808846,11,6,0.5454545454545454,3.0828500404022634,0.5408652244135738,100.0,111.1478583312387,0.8389964379940642,0.03629157648570969,1589.4645375337855,1604.1780027567984,True,True,,True,True,True,True,
588,2048,1.0036894455552101,0.01146105481311679,0.6481984257698059,0.3518015742301941,28,12,0.42857142857142855,1.2191772904247045,0.48691617250442504,100.0,87.98244222135611,0.9927778991331014,0.2850972781111543,959.9770054105041,968.2564320347367,True,True,,True,True,True,True,
589,2048,1.1321567883715034,0.2350040690973401,0.522475378587842,0.477524621412158,26,12,0.46153846153846156,2.2771954899653792,0.5227809093892575,100.0,95.67226344212696,0.9992553580966937,0.08725629553687633,1308.734568934639,1325.0579232660798,True,True,,True,True,True,True,
590,2048,1.6813310645520687,0.05722954859957099,0.33067908324301243,0.6693209167569876,13,7,0.5384615384615384,3.687735005188733,0.45480612870305775,100.0,116.60186399554539,0.6012091321919916,0.006384410005778708,2231.932893319541,2241.2139123560255,True,True,,True,True,True,True,
591,2048,1.9826418654993176,0.19534336058422921,0.6858174834400415,0.31418251655995855,20,14,0.7,3.567857670038938,0.5976047990843654,100.0,111.91977031820608,0.9999411020810285,0.474303469364704,1488.0579069231892,1492.2901979257751,True,True,,True,True,True,True,
592,2048,1.4538704361766577,0.11124559845775366,0.46745904870331284,0.5325409512966872,20,7,0.35,1.6751742462627588,0.4311558425426483,100.0,106.45487620158804,0.8209578607258039,0.0010740307275641276,1299.614948124324,1314.7061315337683,True,True,,True,True,True,True,
593,2048,1.4942274186760187,0.2034605523571372,0.5625914819538593,0.43740851804614067,29,15,0.5172413793103449,3.8400970931164915,0.4731224300339818,100.0,104.58330668769787,0.9999819805573302,0.07548331616689508,2101.3416441969316,2118.1836811792177,True,True,,True,True,True,True,
594,2048,1.942306556738913,0.10049833981320262,0.3840749435126781,0.6159250564873219,11,5,0.45454545454545453,2.4327733375132086,0.5051476057618857,100.0,120.45050596337222,0.7479605149546912,0.027606562708153908,1441.4132533207294,1453.9819724199901,True,True,,True,True,True,True,
595,2048,1.6440255641937256,0.22927848687395452,0.6257871292531489,0.37421287074685106,23,7,0.30434782608695654,1.7276593272574245,0.44716559387743476,100.0,106.35985732693979,0.9838598001216761,0.18310439321973443,1239.7681169883253,1251.4685100681143,True,True,,True,True,True,True,
596,2048,1.1694400636479259,0.07028600145131349,0.4207083977758884,0.5792916022241116,17,11,0.6470588235294118,3.617112829349935,0.5807166898623108,100.0,99.95771094182419,0.9767128005239301,0.0192756331328794,1625.0445938243142,1644.361159284821,True,True,,True,True,True,True,
597,2048,1.040109682828188,0.2937969918362796,0.3468403842300176,0.6531596157699824,18,12,0.6666666666666666,4.209095318242907,0.41658123154193166,100.0,98.22741549646395,0.592349732374405,0.003006801158424242,2729.6742609120142,2738.5924827306317,True,True,,True,True,True,True,
598,2048,1.5233469223603606,0.003408030979335308,0.5003570478409528,0.4996429521590472,22,8,0.36363636363636365,2.7727736740373077,0.5611063119024038,100.0,107.18428391265343,0.9941285158226253,0.11414240773596197,1364.6166734230694,1379.8527706716554,True,True,,True,True,True,True,
599,2048,1.8129852395504713,0.17408255729824304,0.4585227858275175,0.5414772141724825,14,6,0.42857142857142855,1.3715332316234707,0.49140220023691655,100.0,115.21941314687632,0.8467824808353657,0.056676923925579374,1011.8649099683054,1025.773497250938,True,True,,True,True,True,True,
600,2048,1.3735578330233693,0.12751683807000516,0.6886014040559529,0.31139859594404706,26,16,0.6153846153846154,3.238433936331421,0.5374532008543611,100.0,97.95594165914463,0.9999904583457813,0.42061165269102874,1620.7362590358994,1626.5495211259108,True,True,,True,True,True,True,
601,2048,1.2529581729322672,0.2604840952903032,0.47754990421235555,0.5224500957876445,21,9,0.42857142857142855,3.4523890301585194,0.4060036387294531,100.0,100.6575247895521,0.8038500939612718,0.00016447347046466646,2283.954434625321,2298.1898794964104,True,True,,True,True,True,True,
602,2048,1.8105381364002824,0.04465510072186589,0.6693476926535368,0.3306523073464632,19,10,0.5263157894736842,1.9971823724918067,0.5723671408370137,100.0,108.83358179091056,0.9969205548202346,0.4246083108840125,1044.4890184700378,1049.6969007777568,True,True,,True,True,True,True,
603,2048,1.6039229482412338,0.20683413008227944,0.3143542569130659,0.685645743086934,27,17,0.6296296296296297,2.1617268992587926,0.48000716511160135,100.0,115.35205336451287,0.6027488012135767,0.0019363615879628773,1439.733928727058,1449.3501854252602,True,True,,True,True,True,True,
604,2048,1.0825806437060237,0.08453540727496146,0.5327142383903265,0.4672857616096735,13,4,0.3076923076923077,4.009743180591613,0.5479697350412607,100.0,93.79732261523594,0.9821963345578549,0.16192532557048064,1906.3364334223913,1918.907938466376,True,True,,True,True,True,True,
605,2048,1.2031372226774693,0.161049594450742,0.6067714609205723,0.3932285390794277,12,4,0.3333333333333333,2.9931756324134766,0.4617639686912298,100.0,95.41655121829251,0.9801372723320911,0.17157329001722593,1800.1724678207106,1812.0603857336614,True,True,,True,True,True,True,
606,2048,1.7333754068240523,0.13264736495912074,0.43997354730963706,0.5600264526903629,28,19,0.6785714285714286,1.5154163617640732,0.5156275661662221,100.0,114.06350155054218,0.8676598855066497,0.038221391050185564,1021.295654180656,1036.7284113148858,True,True,,True,True,True,True,
607,2048,1.9310856591910124,0.271096059679985,0.5950890593230724,0.40491094067692757,16,9,0.5625,2.633837615791708,0.436551427282393,100.0,113.48230044255087,0.9942091804323571,0.07993357149468543,1662.5450216217655,1678.8369735702909,True,True,,True,True,True,True,
608,2048,1.3824015678837895,0.03637058967724442,0.3517291910946369,0.648270808905363,24,12,0.5,4.452855799533427,0.5920140925794839,100.0,108.38205642675496,0.8614405869361198,0.0004611674821178519,1892.1810594110716,1909.1596082888866,True,True,,True,True,True,True,
609,2048,1.4038397278636694,0.1551373324356973,0.4075616180896759,0.592438381910324,26,17,0.6538461538461539,4.059493972174823,0.4449936015531421,100.0,107.07557530557341,0.7335839320897634,0.0009496285354925896,2436.1192631895774,2449.004248673872,True,True,,True,True,True,True,
610,2048,1.9096180694177747,0.145600108243525,0.6392017111182212,0.3607982888817788,14,5,0.35714285714285715,2.215101107675582,0.5770310238003731,100.0,111.75975271521247,0.9764993197760053,0.39195965602200994,1109.2014890543637,1114.843821640509,True,True,,True,True,True,True,
611,2048,1.7391571067273617,0.27463189791888,0.39429280310869214,0.6057071968913079,22,10,0.45454545454545453,1.9470311030745506,0.46899559572339056,100.0,115.71597095078346,0.7411199727421396,0.0016104427814402414,1338.7716524041489,1352.0864200680985,True,True,,True,True,True,True,
612,2048,1.1973852505907416,0.02112494660541415,0.552494940161705,0.447505059838295,18,10,0.5555555555555556,3.399415299575776,0.5026320984587074,100.0,96.78525739825943,0.9994466709722947,0.11021977566914026,1825.624202554845,1840.8225271576057,True,True,,True,True,True,True,
613,2048,1.0767075195908546,0.2475953595712781,0.6767718393355607,0.32322816066443927,17,9,0.5294117647058824,4.402698045317083,0.48844628762453796,100.0,89.64311746651117,0.9997601168192337,0.33850367788179153,2318.4789792667457,2325.4452241988347,True,True,,True,True,True,True,
615,2048,1.788947494700551,0.22199729410931468,0.515114015713334,0.48488598428666596,11,3,0.2727272727272727,1.565161061938852,0.41323831751942636,100.0,112.90078127855907,0.8478363327094003,0.04268272797880214,1263.5345414887333,1277.3006779276295,True,True,,True,True,True,True,
616,2048,1.274517417885363,0.0810635944828391,0.33191176541149614,0.6680882345885039,29,19,0.6551724137931034,3.046555932238698,0.5593747248873114,100.0,106.05480744030473,0.7509489420147146,0.0018138552404795664,1551.2101350775768,1565.0072195702485,True,True,,True,True,True,True,
617,2048,1.3482422586530447,0.2903113030828535,0.5460563410073518,0.4539436589926482,24,8,0.3333333333333333,3.670493233669549,0.47783211916685103,100.0,101.26409663525754,0.9983864041697174,0.051768140202746095,2022.1226846579905,2040.0504255984165,True,True,,True,True,True,True,
618,2048,1.8382696555927396,0.018639716506004333,0.3011349979788065,0.6988650020211935,16,11,0.6875,1.7774039229378102,0.5442810190841556,100.0,121.19334833896625,0.6133317105251751,0.039737438457344045,1097.4784507177562,1106.0422917316894,True,True,,True,True,True,True,
619,2048,1.5136267952620983,0.17989876829087734,0.6593251559883355,0.3406748440116645,28,16,0.5714285714285714,2.3798059995286165,0.4018798550590873,100.0,102.31668176998045,0.9999474938919852,0.15235234915812887,1664.515172400389,1677.118770839791,True,True,,True,True,True,True,
620,2048,1.0498616239055991,0.11469690995290875,0.4878417689353227,0.5121582310646773,12,6,0.5,3.7899394311010832,0.569854686409235,100.0,94.05282430456828,0.9901825640557282,0.10865160611769124,1734.1901307791306,1749.2263795466024,True,True,,True,True,True,True,
621,2048,1.1793131455779076,0.18816469833254815,0.36336345374584195,0.6366365462541581,13,5,0.38461538461538464,3.18546049464494,0.43359856456518175,100.0,102.14726403432246,0.6400923678066777,0.001878334909491011,2103.193103170754,2113.4758529423357,True,True,,True,True,True,True,
622,2048,1.6341824484989047,0.10406636456027626,0.5832846716046334,0.4167153283953666,27,14,0.5185185185185185,1.321381673309952,0.5875475598499178,100.0,107.35590293181963,0.9765619412915483,0.30720847023833825,788.6837973842555,796.3866632220431,True,True,,True,True,True,True,
623,2048,1.9677140284329653,0.2421807331033051,0.42502127736806866,0.5749787226319314,19,11,0.5789473684210527,2.826147581264377,0.458418001793325,100.0,119.5810531331781,0.779593048702313,0.006125075833226043,1748.3118485801679,1762.4434269041928,True,True,,True,True,True,True,
624,2048,1.4687907556071877,0.0644056398421526,0.6215047776699065,0.3784952223300935,21,7,0.3333333333333333,4.258846411015838,0.5138929285109043,100.0,102.2501010745774,0.9980910874307258,0.2652814176126234,2109.443462285048,2118.8277402155964,True,True,,True,True,True,True,
625,2048,1.448116404004395,0.23147725649178028,0.3232534255832434,0.6767465744167567,11,6,0.5454545454545454,1.2689227773807943,0.5841355422511697,100.0,111.1234805243684,0.6708301129891517,0.0758028170157113,824.314183305792,832.8896872948933,True,True,,True,True,True,True,
626,2048,1.9884253274649382,0.07248419942334294,0.5298949461430311,0.4701050538569689,30,14,0.4666666666666667,3.1362295534461735,0.43808458633720876,100.0,116.61910465602472,0.942929882083572,9.941324936138825e-05,1903.6958715800076,1922.5649027357276,True,True,,True,True,True,True,
627,2048,1.6598614221438766,0.20126493433490394,0.48505775444209576,0.5149422455579042,17,6,0.35294117647058826,4.1064597115851935,0.5081739675253629,100.0,110.93493913800114,0.9808227366806952,0.005213259883925887,2064.955571374098,2085.364516367199,True,True,,True,True,True,True,
628,2048,1.1535967029631138,0.09830214902758598,0.6682615157216787,0.3317384842783213,24,16,0.6666666666666666,2.6705439420416948,0.46364884842187165,100.0,92.26598337411917,0.9999845676272789,0.2845227423927149,1645.5788243759496,1654.0164285157646,True,True,,True,True,True,True,
629,2048,1.025250512175262,0.17188435988500714,0.5923186846077442,0.4076813153922558,22,14,0.6363636363636364,1.6250237636268139,0.5273929158225655,100.0,90.2190031174689,0.9990094363889562,0.22787620166294426,1043.45321667125,1053.8286971294203,True,True,,True,True,True,True,
630,2048,1.5382138341665268,0.12531806789338587,0.3606770984828472,0.6393229015171529,19,6,0.3157894736842105,3.5148831526748836,0.49384186454117296,100.0,112.11210618372223,0.7123839591767797,0.00019983343763092833,1978.0445613172753,1990.7513184482348,True,True,,True,True,True,True,
631,2048,1.8600729340687394,0.2959931820631027,0.6056363545358181,0.3943636454641819,25,11,0.44,3.7374865835532542,0.5522213768213987,100.0,111.70008113745331,0.9996580941269575,0.28613897322969173,1724.7185578982303,1733.6828802983014,True,True,,True,True,True,True,
632,2048,1.326462620869279,0.0056036495603621,0.44743267074227333,0.5525673292577267,15,8,0.5333333333333333,2.330568911600858,0.4201961623504758,100.0,103.6829331531132,0.7660066539554117,0.007852099115408758,1672.4803399932578,1685.6159959311533,True,True,,True,True,True,True,
633,2048,1.3005931647494435,0.21371967997401953,0.6364192225039005,0.3635807774960995,20,10,0.5,2.5300217572599646,0.5386903692036867,100.0,97.38802400037667,0.9990569550094571,0.3258730674504362,1352.7168384183508,1360.2202936978738,True,True,,True,True,True,True,
634,2048,1.7628954034298658,0.09142152993008494,0.4164964519441128,0.5835035480558872,20,11,0.55,4.348634066339582,0.48322764728218315,100.0,115.50056688586199,0.8044693991448163,0.0015929125331990107,2339.5026226011546,2354.7292281460263,True,True,,True,True,True,True,
635,2048,1.588512442074716,0.2535999714396894,0.5746148936450481,0.42538510635495186,14,10,0.7142857142857143,2.88933471981436,0.5627012925222517,100.0,106.5333543112904,0.9975997805550126,0.2458938323868336,1397.1233721621163,1407.2150940525205,True,True,,True,True,True,True,
636,2048,1.0979986675083637,0.03777154851704836,0.37812988236546513,0.6218701176345349,27,10,0.37037037037037035,1.4111693778075276,0.4088377457112074,100.0,99.09498103004574,0.6396126415566449,3.740066772126813e-05,1269.3941380235372,1279.4943448160031,True,True,,True,True,True,True,
637,2048,1.2195241777226329,0.26420993758365513,0.45426192246377467,0.5457380775362253,29,10,0.3448275862068966,2.0578859436325727,0.5946521271020173,100.0,100.40298136395614,0.9912984695614334,0.08820054429762735,1034.9708121968108,1051.040659851,True,True,,True,True,True,True,
638,2048,1.7169806957244873,0.029485039226710794,0.6991847585886717,0.3008152414113283,12,7,0.5833333333333334,3.905496141314506,0.4266895005479455,100.0,105.9770028623015,0.9972717210367741,0.2986655350429168,2299.4065271812865,2307.481109225072,True,True,,True,True,True,True,
639,2048,1.8844271088019013,0.167933146096766,0.34094425253570076,0.6590557474642993,25,14,0.56,3.3485732269473374,0.5194347517564892,100.0,120.74777292295414,0.7083711413461748,0.0010145145241957565,1786.9834120430537,1799.6412274000959,True,True,,True,True,True,True,
640,2048,1.4290676210075617,0.13953148936852813,0.5124291863292455,0.4875708136707545,15,6,0.4,1.892960682325065,0.45307130031287673,100.0,104.41984556814623,0.9233699853828362,0.016373309696128362,1327.8782378645474,1345.3186435275757,True,True,,True,True,True,True,
641,2048,1.4220420205965638,0.23780538188293576,0.4572493065148592,0.5427506934851408,23,12,0.5217391304347826,4.2732838081195945,0.5649399075657129,100.0,105.94991305896639,0.999840538971207,0.03939072892153908,1895.9205594070918,1914.9996358494986,True,True,,True,True,True,True,
642,2048,1.8894693050533533,0.05940829329192638,0.6896702352911234,0.31032976470887663,17,7,0.4117647058823529,2.8115842253901064,0.4063034558668733,100.0,109.92673518724257,0.9960880215844982,0.24192753558570015,1839.3710255680069,1849.0333518588736,True,True,,True,True,True,True,
643,2048,1.7121828822419047,0.19316432923078536,0.3440289113670587,0.6559710886329413,30,9,0.3,1.3326216649264098,0.5397231163457036,100.0,116.84090695730163,0.7460452907553443,0.0011918375715048656,918.7495352706383,932.4922202572964,True,True,,True,True,True,True,
644,2048,1.2263058722019196,0.10844400012865663,0.5030127007514238,0.4969872992485762,10,6,0.6,3.1741450457833706,0.48268583975732327,100.0,99.10355620353795,0.9154600038736199,0.06098253871601452,1830.4209080539856,1845.654360373137,True,True,,True,True,True,True,
645,2048,1.0968610560521483,0.18489612378180026,0.6270939081907272,0.3729060918092728,15,10,0.6666666666666666,3.826966923940927,0.5216738555580378,100.0,91.60510333026349,0.9997034209684544,0.28544553038342363,1935.0629120208298,1943.6155361851918,True,True,,True,True,True,True,
646,2048,1.5916339345276356,0.11907228799536823,0.41967304497957225,0.5803269550204277,26,10,0.38461538461538464,2.3427029510959985,0.4505373084917665,100.0,111.42954818908805,0.7637143005598517,9.120034548633195e-05,1574.5699620994997,1588.399378735807,True,True,,True,True,True,True,
647,2048,1.7600182862952352,0.28593364069238303,0.5653876170516015,0.43461238294839855,19,9,0.47368421052631576,1.8176289196126163,0.5956845762208104,100.0,110.73540364597756,0.9862136825959955,0.27975646322162784,932.1857891467662,940.9168382321952,True,True,,True,True,True,True,
648,2048,1.3014868777245283,0.013640076667070388,0.3814037501811981,0.6185962498188019,22,13,0.5909090909090909,3.630142376571894,0.42614720426499847,100.0,105.1360693671403,0.6640292561247946,0.0008182395991466969,2337.436182429257,2348.3064071856506,True,True,,True,True,True,True,
649,2048,1.321512215770781,0.2170365641824901,0.5953888475894928,0.40461115241050716,27,11,0.4074074074074074,3.0061043732799586,0.5071533912792802,100.0,99.10881338986042,0.9996365054845311,0.20253140318087892,1638.4539798290236,1649.9405712888365,True,True,,True,True,True,True,
650,2048,1.8669461850076914,0.07665159981697797,0.3512491688132286,0.6487508311867713,14,7,0.5,1.6052853444591164,0.4641785088926554,100.0,120.01004373924843,0.6408630809422131,0.016935779070271675,1205.1472946271892,1215.0950672688618,True,True,,True,True,True,True,
651,2048,1.5315849659964442,0.2520096475258469,0.6086092427372932,0.3913907572627068,21,13,0.6190476190476191,2.543666619714349,0.5819824125617743,100.0,104.17549106054861,0.9996905569216692,0.32770947855665494,1218.9250747531662,1226.4458841863811,True,True,,True,True,True,True,
652,2048,1.0299570113420486,0.05544792478904128,0.43790670335292814,0.5620932966470719,20,7,0.35,4.439624824002385,0.44053336698561907,100.0,94.91755636061998,0.7826888729978727,4.263702528260145e-05,2664.101439693108,2678.201583864874,True,True,,True,True,True,True,
653,2048,1.1506280368193984,0.27904386576265094,0.31401470489799976,0.6859852951020002,15,5,0.3333333333333333,3.3879991365596647,0.5512010747566819,100.0,102.95680677801187,0.6982425933294709,0.0011695442238044826,1735.9307188015232,1748.2790531144512,True,True,,True,True,True,True,
654,2048,1.660907719284296,0.026085667591542006,0.5331543181091547,0.4668456818908453,25,17,0.68,1.9581703928299248,0.42072628773748877,100.0,109.47074833297114,0.9100982456755735,0.014149820806582822,1428.971594168512,1445.7731556724912,True,True,,True,True,True,True,
655,2048,1.9876234056428075,0.15017431816086171,0.4757209960371256,0.5242790039628744,12,7,0.5833333333333334,2.20043703764677,0.5252393212169408,100.0,118.31816264834862,0.9032813668538886,0.08925406967612536,1254.1571711986155,1268.318319031189,True,True,,True,True,True,True,
656,2048,1.4508411716669798,0.14118584711104631,0.6714236129075288,0.32857638709247117,29,14,0.4827586206896552,4.073830667417496,0.4962903710082173,100.0,100.41883418808254,0.9999832320480047,0.3379522915247921,2109.5621345104423,2116.7853203910427,True,True,,True,True,True,True,
657,2048,1.4760624039918184,0.1629358084872365,0.37278165593743323,0.6272183440625667,18,11,0.6111111111111112,1.9075050878338515,0.40095684826374056,100.0,110.12780627949468,0.6176422646696207,0.006951893825449183,1530.174932533856,1539.414630493499,True,True,,True,True,True,True,
658,2048,1.9624257842078805,0.13515612920746206,0.5802040182054042,0.41979598179459576,22,7,0.3181818181818182,3.334104278683662,0.5704820184037089,100.0,114.56195866686136,0.9942833038495725,0.2684455273910245,1509.9535758276756,1519.3832639096315,True,True,,True,True,True,True,
659,2048,1.63873802870512,0.2685875820927322,0.4345367543399334,0.5654632456600666,14,6,0.42857142857142855,3.9168431413359936,0.475776488147676,100.0,112.06307133464941,0.8252698608357588,0.004019109139735815,2184.0667294787736,2199.688328966312,True,True,,True,True,True,True,
660,2048,1.172773684374988,0.03448466118425131,0.6185221619904041,0.3814778380095959,26,13,0.5,2.0466649023815986,0.5468275897204876,100.0,94.1858267070296,0.9995740285687448,0.3027331747105577,1153.1635181250222,1161.257789379779,True,True,,True,True,True,True,
661,2048,1.0512414686381817,0.25797534054145216,0.5427742715924978,0.4572257284075022,29,17,0.5862068965517241,1.448291278257966,0.45749548375606536,100.0,92.48174968483079,0.9890035661446089,0.013618103340127913,1118.146933245409,1137.3312516434507,True,True,,True,True,True,True,
662,2048,1.5102630695328116,0.042768912948668004,0.31035178415477277,0.6896482158452273,11,5,0.45454545454545453,2.8523386797867714,0.5145205585286021,100.0,113.18128502214535,0.6268137494915645,0.011752383559788115,1639.0161733952443,1648.9766026707987,True,True,,True,True,True,True,
663,2048,1.8409007247537374,0.20872003119438887,0.656141124293208,0.34385887570679197,23,9,0.391304347826087,4.388953470624983,0.4315426355227828,100.0,109.84801070439539,0.9994836342204294,0.20386879697963228,2492.3943879141757,2503.6414246584213,True,True,,True,True,True,True,
664,2048,1.3475945936515927,0.08704387648031116,0.49715582989156243,0.5028441701084376,17,11,0.6470588235294118,2.489777908567339,0.5900936417281628,100.0,102.71435135323611,0.9976389650667296,0.14949325251694434,1186.3123409133243,1199.8609805677515,True,True,,True,True,True,True,
665,2048,1.2797138709574938,0.2915811963379383,0.6863018121570348,0.3136981878429652,12,4,0.3333333333333333,2.2904257647693154,0.4711366413161159,100.0,95.4649104227745,0.9803937995341719,0.35617596579569544,1452.6198702948316,1458.8883095665283,True,True,,True,True,True,True,
666,2048,1.7818281957879663,0.0006429106928408146,0.46716069988906384,0.5328393001109362,28,17,0.6071428571428571,3.7779067019931967,0.500000137090683,100.0,114.25967729694247,0.9331951624535507,0.0011146831812195751,1974.5909802026968,1993.7841746331305,True,True,,True,True,True,True,
667,2048,1.616214282810688,0.17684739204123615,0.5245467137545347,0.47545328624546535,16,9,0.5625,3.4779878145083787,0.4459288500249386,100.0,108.68868872444568,0.9391442840746324,0.009409424632565737,2060.8116286613977,2079.04508546583,True,True,,True,True,True,True,
668,2048,1.0722432537004352,0.12973234690725802,0.328842556104064,0.671157443895936,24,10,0.4166666666666667,1.6622463782317936,0.5763914262875914,100.0,99.91792770692882,0.7725701273270652,0.0027351300330128907,986.812308872852,1001.104230658354,True,True,,True,True,True,True,
669,2048,1.2005961500108242,0.20622564638033508,0.4043890304863453,0.5956109695136547,21,10,0.47619047619047616,2.6594236149452626,0.4153796372935176,100.0,101.43283841055819,0.6914390599487129,0.00038498493284193743,1883.3634150345313,1894.822255634084,True,True,,True,True,True,True,
670,2048,1.737868576310575,0.10271412581205368,0.6485302679240703,0.3514697320759297,19,11,0.5789473684210527,4.117907413467765,0.5567432284355164,100.0,107.83760345426134,0.9998038039788142,0.3688604141891859,1852.3525132403415,1858.92083627429,True,True,,True,True,True,True,
671,2048,1.9101739432662725,0.22706298641860484,0.391022177785635,0.608977822214365,27,18,0.6666666666666666,3.1218613193370404,0.4893810711801052,100.0,119.54248007530418,0.7626906221110071,0.003212276069756513,1783.91927039414,1797.9263928250425,True,True,,True,True,True,True,
672,2048,1.4013610081747174,0.06752119408920407,0.5617262221872806,0.43827377781271937,13,5,0.38461538461538464,1.2835678847506642,0.5323437428101897,100.0,102.2249283620045,0.9316221772331267,0.23677824348186063,895.8011462422251,904.7469725141364,True,True,,True,True,True,True,
673,2048,1.375862343236804,0.19096627933904528,0.603592386841774,0.39640761315822604,17,10,0.5882352941176471,1.7156226580962537,0.47907343618571757,100.0,100.34659015936677,0.9932078233982863,0.1799393882181225,1172.930534903446,1185.0356916308385,True,True,,True,True,True,True,
675,2048,1.7280873991549015,0.24000200573354957,0.5918127104640007,0.40818728953599925,11,4,0.36363636363636365,3.7249356083571907,0.4038610735908151,100.0,109.24672995335811,0.959783577357611,0.048670922361113075,2320.2583696528377,2336.4524218348047,True,True,,True,True,True,True,
676,2048,1.2104091113433242,0.061604345496743915,0.3609539866447449,0.6390460133552551,29,19,0.6551724137931034,2.240271858405322,0.5749975699931383,100.0,103.17111872594529,0.8403768366592644,0.006605455098995763,1184.2138374589294,1200.2896410734024,True,True,,True,True,True,True,
677,2048,1.0819332152605057,0.28813226278871296,0.4870619464665651,0.5129380535334349,26,17,0.6538461538461539,1.230590306315571,0.4356181632727385,100.0,95.12977064533573,0.8522410258163742,0.013944499099076945,1086.6503096930114,1101.876994673433,True,True,,True,True,True,True,
678,2048,1.606554257683456,0.015838127117604017,0.6663578275591134,0.33364217244088656,14,4,0.2857142857142857,3.071713897772133,0.5926554964855313,100.0,104.35409377348924,0.9808008371389787,0.45023465876028024,1366.419893473046,1370.7566138167692,True,True,,True,True,True,True,
679,2048,1.8071746472269297,0.18270007213577627,0.32376826144754883,0.6762317385524512,22,9,0.4090909090909091,4.171277601923793,0.45962112937122584,100.0,119.69254830297598,0.5990707226799497,9.418724852584554e-05,2429.772322808657,2439.2591311210617,True,True,,True,True,True,True,
680,2048,1.254338257946074,0.11687566358596085,0.5296270985156297,0.4703729014843703,18,9,0.5,2.709178426489234,0.5182575304061174,100.0,99.12328975348873,0.9975437557519025,0.09467964049613742,1487.749173039067,1503.7515685740543,True,True,,True,True,True,True,
681,2048,1.3690938036888838,0.2451233779080212,0.34357700534164903,0.656422994658351,13,6,0.46153846153846156,2.096419818419963,0.4492227451875806,100.0,108.30240795335425,0.6180157354894142,0.007096994743426587,1504.7753885583725,1514.4217524232863,True,True,,True,True,True,True,
682,2048,1.819372114725411,0.04856222681701183,0.5095917616039514,0.49040823839604863,27,15,0.5555555555555556,3.9702132252976297,0.5781716506928205,100.0,113.73300495187027,0.9999615865592065,0.15183733985732292,1706.9029593873295,1720.7315395931562,True,True,,True,True,True,True,
683,2048,1.5162278600037098,0.22391968220472336,0.45535668171942234,0.5446433182805777,19,13,0.6842105263157895,3.2839567649178205,0.47404391653835776,100.0,108.4209046274396,0.8537953107517389,0.013271928547449617,1908.7887571456044,1924.7153911085363,True,True,,True,True,True,True,
684,2048,1.0453063761815429,0.08353529060259461,0.6979341555386781,0.3020658444613219,21,7,0.3333333333333333,1.8545276015996932,0.50451874230057,100.0,88.07974929641568,0.9945189342811583,0.4066622501924073,1189.6055488147183,1194.866149317927,True,True,,True,True,True,True,
685,2048,1.1669615805149078,0.15706001557409763,0.5720154047012329,0.4279845952987671,24,8,0.3333333333333333,2.4396242910996078,0.49345964957028626,100.0,95.30975546516629,0.9963705081305578,0.1364215443497187,1456.6078042387137,1470.4873534679919,True,True,,True,True,True,True,
686,2048,1.6445816783234477,0.1480721172876656,0.3810007736086845,0.6189992263913155,16,10,0.625,4.335982088092714,0.5349086504429579,100.0,113.98902696991627,0.807933125862971,0.009793102375640851,2108.481287395559,2123.5998732772396,True,True,,True,True,True,True,
687,2048,1.9410182628780603,0.2721601755358279,0.6353090897202491,0.36469091027975087,28,15,0.5357142857142857,2.902087098732591,0.41750222928822045,100.0,112.51255459885834,0.9999274954428163,0.1265767371724735,1842.7246987133185,1856.841127812666,True,True,,True,True,True,True,
688,2048,1.4974385583773255,0.019202549010515213,0.41773150265216824,0.5822684973478318,12,5,0.4166666666666667,1.5016678593121469,0.5604771504178643,100.0,109.16843832064268,0.8421255929502021,0.08492413542184943,934.0567546381529,946.6268940662064,True,True,,True,True,True,True,
689,2048,1.4606518941000104,0.26609584763646127,0.5132545884698629,0.48674541153013706,21,14,0.6666666666666666,4.492995799239725,0.5430198736488819,100.0,105.20988726801772,0.999962987919184,0.10365119397131085,2071.1686622745747,2087.017123634829,True,True,,True,True,True,True,
690,2048,1.9778438117355108,0.031993499491363764,0.3339571487158537,0.6660428512841463,18,7,0.3888888888888889,2.5934206444770096,0.4844689240679145,100.0,122.94593646803702,0.6465417005807661,0.0013315193587799946,1592.0008750571733,1602.8161692148362,True,True,,True,True,True,True,
691,2048,1.6863730242475867,0.16542440028861163,0.676499418541789,0.32350058145821103,25,11,0.44,1.5523085528053342,0.5678443236276507,100.0,105.91094036091545,0.9949391659886482,0.43415233682554427,903.2758176776687,908.2158318743102,True,True,,True,True,True,True,
692,2048,1.1251309476792812,0.13764529265463352,0.47063907645642755,0.5293609235435724,14,8,0.5714285714285714,2.955956164933741,0.41081919819116597,100.0,97.01153193024606,0.7927262959353791,0.008714980034945502,2027.98507982749,2041.5788662199338,True,True,,True,True,True,True,
693,2048,1.004582921974361,0.21121119344606995,0.3961855091154575,0.6038144908845424,10,5,0.5,4.020860360562801,0.5997599132359028,100.0,95.37624762831058,0.9249715462616743,0.043299798261496714,1717.822273590015,1734.1815092206632,True,True,,True,True,True,True,
694,2048,1.5569291189312935,0.08953561037778854,0.550483014434576,0.44951698556542397,30,13,0.43333333333333335,2.1502823445014654,0.42870886828750376,100.0,106.48722997782153,0.9634799958723124,0.00012632839030371197,1490.8624455789825,1509.9420780735916,True,True,,True,True,True,True,
695,2048,1.8572876760736108,0.25548617653548716,0.4078186802566051,0.5921813197433949,16,5,0.3125,2.011547459475696,0.5237996919080615,100.0,117.85151748481547,0.8441580663392908,0.011138282523250102,1201.761637430961,1217.9000661957923,True,True,,True,True,True,True,
696,2048,1.331199886277318,0.0402803217060864,0.6386789448559284,0.36132105514407165,23,14,0.6086956521739131,3.437747069913894,0.45427447110414504,100.0,98.16709681172347,0.9999713412615072,0.2046537428849777,2008.7670736267899,2019.8893606679567,True,True,,True,True,True,True,
697,2048,1.2955497251823545,0.16966886837035416,0.4278601177036762,0.5721398822963237,28,10,0.35714285714285715,3.2238926779478785,0.585276116989553,100.0,103.4428420207069,0.9985979312137699,0.02342992401303077,1455.609536706803,1475.3901191812413,True,True,,True,True,True,True,
698,2048,1.7659848388284445,0.12255325159057974,0.6188763074576855,0.3811236925423145,11,8,0.7272727272727273,1.3859990327619016,0.4423134006559849,100.0,109.2987340102676,0.9133509999899284,0.2475908521471526,1104.7035636428468,1112.8069291963648,True,True,,True,True,True,True,
699,2048,1.5701032718643546,0.2987582850269973,0.3646152876317501,0.6353847123682499,25,14,0.56,2.761429821141064,0.5100608572363854,100.0,112.76276610706503,0.7428911897387398,0.001261040061086519,1586.143653563486,1599.7296754623285,True,True,,True,True,True,True,
700,2048,1.11836202070117,0.007819426618516446,0.5821943797171116,0.41780562028288837,15,7,0.4666666666666667,4.220313212368637,0.4686973048374057,100.0,93.5219979837616,0.9981729753772314,0.1106448341032139,2322.9878959351067,2337.8032132678954,True,True,,True,True,True,True,
701,2048,1.2476838482543826,0.23424208229407667,0.6564465310424565,0.34355346895754346,20,8,0.4,3.5799940760247404,0.5293177088722587,100.0,95.35415891423833,0.9989734137942204,0.35186350532430954,1794.8162364451832,1801.588735729808,True,True,,True,True,True,True,
702,2048,1.6907733604311943,0.07469971720129251,0.4904302757233381,0.5095697242766619,20,11,0.55,1.764652220159769,0.4988550879061222,100.0,111.47800346619573,0.9444950532317408,0.034286276351102575,1146.3835479212612,1164.0997191538158,True,True,,True,True,True,True,
703,2048,1.8953147688880563,0.1990491298958659,0.544813359901309,0.45518664009869103,13,8,0.6153846153846154,2.3924570803530516,0.553323857486248,100.0,114.254708172074,0.9836416731649145,0.19056176134668587,1234.7384989373552,1246.6983314750078,True,True,,True,True,True,True,
704,2048,1.416227923706174,0.0955370376817882,0.30223434530198573,0.6977656546980142,26,9,0.34615384615384615,3.8803377946838733,0.4244604004547,100.0,111.03233204872794,0.5251346085387274,3.6366613783408665e-06,2499.1483875444655,2505.134001129726,True,True,,True,True,True,True,
705,2048,1.4126593871042132,0.1787961283698678,0.5358562298119067,0.4641437701880933,11,5,0.45454545454545453,3.4160732271149756,0.43287775479257107,100.0,103.28563258166565,0.9247324885173861,0.026395185333250196,2102.663744465064,2119.3355550489305,True,True,,True,True,True,True,
706,2048,1.8988453820347786,0.11344321584329009,0.317495846003294,0.682504153996706,28,16,0.5714285714285714,1.928585608396679,0.5883648814633489,100.0,121.89561371844474,0.757180972344264,0.009882221422757452,1023.0307492361297,1036.5703584304854,True,True,,True,True,True,True,
707,2048,1.7031159112229943,0.2890621776692569,0.6726357661187649,0.32736423388123514,15,10,0.6666666666666666,2.228511201962829,0.4592364693060517,100.0,106.39357121395682,0.9975742124231463,0.29001086262074227,1428.0501358865981,1436.5791400393055,True,True,,True,True,True,True,
709,2048,1.1148240165784955,0.2434241353534162,0.3547242727130651,0.6452757272869349,20,6,0.3,3.0341780950315296,0.47711474262177944,100.0,100.41986521606282,0.6783374482459443,6.683599979116679e-05,1867.5730742562232,1879.2373837658702,True,True,,True,True,True,True,
710,2048,1.5736644174903631,0.06549797225743532,0.5980845909565686,0.40191540904343137,20,13,0.65,1.575700978003442,0.5451017739251256,100.0,105.49601659027996,0.9945538288429753,0.26722427669481225,963.6547248451658,972.9849758915166,True,True,,True,True,True,True,
711,2048,1.778296916745603,0.18926161732524632,0.4430179070681333,0.5569820929318667,26,14,0.5384615384615384,2.571740366052836,0.402694889344275,100.0,114.96519469169704,0.7413725328238899,0.0004707779820613395,1822.5080060138362,1835.1644849963805,True,True,,True,True,True,True,
712,2048,1.2832150422036648,0.1053051802329719,0.6098153706640005,0.3901846293359995,13,6,0.46153846153846156,4.410040482133627,0.5691315863281489,100.0,97.63898829134581,0.9963505179478084,0.31718403006882345,1938.9067769368728,1946.5646570198635,True,True,,True,True,True,True,
713,2048,1.3432678235694766,0.27573681771755215,0.42400867901742456,0.5759913209825754,18,10,0.5555555555555556,3.7988932021893556,0.48760650474578143,100.0,104.89886479734292,0.8248205401751827,0.002823812595382911,2108.070280712488,2123.7520264822097,True,True,,True,True,True,True,
714,2048,1.8451971337199211,0.022371783200651408,0.6290878128260373,0.3709121871739627,21,10,0.47619047619047616,2.372287317551672,0.5337307002395392,100.0,110.70769605397402,0.9978448720251701,0.30694031693256746,1279.5719034355357,1287.8674419342226,True,True,,True,True,True,True,
715,2048,1.553635255433619,0.1563887377269566,0.3872291427105665,0.6127708572894335,15,5,0.3333333333333333,1.7895551732741297,0.41398044265806677,100.0,111.58726621815362,0.6592325035849529,0.0021892843369406573,1424.3683852088686,1434.9535450778142,True,True,,True,True,True,True,
716,2048,1.0078999269753695,0.14670045934617518,0.5657452788203954,0.4342547211796046,25,17,0.68,3.659726718440652,0.5585299843922258,100.0,90.37272085257689,0.9999974629228244,0.2225058502934453,1730.215097922522,1741.6494652032961,True,True,,True,True,True,True,
717,2048,1.1372293578460813,0.22076076725497842,0.6916579701006412,0.30834202989935877,29,17,0.5862068965517241,4.2452097175642844,0.4441511483862996,100.0,91.15418181464611,0.9999990865150676,0.3057684038603238,2437.48307059925,2446.1266221483875,True,True,,True,True,True,True,
718,2048,1.6743129547685385,0.07996896430850028,0.4615789018571377,0.5384210981428623,10,3,0.3,2.8411690098233517,0.577775439247489,100.0,112.01622910937084,0.905586372485872,0.13710928645959022,1352.9440392421675,1364.9707197622884,True,True,,True,True,True,True,
719,2048,1.9745194157585502,0.24650531597435474,0.503364335745573,0.49663566425442696,23,9,0.391304347826087,1.3045475006103515,0.4697403911501169,100.0,117.16989223802204,0.9106888013577344,0.043560220527445605,1007.6891838749627,1023.8579967113736,True,True,,True,True,True,True,
720,2048,1.4639383666217327,0.04924378814175725,0.34984812214970584,0.6501518778502942,16,9,0.5625,3.2037297564558687,0.5017900282517076,100.0,110.60326709347748,0.6964514148808033,0.005718322065989499,1822.162943215897,1834.2121754890593,True,True,,True,True,True,True,
721,2048,1.4861107021570206,0.2548376482911408,0.6449561435729265,0.3550438564270735,27,10,0.37037037037037035,2.68739699749276,0.5939069025218486,100.0,102.03099817000293,0.9990272910483107,0.40285471408494605,1234.543701192521,1240.1009410792637,True,True,,True,True,True,True,
722,2048,1.9523840425536036,0.03886732645332813,0.40159737803041934,0.5984026219695806,13,9,0.6923076923076923,4.088221921026706,0.4275312369689346,100.0,120.0578327170337,0.6843369422399312,0.02300660139513824,2493.1374885056,2503.705509469923,True,True,,True,True,True,True,
723,2048,1.6490886453539133,0.21481087133288382,0.556711358204484,0.44328864179551597,21,12,0.5714285714285714,3.149834775645286,0.5202776340767741,100.0,108.48757272384938,0.9996536575675553,0.14829896408953586,1630.8810481288565,1644.7909192810419,True,True,,True,True,True,True,
724,2048,1.1624162727966905,0.09266379335895181,0.38991540558636184,0.6100845944136382,19,9,0.47368421052631576,1.253882466070354,0.45232721865177156,100.0,100.74271921085432,0.7079178576242271,0.004883055967028431,1086.0344272723432,1098.096278636476,True,True,,True,True,True,True,
725,2048,1.0339479874819517,0.16682936511933802,0.4643628180027008,0.5356371819972991,16,7,0.4375,2.3183987785130737,0.5379485778510571,100.0,94.23304873880653,0.9762237734312633,0.024701095827898836,1295.3477737100673,1314.276660202486,True,True,,True,True,True,True,
726,2048,1.527563107199967,0.1382857938297093,0.682721708714962,0.31727829128503804,24,12,0.5,3.74822162752971,0.48407281693071125,100.0,102.0205441288415,0.9999181909348492,0.3446521230705468,2016.021004712617,2023.0717415811218,True,True,,True,True,True,True,
727,2048,1.823909554630518,0.26295967334881426,0.32772979289293286,0.6722702071070672,12,8,0.6666666666666666,3.5059608528390527,0.5635407416149973,100.0,119.91677136934237,0.7063792341812188,0.03446840511467444,1685.7750553201913,1696.9209367087255,True,True,,True,True,True,True,
728,2048,1.3645789688453078,0.02838582694530487,0.5195256322622299,0.4804743677377701,28,9,0.32142857142857145,1.632561328355223,0.4080902308225632,100.0,102.49639238513481,0.8776858153360825,4.1484431509462986e-05,1322.4499620737727,1338.7095875460525,True,True,,True,True,True,True,
729,2048,1.258631557226181,0.20002038208767772,0.30846345126628877,0.6915365487337113,23,16,0.6956521739130435,1.4203182645142078,0.5265775477513671,100.0,106.41801065084638,0.6300173100951962,0.01936935255515574,1014.2764716082484,1024.0337514740463,True,True,,True,True,True,True,
730,2048,1.8029039530083537,0.09720866885036229,0.5385409668087959,0.46145903319120407,17,6,0.35294117647058826,2.882023754250258,0.49456453546881673,100.0,112.4831586542274,0.9858745251775521,0.08138979464073037,1603.2073487398989,1619.7595246983738,True,True,,True,True,True,True,
731,2048,1.5954400096088648,0.2303791897371411,0.4967082366347313,0.5032917633652687,29,14,0.4827586206896552,4.360980432294309,0.5529390871524811,100.0,109.05251530720705,0.9999625362029754,0.08982488203938556,1967.2328734661542,1983.8304353381075,True,True,,True,True,True,True,
732,2048,1.0930243218317628,0.07124423375353217,0.6502229392528533,0.34977706074714665,11,6,0.5454545454545454,2.51946295844391,0.41937583666294814,100.0,90.86248564492683,0.9895691131082069,0.18038981039729823,1716.7012315077611,1727.957157466099,True,True,,True,True,True,True,
733,2048,1.2146719377487898,0.297094683162868,0.5759647358208895,0.4240352641791105,14,8,0.5714285714285714,1.8795317052863538,0.5833175038918853,100.0,96.62325025646629,0.989621454707356,0.28047699311093677,1002.4309274903843,1010.9710736671188,True,True,,True,True,True,True,
734,2048,1.7237862320616841,0.0068562026135623455,0.3708870951086283,0.6291129048913717,26,10,0.38461538461538464,3.36378977112472,0.4388045869767666,100.0,116.16893223220336,0.660868418366388,2.4986578253007212e-05,2119.7091220966895,2130.6671728473484,True,True,,True,True,True,True,
735,2048,1.924557764083147,0.17313234424218535,0.6125977609306574,0.38740223906934257,18,6,0.3333333333333333,3.888869685027748,0.5088943481445313,100.0,112.8347321448432,0.9941843039007131,0.24434926385200478,1950.0077795124084,1960.23215588154,True,True,,True,True,True,True,
736,2048,1.3869839822873473,0.1264241376891732,0.43408317156136034,0.5659168284386397,22,14,0.6363636363636364,2.076350321061909,0.4628311930224299,100.0,105.76067728274211,0.8010399991212263,0.008180239714488285,1419.7500829730495,1434.3085217188593,True,True,,True,True,True,True,
737,2048,1.3968273513019085,0.281885227560997,0.37518017552793026,0.6248198244720697,28,12,0.42857142857142855,2.4697090258821843,0.5220586199313402,100.0,107.96968034132055,0.7848246512951776,0.00015570458847081708,1427.8704650825043,1442.7225647990058,True,True,,True,True,True,True,
738,2048,1.9146849354729056,0.010356130544096231,0.5716655414551497,0.4283344585448503,12,6,0.5,4.3076093648560345,0.4556218782439828,100.0,113.84301147399287,0.9852136773564624,0.0775391396203171,2351.9758254576855,2368.3852855674827,True,True,,True,True,True,True,
739,2048,1.749223118647933,0.18597450451925396,0.41340061537921424,0.5865993846207858,24,15,0.625,2.932171858102083,0.5984247433021664,100.0,115.29865504528425,0.9974358715441327,0.021469136792697994,1289.4976807918852,1309.5053239153647,True,True,,True,True,True,True,
740,2048,1.1892646895721555,0.12062216363847256,0.6333230312913656,0.3666769687086344,16,5,0.3125,1.4732951606623828,0.43043775074183943,100.0,94.27512056132338,0.9692096981976395,0.18887686555068814,1183.3128907547764,1194.0428763090729,True,True,,True,True,True,True,
741,2048,1.0677401293069124,0.1964379952289164,0.5092356689274311,0.4907643310725689,19,8,0.42105263157894735,2.126504922006279,0.5661064106971025,100.0,94.00391163764488,0.9916978972633558,0.13946186638158414,1140.4689997889293,1154.1795646322385,True,True,,True,True,True,True,
742,2048,1.6207558074966073,0.11248212978243828,0.3377504281699657,0.6622495718300343,21,14,0.6666666666666666,3.9418400840833785,0.4121695736423135,100.0,114.92374085773918,0.572833669948952,0.0024782929469587375,2550.9318573586042,2559.3556396977256,True,True,,True,True,True,True,
743,2048,1.7931522652506828,0.2362451869994402,0.6959421060979366,0.3040578939020634,13,8,0.6153846153846154,3.3140419422648844,0.5416817354038358,100.0,107.72801969617461,0.998089556703117,0.4402944960194596,1611.8660385915643,1616.785590822211,True,True,,True,True,True,True,
744,2048,1.2683519376441836,0.058319596666842693,0.4510195769369602,0.5489804230630397,27,13,0.48148148148148145,1.8261545341461896,0.4861946474760771,100.0,101.92910662275193,0.8768974953375471,0.0009606499498838348,1237.5319929378345,1254.754617444142,True,True,,True,True,True,True,
745,2048,1.3586745224893093,0.15390000734478235,0.6651534713804721,0.3348465286195279,22,12,0.5454545454545454,1.2005052027292549,0.5547231266275048,100.0,98.18793317425457,0.9881046089814043,0.4059206361609175,813.8799166825,819.2219500559556,True,True,,True,True,True,True,
746,2048,1.8297829320654273,0.14421115731820464,0.4819493554532528,0.5180506445467472,18,8,0.4444444444444444,3.100087038986385,0.42267354615032676,100.0,114.82938639487611,0.8336195546530754,0.0016068089306334318,1989.099154239126,2004.4941450046258,True,True,,True,True,True,True,
747,2048,1.506004085764289,0.27822869969531894,0.5269330315291881,0.47306696847081187,26,9,0.34615384615384615,4.1411924245767295,0.5310923378914595,100.0,105.94089493443943,0.9991380107106145,0.11000792025183731,1985.9300436157475,2001.47000829704,True,True,,True,True,True,True,
748,2048,1.055538852699101,0.02486309241503477,0.3202918656170368,0.6797081343829632,14,8,0.5714285714285714,2.7375514939427372,0.49746799636632205,100.0,99.65758760751947,0.6296575393134369,0.00777727448169937,1678.1602624440127,1688.3140696629512,True,True,,True,True,True,True,
749,2048,1.183884086087346,0.24899461856111882,0.44417781196534634,0.5558221880346537,11,8,0.7272727272727273,1.6855379233136771,0.5114569673314691,100.0,99.65169368757626,0.7887370780582623,0.11505574859940071,1139.254961376642,1149.1875672785488,True,True,,True,True,True,True,
750,2048,1.6276507088914514,0.051732517965137954,0.6023818027228116,0.3976181972771884,29,11,0.3793103448275862,3.556109257880598,0.4669074822217226,100.0,106.64904689795321,0.9997183593366569,0.148707963971247,1991.3102949122595,2004.8879788491413,True,True,,True,True,True,True,
751,2048,1.9581362679600716,0.21826945748180152,0.3574713747948408,0.6425286252051592,17,8,0.47058823529411764,3.6948508489876986,0.5870537143200636,100.0,121.70489406165888,0.8570794536573025,0.006038272270905569,1615.3469650904412,1632.0498547061475,True,True,,True,True,True,True,
752,2048,1.4803292555734515,0.07747708288952708,0.5891126539558171,0.41088734604418287,23,13,0.5652173913043478,2.2686445570550857,0.44092946816235784,100.0,103.46257066953808,0.9994725716316407,0.06879196114227093,1506.78772742983,1523.5272753139507,True,True,,True,True,True,True,
753,2048,1.4385329401120543,0.20792760578915476,0.49088571071624754,0.5091142892837525,14,4,0.2857142857142857,3.609978102799505,0.4610172644257545,100.0,105.32654829235719,0.9077155879882529,0.0035824478242585537,2090.727996216221,2108.4992569885426,True,True,,True,True,True,True,
754,2048,1.9999543018639088,0.08577995505183934,0.6623694583773613,0.3376305416226387,27,17,0.6296296296296297,1.7361787889152764,0.5164677305147052,100.0,112.92139129117197,0.9994433831178049,0.3467912475061519,1070.5774840865572,1077.8261082460485,True,True,,True,True,True,True,
755,2048,1.6644419403746724,0.26172405648976566,0.3041304722428322,0.6958695277571678,20,10,0.5,2.4224411317147316,0.43739578630775217,100.0,117.16140683954768,0.5398008626218737,0.0009977258044925152,1693.965100812206,1701.819436001675,True,True,,True,True,True,True,
756,2048,1.1470707338303328,0.04575316300615668,0.5490514546632767,0.45094854533672335,20,9,0.45,3.8518643880262973,0.5912715859711171,100.0,95.3594192739501,0.9992989082605518,0.23780469022102615,1658.3479033525332,1668.3966077516511,True,True,,True,True,True,True,
757,2048,1.017618247307837,0.26984351109713317,0.6247931975871324,0.37520680241286763,25,11,0.44,3.2538770735263824,0.4052603676915169,100.0,89.07721752293367,0.9998628418077143,0.07435850981412698,2128.295416729692,2143.795114280074,True,True,,True,True,True,True,
758,2048,1.5438853297382593,0.03526909304782748,0.42830938436090943,0.5716906156390906,16,10,0.625,1.3575251835398374,0.5732107384130358,100.0,109.98157468073862,0.8477919630589692,0.11597995536724055,852.3600769390097,863.7758551502382,True,True,,True,True,True,True,
759,2048,1.8705108789727092,0.15994352912530302,0.586426294222474,0.41357370577752595,29,19,0.6551724137931034,2.791414290480316,0.48084809090942143,100.0,112.48426504030056,0.9999860142773862,0.13992756591842717,1599.6091152116924,1613.8132966742783,True,True,,True,True,True,True,
760,2048,1.3179853856563568,0.1313993850722909,0.3665053892880678,0.6334946107119321,12,5,0.4166666666666667,4.191839436907321,0.5472237952053547,100.0,106.1028216750841,0.8009415445278549,0.007054439757719838,2025.4349177920697,2040.4260044412026,True,True,,True,True,True,True,
761,2048,1.304807431064546,0.2281827134080231,0.5555026222020387,0.4444973777979613,17,11,0.6470588235294118,3.9908759649842978,0.41576429139822724,100.0,99.79239872519759,0.9443078739481664,0.009161476544620547,2449.5047102187864,2467.192913738214,True,True,,True,True,True,True,
762,2048,1.756735596805811,0.06904832907021045,0.397300124540925,0.602699875459075,24,8,0.3333333333333333,2.1787561937235296,0.5618275031447411,100.0,116.00859780067123,0.9038259616446058,0.0022657881459369426,1158.8219062425499,1177.211361170267,True,True,,True,True,True,True,
763,2048,1.579539311118424,0.2022182933986187,0.6422578606754541,0.3577421393245459,11,5,0.45454545454545453,1.9815629901364444,0.4921214856207371,100.0,104.38356068617384,0.9749191246701995,0.29894583667768937,1250.3436388486193,1258.2554104145556,True,True,,True,True,True,True,
764,2048,1.1089172791689634,0.09940715292468667,0.41061812825500965,0.5893818717449903,30,16,0.5333333333333333,3.4662208453752097,0.5366343518719077,100.0,98.38503395593602,0.8860178660421626,0.00013708283531935493,1773.3065814752802,1791.0457403328965,True,True,,True,True,True,True,
765,2048,1.229595952667296,0.1753282483667135,0.33506559431552885,0.6649344056844712,25,14,0.56,4.46301177246496,0.47230281960219145,100.0,104.63028973195088,0.6348094470391707,0.0001663054757983082,2553.552192318341,2564.0429518849623,True,True,,True,True,True,True,
766,2048,1.708869719877839,0.12862061457708476,0.5182681575417518,0.4817318424582482,15,7,0.4666666666666667,2.621894075721502,0.505866126716137,100.0,111.02311522061825,0.9827958886461096,0.06450265086652895,1468.2400744154822,1485.5589053032872,True,True,,True,True,True,True,
767,2048,1.8774052141234279,0.2948961996473372,0.4734324976801872,0.5265675023198129,22,8,0.36363636363636365,1.5223245014436542,0.44788754954934124,100.0,116.11701399840064,0.8553815552697005,0.0026095346397799536,1163.8980545050892,1180.2187438483236,True,True,,True,True,True,True,
768,2048,1.434128776192665,0.0046582907438278195,0.6800721526145934,0.3199278473854066,18,12,0.6666666666666666,2.984429571591318,0.5799005111679435,100.0,99.7596596586589,0.9998206762817402,0.44843563466867425,1382.6086974808147,1387.2158069049397,True,True,,True,True,True,True,
769,2048,1.4374398114159703,0.29451933307573197,0.5706524271517992,0.4293475728482008,27,16,0.5925925925925926,2.1670565742999317,0.4069370808079839,100.0,102.90461205536741,0.9608237138126271,0.00203407473911685,1564.0617920774152,1582.4552548843876,True,True,,True,True,True,True,
770,2048,1.8760184478014708,0.00358047466725111,0.3765112433582544,0.6234887566417455,13,6,0.46153846153846156,3.9896974987350404,0.5655735369771719,100.0,119.32106569851078,0.8499157167007229,0.012886050133162928,1813.4786557798957,1829.698402068378,True,True,,True,True,True,True,
771,2048,1.7095853155478835,0.17509801033884287,0.6339460853487253,0.3660539146512747,21,8,0.38095238095238093,3.4577438453212377,0.4821498665958643,100.0,107.62010529955478,0.9982558167267037,0.24265746483977843,1887.4975463730707,1897.6644151613225,True,True,,True,True,True,True,
772,2048,1.226956520229578,0.12798239355906843,0.4132419992238283,0.5867580007761717,19,12,0.631578947368421,1.977162002865225,0.539187147654593,100.0,101.93125763397308,0.8658615474293678,0.02641332138493034,1173.6239271024656,1189.4641296936652,True,True,,True,True,True,True,
773,2048,1.106401371769607,0.20211622472852467,0.33869076967239375,0.6613092303276062,16,10,0.625,2.6262954625301065,0.4501974107697606,100.0,100.69506625594397,0.6103505415243493,0.006927145608473683,1781.2897977047176,1790.7548694342968,True,True,,True,True,True,True,
774,2048,1.5801342874765396,0.09860413251444697,0.5078320309519767,0.4921679690480233,24,7,0.2916666666666667,4.471488372981548,0.5213339623063803,100.0,108.34081208411055,0.9970081159859026,0.05867394173664539,2152.3502066283804,2170.3658059458007,True,True,,True,True,True,True,
775,2048,1.7554694944992661,0.22764104744419456,0.4504704251885414,0.5495295748114586,12,5,0.4166666666666667,2.9856084373779597,0.42619412876665597,100.0,114.21588286470995,0.7781026093660278,0.00936495656705398,1944.394437151116,1957.951298313128,True,True,,True,True,True,True,
776,2048,1.3079949859529734,0.06809868235141038,0.6961744457483291,0.3038255542516709,28,14,0.5,1.5340237213298678,0.5957315051928163,100.0,95.98882859215132,0.9990193580170474,0.4906614713976662,850.717660714002,854.4456452943534,True,True,,True,True,True,True,
777,2048,1.3192198248580098,0.16001369403675197,0.48218102753162384,0.5178189724683762,23,11,0.4782608695652174,1.7341818242333829,0.4647175218909979,100.0,102.39333125702939,0.8982975878557746,0.0028836079537601102,1239.7227728469518,1257.2532647928754,True,True,,True,True,True,True,
778,2048,1.8672916572540998,0.13223458640277386,0.6646034613251686,0.33539653867483143,17,10,0.5882352941176471,3.599071903154254,0.5076923998072743,100.0,110.16403667038855,0.9994670947815705,0.3398874334341161,1840.443341268346,1847.817191867773,True,True,,True,True,True,True,
779,2048,1.5464334404096007,0.27035298496484755,0.3188873693346977,0.6811126306653024,29,20,0.6896551724137931,3.8466446072794493,0.43989670220762495,100.0,113.78247139693252,0.5687302303778896,0.0007728216725476441,2391.7289745490257,2400.317875929419,True,True,,True,True,True,True,
780,2048,1.017055470496416,0.03625063681975007,0.5278727054595946,0.47212729454040536,11,4,0.36363636363636365,2.41475764978677,0.5813457433134317,100.0,91.76710780752984,0.9617750856718479,0.2153994640975047,1212.3813351772453,1222.3739579768567,True,True,,True,True,True,True,
781,2048,1.1463844208046794,0.2620687399059534,0.6022225189954042,0.39777748100459576,14,5,0.35714285714285715,1.365209052711725,0.4206763233989477,100.0,93.83288098672307,0.9566188341819929,0.11417663632241512,1156.2016725648593,1169.357443176094,True,True,,True,True,True,True,
782,2048,1.667110651731491,0.046862885076552625,0.44480000771582123,0.5551999922841788,26,16,0.6153846153846154,3.259096467029303,0.5511511059477925,100.0,112.3914644325265,0.9853863348064166,0.004555903098233141,1569.8595961204896,1590.6074920454548,True,True,,True,True,True,True,
783,2048,1.9966144049540162,0.20812594899907708,0.5904428634792567,0.4095571365207433,18,9,0.5,4.202746023796498,0.49663330856710675,100.0,114.94277756353523,0.9990081159319264,0.17633912963615458,2119.6058129562994,2132.444696895682,True,True,,True,True,True,True,
784,2048,1.4398908410221338,0.08645036593079566,0.3564575929194689,0.6435424070805311,22,9,0.4090909090909091,2.7934108679182827,0.5255822543054819,100.0,109.7491122426884,0.7508503785769263,0.00045918886145092353,1555.023492587675,1568.899801193026,True,True,,True,True,True,True,
785,2048,1.4771999027580023,0.21880196705460547,0.6609406359493732,0.33905936405062675,12,8,0.6666666666666666,3.1020837147720157,0.5709203308448195,100.0,101.3685922661852,0.9975245956589481,0.4079784647477578,1452.10203320499,1457.5692538117337,True,True,,True,True,True,True,
786,2048,1.9593423204496503,0.07841757545247674,0.4918008856475353,0.5081991143524647,29,11,0.3793103448275862,1.2114116912707686,0.4013951651751995,100.0,117.22859666798172,0.8213111099768478,0.00040630209608069596,1109.6881976723448,1124.4910010513522,True,True,,True,True,True,True,
787,2048,1.6267496310174465,0.24908753307536244,0.5493074439465999,0.4506925560534001,16,7,0.4375,2.742770789097994,0.5460963040590286,100.0,108.18801344015304,0.9914548117134983,0.18180251136251974,1395.3670681572416,1407.721089762291,True,True,,True,True,True,True,
788,2048,1.1867080619558692,0.05252638198435306,0.3036049760878086,0.6963950239121914,25,15,0.6,4.148876392096281,0.4750452069565654,100.0,104.4412062541835,0.5780714508253602,0.00030248805951055497,2415.1029363044754,2424.1467739557843,True,True,,True,True,True,True,
789,2048,1.0582402423024178,0.2784497835673392,0.42961527369916436,0.5703847263008357,20,10,0.5,3.548425677604973,0.5143759733065962,100.0,96.12667752856862,0.8836099107861429,0.0009956574529760107,1898.0362067284727,1915.5500933916305,True,True,,True,True,True,True,
790,2048,1.505224565975368,0.02549215704202652,0.6237549107521771,0.37624508924782285,20,9,0.45,1.6803182409144937,0.4573509030044079,100.0,103.09779432160354,0.9915677232420054,0.18734724860841342,1200.1647958771339,1211.8815339971604,True,True,,True,True,True,True,
791,2048,1.830867351964116,0.15426771752536297,0.3663704168051481,0.633629583194852,27,9,0.3333333333333333,2.2577384557574987,0.5903358787298203,100.0,118.70303943047776,0.8918849195216594,0.0016942547539336927,1109.8942654482548,1127.8424260135714,True,True,,True,True,True,True,
792,2048,1.3556676814332604,0.14527981923893094,0.5870730098336935,0.4129269901663065,13,8,0.6153846153846154,3.6928537859581407,0.4317848769947887,100.0,100.27513117040786,0.9908902529454666,0.05568664597144054,2213.874176504852,2230.7903637022937,True,True,,True,True,True,True,
793,2048,1.2672982271760702,0.23605600018054246,0.39794750772416587,0.6020524922758341,18,7,0.3888888888888889,4.319308683089912,0.5007344625890255,100.0,103.60973241997135,0.7967089054240163,0.0003569851042659293,2294.736381589985,2309.8054143344557,True,True,,True,True,True,True,
794,2048,1.7961898194625974,0.057658339943736786,0.5553685080260038,0.4446314919739962,22,15,0.6818181818181818,2.4708877933211624,0.47187096234411,100.0,111.82694628650597,0.999305397883272,0.05847982623628926,1493.8147718051016,1511.6556957119185,True,True,,True,True,True,True,
795,2048,1.6180231682956219,0.19610246596857905,0.40958069972693917,0.5904193002730609,15,8,0.5333333333333333,1.4817716628313065,0.5759500740095973,100.0,112.39643407042354,0.8461384629805635,0.08816009257853698,889.2672609976661,901.7973148463473,True,True,,True,True,True,True,
796,2048,1.068488403223455,0.11138156410306692,0.6435644175857305,0.35643558241426954,25,12,0.48,2.9365733432583507,0.4454874932765961,100.0,90.25336388261763,0.9998929974323341,0.20003274612611202,1831.8371806192379,1842.8415723586445,True,True,,True,True,True,True,
797,2048,1.1901355311274529,0.18547418480738997,0.5177433289587497,0.48225667104125025,30,12,0.4,3.9374389984644944,0.5564979515969753,100.0,97.58796002940903,0.9999009912271074,0.1334966429770979,1827.396736325937,1841.6788312297426,True,True,,True,True,True,True,
798,2048,1.7463689101859927,0.11964977625757456,0.3353224419057369,0.6646775580942631,11,6,0.5454545454545454,2.1180280202999713,0.4151343559846282,100.0,117.92579476003078,0.5600731877861699,0.018680675130630087,1596.0649029677286,1603.6552408049522,True,True,,True,True,True,True,
799,2048,1.9178441036492586,0.28182421904057264,0.680988185852766,0.319011814147234,24,15,0.625,1.8249761662445962,0.5324913678690791,100.0,110.74936274385851,0.999356941860411,0.40147201853436665,1071.696285391932,1077.542024384486,True,True,,True,True,True,True,
800,2048,1.3956511178985238,0.009530083369463682,0.47200434282422066,0.5279956571757793,17,6,0.35294117647058826,3.3023422244936222,0.4895286917686462,100.0,104.78754111779494,0.9231591491838433,0.0015630406939081774,1845.7160484100034,1864.3299805315332,True,True,,True,True,True,True,
801,2048,1.3898696694523096,0.17260841773822902,0.3185095727443695,0.6814904272556306,13,7,0.5384615384615384,2.883199319243431,0.5490491667762398,100.0,109.74465426389389,0.6900771494358372,0.013330210687770997,1529.4687113852585,1541.0681855846417,True,True,,True,True,True,True,
802,2048,1.9235963309183717,0.1254933726042509,0.534525690972805,0.465474309027195,26,11,0.4230769230769231,1.4320206868462264,0.4795117396861315,100.0,115.15652821896788,0.9554977738915438,0.07757060345736234,1036.4762230424633,1052.3307128890071,True,True,,True,True,True,True,
803,2048,1.7249309718608856,0.2970103517174721,0.4802158430218696,0.5197841569781304,20,6,0.3,2.5238613395020364,0.5742662977427244,100.0,112.57603464188935,0.9737377289897153,0.11433339433549074,1232.387081472135,1247.1559238167033,True,True,,True,True,True,True,
804,2048,1.2116033462807536,0.006072066072374582,0.6727950066328048,0.3272049933671952,20,13,0.65,4.369460136909038,0.4031298028305173,100.0,93.87477998353017,0.9999805160359843,0.18835983341915533,2671.937438934982,2683.0180279279366,True,True,,True,True,True,True,
805,2048,1.090079266577959,0.23013006784021853,0.597144766524434,0.40285523347556595,24,16,0.6666666666666666,3.355309679266065,0.5925109246745706,100.0,92.20923324580792,0.9999920957155443,0.3200937791605045,1484.643713883512,1492.8276286191644,True,True,,True,True,True,True,
806,2048,1.596464148722589,0.07058827551081777,0.35612853504717346,0.6438714649528265,15,6,0.4,1.8751337114721536,0.4354735929518938,100.0,113.6969542651853,0.6281635761560779,0.003476205922649896,1417.4381408148274,1427.3834909533387,True,True,,True,True,True,True,
807,2048,1.8020631950348616,0.19962463388219476,0.6103651348501444,0.38963486514985557,28,13,0.4642857142857143,2.0646475114859637,0.518499756976962,100.0,110.32770152439798,0.9989235104366458,0.24953630309702116,1202.3713205301058,1212.4810480640558,True,True,,True,True,True,True,
808,2048,1.2613937826827168,0.09611311331391334,0.44278609640896316,0.5572139035910368,11,6,0.5454545454545454,3.8876945072785016,0.4598633574321866,100.0,101.98930145418944,0.8061203589796602,0.016029523475082196,2278.2384970918465,2292.5002411151563,True,True,,True,True,True,True,
809,2048,1.365388059988618,0.2631768981926143,0.6288551438599825,0.37114485614001747,16,7,0.4375,4.099131612014025,0.5789059866219759,100.0,99.36009580187891,0.9979674554149905,0.36036432294394133,1779.270433478055,1785.8187012045157,True,True,,True,True,True,True,
810,2048,1.8211156660690904,0.029073977284133433,0.42455777563154695,0.575442224368453,23,12,0.5217391304347826,2.68939056918025,0.44995707962661985,100.0,116.51133351769101,0.7709032082158971,0.0011761335016442266,1723.2275089220461,1737.2375549333242,True,True,,True,True,True,True,
811,2048,1.5305403620004654,0.16719293240457772,0.5671488735824823,0.43285112641751766,10,6,0.6,1.2615695376880467,0.5040773766115307,100.0,105.3497703629152,0.9077967704229216,0.23201189775138165,940.3092065634041,948.9430837269767,True,True,,True,True,True,True,
812,2048,1.0329560516402125,0.1394132531248033,0.3862884599715471,0.613711540028453,30,10,0.3333333333333333,3.1550508683547376,0.4736025493592024,100.0,96.67147495471238,0.7338381338334772,1.369667416446415e-06,1928.7741314721743,1941.1446029635276,True,True,,True,True,True,True,
814,2048,1.6521865194663405,0.09362645326182246,0.6910347655415534,0.3089652344584466,15,10,0.6666666666666666,2.3107121064327654,0.49321435783058404,100.0,104.73735208694245,0.998391527007965,0.3752210420595774,1374.726222748854,1381.0506021398794,True,True,,True,True,True,True,
815,2048,1.9494694899767637,0.2548900737427175,0.34851691573858257,0.6514830842614174,21,12,0.5714285714285714,1.6305673571303485,0.5606247859075666,100.0,121.8424717569959,0.7567083326956817,0.028607804714416506,979.2103180466623,992.0064906191383,True,True,,True,True,True,True,
816,2048,1.4870432736352086,0.03968364614993334,0.5043772041797637,0.4956227958202363,18,9,0.5,3.4950515613891184,0.4176498632878065,100.0,106.15223582211564,0.8648579681605786,0.001740849337060811,2215.7892658963515,2231.843857364329,True,True,,True,True,True,True,
817,2048,1.4613602319732308,0.24689191002398728,0.40302528999745846,0.5969747100025415,28,18,0.6428571428571429,2.3613779277540745,0.4851025385782123,100.0,108.73283995968069,0.7803244512318392,0.0025675658918572703,1487.445968181782,1501.8917683637756,True,True,,True,True,True,True,
818,2048,1.9751742351800203,0.05033018728718162,0.6440399747341871,0.35596002526581294,12,4,0.3333333333333333,3.7968993293121454,0.5436534896492958,100.0,112.9503123743234,0.981800016671645,0.36052193661060494,1779.5368189262938,1786.1050465726832,True,True,,True,True,True,True,
819,2048,1.672864462248981,0.22100073276087642,0.389658410474658,0.610341589525342,24,11,0.4583333333333333,3.6520401447080078,0.41028323844075204,100.0,114.35626248537307,0.6606913040431087,9.238819800736048e-05,2379.101993471358,2389.773249436934,True,True,,True,True,True,True,
820,2048,1.1406007334589958,0.08061576839536429,0.5572359558194875,0.4427640441805125,16,8,0.5,1.7843385826796294,0.567308365367353,100.0,94.92376957882499,0.9878135748095618,0.22883069212067605,1010.2620137440539,1020.4517761792522,True,True,,True,True,True,True,
821,2048,1.0111487349495292,0.15646391278132796,0.6814148135483264,0.31858518645167355,19,11,0.5789473684210527,2.8463852008804675,0.428368983976543,100.0,87.36887168461908,0.9998287482580301,0.25651178422129506,1850.2435418908656,1859.1790326554394,True,True,,True,True,True,True,
822,2048,1.5523083321750164,0.14747544173151253,0.465400206297636,0.534599793702364,21,10,0.47619047619047616,4.252896690834313,0.5994200304150581,100.0,108.99305172680096,0.9993288636592402,0.10859207423871915,1730.2369477858424,1745.7244770509524,True,True,,True,True,True,True,
823,2048,1.8457303391769528,0.2762515900656581,0.5196596942842007,0.48034030571579933,13,5,0.38461538461538464,3.2057232297956944,0.4543213851749897,100.0,113.98466494040525,0.9370608426588516,0.018343335869004076,1891.1906894810593,1909.1285598685613,True,True,,True,True,True,True,
824,2048,1.340812211856246,0.02329339189454913,0.32708208337426187,0.6729179166257382,27,18,0.6666666666666666,1.315457289945334,0.5238466074690222,100.0,108.09977948589972,0.6716142544576666,0.013918220444076247,967.3220974907422,978.3925767670412,True,True,,True,True,True,True,
825,2048,1.2827125499024987,0.18921834602952003,0.5378941155970096,0.4621058844029904,22,7,0.3181818181818182,1.9274103322997689,0.44285242408514025,100.0,99.6885657883418,0.9647388529276039,0.0009118897831810246,1365.7540831060328,1384.909463125826,True,True,,True,True,True,True,
826,2048,1.780783237889409,0.10449801692739129,0.30859818086028096,0.6914018191397191,18,11,0.6111111111111112,3.4043705158866944,0.5858151389285922,100.0,119.65718168689352,0.7309617695239856,0.009977833248471738,1560.612528322331,1573.4048574718927,True,True,,True,True,True,True,
827,2048,1.570384363643825,0.24294155510142446,0.6512609951198101,0.34873900488018994,26,14,0.5384615384615384,4.039848061278462,0.46806062664836645,100.0,103.91469745539177,0.9999783204373138,0.2549522999494511,2202.600662934758,2212.2460623161687,True,True,,True,True,True,True,
828,2048,1.1161196902394295,0.06454446651041508,0.4954021997749805,0.5045978002250195,14,6,0.42857142857142855,2.220031011756509,0.50942417755723,100.0,95.97420112265155,0.9667139774060673,0.04151452996667281,1332.020982395488,1349.7125732697323,True,True,,True,True,True,True,
829,2048,1.2367978980764747,0.2887077667750418,0.3714125510305166,0.6285874489694834,11,5,0.45454545454545453,1.5841807809658348,0.4988051101565361,100.0,103.60308051975505,0.7117221096539845,0.02947332545716804,1135.1426052145807,1146.5456450378215,True,True,,True,True,True,True,
830,2048,1.6997142992913723,0.016414202749729156,0.5757084082812071,0.42429159171879294,29,16,0.5517241379310345,3.0385763777419923,0.5292677296325564,100.0,109.08291798902076,0.9999624118581228,0.19836167328273688,1554.4079156050416,1566.3475279311328,True,True,,True,True,True,True,
831,2048,1.9014533357694745,0.17858805768191813,0.4331676702946424,0.5668323297053576,17,12,0.7058823529411765,4.421742806117981,0.42480334844440226,100.0,117.9383802637156,0.7436408714950169,0.01277730048430265,2651.6383068057426,2664.1325607476647,True,True,,True,True,True,True,
832,2048,1.4120343830436468,0.11276422189548611,0.6140265312045812,0.38597346879541883,23,8,0.34782608695652173,2.5729160293936726,0.5536668039858341,100.0,101.00480819894847,0.9965868233615959,0.30562806870428694,1319.3289590919858,1327.4203552607028,True,True,,True,True,True,True,
833,2048,1.4153284868225455,0.19825412034988402,0.44906404390931126,0.5509359560906888,18,8,0.4444444444444444,1.3871899399906396,0.5890007877722383,100.0,106.03375631671906,0.9042827762314631,0.1314175119123634,826.8708934952682,838.9417067422752,True,True,,True,True,True,True,
834,2048,1.8981365673244,0.095442979875952,0.6041415356099605,0.39585846439003947,22,11,0.5,3.235604935046285,0.43351365663111213,100.0,112.53805322517968,0.9994954594112384,0.08751655992085972,1948.2909285522196,1964.3079906456223,True,True,,True,True,True,True,
835,2048,1.687646602280438,0.2333004464395344,0.3623576335608959,0.6376423664391041,14,9,0.6428571428571429,4.224726935662329,0.5126350160688162,100.0,115.6355714466809,0.7285060419290819,0.014258679895722123,2186.5664784012047,2199.1771375328535,True,True,,True,True,True,True,
836,2048,1.2488886769860983,0.07416606210172176,0.5908723600208758,0.40912763997912416,26,8,0.3076923076923077,2.769919360522181,0.45869821924716236,100.0,97.19545807100496,0.9975971883712055,0.11091638288008134,1699.4396481577878,1714.2374924026901,True,True,,True,True,True,True,
837,2048,1.1194443264976144,0.29768847981467844,0.6665164526551961,0.3334835473448039,29,11,0.3793103448275862,1.7561630803160369,0.5447580778971315,100.0,91.26170835058485,0.9985156509693618,0.38907250523868825,1050.7550810843973,1056.5305176059294,True,True,,True,True,True,True,
838,2048,1.5670981276780367,0.007450570911169052,0.4864388834685087,0.5135611165314913,11,7,0.6363636363636364,3.5755799531936647,0.4767710421234369,100.0,108.69013167653134,0.8870674266584616,0.04677419391897609,2012.1291117775106,2027.4001147279914,True,True,,True,True,True,True,
839,2048,1.7686850680038333,0.16903865821659564,0.5282960336655378,0.4717039663344622,23,13,0.5652173913043478,3.868625937122851,0.5691823180764913,100.0,112.04953930078938,0.9998754395006921,0.17135636703698817,1710.755711153732,1723.772431179173,True,True,,True,True,True,True,
840,2048,1.294772855937481,0.1223310244269669,0.32478137277066704,0.675218627229333,17,8,0.47058823529411764,2.3912657735869285,0.40274561662226915,100.0,106.88525620904886,0.5430677867558006,0.0010722374503694633,1808.0566907199025,1815.7639915270372,True,True,,True,True,True,True,
841,2048,1.3284699013456702,0.2565878877416253,0.5106055404990911,0.4893944595009089,12,6,0.5,2.6043142064474525,0.5342659059911966,100.0,101.78078511989366,0.9744218713182408,0.10627622205967777,1400.130577646722,1415.095059592733,True,True,,True,True,True,True,
842,2048,1.858034785836935,0.04061699425801635,0.3422467987984419,0.6577532012015581,28,12,0.42857142857142855,4.494980322942138,0.48814171496778724,100.0,120.13757027539327,0.6686158989237981,2.1450003121835445e-05,2420.3467048452667,2431.835258374614,True,True,,True,True,True,True,
843,2048,1.5558771090582013,0.21187359346076845,0.6973119508475065,0.3026880491524935,16,6,0.375,2.9636271075345575,0.5578971179202199,100.0,102.31207505691674,0.9945785851228871,0.4617445492343366,1442.1832141722914,1446.530246975819,True,True,,True,True,True,True,
844,2048,1.0076183583587408,0.08972594272345304,0.4555159743875265,0.5444840256124734,24,14,0.5833333333333334,1.5575155975297093,0.4133475806564093,100.0,93.60792661391321,0.7749138214665805,0.0022061097606307185,1316.4708171807426,1329.9005450116424,True,True,,True,True,True,True,
845,2048,1.1282888958230615,0.16625159075483678,0.3800610907375812,0.6199389092624188,21,15,0.7142857142857143,2.1450756870210173,0.57772774733603,100.0,100.0005651623095,0.8519271941793072,0.035161839617562876,1143.9610002228192,1158.8908471922537,True,True,,True,True,True,True,
846,2048,1.6851993817836046,0.13770744670182467,0.5734199099242687,0.4265800900757313,19,7,0.3684210526315789,4.013189030718058,0.444103460945189,100.0,108.82113822635608,0.9970616885589028,0.0431218744429119,2281.2599069043604,2299.3809961007023,True,True,,True,True,True,True,
847,2048,1.978712479583919,0.26706938054412604,0.4182815097272396,0.5817184902727603,27,13,0.48148148148148145,3.4357629334554076,0.5021306844428182,100.0,120.03162477866721,0.8398460429191388,0.000284474368662353,1844.2887306517214,1860.7840963802537,True,True,,True,True,True,True,
848,2048,1.4577993229031563,0.032494962494820354,0.6350774206221104,0.36492257937788963,13,7,0.5384615384615384,2.000653510261327,0.4700810518115759,100.0,101.59254049879286,0.9886625894540599,0.23648351891481798,1315.3484563857246,1325.3205571838043,True,True,,True,True,True,True,
849,2048,1.4981572814285755,0.2727995398454368,0.333310442045331,0.666689557954669,23,7,0.30434782608695654,3.9593191777355967,0.42797183077782397,100.0,112.05835658030213,0.5826754604294246,9.157710355835281e-06,2500.316894938891,2507.5318345406426,True,True,,True,True,True,True,
850,2048,1.9383781468495727,0.019433932565152644,0.5133895520120859,0.4866104479879141,16,10,0.625,2.0944357803091407,0.5943474918603897,100.0,116.1175534328371,0.9856984902978992,0.1910303374353383,1020.872903802132,1032.7481201656644,True,True,,True,True,True,True,
851,2048,1.6478929799050093,0.1581389771774411,0.471677366271615,0.5283226337283851,30,15,0.5,1.8468563701026142,0.4515936605632305,100.0,111.07980602664503,0.8596214389867984,0.000561541594571174,1314.6568893645774,1331.17941107565,True,True,,True,True,True,True,
852,2048,1.1655712695792317,0.1484501271508634,0.6751935262233019,0.32480647377669813,10,4,0.4,3.278750009089708,0.5195440715178847,100.0,92.44559453883636,0.9862527237684933,0.38753710080787845,1722.4938467824609,1728.1386907517376,True,True,,True,True,True,True,
853,2048,1.0440395269542933,0.2248704744502902,0.5510085135698318,0.4489914864301682,15,7,0.4666666666666667,4.341189231164753,0.4839244334027171,100.0,92.00693127575676,0.9980042025242444,0.07430087700241754,2316.819165242854,2333.410509502526,True,True,,True,True,True,True,
854,2048,1.5194184863939881,0.08407809985801577,0.395929516851902,0.6040704831480981,25,15,0.6,2.4472951353527606,0.5378001898527145,100.0,110.44500078586617,0.8507811795829698,0.005016168951257068,1350.3511108589678,1366.9432170217033,True,True,,True,True,True,True,
855,2048,1.8168525993824005,0.2459275416098535,0.6377637788653373,0.3622362211346627,18,12,0.6666666666666666,1.5036522846668958,0.4083362750709057,100.0,109.8576989665209,0.982103155304171,0.13883334148537696,1210.7313345238772,1223.7349324284887,True,True,,True,True,True,True,
856,2048,1.3696889905259013,0.04866544101387262,0.40924749374389646,0.5907525062561035,21,8,0.38095238095238093,2.912980759050697,0.5637867813929915,100.0,106.1024281142266,0.936449298300213,0.0013520576218085958,1432.272883458643,1451.5637084294121,True,True,,True,True,True,True,
857,2048,1.256886575371027,0.1817173850722611,0.6203044533729554,0.37969554662704463,26,16,0.6153846153846154,3.526545129530132,0.4952950537204742,100.0,96.60225624827177,0.9999928842850361,0.233404048134955,1897.5479127712156,1908.5900661058392,True,True,,True,True,True,True,
858,2048,1.806608266197145,0.11636504419147968,0.4269440934062004,0.5730559065937997,13,4,0.3076923076923077,1.7039108988828957,0.5273080704733729,100.0,116.11636428961594,0.8463895947440899,0.050941004970054,1072.5497536713558,1086.838069920228,True,True,,True,True,True,True,
860,2048,1.0787132503464818,0.015766818914562462,0.3651401191949844,0.6348598808050157,19,10,0.5263157894736842,3.7164463701657953,0.5525015376508235,100.0,98.89851122296426,0.8138335746054501,0.0017225114771310002,1834.0506223013977,1849.6204958164444,True,True,,True,True,True,True,
861,2048,1.2070656660944223,0.2393304493278265,0.48912371583282943,0.5108762841671706,15,8,0.5333333333333333,3.080203535500914,0.43856158256530764,100.0,98.95559253741828,0.8661463506075952,0.00646793609441891,1961.2941900698254,1977.357379330892,True,True,,True,True,True,True,
862,2048,1.7294455701485276,0.061404858995229,0.6574839625507592,0.34251603744924075,25,12,0.48,1.235003931261599,0.5830745039507746,100.0,107.40043353580842,0.9829371911582956,0.42476994191351103,763.8631339999328,768.808232629744,True,True,,True,True,True,True,
863,2048,1.9349544793367386,0.18985541397705674,0.3023684505373239,0.6976315494626761,11,4,0.36363636363636365,2.7208905852399763,0.46297653671354055,100.0,123.20639581211293,0.5569472883821587,0.007073387263260541,1737.6400611416823,1745.816991865117,True,True,,True,True,True,True,
864,2048,1.3785341857001185,0.1058995485305786,0.5441659856587648,0.45583401434123516,28,19,0.6785714285714286,4.172468607500195,0.5090396963059902,100.0,102.1358712878731,0.999999048346523,0.10451735905522197,2101.3706557917144,2117.6541678873505,True,True,,True,True,True,True,
865,2048,1.3999103382229805,0.22641503904014826,0.6899020548909902,0.3100979451090098,22,10,0.45454545454545453,3.766191740334034,0.456062482483685,100.0,98.61322126634258,0.9997687814488625,0.32032933894337867,2144.3969012195466,2151.925102531826,True,True,,True,True,True,True,
866,2048,1.9135469598695636,0.06728008305653929,0.4566995333880186,0.5433004666119814,19,11,0.5789473684210527,2.28923746375367,0.5224992226809263,100.0,117.41677175726448,0.9286989661704983,0.02535132310772005,1293.3565422738805,1311.2905806264127,True,True,,True,True,True,True,
867,2048,1.73528921790421,0.20513810170814395,0.5016084413975477,0.4983915586024523,26,17,0.6538461538461539,1.6537540359422565,0.42970417924225335,100.0,112.13488496790632,0.8699910406368683,0.01268912381524356,1267.9773884100975,1283.9251308632356,True,True,,True,True,True,True,
868,2048,1.2012535640969872,0.10232638847082853,0.3449687328189611,0.6550312671810389,15,6,0.4,3.473576992470771,0.5976911703124642,100.0,103.44009977738199,0.8507503180307384,0.004528687490326653,1545.4883427381474,1561.85454842434,True,True,,True,True,True,True,
869,2048,1.0727781560271978,0.17592463782057166,0.4195138074457645,0.5804861925542355,10,3,0.3,4.122317848261446,0.41202117670327426,100.0,96.92747338092488,0.7102157904452207,0.004665451170135402,2659.9841424986857,2671.675549545153,True,True,,True,True,True,True,
870,2048,1.613756556995213,0.12921643126755952,0.6277164421975612,0.3722835578024388,30,19,0.6333333333333333,2.6679163444787264,0.5659580122679472,100.0,105.60061313275162,0.9999902967414684,0.34221410219068366,1304.2921050008113,1311.9204264375278,True,True,,True,True,True,True,
871,2048,1.7850796543061733,0.29080507066100836,0.3827342979609966,0.6172657020390033,17,9,0.5294117647058824,1.284755798522383,0.48644070215523244,100.0,117.13505462295899,0.7201818580293129,0.026475275524296384,1005.2053462612656,1016.9729988241693,True,True,,True,True,True,True,
872,2048,1.2783857872709632,0.0005665901117026806,0.5643738813698291,0.43562611863017087,24,10,0.4166666666666667,3.1335766682401296,0.541927788592875,100.0,98.79334473138022,0.9993298769885922,0.19673422674499288,1574.2756487434278,1586.009502934649,True,True,,True,True,True,True,
873,2048,1.3443133756518364,0.2096746802330017,0.3502362914383411,0.6497637085616589,28,16,0.5714285714285714,3.332123443018645,0.4234040539711714,100.0,107.39194045800917,0.6073251670182381,0.00013099848073434476,2209.103778029806,2218.5525107118033,True,True,,True,True,True,True,
874,2048,1.842199052684009,0.08752760225906968,0.5967200629413127,0.40327993705868725,12,6,0.5,1.8966079361736774,0.5554536359384656,100.0,111.5836831762648,0.9714615525976124,0.2968036595953017,1053.871726542858,1061.941350567038,True,True,,True,True,True,True,
875,2048,1.509758459404111,0.25878364937379955,0.4385299049317837,0.5614700950682163,25,9,0.36,2.0414612506516274,0.49703045580536126,100.0,108.80020004614067,0.8714723435792598,0.0004183987953440962,1292.2116283089458,1309.4835488327653,True,True,,True,True,True,True,
876,2048,1.053729490377009,0.0428133275359869,0.6084508635103703,0.39154913648962975,15,10,0.6666666666666666,3.9091687073931096,0.5306547988206148,100.0,90.72081248051552,0.9997034412765382,0.26240139809738067,1934.9949798709474,1944.2481039719785,True,True,,True,True,True,True,
878,2048,1.638111804611981,0.03469387516379356,0.31261111311614515,0.6873888868838549,21,7,0.3333333333333333,1.4534953295253217,0.5112139778211713,100.0,116.23323407324608,0.6378160662352647,0.0016743385207821794,1044.3827049675724,1055.0353912295698,True,True,,True,True,True,True,
879,2048,1.963845681399107,0.16405525691807268,0.6708745073527097,0.3291254926472903,14,6,0.42857142857142855,2.5006746606901284,0.4410748014226556,100.0,111.96243197895222,0.9899668656001516,0.26652447360327286,1588.4360597204286,1597.5411536912218,True,True,,True,True,True,True,
880,2048,1.4726586183533072,0.13551168562844396,0.4759536739438772,0.5240463260561228,27,14,0.5185185185185185,4.390934705827385,0.5871990490704775,100.0,106.66942470655852,0.9999643251472699,0.107562044029919,1835.3012606450843,1850.8776477049948,True,True,,True,True,True,True,
881,2048,1.4519852278754115,0.15095960022881627,0.5808517307043075,0.4191482692956925,17,7,0.4117647058823529,1.6072666780091822,0.5171036472544074,100.0,102.98214025573259,0.9751958537011969,0.21259519834927096,1044.7006230022923,1055.398496606927,True,True,,True,True,True,True,
882,2048,1.9845579415559769,0.14127132184803484,0.37264759093523026,0.6273524090647697,23,15,0.6521739130434783,3.017001027055085,0.46165317967534064,100.0,121.71428006759169,0.6885325171012595,0.004283999958036744,1847.8566049472508,1859.5671672181038,True,True,,True,True,True,True,
883,2048,1.6637898618355393,0.27997577413916586,0.6174847826361656,0.3825152173638344,11,7,0.6363636363636364,4.444828776922077,0.5907333269715309,100.0,107.05117444244075,0.9963713429041744,0.3549880282766245,1825.8474905634835,1832.6064701086432,True,True,,True,True,True,True,
884,2048,1.1496668700128794,0.0266107396222651,0.43584364056587216,0.5641563594341279,29,13,0.4482758620689655,2.551340752467513,0.43685752581804993,100.0,98.86448429728785,0.7739204458218489,2.9109057900065864e-05,1743.3472315284407,1757.208308988153,True,True,,True,True,True,True,
885,2048,1.0291193248704076,0.2531063463538885,0.3098271954804659,0.6901728045195341,26,12,0.46153846153846156,1.9504958605393767,0.5728670289739967,100.0,99.12759078616864,0.7241707286064448,0.0008914501655645677,1113.1278509178198,1126.15663211558,True,True,,True,True,True,True,
886,2048,1.5343464445322752,0.055844818521291015,0.5430312577635049,0.4569687422364951,14,7,0.5,3.3827955831773577,0.40491665676236155,100.0,106.1584143096652,0.9069105876728613,0.00826346072576019,2186.6787662210486,2203.3330571335823,True,True,,True,True,True,True,
887,2048,1.8640013402327895,0.2176936679519713,0.49807200171053406,0.501927998289466,22,14,0.6363636363636364,4.062933614104986,0.54727453738451,100.0,115.04851287995115,0.999904433556899,0.08292817098694653,1863.2082578594366,1880.2921484143694,True,True,,True,True,True,True,
888,2048,1.3225327469408512,0.07690186500549316,0.6547132093459367,0.3452867906540633,18,6,0.3333333333333333,2.198456103634089,0.4808988315984607,100.0,97.49337996871947,0.9905121136503704,0.2922386593854576,1380.4762246573898,1388.6987835452417,True,True,,True,True,True,True,
889,2048,1.304460528306663,0.28480503587052225,0.4657319266349077,0.5342680733650923,13,9,0.6923076923076923,2.82329967264086,0.5623626984655857,100.0,102.49231667961453,0.9594222510987997,0.08154039346177021,1401.344739814763,1417.0664898479802,True,True,,True,True,True,True,
890,2048,1.7590265572071075,0.013275366090238093,0.687217316403985,0.312782683596015,27,10,0.37037037037037035,4.27447162354365,0.416299488209188,100.0,107.22827050425099,0.9997668464108936,0.24897834438171598,2511.9885249116787,2521.5348442801665,True,True,,True,True,True,True,
891,2048,1.592442282475531,0.1842068301513791,0.32909887470304966,0.6709011252969503,19,9,0.47368421052631576,3.18263767696917,0.5360014988109469,100.0,114.54805217561716,0.7073375542040933,0.00167121209239023,1677.5429210049717,1690.1484083365503,True,True,,True,True,True,True,
892,2048,1.0940702352672815,0.1188539176248014,0.524021266773343,0.47597873322665696,21,12,0.5714285714285714,1.3370321980677544,0.4914886340498924,100.0,94.4213454447584,0.9605906004967307,0.0723310644194399,1004.3874906404753,1020.2260669272788,True,True,,True,True,True,True,
893,2048,1.2233915897086263,0.19234686624258757,0.6498362958431243,0.3501637041568757,24,13,0.5416666666666666,2.338292030710727,0.5058184482157231,100.0,94.83168203056204,0.9998017644527964,0.30792207302782454,1374.73459595487,1382.681650306081,True,True,,True,True,True,True,
894,2048,1.7131119053810835,0.10839042915031313,0.40335098356008525,0.5966490164399147,16,7,0.4375,3.8184746799990537,0.47225514259189366,100.0,114.81979218421498,0.7626543053726712,0.001830712472578974,2170.5208582303053,2184.4515275652984,True,True,,True,True,True,True,
895,2048,1.8883569752797484,0.2368415764532983,0.5615914896130562,0.43840851038694384,28,9,0.32142857142857145,3.628954173903912,0.5802411569282413,100.0,113.60011201201405,0.9984132168971893,0.24558578128670003,1578.6299102472535,1588.8485619116013,True,True,,True,True,True,True,
896,2048,1.425139207392931,0.058915413357317446,0.39166903197765346,0.6083309680223465,12,7,0.5833333333333334,1.805913859605789,0.4482281967997551,100.0,108.16706311825823,0.6850481541632653,0.030518036333249066,1351.2298765113596,1361.6469609512362,True,True,,True,True,True,True,
897,2048,1.425910851918161,0.16843060366809368,0.6406055875122547,0.3593944124877453,29,9,0.3103448275862069,4.353841147944331,0.535383789986372,100.0,100.62363644450181,0.9995548140819046,0.32910651013973713,2055.459961481536,2062.9508132349065,True,True,,True,True,True,True,
898,2048,1.8856019265949726,0.1405090277083218,0.40662218257784843,0.5933778174221516,11,7,0.6363636363636364,2.5376927613280715,0.4923966532573104,100.0,118.49408840821343,0.749796050007955,0.052850761889177054,1526.3188460089143,1537.820393107482,True,True,,True,True,True,True,
899,2048,1.7161113293841481,0.26426808619871733,0.552263506501913,0.447736493498087,23,12,0.5217391304347826,1.4131538646295665,0.5598067013546825,100.0,110.15145613535714,0.9694875268187049,0.2241879181717741,873.6582162835579,883.9659411085427,True,True,,True,True,True,True,
900,2048,1.2223760467022657,0.030316235125064848,0.39484219327569003,0.60515780672431,17,7,0.4117647058823529,2.900228220317513,0.4183699101209641,100.0,102.39691218503935,0.6784069191905474,0.0006226893766499655,1998.654794864924,2009.810264007907,True,True,,True,True,True,True,
901,2048,1.1007298612967134,0.25378629835322497,0.4688017096370458,0.5311982903629542,18,8,0.4444444444444444,3.8946022535674274,0.5796237461268902,100.0,96.29220676838906,0.998147783917094,0.0848862829091701,1724.728201838138,1741.1229170518964,True,True,,True,True,True,True,
902,2048,1.5877665374428034,0.03843795396387577,0.6777851920574903,0.3222148079425097,22,13,0.5909090909090909,2.0559018440544605,0.44913670476526024,100.0,103.59897024223051,0.9994989905633284,0.2832055398574707,1382.2857293686375,1390.9375705109542,True,True,,True,True,True,True,
903,2048,1.7639466850087047,0.21405234709382057,0.3320706199854612,0.6679293800145387,14,9,0.6428571428571429,1.885289291013032,0.5032619623467326,100.0,118.43650784298876,0.6345271446061562,0.033535252365753006,1242.8692251956818,1252.1703601042702,True,True,,True,True,True,True,
904,2048,1.29755699634552,0.09252724656835198,0.514491867646575,0.48550813235342505,26,10,0.38461538461538464,3.343366532586515,0.4743252664804459,100.0,100.80364623016715,0.9786916932762857,5.6816744233883186e-05,1905.1388516889228,1925.2180658349866,True,True,,True,True,True,True,
905,2048,1.3253795867785811,0.2957658050581813,0.3005121823400259,0.6994878176599741,21,13,0.6190476190476191,3.1447190559469163,0.5933503245934844,100.0,108.61177009411216,0.7307427245747523,0.005657070124320272,1467.5667756337887,1480.4883096625294,True,True,,True,True,True,True,
906,2048,1.8630773462355137,0.0049785892479121685,0.5462143372744321,0.45378566272556786,19,7,0.3684210526315789,1.2733364392071962,0.43472612723708154,100.0,113.53594886705963,0.925786654299501,0.05265786233633275,1060.662353394283,1076.3564020277647,True,True,,True,True,True,True,
907,2048,1.5355148138478398,0.17151035433635115,0.4888542633503675,0.5111457366496325,27,11,0.4074074074074074,2.682256236020476,0.5177580118179321,100.0,107.84204428195324,0.9985593182067264,0.014109383752906721,1461.333956334216,1481.7618396320806,True,True,,True,True,True,True,
908,2048,1.026028586551547,0.12425341252237558,0.6579943265765905,0.3420056734234095,13,7,0.5384615384615384,4.107650680281222,0.460708480887115,100.0,88.47668569692206,0.9986624922874401,0.2592171500827869,2316.864644628162,2325.937067359191,True,True,,True,True,True,True,
909,2048,1.1544954413548112,0.2007261293940246,0.5838333941996097,0.41616660580039033,12,7,0.5833333333333334,3.5136917844414706,0.5498919999226928,100.0,94.59537051065848,0.9962967606966178,0.24621584070744207,1699.4844644066682,1709.2839227274046,True,True,,True,True,True,True,
910,2048,1.6570389214903116,0.09736566301435232,0.36313116177916527,0.6368688382208347,28,13,0.4642857142857143,1.6133118691854178,0.47876770719885825,100.0,114.8959899679175,0.6961102610478482,0.000619713474986658,1176.38367584218,1188.5508211846525,True,True,,True,True,True,True,
911,2048,1.991553264670074,0.23137804884463548,0.6205644838511943,0.37943551614880566,16,6,0.375,2.3261548502370717,0.5735211193561554,100.0,113.95519526915768,0.9836976851843257,0.35053343006384063,1152.065225231491,1158.8877075082537,True,True,,True,True,True,True,
912,2048,1.4469127506017685,0.07169433971866965,0.4264244861900806,0.5735755138099194,24,17,0.7083333333333334,3.7289974805898964,0.40397149305790664,100.0,107.58971008455285,0.713221048243067,0.003278629537952058,2448.223282682118,2460.0074972084203,True,True,,True,True,True,True,
913,2048,1.4721330218017101,0.24183890959247945,0.5309319455176591,0.4690680544823409,15,7,0.4666666666666667,1.7689147216267882,0.4995499547570944,100.0,104.9676402019424,0.9655304597967036,0.09554794041534,1151.1947699883979,1166.384601079309,True,True,,True,True,True,True,
914,2048,1.96635468211025,0.06329076904803514,0.32194691635668277,0.6780530836433172,25,13,0.52,3.6660792706534266,0.5284256102517247,100.0,123.14312949000322,0.6821220097864961,0.000522625539206652,1883.003183150343,1894.950073968454,True,True,,True,True,True,True,
915,2048,1.634870147332549,0.18796921726316212,0.6676141802221536,0.3323858197778464,19,12,0.631578947368421,3.778227635007352,0.4239608490839601,100.0,104.97892594727693,0.9998911768466118,0.216143909193895,2255.9407763616205,2266.5781823044836,True,True,,True,True,True,True,
916,2048,1.1766420053318143,0.10339080272242426,0.48519143946468823,0.5148085605353118,22,7,0.3181818181818182,2.37861453294754,0.5544112656265497,100.0,98.16027099719747,0.9879081686382617,0.08114207433479503,1260.3502665242725,1276.7696748756762,True,True,,True,True,True,True,
917,2048,1.0473120976239443,0.17983146551996468,0.35976130366325376,0.6402386963367462,24,9,0.375,1.3225727403536438,0.44359459839761256,100.0,98.03499805382415,0.646419794941884,0.0002032736284299623,1152.6354286468743,1163.222999524822,True,True,,True,True,True,True,
918,2048,1.5141919711604714,0.1138565576635301,0.5937462195754051,0.4062537804245949,17,11,0.6470588235294118,3.1971726902760564,0.5849703492596745,100.0,104.17355546466541,0.9995234834125764,0.3058521818800883,1434.4121661999297,1442.5387391184001,True,True,,True,True,True,True,
919,2048,1.8370328769087791,0.2898046891205013,0.4479568794369697,0.5520431205630303,30,18,0.6,4.263259974494576,0.4672207975760102,100.0,116.08318517827632,0.8405346077986743,0.00031367344590225516,2352.9930072937523,2369.2073596912946,True,True,,True,True,True,True,
920,2048,1.3514629555866122,0.01765302401036024,0.6053797453641891,0.39462025463581085,10,5,0.5,2.8346371821127834,0.5101713094860315,100.0,99.64229361723255,0.9813588288653199,0.24439216602167524,1562.8888314347123,1572.5416939927443,True,True,,True,True,True,True,
921,2048,1.275784995406866,0.22210565814748406,0.41624051034450527,0.5837594896554947,16,9,0.5625,2.2098943149670958,0.42918396908789874,100.0,103.25558916027512,0.7236138478036996,0.0074338423444404444,1600.419903582295,1612.5719820051904,True,True,,True,True,True,True,
922,2048,1.7857576003298163,0.0818626083433628,0.6369442895054817,0.36305571049451835,25,10,0.4,4.051822679210454,0.5986969795078039,100.0,109.21236666078909,0.9995629237997036,0.3938832355648482,1652.6213745737232,1658.4924827212599,True,True,,True,True,True,True,
923,2048,1.6123459544032812,0.24814331866800785,0.3795582756400108,0.6204417243599891,12,4,0.3333333333333333,3.397431298345327,0.4536040548235178,100.0,113.27274622375381,0.6914585783279737,0.0038545587768601436,2079.890765802516,2091.618384114379,True,True,,True,True,True,True,
924,2048,1.0761111276224256,0.05143054397776723,0.5736997663974761,0.4263002336025239,29,18,0.6206896551724138,1.9361371169798076,0.5246673161163926,100.0,92.41461678977896,0.9999462420078309,0.18753454476376402,1170.7653460913023,1182.6878258208562,True,True,,True,True,True,True,
925,2048,1.1966672260314226,0.27501505762338635,0.6993191111832857,0.3006808888167143,27,18,0.6666666666666666,2.591763968858868,0.4859209569171071,100.0,92.74166820837473,0.9999947443014545,0.381220101867309,1537.5070004885122,1544.2898405840385,True,True,,True,True,True,True,
926,2048,1.7417979249730706,0.022198758367449046,0.45361544527113434,0.5463845547288657,14,5,0.35714285714285715,4.404682433791458,0.5429338719695807,100.0,113.80830203845852,0.9684048261586108,0.020224535523933603,2030.281788716912,2049.6596131923516,True,True,,True,True,True,True,
927,2048,1.9063055887818336,0.15537386583164334,0.5111235354095697,0.4888764645904303,20,10,0.5,3.05422683795914,0.4095624748617411,100.0,115.5259665108411,0.8644695435556001,0.00173244109644181,1995.4317990343002,2011.47872966945,True,True,,True,True,True,True,
928,2048,1.4052288634702563,0.14623432271182538,0.34198191948235035,0.6580180805176497,20,11,0.55,1.5703682418912648,0.5681256407871842,100.0,109.33314264595879,0.7614978328288328,0.023077320353856012,958.9676199780581,972.0641329064318,True,True,,True,True,True,True,
929,2048,1.3797921985387802,0.27144646625965835,0.4985594656318426,0.5014405343681574,10,4,0.4,1.9895079754292964,0.42139822989702225,100.0,103.54193208265758,0.8360645284450192,0.0351520133320692,1477.8758487788227,1491.6422170609042,True,True,,True,True,True,True,
930,2048,1.931713062338531,0.03749518794938922,0.6544178050011396,0.34558219499886045,29,19,0.6551724137931034,3.447185439895838,0.550334976427257,100.0,111.7780236532646,0.9999962997762841,0.3720543043442259,1621.3678867793674,1628.2329367283162,True,True,,True,True,True,True,
931,2048,1.7319548074156046,0.16125365858897567,0.31190147511661054,0.6880985248833895,16,9,0.5625,3.9988459920510646,0.49581374432891606,100.0,118.43908203413628,0.6149389276157557,0.0037471269647845465,2193.3620255899855,2203.278544534036,True,True,,True,True,True,True,
932,2048,1.2065403098240495,0.1333326542750001,0.5411978658288716,0.45880213417112836,23,11,0.4782608695652174,2.159746002126485,0.5263007290661335,100.0,97.38612405020876,0.9983726066440199,0.12973403547875975,1248.5877978539102,1262.9850689437674,True,True,,True,True,True,True,
933,2048,1.0858630668371916,0.20687339482828973,0.6170368798077106,0.3829631201922894,22,10,0.45454545454545453,1.5173976584337652,0.4654367581009865,100.0,91.52779200159796,0.9941337194650843,0.18393405517102906,1129.7802048714136,1141.4340395940085,True,True,,True,True,True,True,
934,2048,1.602625829167664,0.08534886594861746,0.43617842718958855,0.5638215728104115,18,9,0.5,3.00407242141664,0.5068735999986529,100.0,111.15220989342282,0.8798142835769801,0.004575928772081616,1659.4675995904902,1676.8609198324957,True,True,,True,True,True,True,
935,2048,1.8110420145094395,0.26096267122775313,0.5787679933011531,0.42123200669884686,25,16,0.64,4.458059789333492,0.43907980825752024,100.0,111.44795562744196,0.999988194724769,0.040631460825256975,2493.231613576009,2511.553965365404,True,True,,True,True,True,True,
936,2048,1.2504694228991866,0.04561489960178733,0.374471727758646,0.625528272241354,15,5,0.3333333333333333,2.641511613316834,0.5820668883621692,100.0,103.90154274048388,0.8831568083791335,0.009238138002466274,1296.550468682074,1313.7175758872431,True,True,,True,True,True,True,
937,2048,1.373022198677063,0.174002231284976,0.560527042299509,0.439472957700491,20,14,0.7,2.428362478595227,0.45103838574141264,100.0,101.50787493568129,0.993134795347012,0.03400668508076705,1560.674785918174,1579.0511561323194,True,True,,True,True,True,True,
938,2048,1.815442237071693,0.12674471782520413,0.392949952930212,0.6070500470697879,20,7,0.35,3.831604689359665,0.5205879732966423,100.0,117.45223627102462,0.8192507130951036,0.0003703132292869997,1952.1405288598964,1968.0611814762408,True,True,,True,True,True,True,
939,2048,1.520096668973565,0.2932770707644522,0.647185032814741,0.35281496718525895,13,6,0.46153846153846156,3.615924565214663,0.42545081153512004,100.0,102.81022805771545,0.99497155654825,0.17751316813838355,2185.507445562417,2197.3650142498327,True,True,,True,True,True,True,
940,2048,1.0414389753714204,0.002489282190799713,0.4061698921024799,0.5938301078975201,27,15,0.5555555555555556,1.7159444270655513,0.596575148962438,100.0,96.31291980429359,0.9490460300481923,0.03905319914511407,930.5049485834049,947.7912201242573,True,True,,True,True,True,True,
941,2048,1.1708900313824415,0.22888674410060048,0.330129462108016,0.669870537891984,28,15,0.5357142857142857,2.784488961473107,0.407781489007175,100.0,103.02455368593581,0.5574025575144281,6.246208618532481e-05,2008.6331754599812,2016.7549032110996,True,True,,True,True,True,True,
942,2048,1.6406518490985036,0.06920246221125126,0.522706664726138,0.477293335273862,11,5,0.45454545454545453,4.210283195134252,0.564830981194973,100.0,109.31882574170135,0.9824785047661291,0.1684780609646372,1864.902728971462,1877.5595215568026,True,True,,True,True,True,True,
943,2048,1.9448870904743671,0.2032154358923435,0.4683983486145734,0.5316016513854266,24,8,0.3333333333333333,3.2469267273321742,0.4814031161367893,100.0,117.68465683600579,0.9030858169974781,0.00013359125408092784,1820.6173578898654,1838.854711945221,True,True,,True,True,True,True,
944,2048,1.4935711836442351,0.09985439786687493,0.6844133641570807,0.31558663584291935,15,9,0.6,1.3759437032975255,0.5400273581966758,100.0,101.13983542388758,0.9882723728654653,0.4255992700548655,902.8333125593948,907.814314077651,True,True,,True,True,True,True,
945,2048,1.4567835433408618,0.19485563049092888,0.3830370306968689,0.6169629693031311,26,12,0.46153846153846156,4.161027249041944,0.5572442729026079,100.0,109.28334920845163,0.8649236363279263,0.00015470293281501785,1936.5282144125406,1953.7773615882952,True,True,,True,True,True,True,
946,2048,1.9817116633057594,0.11027664318680763,0.5638969942927361,0.4361030057072639,14,8,0.5714285714285714,2.7320046672597527,0.41429381165653467,100.0,115.44149272333755,0.9402350428982181,0.03185698990086794,1791.7412143729782,1808.526939563818,True,True,,True,True,True,True,
947,2048,1.6824440965428948,0.23495564796030521,0.42135472446680067,0.5786452755331993,22,15,0.6818181818181818,1.2203650689683854,0.5316473888233304,100.0,113.5155493740528,0.8075809161486379,0.08111078337268338,882.3268323694568,894.2313744141898,True,True,,True,True,True,True,
948,2048,1.1290603000670671,0.05640693577006459,0.6256525427103042,0.37434745728969576,18,7,0.3888888888888889,3.094565426185727,0.4902715813368559,100.0,92.65454468645265,0.9973979115139121,0.23915521053458172,1747.4891850734034,1757.422789016027,True,True,,True,True,True,True,
950,2048,1.5607969965785742,0.010766611341387034,0.3454119477421045,0.6545880522578955,23,15,0.6521739130434783,2.2760073241777716,0.47102774772793055,100.0,113.20066594003487,0.6485315388286205,0.005003919231910469,1511.5755620166888,1522.227888680564,True,True,,True,True,True,True,
951,2048,1.8533588042482734,0.1867152993567288,0.6880762819200754,0.3119237180799246,11,6,0.5454545454545454,1.6666819408535956,0.5751087652519346,100.0,109.22028571414319,0.9790428570772858,0.47310986015731077,925.4893249379327,929.471292889855,True,True,,True,True,True,True,
952,2048,1.3351292870938778,0.12073981873691081,0.4587783981114626,0.5412216018885374,29,13,0.4482758620689655,3.5634467127732927,0.4462330531328917,100.0,103.56370913766148,0.8284392407576474,1.9910155416305392e-05,2165.9203850155873,2181.429032599342,True,True,,True,True,True,True,
953,2048,1.2916818810626864,0.250341226067394,0.6696041632443666,0.33039583675563344,24,13,0.5416666666666666,2.949983044154942,0.5151925334706903,100.0,96.24212804977867,0.9999212928831582,0.3587686188480456,1591.0500605940374,1597.674821769762,True,True,,True,True,True,True,
954,2048,1.7698531970381737,0.053629023022949696,0.47702544964849947,0.5229745503515005,16,8,0.5,1.4665240407921374,0.456629328802228,100.0,113.67979881590492,0.8511269599797712,0.03186196497646518,1125.226850597728,1140.099179192375,True,True,,True,True,True,True,
955,2048,1.566173897124827,0.21990917678922414,0.5312864694744348,0.4687135305255652,28,10,0.35714285714285715,2.4875453274697064,0.5896169763058423,100.0,107.2876856245494,0.9972822581062962,0.2069483537504814,1176.7632505421268,1188.1438641591117,True,True,,True,True,True,True,
956,2048,1.12229092605412,0.07966669974848628,0.3152699012309313,0.6847300987690688,12,8,0.6666666666666666,4.3008635818026955,0.43260410595685245,100.0,102.01646094058032,0.5471313290474238,0.011164851281215764,2704.5866009685574,2712.2647619950894,True,True,,True,True,True,True,
957,2048,1.2438159631565213,0.15317538622766733,0.43983981907367703,0.560160180926323,13,8,0.6153846153846154,3.2932126139290627,0.5717403242364526,100.0,101.57257826707541,0.9646516799175707,0.04674170752273242,1542.2033461699,1559.7592474966025,True,True,,True,True,True,True,
958,2048,1.6946416851133108,0.14403641587123275,0.607418455183506,0.392581544816494,27,9,0.3333333333333333,1.832318209670484,0.4006770242005587,100.0,108.04248927240354,0.9922464823894556,0.031814329015495246,1390.4973077851778,1408.2506942940227,True,True,,True,True,True,True,
959,2048,1.8913853904232383,0.2772109667770564,0.3530353710055351,0.6469646289944648,19,8,0.42105263157894735,2.105650576483458,0.5453739684075117,100.0,120.46714912626226,0.7693143828536213,0.006024878421527275,1196.2825956589274,1210.4889633323774,True,True,,True,True,True,True,
960,2048,1.420156817883253,0.024395239166915415,0.594052004814148,0.405947995185852,21,11,0.5238095238095238,3.9479785211384293,0.4758610026910901,100.0,101.78242571293987,0.9998246080920171,0.14711302462302958,2143.3764656177614,2156.958285686345,True,True,,True,True,True,True,
961,2048,1.4087910549715161,0.2598897269926965,0.36824816353619094,0.6317518364638091,16,10,0.625,3.4837077822536227,0.46582160890102386,100.0,108.52435624572871,0.6830756236075683,0.007222010050191742,2092.29852046912,2103.7343507439728,True,True,,True,True,True,True,
962,2048,1.9027132596820593,0.044061304070055485,0.5850459281355143,0.41495407186448574,24,9,0.375,1.6417853250168264,0.5119580594822765,100.0,113.19616208423503,0.981556162252502,0.2070654480812863,1050.7589017160856,1062.0229615052044,True,True,,True,True,True,True,
963,2048,1.699187039397657,0.21092724334448576,0.42990600802004336,0.5700939919799566,12,6,0.5,2.296170774288475,0.44182002600282433,100.0,113.6179402040205,0.7545955204367403,0.019705250490751575,1573.1410201418746,1585.783438950316,True,True,,True,True,True,True,
964,2048,1.2393090389668941,0.08862909330055117,0.6232660133391619,0.3767339866608381,28,16,0.5714285714285714,3.757470862660557,0.5863573126494884,100.0,96.01638368132387,0.9999940904574506,0.35750543733945334,1635.7059751358365,1642.8991497400218,True,True,,True,True,True,True,
965,2048,1.110955665819347,0.1628152834251523,0.5474208444356918,0.45257915556430817,27,14,0.5185185185185185,3.1147346357814967,0.4225646048784256,100.0,94.2785072196088,0.9479279217187181,0.00014715671291778406,2011.6684269127825,2029.9154019646805,True,True,,True,True,True,True,
966,2048,1.5775322690606117,0.13441362669691442,0.30562300235033035,0.6943769976496696,13,6,0.46153846153846156,1.3018102638423443,0.5562011508271099,100.0,115.02524313121336,0.6428237071389318,0.03656711001400712,891.130149669678,900.5373850877635,True,True,,True,True,True,True,
967,2048,1.7743679890409112,0.26817423133179547,0.6606896862387657,0.33931031376123433,21,6,0.2857142857142857,2.6522717912681397,0.49777224715799095,100.0,108.29616919057008,0.991493858221815,0.3269244610868923,1498.4742422622667,1506.0021396857665,True,True,,True,True,True,True,
968,2048,1.2871443945914507,0.03344933297485113,0.49232974648475647,0.5076702535152435,19,12,0.631578947368421,4.136124480329454,0.5298096291720867,100.0,101.18202990608489,0.9997390697518915,0.04199252798576886,2006.9175029578735,2025.7296948052053,True,True,,True,True,True,True,
969,2048,1.3393999384716153,0.20403889948502182,0.6781432330608368,0.3218567669391632,14,5,0.35714285714285715,3.924586673732847,0.41130346637219195,100.0,97.32149804424779,0.9947392676860114,0.2250010401807772,2406.565515576353,2416.4887333320785,True,True,,True,True,True,True,
970,2048,1.8490654584020376,0.10107611417770386,0.4746267184615135,0.5253732815384865,26,18,0.6923076923076923,2.0274280194193124,0.5667783379554748,100.0,115.47696615326271,0.9909974181276672,0.07992792058741914,1068.7327025085933,1085.6812744279443,True,True,,True,True,True,True,
971,2048,1.549705876968801,0.22516935132443905,0.5164853885769843,0.48351461142301566,18,10,0.5555555555555556,1.9152737357653677,0.4872560702264309,100.0,107.33738818580531,0.9696189412315248,0.03965840986788662,1237.0290474715089,1255.0138946141478,True,True,,True,True,True,True,
972,2048,1.0118288211524487,0.0661762942560017,0.3364066332578659,0.6635933667421341,22,11,0.5,3.314892732538283,0.5412051176652313,100.0,97.61418487100093,0.7326591662384062,0.0004924806409996427,1747.8393879636822,1761.1646141949473,True,True,,True,True,True,True,
973,2048,1.1333615137264132,0.2920473240315914,0.4124410111457109,0.5875589888542891,23,10,0.43478260869565216,4.383825150132179,0.45534210186451674,100.0,99.10239443134361,0.7572061417146595,5.037170431509086e-05,2564.674213058859,2578.284706289952,True,True,,True,True,True,True,
974,2048,1.6781813129782677,0.0016577915288507937,0.6409576032310724,0.3590423967689276,17,9,0.5294117647058824,2.5092193054966625,0.5233168780803681,100.0,106.71367363482716,0.9976115622278816,0.31608599628449946,1369.516377297899,1377.460044411953,True,True,,True,True,True,True,
975,2048,1.9705900410190225,0.1770204079337418,0.39917216934263705,0.6008278306573629,29,18,0.6206896551724138,1.4431379405781626,0.43052221760153775,100.0,120.51402005084105,0.6980100221778779,0.0038824530028208955,1187.8886515421227,1199.6082236580505,True,True,,True,True,True,True,
976,2048,1.4678672719746828,0.13045411594212056,0.5542508590966463,0.4457491409033537,11,4,0.36363636363636365,2.871754838246852,0.5969711696729063,100.0,104.16434691124869,0.9659605179533649,0.27629645039871564,1296.4535396600954,1304.7540454864695,True,True,,True,True,True,True,
977,2048,1.4900405537337065,0.182965724542737,0.45250829234719275,0.5474917076528072,20,12,0.6,2.561679258663207,0.5049999807029962,100.0,107.85360114338721,0.9035445746106064,0.010421392548986032,1481.6338483724696,1499.3633558696993,True,True,,True,True,True,True,
978,2048,1.9484556140378118,0.11776386620476842,0.6943046294152736,0.3056953705847264,19,9,0.47368421052631576,4.433055181615054,0.4729748094454408,100.0,111.00063379740499,0.9995068251588949,0.35422475099976986,2320.995333066665,2327.9347258639773,True,True,,True,True,True,True,
979,2048,1.652956012636423,0.28371041575446726,0.339190649241209,0.660809350758791,26,10,0.38461538461538464,3.024142054002732,0.5809619667008519,100.0,115.63672714697975,0.8090623829288588,0.0002813325404422735,1431.9508030332631,1447.490075313275,True,True,,True,True,True,True,
980,2048,1.158547437749803,0.012038829177618027,0.5075490303337573,0.4924509696662427,13,9,0.6923076923076923,1.5987409159541128,0.4474108751863241,100.0,96.93259498856719,0.8495074377841554,0.08520337557338156,1235.772995802469,1247.940152949341,True,True,,True,True,True,True,
981,2048,1.037877842783928,0.23794191973283885,0.6319235917180777,0.36807640828192234,12,8,0.6666666666666666,2.1798091867938636,0.561547664180398,100.0,89.56245445360645,0.9954320481422659,0.3480991562168929,1172.8281645164668,1179.496226095181,True,True,,True,True,True,True,
982,2048,1.523634689860046,0.06016682647168636,0.4151273678988218,0.5848726321011781,28,9,0.32142857142857145,4.080195795837789,0.41702258829027417,100.0,109.91215368655975,0.7120972703676813,1.6898300023580259e-06,2565.0709667940637,2575.4654492374816,True,True,,True,True,True,True,
983,2048,1.827776962891221,0.193593692779541,0.5701192837208509,0.42988071627914914,15,7,0.4666666666666667,3.367346145585179,0.5367188753560186,100.0,112.06452652307257,0.9944072836895006,0.20388539683210555,1648.7450683476284,1660.421498815147,True,True,,True,True,True,True,
984,2048,1.3607101673260331,0.10949535900726914,0.3767607774585485,0.6232392225414515,25,13,0.52,1.964510209020227,0.4906678792089224,100.0,106.93906218229245,0.7385044171143628,0.0012577753285429201,1311.2970424530447,1324.6491156639659,True,True,,True,True,True,True,
985,2048,1.2625600080937147,0.2812145998701453,0.5878284182399511,0.41217158176004887,30,15,0.5,1.352657868526876,0.5721249038353562,100.0,97.67291146680026,0.9921946489073816,0.2854151690133222,838.802960304448,847.3001653691606,True,True,,True,True,True,True,
986,2048,1.7989741237834096,0.027707648556679485,0.3593133311718702,0.6406866688281299,10,6,0.6,3.168799573648721,0.40576139725744725,100.0,118.25233219308137,0.5886870270123442,0.023395278382580164,2157.1735453376123,2165.1988351170435,True,True,,True,True,True,True,
987,2048,1.5993088372051716,0.15205194046720863,0.6011460613459348,0.39885393865406515,23,16,0.6956521739130435,4.2933451272547245,0.5481143202632666,100.0,106.01859442891663,0.9999922955714404,0.27232263873771717,1960.693815857344,1970.4323298550974,True,True,,True,True,True,True,
988,2048,1.0891569470986724,0.14251471627503634,0.44606893025338645,0.5539310697466135,16,6,0.375,2.8062640900723634,0.4801517458632588,100.0,96.62327890152437,0.8565745720781549,0.0016285366381162214,1706.0625515567308,1722.5422716160042,True,True,,True,True,True,True,
989,2048,1.218600332736969,0.2165864492766559,0.3214929528534412,0.6785070471465589,18,6,0.3333333333333333,1.798999431822449,0.516358851827681,100.0,104.77533481584169,0.6632457358692736,0.001395246631006917,1195.3000242023365,1206.6626572790176,True,True,,True,True,True,True,
990,2048,1.7198563544079661,0.07565274965018033,0.525007926672697,0.474992073327303,21,13,0.6190476190476191,3.6377065228298306,0.4624952498823404,100.0,111.06374777608744,0.9719078441788919,0.0056184485999636515,2048.9035312083533,2068.5720713522755,True,True,,True,True,True,True,
991,2048,1.9284265730530024,0.25185264442116023,0.48329726085066793,0.5167027391493321,14,8,0.5714285714285714,3.8083124189637596,0.5915757801383734,100.0,116.86576513476075,0.9935597428736648,0.13100495347676064,1594.9901117858437,1609.5483506659757,True,True,,True,True,True,True,
992,2048,1.3831165814772248,0.054742186423391105,0.6633745171129704,0.33662548288702965,25,10,0.4,2.350241858884692,0.43611311037093403,100.0,98.88493376462606,0.9989686572279004,0.2294090244471614,1563.9578342992004,1574.0849843228957,True,True,,True,True,True,True,
993,2048,1.392897980287671,0.21312386328354477,0.5207209855318069,0.4792790144681931,25,16,0.64,2.7565155543386934,0.5768833883106709,100.0,103.21812950738934,0.9999442912363352,0.16923137571548866,1315.0341979865352,1327.8980835251884,True,True,,True,True,True,True,
994,2048,1.9186138371005654,0.0908251404762268,0.3257981911301613,0.6742018088698387,15,5,0.3333333333333333,4.239968662988394,0.444845967553556,100.0,122.01195268720647,0.5863612320712459,0.0006238494214977221,2523.0187805428004,2532.0701331875784,True,True,,True,True,True,True,
995,2048,1.7453552708029747,0.25769167207181454,0.6840631172060966,0.3159368827939034,29,12,0.41379310344827586,3.218953295610845,0.5028773887082935,100.0,107.01565647079565,0.999827455567585,0.37191154351134653,1712.082013169638,1718.5683745487106,True,True,,True,True,True,True,
996,2048,1.193133051507175,0.041862677503377195,0.46257812976837154,0.5374218702316285,12,6,0.5,1.4056291465647517,0.4692408874630928,100.0,99.35521101372359,0.8283380060656909,0.048868271116115004,1101.0493291327537,1114.4539156447236,True,True,,True,True,True,True,
997,2048,1.0638107471168041,0.2659781835973263,0.3886124659329653,0.6113875340670347,14,8,0.5714285714285714,2.4003894894383846,0.5334249801933766,100.0,97.6302314598666,0.8109433974850867,0.019209754988307726,1380.2836285456005,1394.8813908421282,True,True,,True,True,True,True,
998,2048,1.6246847053989768,0.03125271359458565,0.558535373583436,0.44146462641656403,27,13,0.48148148148148145,3.861289788410067,0.4888876548036933,100.0,107.86398458250306,0.9999215388325862,0.0970940703217673,2037.2254988908694,2053.260463165044,True,True,,True,True,True,True,
999,2048,1.7892843838781118,0.16501391055062412,0.4003436956554651,0.5996563043445349,20,8,0.4,3.5879515022970736,0.5586403889581562,100.0,116.62792010635678,0.9053405249521732,0.0013723228883160978,1682.2712456662955,1700.771069303648,True,True,,True,True,True,True,
1000,2048,1.2722202586010098,0.13661168105900287,0.6468285579234361,0.3531714420765639,21,14,0.6666666666666666,1.7456294523552058,0.41250398308038716,100.0,96.31071973571545,0.9992399786674458,0.14490862616993164,1341.4996859015885,1354.3554434728012,True,True,,True,True,True,True,
1001,2048,1.3547455985099077,0.2320524743758142,0.4327016491442919,0.5672983508557081,25,9,0.36,1.5453706475906073,0.5440387925133109,100.0,104.93270010225763,0.9219040563460106,0.02269186879126668,977.2395617718212,994.9333664127969,True,True,,True,True,True,True,
1002,2048,1.833712280727923,0.07305998895317316,0.6143431935459376,0.3856568064540624,15,9,0.6,2.974387322366238,0.4775898911058903,100.0,110.88957417919977,0.997473124844142,0.19525290112020435,1690.421401469993,1702.3066105223645,True,True,,True,True,True,True,
1003,2048,1.50213573127985,0.1971526337787509,0.3693595174700022,0.6306404825299978,22,12,0.5454545454545454,4.486032852251083,0.5699992582201958,100.0,110.90896169665086,0.8573254791467465,0.0012446612351641045,1998.2967911464327,2015.2439522710843,True,True,,True,True,True,True,
1004,2048,1.0594067079946399,0.09419042123481632,0.5775632549077272,0.4224367450922728,19,8,0.42105263157894735,2.611826588027179,0.40202442537993194,100.0,91.76216640101148,0.965253458243235,0.0009285358133222552,1826.5805752400584,1844.7631630300834,True,True,,True,True,True,True,
1005,2048,1.1799552105367184,0.1701367126777768,0.6517181277275085,0.3482818722724915,17,8,0.47058823529411764,2.01748138256371,0.5882788321003318,100.0,93.50069412970072,0.9955443124013598,0.4110832762331694,1038.2213778037856,1043.422503802059,True,True,,True,True,True,True,
1006,2048,1.6315801134333014,0.12357099344953894,0.4950764700770378,0.5049235299229622,24,14,0.5833333333333334,3.4174999720416963,0.43432983532547953,100.0,109.96018641198953,0.8742510435006449,0.0012264863070307619,2099.974756814477,2116.633859970186,True,True,,True,True,True,True,
1007,2048,1.9542679395526648,0.2989330175332725,0.5399868980050087,0.46001310199499135,10,7,0.7,4.026819423772395,0.5134546265006066,100.0,115.6164754971631,0.9630679613072456,0.13907198059334713,1997.4283765939033,2010.952328335908,True,True,,True,True,True,True,
1008,2048,1.484197129495442,0.008544056676328182,0.30678328573703767,0.6932167142629624,30,11,0.36666666666666664,2.1300605588592587,0.4579796982929111,100.0,112.64522994708142,0.5659897483377525,1.1951713761144228e-05,1498.8967321802793,1507.552458383567,True,True,,True,True,True,True,
1009,2048,1.4424017453566194,0.2861990025267005,0.6116569336503743,0.3883430663496257,19,10,0.5263157894736842,3.265138498786837,0.43774163834750657,100.0,101.85631840344917,0.9994442387890649,0.1135556364641936,1980.3503784389575,1994.977125511227,True,True,,True,True,True,True,
1010,2048,1.9960869047790766,0.014527988713234663,0.4417355667799711,0.5582644332200288,21,9,0.42857142857142855,1.8619029695168137,0.5837925957515836,100.0,119.60035939388445,0.9427005148842403,0.08457551565558709,975.4256927113075,990.7970398856608,True,True,,True,True,True,True,
1011,2048,1.668370339088142,0.18047398617491126,0.5999745529145002,0.4000254470854998,13,4,0.3076923076923077,2.077576436754316,0.46369882617145775,100.0,107.65994374355341,0.9599610856165347,0.18362345764231894,1362.5204001106122,1373.8158671979013,True,True,,True,True,True,True,
1012,2048,1.1431408524513245,0.11527269948273897,0.35349118970334525,0.6465088102966547,27,17,0.6296296296296297,3.9775632563978434,0.5082239467650652,100.0,101.35957203748467,0.7182593545671311,0.0005288998896942542,2152.3592685000503,2165.2357835127514,True,True,,True,True,True,True,
1014,2048,1.5400179512798786,0.10700677167624235,0.6738364599645137,0.3261635400354863,12,5,0.4166666666666667,1.4961084318347275,0.5280295955017209,100.0,102.56399448303432,0.9698068690452579,0.4092884214851109,975.2657951106701,980.339572411578,True,True,,True,True,True,True,
1015,2048,1.8744393261149526,0.24043308589607476,0.3157195501029491,0.684280449897051,24,11,0.4583333333333333,2.4594715565443037,0.41965713892132045,100.0,121.44101982948945,0.5438737041425965,0.0002059322544532198,1751.9960665340823,1759.8498861399244,True,True,,True,True,True,True,
1016,2048,1.314055560156703,0.06265856539830565,0.5372029788792133,0.4627970211207867,16,9,0.5625,4.330447899084538,0.5516823548823595,100.0,100.58680880091998,0.9992422904762625,0.1617313930162759,1983.9136847697678,1997.065722442444,True,True,,True,True,True,True,
1017,2048,1.308674835599959,0.15922903306782246,0.3482110150158405,0.6517889849841595,11,4,0.36363636363636365,3.704093703813851,0.48318073321133853,100.0,106.46580067437077,0.6691248937328995,0.004955839639842708,2136.655859619615,2147.9110230617443,True,True,,True,True,True,True,
1018,2048,1.7528667990118265,0.14969123722985386,0.5048511318862438,0.49514886811375625,29,16,0.5517241379310345,2.2464229331351815,0.5386434536427259,100.0,112.42557071801622,0.9995885264279845,0.08110582552104974,1222.3717644649878,1239.4722819214844,True,True,,True,True,True,True,
1019,2048,1.5834691701456904,0.2740360812284052,0.4598933957517147,0.5401066042482854,17,10,0.5882352941176471,1.6947557117789982,0.40917763002216817,100.0,109.92608130102161,0.7676947087755535,0.01545226277044357,1364.49309278198,1377.2534690685277,True,True,,True,True,True,True,
1020,2048,1.1049888581037521,0.020528557151556014,0.6930955089628696,0.30690449103713036,23,8,0.34782608695652173,3.533862395491451,0.5630411753430963,100.0,90.11698266250716,0.9992033056305362,0.4555347863863231,1659.9253120643853,1664.2743481936711,True,True,,True,True,True,True,
1022,2048,1.7050008811056614,0.047565093263983727,0.38583007268607616,0.6141699273139238,18,12,0.6666666666666666,2.702419907413423,0.5951880853623152,100.0,115.22777926484684,0.894937818164604,0.03956275045807913,1251.3806031079048,1267.4057351824922,True,True,,True,True,True,True,
1023,2048,1.8813350619748235,0.22376554012298583,0.6306657325476408,0.3693342674523592,26,14,0.5384615384615384,1.2484392086975276,0.4524376858025789,100.0,111.4198033251476,0.9779805854013138,0.2103306785833545,1004.8726259803893,1015.6287479325031,True,True,,True,True,True,True,
1024,2048,1.4302003514021635,0.08283126885071397,0.42246355377137657,0.5775364462286234,14,7,0.5,3.0649806909263133,0.5188011357560753,100.0,107.282974450111,0.8652643981285486,0.011759333821329706,1659.3614515143015,1675.9546502660066,True,True,,True,True,True,True,
1025,2048,1.4300285326316953,0.15845884596928952,0.5141318749636411,0.4858681250363589,20,11,0.55,1.7420312955044208,0.5031401310116053,100.0,104.3931126058934,0.9804439994570804,0.05363236668859376,1130.2140189692195,1147.8345218727663,True,True,,True,True,True,True,
1026,2048,1.8814836200326681,0.14931930396705864,0.3324918385595083,0.6675081614404916,21,8,0.38095238095238093,3.5896472956985237,0.4742521667852998,100.0,120.98685036559044,0.632259564980441,0.00017500829228511475,2084.3038202296534,2094.734709857129,True,True,,True,True,True,True,
1027,2048,1.7043031295761466,0.27311940919607874,0.6773763265460729,0.32262367345392706,14,5,0.35714285714285715,3.8576932297088202,0.5795015277341008,100.0,106.28964068369964,0.9920968748549034,0.44900858983862735,1672.7159973890637,1677.2950297736936,True,True,,True,True,True,True,
1028,2048,1.2341845743358135,0.020303108822554348,0.46917414478957653,0.5308258552104235,27,17,0.6296296296296297,2.402086684294045,0.44906322918832303,100.0,100.36986345732748,0.8500713698544704,0.001850143567994445,1607.3948954435066,1623.4053120458038,True,True,,True,True,True,True,
1029,2048,1.1048475159332156,0.2438853370025754,0.3953122340142727,0.6046877659857273,28,19,0.6785714285714286,1.402025943249464,0.5598797056823969,100.0,98.75097856050138,0.8486818592981527,0.03891540345710266,912.1198621692502,926.8145178978052,True,True,,True,True,True,True,
1030,2048,1.5836483165621758,0.047172561194747685,0.5519523479044437,0.4480476520955563,12,4,0.3333333333333333,3.2206320564262567,0.4184918368235231,100.0,107.08752536710216,0.9354841449609848,0.019041429646555214,2042.5441242150323,2059.7138026298508,True,True,,True,True,True,True,
1031,2048,1.7521384516730905,0.22282826928421853,0.4069457836449146,0.5930542163550854,25,12,0.48,4.236363763175905,0.5354571701958776,100.0,115.58033058813356,0.875656703271333,0.000304407877058382,2034.6938019541353,2052.3349475380364,True,True,,True,True,True,True,
1032,2048,1.3093656171113253,0.08258522059768438,0.6401478998363017,0.3598521001636983,15,8,0.5333333333333333,2.7581928153522313,0.4925189670175314,100.0,97.5285206810862,0.9977204004491709,0.2717130113379133,1584.1674412881587,1593.1841268746732,True,True,,True,True,True,True,
1033,2048,1.3137543397024274,0.28703098827973006,0.4260034196078777,0.5739965803921223,10,4,0.4,2.134256989136338,0.5735945099964738,100.0,104.01515976088348,0.8793901444403833,0.08895741743180396,1136.2818982033612,1149.5394013700343,True,True,,True,True,True,True,
1034,2048,1.8747027423232794,0.014879322052001952,0.6209247060120106,0.37907529398798945,30,15,0.5,4.024122574087232,0.4040937963873148,100.0,111.56236479443788,0.9999814138209724,0.06193675327637929,2432.727691616294,2449.4218141639685,True,True,,True,True,True,True,
1035,2048,1.5392051031813025,0.18145245574414728,0.36275896802544594,0.6372410319745541,17,11,0.6470588235294118,3.421694951690733,0.5499650027602911,100.0,112.06500280654535,0.7892690560414815,0.013747216366715893,1702.543550026297,1716.9140331493634,True,True,,True,True,True,True,
1036,2048,1.0223374925553799,0.1154775490052998,0.5842423997819424,0.41575760021805763,23,7,0.30434782608695654,2.014782885555178,0.4788896353915334,100.0,90.34474761155627,0.9917640093755448,0.14080372955149045,1323.6274533968374,1336.9856008268744,True,True,,True,True,True,True,
1037,2048,1.1428702278062701,0.19191591963171958,0.6583057265728711,0.3416942734271289,22,8,0.36363636363636365,2.616040014009923,0.5176358038559556,100.0,92.20241946412972,0.9981034702525562,0.3416615240733303,1459.2710126526395,1466.2246694654912,True,True,,True,True,True,True,
1038,2048,1.6686642244458199,0.10733750620856881,0.48838436268270013,0.5116156373172999,19,13,0.6842105263157895,4.483340987563133,0.460634994879365,100.0,111.03409117440623,0.897531071230302,0.009319424092951242,2471.4305638744563,2488.709735194181,True,True,,True,True,True,True,
1039,2048,1.9952435800805688,0.24139095665886998,0.5466721769422292,0.45332782305777075,26,15,0.5769230769230769,2.978602297324687,0.5932284917682409,100.0,116.23799888743383,0.999860032675147,0.23592509047490107,1309.6605911456024,1320.2405473325612,True,True,,True,True,True,True,
1040,2048,1.4432215709239244,0.06284281499683857,0.3001888107508421,0.6998111892491579,15,7,0.4666666666666667,1.5426805285736918,0.4346530290320516,100.0,111.81950548244117,0.5272152289049622,0.004899100075462434,1277.3249574356096,1284.745952065524,True,True,,True,True,True,True,
1041,2048,1.483452944085002,0.23299890048801897,0.6050563767552375,0.3949436232447625,24,14,0.5833333333333334,4.326353277079761,0.46729427874088286,100.0,103.08442122249295,0.9999810191157714,0.15485155826257396,2339.0192465748237,2352.2614219868165,True,True,,True,True,True,True,
1042,2048,1.955034432001412,0.07331519247964025,0.4484147161245346,0.5515852838754653,16,6,0.375,2.462268063146621,0.5102935222908854,100.0,118.54518943126607,0.90404198356486,0.011179101798792633,1400.8198801559224,1418.718614517358,True,True,,True,True,True,True,
1043,2048,1.6312407441437244,0.19795257607474923,0.5932763159275054,0.4067236840724946,28,12,0.42857142857142855,1.4920154079794883,0.44366769250482324,100.0,106.99620788995992,0.9896082101545361,0.09631161928912696,1138.9783471245423,1154.3269751865155,True,True,,True,True,True,True,
1044,2048,1.180272034369409,0.09459210857748986,0.36007270663976665,0.6399272933602334,12,6,0.5,2.9247072550468145,0.5850921861827374,100.0,102.28772537982366,0.8357913470288074,0.02272815788823698,1403.2585533087606,1418.3366371254046,True,True,,True,True,True,True,
1045,2048,1.0586320459842682,0.17106253998354076,0.48560044206678865,0.5143995579332113,13,7,0.5384615384615384,3.9734510117210444,0.4238385409116745,100.0,94.41094725676948,0.8380175252696203,0.0065300113441425405,2482.2626785271245,2497.2905341794562,True,True,,True,True,True,True,
1046,2048,1.5028716353699565,0.1238055970519781,0.6672419894486665,0.33275801055133347,27,13,0.48148148148148145,2.080368486978114,0.5543378798291088,100.0,101.83511621785158,0.9995168137939457,0.4001085819354692,1130.9368382135083,1136.6489331009957,True,True,,True,True,True,True,
1047,2048,1.8334035072475672,0.2997123599052429,0.3223071414977312,0.6776928585022688,19,7,0.3684210526315789,1.8577890283428131,0.49942802246659995,100.0,120.31841540591046,0.6419536328113669,0.001929077238742166,1236.2868089592175,1247.00849218357,True,True,,True,True,True,True,
1048,2048,1.3550928914919496,0.008925145212560891,0.530510875955224,0.46948912404477605,21,15,0.7142857142857143,3.2679290492087603,0.5283526115119457,100.0,101.91076962907732,0.9999370044629126,0.11145118036925968,1668.0151335278858,1683.4000217507808,True,True,,True,True,True,True,
1049,2048,1.2716064285486937,0.21215683724731207,0.3415242288261652,0.6584757711738348,26,8,0.3076923076923077,3.0684776787646113,0.4094405530020595,100.0,105.63735651525678,0.578310270104001,2.7548539503400745e-06,2138.7081634289602,2146.1825002986707,True,True,,True,True,True,True,
1050,2048,1.7899369718506932,0.09063173560425639,0.5114471394568681,0.48855286054313185,14,9,0.6428571428571429,1.2466432174667716,0.5680526316165924,100.0,113.03636819213517,0.8965472750662159,0.2186170137901123,807.5241157347468,816.4531825550837,True,True,,True,True,True,True,
1051,2048,1.6244594790041447,0.25687113096937536,0.45330428965389724,0.5466957103461028,22,11,0.5,2.705915444623679,0.48579864725470545,100.0,111.11691754751308,0.879845077914104,0.0018319264739324285,1600.2152483443372,1617.610427769869,True,True,,True,True,True,True,
1052,2048,1.0639974540099502,0.041522787697613237,0.699789148941636,0.300210851058364,18,8,0.4444444444444444,4.187303725630045,0.5428604876622558,100.0,88.64035098156245,0.9994947926348751,0.4474089047285341,1990.5702964486395,1995.0783511980626,True,True,,True,True,True,True,
1053,2048,1.1924886256456375,0.2649905587546527,0.5740722045302391,0.4259277954697609,17,8,0.47058823529411764,3.5373637782409784,0.4536771593615413,100.0,96.01979207390798,0.9984632594943916,0.06300163707691384,2069.086290055955,2086.0357167899415,True,True,,True,True,True,True,
1054,2048,1.745977389626205,0.03103870879858732,0.3791494071483612,0.6208505928516388,23,13,0.5652173913043478,1.6929773063398896,0.5247891426086426,100.0,116.38626987223824,0.7839258056386275,0.012615205569582103,1087.4149237444824,1101.7040458252866,True,True,,True,True,True,True,
1055,2048,1.918419087305665,0.16417276952415705,0.6373655050992966,0.36263449490070343,11,7,0.6363636363636364,2.2499258648604155,0.42925744876265526,100.0,111.99285205537734,0.9727482175767472,0.19144296225712684,1513.6663014287299,1524.7913530768362,True,True,,True,True,True,True,
1056,2048,1.3931152755394578,0.1362511924467981,0.4158805206418037,0.5841194793581963,29,11,0.3793103448275862,3.7023170440457758,0.5988191938027739,100.0,106.51614189068158,0.9994346395032481,0.024917102982043516,1560.9468259231983,1580.6413462817864,True,True,,True,True,True,True,
1057,2048,1.3833642024546862,0.28029563957825304,0.3748319528996944,0.6251680471003056,21,12,0.5714285714285714,4.133929621707648,0.4392021130770445,100.0,107.61949508199143,0.6678004881901495,0.0007540227063148829,2522.8775003887904,2533.974669012939,True,True,,True,True,True,True,
1058,2048,1.9281401941552758,0.0274799108505249,0.578346923738718,0.421653076261282,19,9,0.47368421052631576,2.6561645485460756,0.5821402775123715,100.0,113.91953915210053,0.996291799992492,0.27834669792160477,1240.105116442018,1249.2081575976842,True,True,,True,True,True,True,
1059,2048,1.7206919267773628,0.15127946399152278,0.4365874297916889,0.563412570208311,27,10,0.37037037037037035,1.2996168558485806,0.46555868778377774,100.0,113.88800515810266,0.8158477072593243,0.0012196507178117467,1039.8939877590415,1055.3087389930454,True,True,,True,True,True,True,
1060,2048,1.2178032798692584,0.1421404947526753,0.6166646890342236,0.38333531096577644,13,9,0.6923076923076923,3.1186290403828023,0.5069466013461351,100.0,95.57377385342772,0.9982069984122602,0.24557469629208642,1693.2119981569965,1703.0701479584764,True,True,,True,True,True,True,
1061,2048,1.0894351564347744,0.21565146669745444,0.5407279621809721,0.4592720378190279,12,7,0.5833333333333334,3.7552841853350403,0.49574025981128217,100.0,93.78567807413305,0.9918163221151629,0.08186919522061643,2013.806284628938,2030.011279407716,True,True,,True,True,True,True,
1062,2048,1.5990529349073768,0.07540899077430367,0.3122128780931234,0.6877871219068765,28,9,0.32142857142857145,2.3000837235711513,0.5261785196140408,100.0,115.3113195215048,0.6588739286404445,4.6776270380870167e-05,1360.118733007478,1371.436727302505,True,True,,True,True,True,True,
1063,2048,1.7997792270034552,0.2510641467757523,0.654094436392188,0.345905563607812,16,7,0.4375,1.6395970987156032,0.4213251331821084,100.0,109.02988202890396,0.9825036510863328,0.2030368441548971,1249.098157938777,1259.887478258015,True,True,,True,True,True,True,
1064,2048,1.2617323594167829,0.054351942613720894,0.49901730231940744,0.5009826976805926,24,13,0.5416666666666666,3.4876189858652653,0.5502131421118974,100.0,100.2536503752961,0.999901375656565,0.08953959161248615,1679.1882755417319,1695.5765328362008,True,True,,True,True,True,True,
1065,2048,1.3608440030366182,0.18394190585240722,0.6848345797508955,0.31516542024910454,29,13,0.4482758620689655,2.874962751567364,0.4813300149515271,100.0,97.71850225218401,0.9999143274439096,0.34531172349251243,1665.033840345524,1671.9744692336183,True,True,,True,True,True,True,
1066,2048,1.8276208201423287,0.11796642635017633,0.46803835891187184,0.5319616410881282,11,7,0.6363636363636364,1.4386349114589392,0.5399055283516645,100.0,115.22860837128394,0.8361686329343386,0.1543267349997856,942.4967223717981,952.3277004420338,True,True,,True,True,True,True,
1067,2048,1.5243402644991875,0.2845401121303439,0.523079102858901,0.476920897141099,23,15,0.6521739130434783,2.5124256206676363,0.4077080119401217,100.0,106.51315741220253,0.8790332423929194,0.00598592804627981,1753.9338708751914,1770.0049226500398,True,True,,True,True,True,True,
1068,2048,1.0371948136016726,0.012387874256819486,0.32972059361636635,0.6702794063836337,17,7,0.4117647058823529,4.379320719558746,0.5647087642922998,100.0,98.71293358231867,0.7566685146588509,0.0006197703357868954,2057.413004472207,2071.387117976443,True,True,,True,True,True,True,
1069,2048,1.1587117426097393,0.2389020787551999,0.40585873648524284,0.5941412635147572,18,6,0.3333333333333333,3.318080515321344,0.4255727367475629,100.0,100.10667459668377,0.7064369240242546,0.0001468884350557589,2183.135966428225,2195.0976422919634,True,True,,True,True,True,True,
1070,2048,1.652830465696752,0.060353365447372194,0.6476550705730915,0.35234492942690854,22,14,0.6363636363636364,1.9107625622302293,0.5966481547802687,100.0,105.9467137908535,0.9992936736324115,0.4099371285440823,961.7583156213202,967.2145094166383,True,True,,True,True,True,True,
1071,2048,1.9491306003183126,0.1944073679856956,0.39249226227402684,0.6075077377259732,14,7,0.5,2.0306174986995753,0.45116069801151754,100.0,120.30197125225942,0.7035178738180281,0.014128657077682247,1420.0937053446248,1431.7199354317836,True,True,,True,True,True,True,
1072,2048,1.4893270479515195,0.10982838179916143,0.5608506463468075,0.4391493536531925,26,12,0.46153846153846156,3.9200769999995826,0.520661354996264,100.0,104.51167514257787,0.9998779061978135,0.15664968815743519,1943.7500378040804,1957.2135514856943,True,True,,True,True,True,True,
1073,2048,1.4685347015038133,0.20483655240386725,0.4591019991785288,0.5408980008214712,15,10,0.6666666666666666,1.9614034647122025,0.5750357575714589,100.0,107.09603952299437,0.9364226873932399,0.10635148299661705,1051.8231460178226,1065.8487551102005,True,True,,True,True,True,True,
1074,2048,1.9699604157358408,0.10147551326081157,0.6876185942441224,0.3123814057558776,25,9,0.36,3.3719493725337086,0.4461111297830939,100.0,111.61702621926696,0.9990585194343424,0.30093892647447806,1961.650569638686,1969.9338972914816,True,True,,True,True,True,True,
1075,2048,1.6783838151022792,0.226113489177078,0.34588198848068713,0.6541180115193128,11,5,0.45454545454545453,4.077090502157807,0.5014047307893634,100.0,115.99597885355814,0.6843673024940665,0.009293953136717504,2187.960402386107,2199.534750366682,True,True,,True,True,True,True,
1076,2048,1.133121445775032,0.06642920840531587,0.5009606752544641,0.4990393247455359,28,16,0.5714285714285714,2.1844140610657634,0.47090543657541273,100.0,96.34208869454022,0.9457154175938711,0.0012605093899460962,1425.6875644112806,1444.6073316557022,True,True,,True,True,True,True,
1077,2048,1.0124656623229384,0.2928289557807147,0.6252436771988868,0.37475632280111315,26,14,0.5384615384615384,1.5956549537368119,0.5317692168056964,100.0,88.89123674661533,0.9992456816406069,0.29592966774274254,1022.80836861364,1030.9830619118202,True,True,,True,True,True,True,
1078,2048,1.5490457750856876,0.0020411683246493338,0.4217271596193313,0.5782728403806687,13,5,0.38461538461538464,3.028752872161567,0.49034468438476325,100.0,110.3245255138554,0.8204296281418322,0.007326710755696502,1747.181733456307,1762.590925776193,True,True,,True,True,True,True,
1079,2048,1.8492984296754003,0.1779485234990716,0.5635370016098022,0.43646299839019775,20,7,0.35,4.429967670422047,0.5573664886876941,100.0,112.72008552044724,0.99686086602625,0.21939919218887857,1956.0277448767013,1967.1827752730153,True,True,,True,True,True,True,
1080,2048,1.3391904663294554,0.13069100892171262,0.383458249270916,0.616541750729084,20,12,0.6,2.5662883311510085,0.4143672898411751,100.0,106.1222215272619,0.6529314667456502,0.0026072802862439925,1837.0558042946436,1847.457691312707,True,True,,True,True,True,True,
1081,2048,1.2879265630617738,0.25906689651310444,0.594509844481945,0.405490155518055,14,6,0.42857142857142855,2.352334909234196,0.5454961797222495,100.0,98.20114264945488,0.9879185356717599,0.2667246094421044,1269.3931255173882,1278.4437399678739,True,True,,True,True,True,True,
1082,2048,1.7736090812832117,0.043719126004725696,0.3527119994163513,0.6472880005836488,25,16,0.64,3.8043200047686696,0.47593448534607885,100.0,117.92213950067696,0.6717224384038148,0.0014390086218293691,2172.2595132381816,2183.7123877516206,True,True,,True,True,True,True,
1083,2048,1.577863815240562,0.2099579290486872,0.6077298551797867,0.3922701448202133,18,10,0.5555555555555556,3.639797975029796,0.5718621596693992,100.0,105.31957478712371,0.9994651847848445,0.3144482469135982,1631.7876862720925,1639.7296731779645,True,True,,True,True,True,True,
1084,2048,1.110600620508194,0.08843339905142784,0.43936991840600964,0.5606300815939904,21,10,0.47619047619047616,1.7950056161731482,0.40075011979788544,100.0,97.52294489878807,0.7326602094179977,0.0008076659279981135,1471.8419068904789,1484.115167553099,True,True,,True,True,True,True,
1085,2048,1.2400607382878661,0.16197643177583812,0.31489770747721196,0.6851022925227881,23,10,0.43478260869565216,2.8083495860919356,0.5895435890182852,100.0,105.64506000480088,0.7660885420048839,0.0007670705975379778,1358.8192778744897,1372.9870821780487,True,True,,True,True,True,True,
1086,2048,1.6983975358307362,0.13405542634427547,0.5316954750567674,0.4683045249432326,16,8,0.5,4.289331992436201,0.432481799274683,100.0,110.3740153260078,0.9339459621562183,0.0038600311676454664,2488.252558477005,2506.4486945272884,True,True,,True,True,True,True,
1087,2048,1.9030753942206502,0.26718889474868773,0.47660438306629654,0.5233956169337035,30,19,0.6333333333333333,3.170886766165495,0.5151195332407952,100.0,116.55394289310323,0.9800343964669219,0.002735139528880887,1648.7156724189372,1669.399984661135,True,True,,True,True,True,True,
1088,2048,1.408466486260295,0.03323761755600572,0.6699643854051828,0.33003561459481723,10,3,0.3,1.348646233510226,0.45650739800184964,100.0,99.3702139832568,0.9411537108916219,0.34710142838332836,1068.413061875241,1074.279029404821,True,True,,True,True,True,True,
1089,2048,1.420785910449922,0.24993953816592693,0.49273861497640603,0.507261385023594,25,12,0.48,2.637920635845512,0.49769924841821195,100.0,104.80668575633933,0.9799619259351953,0.0010190362285524117,1516.6195101246044,1537.0196015197675,True,True,,True,True,True,True,
1090,2048,1.890717539936304,0.05282908128574491,0.6603172481060028,0.3396827518939972,15,8,0.5333333333333333,4.459748403355479,0.5296876968815922,100.0,110.77088578766916,0.9988334130534794,0.3597471583190138,2085.8425439172333,2092.7026427045375,True,True,,True,True,True,True,
1091,2048,1.6948821665719151,0.2196539738215506,0.3059829920530319,0.6940170079469681,21,14,0.6666666666666666,3.000482845399529,0.42249121908098464,100.0,117.80334545242954,0.5272897158004498,0.0034762657287721976,2032.7723595010873,2040.1528772546621,True,True,,True,True,True,True,
1092,2048,1.243614001199603,0.07872027307748794,0.5469996288418769,0.4530003711581231,18,7,0.3888888888888889,1.51908787060529,0.5560788426548242,100.0,98.30289605144264,0.9677184822247762,0.21113725506305941,937.410538544572,947.8892487949304,True,True,,True,True,True,True,
1093,2048,1.1229506069794297,0.15279429825022817,0.6229424092918634,0.3770575907081366,16,5,0.3125,2.156137192994356,0.4419418629258871,100.0,92.53833410967513,0.9841265859198882,0.1668636354845624,1479.3132586506254,1491.224808558743,True,True,,True,True,True,True,
1094,2048,1.5655365232378244,0.14325707294046877,0.4303636986762285,0.5696363013237715,23,14,0.6086956521739131,4.000530358683318,0.5864304067566991,100.0,110.44557853877762,0.9998664192830262,0.028710867111485544,1699.4629703605522,1719.133984392728,True,True,,True,True,True,True,
1095,2048,1.770063209347427,0.27697636261582376,0.5845758903771638,0.41542410962283616,10,5,0.5,3.443575130961835,0.4659438217058778,100.0,110.38664903238157,0.9714066378897835,0.14118972379535102,1947.219337037701,1960.5020377500093,True,True,,True,True,True,True,
1096,2048,1.291449323296547,0.023469412419945,0.36855931915342804,0.631440680846572,29,12,0.41379310344827586,1.9911906455643473,0.5120315406471491,100.0,105.28305345106008,0.7551478916237454,0.00013975232886095693,1268.122768550913,1282.0799388060225,True,True,,True,True,True,True,
1097,2048,1.3358887350186706,0.1951955197378993,0.5546230498701334,0.44537695012986656,24,14,0.5833333333333334,1.380145739391446,0.43064443189650775,100.0,100.67593688749974,0.9563973584400758,0.02344799831379902,1134.1630339410958,1151.7414826084714,True,True,,True,True,True,True,
1098,2048,1.8525770492851734,0.11109718484804033,0.3987631667405367,0.6012368332594633,15,7,0.4666666666666667,3.244224271830171,0.5970446493476629,100.0,118.05731953901369,0.9488215635123796,0.027508335647055678,1405.692865196575,1423.9532872091359,True,True,,True,True,True,True,
1099,2048,1.5611516209319234,0.23514905339106917,0.6413786727935076,0.3586213272064924,28,11,0.39285714285714285,4.214483583904802,0.4554639283567667,100.0,103.96825903622829,0.9998665865191938,0.21278995488250857,2333.768156224151,2344.7577529685154,True,True,,True,True,True,True,
1100,2048,1.000382510945201,0.057373961247503755,0.41208078600466247,0.5879192139953375,11,7,0.6363636363636364,2.781785055343062,0.5233899826183915,100.0,94.7194878541082,0.8194839141495567,0.04109150452959582,1570.6934886243396,1584.4326705522421,True,True,,True,True,True,True,
1101,2048,1.129850217141211,0.2832793372683227,0.335948796570301,0.664051203429699,13,8,0.6153846153846154,1.7201506736688317,0.487182685919106,100.0,101.53935654208351,0.6304776176874689,0.025922793370484296,1241.860592321109,1251.2828699327363,True,True,,True,True,True,True,
1102,2048,1.6816929373890162,0.011607751809060573,0.5168087571859359,0.4831912428140641,26,8,0.3076923076923077,3.6132398799061773,0.5410828080028296,100.0,110.44923026725934,0.9971682589964832,0.10937796452341722,1733.2171881992695,1748.8555291841412,True,True,,True,True,True,True,
1103,2048,1.982035699300468,0.1869293035939336,0.4743153154850006,0.5256846845149994,20,9,0.45,3.8358126816339793,0.4112304572016001,100.0,118.25062944173402,0.8052155775579586,0.0005579867212406496,2391.2307911400494,2405.7532955311644,True,True,,True,True,True,True,
1104,2048,1.4564209878444672,0.1217274441383779,0.6786131367087364,0.32138686329126365,20,10,0.5,2.4256793422624465,0.5666564160957932,100.0,100.36602475220002,0.9989518377749192,0.43363820670046543,1225.338527070657,1230.2682570709744,True,True,,True,True,True,True,
1105,2048,1.493857141584158,0.1742276801727712,0.3772306781262159,0.6227693218737841,11,4,0.36363636363636365,3.55934510808438,0.5368411891162396,100.0,110.43086410743655,0.7991267955933656,0.01324433441543215,1807.069536904731,1821.7388834477365,True,True,,True,True,True,True,
1106,2048,1.9446389367803931,0.12766138929873705,0.5698078837245703,0.43019211627542975,29,20,0.6896551724137931,1.6694854301400481,0.49074125941842794,100.0,114.51288197102605,0.9983797627510747,0.12506215590410802,1102.3702339810045,1117.2871035347598,True,True,,True,True,True,True,
1107,2048,1.6414494421333075,0.29364900346845385,0.4154507394880056,0.5845492605119944,17,10,0.5882352941176471,2.2719071209430695,0.561669590882957,100.0,112.75585278239913,0.9021879899474275,0.0355994303937995,1198.62173751441,1215.1808165439368,True,True,,True,True,True,True,
1108,2048,1.170054872520268,0.003259469848126173,0.6314657520502805,0.36853424794971945,23,11,0.4782608695652174,3.6788250940851865,0.4170955926179886,100.0,93.75019166559792,0.999881268227804,0.11660403604008396,2278.0377577656313,2292.0389995098394,True,True,,True,True,True,True,
1109,2048,1.0416943449527025,0.2291327917948365,0.5071888081729412,0.4928111918270588,22,9,0.4090909090909091,3.090458590630442,0.5808884911239147,100.0,93.20333341045409,0.9986660859019835,0.15260123695188538,1440.8839688541489,1454.1345824742184,True,True,,True,True,True,True,
1110,2048,1.5198180386796594,0.0701397336088121,0.33961171582341193,0.660388284176588,18,10,0.5555555555555556,1.2231517100706697,0.44728865679353474,100.0,112.38463589493603,0.605604361670457,0.010927044132016901,1079.1961269074075,1088.3741907096132,True,True,,True,True,True,True,
1111,2048,1.816270299255848,0.2036079685203731,0.693895623832941,0.306104376167059,26,16,0.6153846153846154,2.7278963319025933,0.5049268810078502,100.0,108.27787755259084,0.999961822528457,0.3938024900186919,1502.7220724459312,1508.7067728935115,True,True,,True,True,True,True,
1112,2048,1.3722176356241107,0.10064518433064222,0.4528804861009121,0.5471195138990879,14,5,0.35714285714285715,4.1638121936470265,0.4728529781103134,100.0,104.76215784289872,0.8571450942857055,0.0022060158085118148,2317.963418137442,2334.476076654264,True,True,,True,True,True,True,
1113,2048,1.250625979155302,0.271241617295891,0.6636856757104397,0.3363143242895603,19,12,0.631578947368421,3.9514700998552144,0.5915026819333433,100.0,95.2440738168828,0.9999378605880025,0.4314668381117868,1683.4660985503842,1688.3223073910804,True,True,,True,True,True,True,
1114,2048,1.8109087189659476,0.03651671782135963,0.48282722011208534,0.5171727798879147,21,8,0.38095238095238093,2.103859994374216,0.43599127754569056,100.0,114.39365139472733,0.8552749218428978,0.0010237880187979275,1466.5472059439676,1482.764401521213,True,True,,True,True,True,True,
1115,2048,1.6033083256334066,0.16090232469141483,0.5254656143486499,0.4745343856513501,13,6,0.46153846153846156,1.8358081410638987,0.516285365819931,100.0,108.35487607895305,0.9523559900651596,0.12550516744455975,1136.886977566581,1150.5565628588145,True,True,,True,True,True,True,
1116,2048,1.0851570712402463,0.13250066908076405,0.321169351786375,0.678830648213625,27,16,0.5925925925925926,3.291420581191778,0.4623730419203639,100.0,100.60893458433031,0.5971955077768257,0.0002190650429071933,2066.6329492798645,2076.103394293969,True,True,,True,True,True,True,
1118,2048,1.7317909160628915,0.0843909957446158,0.6015060540288686,0.3984939459711314,12,5,0.4166666666666667,2.4857599393464627,0.4802247487008572,100.0,109.0466556395973,0.9768623819909164,0.19523620005049616,1487.0013940519366,1498.3831692681129,True,True,,True,True,True,True,
1119,2048,1.9324261471629143,0.26063193725422024,0.35894089601933954,0.6410591039806605,24,7,0.2916666666666667,1.4700341518968343,0.5722472071647644,100.0,121.1207709434824,0.8039241423748089,0.026314959256559356,889.0556649407697,903.2619925284486,True,True,,True,True,True,True,
1120,2048,1.3791166795417666,0.04480351321399212,0.5882372837513685,0.4117627162486315,16,10,0.625,2.9481992050074037,0.40583478789776567,100.0,100.86979095506064,0.9764219840695031,0.019924882379207524,1951.74559799794,1969.5806194666973,True,True,,True,True,True,True,
1121,2048,1.4044619500637054,0.22185274343937636,0.6464195523411035,0.3535804476588965,14,6,0.42857142857142855,3.341166068147868,0.5587138671427965,100.0,99.90706966058752,0.9948167701563484,0.3712468497976429,1585.976478190631,1592.2545535923257,True,True,,True,True,True,True,
1122,2048,1.907049241475761,0.0809184710495174,0.40071588940918446,0.5992841105908155,26,14,0.5384615384615384,1.889187654107809,0.4126261988654733,100.0,119.14600740760739,0.6815444705084207,0.0009569951056720864,1455.3341922262669,1466.5454029887376,True,True,,True,True,True,True,
1123,2048,1.7414816413074732,0.24774392014369367,0.5581751514226199,0.44182484857738014,18,11,0.6111111111111112,2.0537030269391834,0.5334980832412839,100.0,110.54112497774264,0.9952278684344978,0.1760069771386599,1164.2056005510447,1176.9385923253162,True,True,,True,True,True,True,
1124,2048,1.1970070088282228,0.050632890500128265,0.38903353251516815,0.6109664674848319,22,7,0.3181818181818182,3.898502067290246,0.4890094827860594,100.0,101.82868304052869,0.7613046708619483,2.9501622664914388e-05,2181.601545209257,2195.6078767331137,True,True,,True,True,True,True,
1125,2048,1.0753746908158064,0.27477816520258785,0.46290150135755537,0.5370984986424446,23,8,0.34782608695652173,2.898048722371459,0.5027550775557756,100.0,95.65275509142793,0.9308174241213829,0.00012369235367870685,1649.3938788232751,1668.240867980414,True,True,,True,True,True,True,
1126,2048,1.6131201954558492,0.02127064224332571,0.6836052775382995,0.31639472246170053,17,12,0.7058823529411765,1.4170596345327793,0.469167504645884,100.0,104.03611844222206,0.9931897042040752,0.3333311290624718,1053.9896904707743,1061.2146457771087,True,True,,True,True,True,True,
1127,2048,1.7854107208549976,0.15499048847705124,0.3262680917978287,0.6737319082021713,29,16,0.5517241379310345,2.535511517710984,0.5767614649608731,100.0,119.12224172072484,0.7683217771840958,0.0018800831424103397,1272.7824114263287,1287.0713716424286,True,True,,True,True,True,True,
1128,2048,1.276094309054315,0.14545269152149556,0.5204095855355262,0.4795904144644738,11,5,0.45454545454545453,4.3577453688718375,0.44477295987308024,100.0,100.01993818484107,0.9233281786943142,0.017447124651027723,2512.4021860606417,2529.5845893143273,True,True,,True,True,True,True,
1129,2048,1.350810781121254,0.24203460328280924,0.30641085058450696,0.6935891494154931,16,8,0.5,3.7321982145309445,0.5133326957002282,100.0,109.10856592803265,0.6274794532958475,0.0020207353774014587,2031.2311034182665,2041.6019273311379,True,True,,True,True,True,True,
1131,2048,1.5140047315508127,0.18831139588728546,0.4946552515029907,0.5053447484970093,12,4,0.3333333333333333,1.6165112016722558,0.5881565254181623,100.0,107.12852394311466,0.9067376785172906,0.20610396734033387,904.2052681716569,913.6031873264408,True,True,,True,True,True,True,
1132,2048,1.0475369030609727,0.10421363264322281,0.6520781204104423,0.34792187958955767,28,18,0.6428571428571429,3.5091943365521727,0.4342564480379224,100.0,89.34443442528925,0.9999990295472811,0.19880753187667158,2141.58539362923,2153.5642067203507,True,True,,True,True,True,True,
1133,2048,1.1760204266756773,0.18004318149760365,0.5780209425836802,0.4219790574163198,27,18,0.6666666666666666,4.110844068881124,0.5700723538175225,100.0,95.41346847757717,0.9999988861086561,0.2597807652764577,1833.8294307687486,1843.9325525424076,True,True,,True,True,True,True,
1134,2048,1.6355149867013097,0.11484189368784427,0.369035916402936,0.630964083597064,13,5,0.38461538461538464,2.6777394566684958,0.40214626081287863,100.0,114.18485386854167,0.6152946474864287,0.0029338992027667684,1920.3012504922076,1929.6457900513742,True,True,,True,True,True,True,
1135,2048,1.9661369659006596,0.29016288891434666,0.6146543521434069,0.3853456478565931,21,10,0.47619047619047616,1.2765313276089727,0.5441122751682996,100.0,113.6186519236054,0.9663957153689489,0.31994605940866827,846.6676965845742,854.0355646734024,True,True,,True,True,True,True,
1136,2048,1.4723272388800979,0.01849187621846795,0.43223160840570923,0.5677683915942908,19,11,0.5789473684210527,3.140203973092139,0.47771210242062806,100.0,108.05596680517277,0.8235971958211673,0.004345744586543852,1844.5532656924058,1860.0842057517766,True,True,,True,True,True,True,
1137,2048,1.4467636598274112,0.29614002713933585,0.5367329411208629,0.4632670588791371,30,10,0.3333333333333333,2.831535846926272,0.4195353046059609,100.0,104.14523947626196,0.9246597952725175,4.916392770335717e-06,1864.7374542579785,1880.9851335541896,True,True,,True,True,True,True,
1138,2048,1.9917246624827385,0.005751065164804459,0.3160307057201862,0.6839692942798138,11,7,0.6363636363636364,4.267857792321593,0.5516092581674457,100.0,123.87773269558068,0.6720306575003315,0.026646871149355232,2022.2881225674964,2032.858503636954,True,True,,True,True,True,True,
1139,2048,1.6563180843368173,0.1717380914837122,0.6735128559172153,0.3264871440827847,24,13,0.5416666666666666,3.194073002412915,0.49435633327811956,100.0,105.31012866847288,0.9999060784822558,0.3396672331990479,1736.767932220591,1744.0393717756156,True,True,,True,True,True,True,
1140,2048,1.1551937330514193,0.12517237337306142,0.4793728612363338,0.5206271387636662,17,7,0.4117647058823529,1.3271720088087022,0.527956110984087,100.0,97.68122112868986,0.921212163601906,0.08432672879777768,933.104435314616,947.5870417507078,True,True,,True,True,True,True,
1141,2048,1.025849019177258,0.20111637264490126,0.3538511794060468,0.6461488205939532,18,9,0.5,2.3755215880461034,0.46377182751893997,100.0,97.50554998407478,0.6585192586224203,0.0015845047619883765,1613.5809859345306,1624.5697195972969,True,True,,True,True,True,True,
1142,2048,1.5356556233018637,0.09815416121855378,0.5995533373206854,0.4004466626793146,22,12,0.5454545454545454,3.782845435850322,0.5083458764478564,100.0,104.53402470595654,0.9998774344024336,0.2123749016304201,1934.594017744295,1945.866751833596,True,True,,True,True,True,True,
1143,2048,1.8623871048912406,0.23162180827930567,0.44214443527162073,0.5578555647283793,15,10,0.6666666666666666,3.6629845800809564,0.43781502749770884,100.0,116.81644249740123,0.772644451554314,0.017759952168128233,2222.2152487908797,2235.41076886968,True,True,,True,True,True,True,
1144,2048,1.3261083476245403,0.07262932173907756,0.6112844955176115,0.38871550448238845,25,9,0.36,1.773530973494053,0.5839149005711078,100.0,98.78736407508853,0.9932757091965881,0.3390862603011006,958.8021389184576,965.7911424908093,True,True,,True,True,True,True,
1145,2048,1.2972941203042865,0.16808155914768577,0.4221521507948637,0.5778478492051363,20,13,0.65,1.572468274924904,0.4525110675022006,100.0,103.67646753504545,0.7568303176149331,0.01722917071241388,1223.0150495618864,1235.8489193854332,True,True,,True,True,True,True,
1146,2048,1.7642483189702034,0.1396793307736516,0.6311356361955405,0.3688643638044595,20,6,0.3,3.0502274410799144,0.5189234480261803,100.0,108.90975418964615,0.9923104179959706,0.2963045239055373,1592.0628677274,1600.5240062484577,True,True,,True,True,True,True,
1147,2048,1.586915702559054,0.2640655254945159,0.3853722359985113,0.6146277640014888,27,11,0.4074074074074074,4.406781065370887,0.42729846611619,100.0,112.46282724070511,0.6728953931830867,9.829920517647628e-06,2689.7231074668875,2699.0544832156506,True,True,,True,True,True,True,
1148,2048,1.1015421766787767,0.029340054374188185,0.5677934806793927,0.4322065193206073,13,7,0.5384615384615384,2.587762973830104,0.595310010574758,100.0,93.39727515530376,0.9936233091189045,0.2783160331148277,1218.2018273586868,1226.7693624046428,True,True,,True,True,True,True,
1149,2048,1.222082574851811,0.25345327500253917,0.6935165785253048,0.3064834214746952,12,7,0.5833333333333334,1.9382172038778662,0.40905541311949495,100.0,93.63504059382711,0.9918659540693592,0.2625025839933773,1449.4659692245257,1458.0668923593716,True,True,,True,True,True,True,
1150,2048,1.7163824941962957,0.03762427931651473,0.45953317061066623,0.5404668293893338,29,14,0.4827586206896552,3.3934235726483166,0.562967698276043,100.0,113.04436160948416,0.9998509310056239,0.04009671991943727,1569.0114883752885,1588.220939109105,True,True,,True,True,True,True,
1151,2048,1.8847815683111548,0.21386580867692828,0.5052233226597309,0.4947766773402691,16,6,0.375,4.053904265910387,0.4830589033663273,100.0,115.26144453964707,0.9713758980618024,0.006400677477980098,2135.071979928858,2155.012929264323,True,True,,True,True,True,True,
1152,2048,1.426753755658865,0.0915670869871974,0.34780201241374015,0.6521979875862598,25,16,0.64,2.205888285767287,0.5385703524574638,100.0,109.70270368831359,0.7462130551956968,0.006458407748889528,1279.7690278325024,1293.2438921127364,True,True,,True,True,True,True,
1153,2048,1.425325988791883,0.285788083076477,0.6964858427643775,0.3035141572356225,17,6,0.35294117647058826,3.128765737172216,0.4263164369389415,100.0,99.09573633838289,0.9960379755401129,0.293386124081113,1958.7675040972958,1966.8154336277066,True,True,,True,True,True,True,
1154,2048,1.8881317041814327,0.01349394852295518,0.45000052750110625,0.5499994724988937,24,16,0.6666666666666666,1.2876422379165888,0.5958048909902572,100.0,117.10361211280491,0.8709201976005956,0.16444772140446615,770.3822711241554,780.5298617487135,True,True,,True,True,True,True,
1155,2048,1.7137645380571485,0.18504339354112745,0.5082898616790771,0.4917101383209229,10,6,0.6,2.663103766087443,0.45031934306025506,100.0,111.44255000059132,0.8670990160657935,0.0703122297014921,1689.1744893871166,1702.668485457698,True,True,,True,True,True,True,
1156,2048,1.2227776851505041,0.11921898387372493,0.33836740702390666,0.6616325929760933,30,15,0.5,4.125202837027609,0.5214069610461592,100.0,104.31325549409189,0.7069726100069303,2.8769843839773578e-05,2152.572184653189,2165.203653228481,True,True,,True,True,True,True,
1157,2048,1.0942874560132623,0.19330931464210152,0.41282092370092865,0.5871790762990714,26,11,0.4230769230769231,3.46877104640007,0.4820763854309916,100.0,97.84314118070517,0.7970358009469001,3.291781653135102e-05,2015.2858183171927,2030.2089084589452,True,True,,True,True,True,True,
1158,2048,1.5922475773841143,0.1085884116590023,0.6343063164502382,0.36569368354976184,15,8,0.5333333333333333,1.6566574710421262,0.539064934849739,100.0,104.90804651546654,0.986747156448575,0.3329472834397625,1008.1084264348792,1015.3445351388186,True,True,,True,True,True,True,
1159,2048,1.7596486313268542,0.23765753991901872,0.37613904662430286,0.6238609533756971,22,14,0.6363636363636364,2.2844332633540034,0.4068639867007733,100.0,116.79635977150247,0.6314401208550949,0.003955498384865504,1690.2723762603143,1700.0261201179208,True,True,,True,True,True,True,
1160,2048,1.3038161769509315,0.05925988079980016,0.571061435714364,0.42893856428563604,19,6,0.3157894736842105,3.76909672440961,0.565451700054109,100.0,99.31402996529619,0.9946337921840758,0.24555056435636424,1722.930174832176,1732.8001537093883,True,True,,True,True,True,True,
1161,2048,1.3228495260700583,0.15002919528633354,0.3569276366382837,0.6430723633617164,14,9,0.6428571428571429,4.394744580611587,0.49656020402908324,100.0,106.56528018449069,0.6990263008760867,0.010089688655658971,2375.817033892735,2387.7149634582056,True,True,,True,True,True,True,
1162,2048,1.8636620454490185,0.14104129588231443,0.5901317019015551,0.40986829809844494,27,10,0.37037037037037035,2.498386494722217,0.525460427813232,100.0,112.23085367147303,0.9977128688207344,0.22203224193975046,1350.1311839466503,1361.2190547337038,True,True,,True,True,True,True,
1163,2048,1.5351128624752164,0.2791918541304767,0.44512361772358416,0.5548763822764158,20,9,0.45,1.4573066057637334,0.4206028437241912,100.0,109.21884632539258,0.7660071284815595,0.0030950206668275866,1222.7857244428928,1236.1833007288253,True,True,,True,True,True,True,
1164,2048,1.0283751841634512,0.02623422872275114,0.6017648223787546,0.3982351776212454,20,12,0.6,2.8577261463738974,0.5510288916528225,100.0,90.06381348148585,0.9998430832149838,0.27741613019079686,1456.2803648135045,1465.0413557814231,True,True,,True,True,True,True,
1165,2048,1.1500142076984048,0.25215534260496497,0.5275127217173576,0.47248727828264236,25,13,0.52,3.912961549591273,0.4400186240673065,100.0,96.07810248210376,0.9418824919408351,0.00018413503063970967,2327.9691869029325,2346.39697294052,True,True,,True,True,True,True,
1166,2048,1.6634810138493776,0.05559419263154268,0.3193085789680481,0.6806914210319519,15,7,0.4666666666666667,2.0391680382192137,0.5814187524840235,100.0,116.5912032307408,0.7353206147374294,0.019809608286451976,1092.2860030207169,1104.778438481817,True,True,,True,True,True,True,
1167,2048,1.9852939201518893,0.2168891480192542,0.6641945987939835,0.33580540120601654,29,9,0.3103448275862069,1.9003992785699664,0.4648398315533996,100.0,112.57894793578708,0.9940393209873014,0.28443048340032745,1258.088591285303,1266.874812082929,True,True,,True,True,True,True,
1168,2048,1.4512105211615562,0.07650475529953837,0.48255345970392227,0.5174465402960777,12,8,0.6666666666666666,3.329828534089029,0.5077657841145993,100.0,105.9131265140008,0.9239048013139038,0.054706446762845654,1786.892124033223,1802.9438582755085,True,True,,True,True,True,True,
1169,2048,1.473508957773447,0.2088678720407188,0.5874454390257597,0.41255456097424026,22,10,0.45454545454545453,2.1947458734735843,0.5902628744021058,100.0,103.33867348255063,0.9972833788856534,0.3029524011358891,1080.1452031537267,1088.2762247521537,True,True,,True,True,True,True,
1170,2048,1.9630328780040145,0.08719229009002447,0.3659615572541952,0.6340384427458048,18,10,0.5555555555555556,4.065323600638657,0.4316629502922297,100.0,121.50747430574341,0.6423669327097561,0.00204037079561441,2476.5183157392867,2486.8572447855613,True,True,,True,True,True,True,
1171,2048,1.6383751761168242,0.2578303562477231,0.6241761233657599,0.3758238766342401,26,18,0.6923076923076923,3.379083705693483,0.5143025930970907,100.0,106.27482319295092,0.9999947571799247,0.2692602798120163,1740.9535414306642,1750.8042611920541,True,True,,True,True,True,True,
1172,2048,1.175083083100617,0.04262450030073523,0.429255286976695,0.570744713023305,14,5,0.35714285714285715,1.952884396445006,0.4572285892441869,100.0,99.85697554217063,0.7867190415798548,0.004915630379560898,1392.7129077521424,1406.9209312670903,True,True,,True,True,True,True,
1173,2048,1.05454939045012,0.2684403134509921,0.3031472824513912,0.6968527175486088,11,4,0.36363636363636365,2.547648108098656,0.546218135394156,100.0,100.22410769451005,0.6576617133720402,0.008627649950339848,1433.289874040351,1444.2105417272194,True,True,,True,True,True,True,
1174,2048,1.5089150900021195,0.03433796418830752,0.5496310509741306,0.45036894902586944,29,18,0.6206896551724138,4.447223158366978,0.47511830665171145,100.0,105.33300484504935,0.9999983463318886,0.05207781949121288,2353.75609040793,2372.3788997083698,True,True,,True,True,True,True,
1175,2048,1.8424929827451706,0.1630813649855554,0.4914897210896015,0.5085102789103986,17,9,0.5294117647058824,3.0133101283572614,0.5710425492376089,100.0,114.79884898679319,0.9952337889202374,0.11308364703029843,1401.8659998313067,1417.3307157519353,True,True,,True,True,True,True,
1176,2048,1.344042676500976,0.13530225846916435,0.6614106826484203,0.3385893173515797,23,10,0.43478260869565216,1.6096626084297894,0.40146864075213673,100.0,97.89610793459099,0.9957698042801972,0.16294202523957924,1296.0667595811897,1308.05675817695,True,True,,True,True,True,True,
1177,2048,1.2791070826351643,0.22721040369942783,0.4724133543670177,0.5275866456329823,28,16,0.5714285714285714,1.8106246051378547,0.5326135758310556,100.0,101.56729702320405,0.9893570327887653,0.01877288956866716,1094.510326331204,1114.3098249739103,True,True,,True,True,True,True,
1178,2048,1.7843818282708526,0.06766803748905659,0.6806159861385822,0.3193840138614178,12,6,0.5,3.625966553203761,0.48960217777639625,100.0,107.95980312281785,0.994941718828835,0.35293959893499116,1926.724709968716,1933.6010162480486,True,True,,True,True,True,True,
1179,2048,1.6139051895588636,0.20607995018362998,0.33568267002701757,0.6643173299729824,24,10,0.4166666666666667,3.823186826985329,0.5566197844222188,100.0,114.83267409205797,0.7568689887285851,0.00018427615505215466,1833.67945741753,1847.761617674595,True,True,,True,True,True,True,
1180,2048,1.072606292553246,0.10256785908713936,0.5173222564160823,0.4826777435839177,16,10,0.625,2.3353060081601145,0.4152074541896582,100.0,93.9240988607666,0.8737515888647635,0.015331569828252485,1677.8911478077173,1693.2883821111827,True,True,,True,True,True,True,
1181,2048,1.20194430090487,0.1766994025558233,0.6432410519570112,0.3567589480429888,19,12,0.631578947368421,1.3417384872213005,0.5758766833692789,100.0,94.38181390044264,0.9937113659655862,0.38512616290071755,829.5071382858239,835.3055127776246,True,True,,True,True,True,True,
1182,2048,1.73456094507128,0.12958378689363598,0.41003853343427177,0.5899614665657282,21,6,0.2857142857142857,3.179632433596998,0.44536518994718793,100.0,115.08157946114835,0.739233353209339,7.730866377527663e-05,1984.0946062576709,1997.2191390052633,True,True,,True,True,True,True,
1183,2048,1.913726031780243,0.2917263203300536,0.554898613318801,0.44510138668119903,13,6,0.46153846153846156,4.279176412895322,0.5006614597514272,100.0,114.32940814312917,0.9911475095013046,0.11979417325396122,2143.1816530325386,2158.189029041063,True,True,,True,True,True,True,
1184,2048,1.3997690407559276,0.0007874608039855957,0.3982589017599821,0.601741098240018,27,14,0.5185185185185185,2.820292732771486,0.4717490341514349,100.0,107.27485187016242,0.7536919655490891,0.00024890441532638574,1745.8256281825497,1759.5275699045455,True,True,,True,True,True,True,
1185,2048,1.378179095685482,0.18255165908485652,0.4424749318510294,0.5575250681489706,23,8,0.34782608695652173,2.388676983397454,0.518377928994596,100.0,105.25450842326688,0.9181386682036154,0.000545525929705466,1373.9016859540793,1392.6195455707482,True,True,,True,True,True,True,
1186,2048,1.9352861000224948,0.11672782218083738,0.6108351815491915,0.3891648184508085,17,10,0.5882352941176471,3.8729408517479893,0.45979025438427923,100.0,113.10533677924127,0.9992981941394946,0.15442183814685906,2134.8487289590253,2148.2969482186177,True,True,,True,True,True,True,
1187,2048,1.7286865878850222,0.2882766748778522,0.3556708414107561,0.6443291585892439,29,16,0.5517241379310345,3.5729897615499793,0.5923887088894844,100.0,116.80867827746994,0.8712647690350944,0.0008964758866369758,1561.7154012413246,1579.041462204919,True,True,,True,True,True,True,
1188,2048,1.207847879268229,0.01598311197012663,0.5974683735519648,0.4025316264480352,11,4,0.36363636363636365,1.760476396791637,0.43540011476725343,100.0,95.81510704920646,0.9526711210900101,0.13686138995475322,1312.5688061907088,1324.9505386848755,True,True,,True,True,True,True,
1189,2048,1.0783887263387442,0.24014870217069983,0.6732162192463874,0.3267837807536126,14,7,0.5,2.767322425916791,0.5743393054232001,100.0,89.78969680951343,0.9972004001823254,0.43310164999020606,1345.8733485147136,1350.6123806938656,True,True,,True,True,True,True,
1190,2048,1.6081538246944547,0.061751614697277545,0.4798558562994003,0.5201441437005997,26,14,0.5384615384615384,4.229021719750016,0.403251726180315,100.0,109.8836913827638,0.8040291983379431,0.0001610545122876691,2656.4345871044375,2670.733723266017,True,True,,True,True,True,True,
1191,2048,1.8058188371360302,0.19082015063613653,0.5348981201648711,0.46510187983512885,18,12,0.6666666666666666,3.23300950024277,0.5491225495934486,100.0,112.65768563325764,0.9993553268719652,0.15353352722037533,1554.7871557446472,1568.5869711861806,True,True,,True,True,True,True,
1192,2048,1.2576382299885154,0.1060998204164207,0.3181007131934166,0.6818992868065834,22,8,0.36363636363636365,1.3914864205755293,0.4796340508386493,100.0,106.04833727899614,0.6107439372481286,0.0006058749599207704,1104.216889531279,1114.1009208360153,True,True,,True,True,True,True,
1193,2048,1.369448997080326,0.2720133304595947,0.5039073094725608,0.4960926905274392,27,17,0.6296296296296297,2.002632028609514,0.5606981731951237,100.0,103.10071734317785,0.99966954536848,0.1154833112213571,1092.4435116711065,1107.66295448993,True,True,,True,True,True,True,
1194,2048,1.8170550568029284,0.019055133406072854,0.34882830977439877,0.6511716902256013,13,4,0.3076923076923077,3.432461073528975,0.41777216996997596,100.0,119.01686523776408,0.5980284329954175,0.0015310580701325767,2243.3914530315797,2252.5060864010998,True,True,,True,True,True,True,
1195,2048,1.51878890581429,0.15720628397539257,0.6907113999128341,0.30928860008716585,21,9,0.42857142857142855,4.015169196389615,0.5347363604232669,100.0,101.59123810504553,0.9995322923148653,0.4220124628283663,1921.075081678836,1926.3130679087517,True,True,,True,True,True,True,
1196,2048,1.0447068819776177,0.14821781180799007,0.4621951177716255,0.5378048822283745,19,10,0.5263157894736842,2.141775277722627,0.49333628863096235,100.0,94.66073713513526,0.9063396189958937,0.006054183468455029,1362.954149801473,1380.6865534748717,True,True,,True,True,True,True,
1197,2048,1.1653617229312658,0.22406824389472604,0.38664868809282776,0.6133513119071723,16,9,0.5625,1.5595143078826368,0.503955165296793,100.0,100.94141406150078,0.7575554548430861,0.021564608013851468,1108.7699813173967,1121.7417147313931,True,True,,True,True,True,True,
1198,2048,1.6481259958818555,0.08368327841162682,0.5667278010398149,0.4332721989601851,24,11,0.4583333333333333,2.960333428904414,0.47352906670421363,100.0,108.16737652423507,0.9993576476216771,0.0857307739588759,1708.2487516529939,1724.6873972962203,True,True,,True,True,True,True,
1199,2048,1.9377180002629757,0.2449788261204958,0.42496678717434405,0.5750332128256559,12,5,0.4166666666666667,4.4969772876240315,0.5787841511890293,100.0,118.96651337919394,0.9508176284541255,0.04225998222683939,1896.755731359906,1914.4445379198173,True,True,,True,True,True,True,
1200,2048,1.4987941971048713,0.04841710450127721,0.6284829441457986,0.37151705585420136,28,19,0.6785714285714286,2.6010189788416027,0.4498839840292931,100.0,102.80555294152481,0.9999916721685108,0.17420511974754765,1629.8318674764794,1642.780772060125,True,True,,True,True,True,True,
1201,2048,1.4571163384243846,0.255632306355983,0.32670988664031025,0.6732901133596898,18,7,0.3888888888888889,2.911102426238358,0.4543948696926236,100.0,111.23585362993822,0.5984378755491001,0.0004385438385522258,1880.444367976701,1889.8824555381875,True,True,,True,True,True,True,
1202,2048,1.9794179797172546,0.040425877645611764,0.5200687028467654,0.47993129715323457,21,11,0.5238095238095238,1.5070553258992732,0.523968816921115,100.0,116.74378354579295,0.9526999500466706,0.12701875691707762,975.8906402872916,989.6998194636451,True,True,,True,True,True,True,
1203,2048,1.6850433135405183,0.2110644958913326,0.4649791307747364,0.5350208692252636,14,8,0.5714285714285714,2.445415401086211,0.42844208069145684,100.0,112.15436599583234,0.7997681731763101,0.01835890765599499,1672.8032718360478,1686.554600289299,True,True,,True,True,True,True,
1204,2048,1.128422686830163,0.08938834229484201,0.6817750446498394,0.3182249553501606,25,9,0.36,4.344590674247592,0.5995418647304177,100.0,91.14005939443012,0.9997051564283704,0.4694167818886175,1791.1614831753213,1795.2016207242743,True,True,,True,True,True,True,
1205,2048,1.0069048078730702,0.16527998708188532,0.5576937865465879,0.44230621345341214,30,11,0.36666666666666664,3.276850955653935,0.41016093362122774,100.0,90.56609265794134,0.9454961224009586,1.8814454218143934e-06,2147.48070436597,2164.749697367779,True,True,,True,True,True,True,
1206,2048,1.5565521698445082,0.137500308919698,0.3893350478261709,0.6106649521738291,10,7,0.7,1.8502518570050597,0.5672349762171507,100.0,111.5879252739154,0.749077931294651,0.11487385813597573,1061.2241116172102,1070.3256219279722,True,True,,True,True,True,True,
1207,2048,1.857909164391458,0.26624426180496813,0.6443513717502355,0.3556486282497645,23,13,0.5652173913043478,2.0925382266752424,0.48498060889542105,100.0,110.53940080210936,0.9991742941902221,0.2675519955687847,1295.1614004155451,1304.612437394458,True,True,,True,True,True,True,
1208,2048,1.32863425090909,0.032141339778900144,0.4025553923100233,0.5974446076899766,17,8,0.47058823529411764,3.962716361135244,0.5435804883018136,100.0,105.19513805225984,0.8791512417114453,0.0023820064333029806,1924.6882851195683,1942.2038412015836,True,True,,True,True,True,True,
1209,2048,1.2939757285639644,0.19919368056580425,0.6136176686733961,0.38638233132660393,12,6,0.5,4.174957753065973,0.42468142323195934,100.0,97.83419101430837,0.9935907704040745,0.09884944475394337,2476.777725890589,2491.6124929580383,True,True,,True,True,True,True,
1210,2048,1.7695206850767136,0.09568216111510992,0.43354010246694086,0.5664598975330591,28,12,0.42857142857142855,2.7164738500490784,0.5535937981680036,100.0,115.08241451793617,0.9702396630976449,0.0007628741315821826,1361.6652898267932,1382.2064996064182,True,True,,True,True,True,True,
1211,2048,1.5668117040768266,0.2340935217216611,0.57534842453897,0.42465157546103005,15,5,0.3333333333333333,1.237494724150747,0.4986827978864312,100.0,105.99167764348607,0.9305527718013831,0.218267832530939,935.000784575913,944.5575423908756,True,True,,True,True,True,True,
1212,2048,1.1196920219808817,0.07455172827467323,0.371833760663867,0.628166239336133,25,16,0.64,3.075788250938058,0.5291943479329347,100.0,100.0008619589185,0.7872985239109049,0.002226925459980064,1671.4919483652573,1686.272278823651,True,True,,True,True,True,True,
1213,2048,1.2480611028149724,0.29861201774328944,0.4957258097827434,0.5042741902172566,20,13,0.65,3.718943106941879,0.46813372783362867,100.0,99.9590641024771,0.9269281676682957,0.005816759812616034,2120.8152919094855,2139.0000660033757,True,True,,True,True,True,True,
1214,2048,1.688451660797,0.0076737309806048865,0.6508032985031604,0.34919670149683957,19,7,0.3684210526315789,2.2314618808217346,0.5095460074022412,100.0,106.67006942565729,0.9922252898446425,0.3221742306274284,1298.5683233081124,1306.2272925171505,True,True,,True,True,True,True,
1215,2048,1.8978807097300887,0.16981571232900022,0.30906822457909583,0.6909317754209041,26,12,0.46153846153846156,1.7064058899879455,0.44292590115219355,100.0,122.18171723216534,0.5544952860601797,0.00039166003029572096,1313.1185830077495,1321.3707336010048,True,True,,True,True,True,True,
1216,2048,1.4156066216528416,0.12270066831260919,0.537582954019308,0.462417045980692,13,8,0.6153846153846154,3.5221476274542507,0.5859373558312655,100.0,103.311353569907,0.9964735087974278,0.21329939877106904,1548.9236559381366,1559.9809211805166,True,True,,True,True,True,True,
1217,2048,1.411328342743218,0.18940717382356523,0.32432353906333444,0.6756764609366656,28,17,0.6071428571428571,3.882876396831125,0.5692557936534286,100.0,110.1146803503247,0.7519645385257537,0.0007267705656974094,1819.1502421341,1833.017549514907,True,True,,True,True,True,True,
1218,2048,1.902135906741023,0.1054513094946742,0.5286193992942572,0.47138060070574284,11,4,0.36363636363636365,2.0675411302596327,0.4028678350150585,100.0,114.89457428708027,0.863224538552896,0.032673283409293756,1527.4757337091432,1541.9530434908781,True,True,,True,True,True,True,
1219,2048,1.6995809292420745,0.24327686671167612,0.48612748943269246,0.5138725105673075,24,10,0.4166666666666667,1.8703141503967344,0.5448311775922775,100.0,111.81456553842378,0.9802027130569618,0.07337117276021979,1072.762901496656,1089.6845353052029,True,True,,True,True,True,True,
1220,2048,1.2369544990360737,0.06535127526149154,0.666986347362399,0.33301365263760097,15,8,0.5333333333333333,3.3582016507163646,0.4768928734585643,100.0,94.76422957101084,0.998875497233536,0.3029349465807865,1899.0504357372965,1907.0458350015724,True,True,,True,True,True,True,
1221,2048,1.1154442159458995,0.28891719337552785,0.5912445597350597,0.40875544026494026,20,11,0.55,4.364659796655178,0.5125127023085951,100.0,93.1770854803849,0.9999076302976682,0.20253535527036653,2189.8216768302877,2201.175318119606,True,True,,True,True,True,True,
1222,2048,1.5710973739624023,0.01738809524103999,0.3619486220180988,0.6380513779819013,20,10,0.5,2.5267591687850652,0.4586248390376568,100.0,112.87900064284514,0.6673692618151844,0.0014211312777370618,1660.7148053677968,1671.9364407493467,True,True,,True,True,True,True,
1223,2048,1.780619421042502,0.17894396921619773,0.6045626081526279,0.39543739184737214,13,5,0.38461538461538464,1.4272218955680727,0.5888788610696792,100.0,110.03190508608702,0.9467564026480797,0.3656628363733763,822.6173546818246,828.3192617079058,True,True,,True,True,True,True,
1224,2048,1.2828385923057795,0.1135916294530034,0.4487038157880306,0.5512961842119695,27,18,0.6666666666666666,2.8860988941974934,0.4334406523033977,100.0,102.41659746648781,0.7906455165564528,0.0017644197773489818,1903.0056743998086,1917.2271442941376,True,True,,True,True,True,True,
1225,2048,1.3399771274998784,0.24665043996647,0.6347538135945796,0.3652461864054204,22,7,0.3181818181818182,3.4988558303564785,0.5020087562501431,100.0,98.51342157065397,0.9976412608451899,0.2747734033802357,1858.5635246721001,1867.5309695425863,True,True,,True,True,True,True,
1226,2048,1.8465278875082731,0.04938833825290203,0.418739203363657,0.581260796636343,18,11,0.6111111111111112,1.6282847969792782,0.4700080489739776,100.0,117.25391404260864,0.7663399374233737,0.02677736647043091,1182.6292331524407,1195.5450059419215,True,True,,True,True,True,True,
1227,2048,1.552060223184526,0.2206127777695656,0.5729498632252217,0.4270501367747783,25,13,0.52,2.314517973549664,0.5776054440066218,100.0,105.70508966356948,0.9993980129010263,0.26109508733667647,1151.2077743964003,1160.7705453517328,True,True,,True,True,True,True,
1228,2048,1.011434618383646,0.07982040429487824,0.38037225529551505,0.6196277447044849,15,7,0.4666666666666667,3.740723976586014,0.4440300703048706,100.0,96.12883633173715,0.6831469229324092,0.0012686700907780983,2343.5265454764212,2355.0074891400905,True,True,,True,True,True,True,
1229,2048,1.1397960959002376,0.1562430415302515,0.4559248339384794,0.5440751660615206,10,5,0.5,3.1588508899323644,0.5579702161252499,100.0,97.92657972705047,0.9402544720558199,0.07222465894234632,1556.7807043427636,1572.346681630872,True,True,,True,True,True,True,
1230,2048,1.6736925691366196,0.14655419262126088,0.6969395216554403,0.30306047834455974,29,17,0.5862068965517241,1.2592691458761691,0.4134694134816528,100.0,105.06711444869029,0.9965343616521777,0.27194674142365827,1085.3217128596073,1094.0315599185149,True,True,,True,True,True,True,
1231,2048,1.974895560182631,0.27588423499837517,0.3426067855209112,0.6573932144790888,16,11,0.6875,2.6931888942606745,0.5343393919989466,100.0,122.57607988962553,0.7016824211850204,0.029683822505098593,1467.364940854173,1478.6256055168747,True,True,,True,True,True,True,
1233,2048,1.4867112394422293,0.2628118313848972,0.4088262841105461,0.5911737158894539,13,7,0.5384615384615384,1.311754042468965,0.4082144381478429,100.0,109.19009126772687,0.6737044530910786,0.0248349659982154,1192.8705985088093,1202.8753856766123,True,True,,True,True,True,True,
1234,2048,1.949824039824307,0.028237414453178643,0.6381237626075744,0.3618762373924256,27,11,0.4074074074074074,3.20810623364523,0.5637136872857809,100.0,112.61007689140115,0.9994880582252382,0.35844578787502956,1488.1220506431484,1495.0234526328459,True,True,,True,True,True,True,
1235,2048,1.6514048390090466,0.16697435053065418,0.39555708467960354,0.6044429153203965,19,7,0.3684210526315789,4.2491919927299024,0.4838022205978632,100.0,113.65562312206214,0.7660422360151701,0.00026497171620173997,2316.8757335909345,2331.048804340589,True,True,,True,True,True,True,
1236,2048,1.162060215137899,0.13843020536005496,0.551417376101017,0.44858262389898296,21,13,0.6190476190476191,2.848766557406634,0.5377267086878419,100.0,95.75094855917553,0.9998519482625101,0.16590879309759465,1486.640641682032,1499.5162646442695,True,True,,True,True,True,True,
1237,2048,1.0325934514403343,0.214958141092211,0.6755046878010034,0.32449531219899663,24,17,0.7083333333333334,1.7806405291892586,0.45166665930300953,100.0,88.23807028620439,0.9999334174401899,0.28164151520024183,1281.7036958088868,1290.0685409789153,True,True,,True,True,True,True,
1238,2048,1.53086447250098,0.0928104892373085,0.4712073225528002,0.5287926774471998,16,6,0.375,3.6544399352744223,0.5196660038083791,100.0,108.28106185175926,0.9726302530786906,0.0077120691617530756,1850.3500736163148,1870.3752462175116,True,True,,True,True,True,True,
1239,2048,1.8203644324094057,0.2546920906752348,0.5138472486287355,0.48615275137126446,28,14,0.5,3.793202824797481,0.42804521657526495,100.0,113.62174581116864,0.8983317651119338,0.00011517738958895018,2278.0615368989297,2295.4203822893955,True,True,,True,True,True,True,
1240,2048,1.3661780217662454,0.038721198309212924,0.33298683203756807,0.6670131679624319,12,7,0.5833333333333334,2.3637794639915226,0.5944698000326752,100.0,108.59151531652964,0.7603336995390629,0.04146360991322568,1180.519918080174,1192.650241715383,True,True,,True,True,True,True,
1241,2048,1.2611917462199926,0.17298492807894944,0.5438057545572519,0.4561942454427481,17,7,0.4117647058823529,2.5776321840472516,0.46304992102086545,100.0,98.9024066856777,0.9908668341335124,0.025376231814080226,1601.265233448181,1620.1229890307018,True,True,,True,True,True,True,
1242,2048,1.8023037211969495,0.1262772931717336,0.3027895260602236,0.6972104739397764,23,12,0.5217391304347826,4.418749776296317,0.5091620059683919,100.0,120.34563018990059,0.6165023817981119,0.0003671757493164083,2308.3092724176518,2318.4310566867744,True,True,,True,True,True,True,
1243,2048,1.5957962535321712,0.297240378241986,0.6570749539881944,0.3429250460118056,11,7,0.6363636363636364,3.0432941305451093,0.43863459173589947,100.0,104.35709811458787,0.991631136176579,0.22890248508081967,1866.3855004300963,1876.53417216571,True,True,,True,True,True,True,
1244,2048,1.090708433650434,0.007002470456063747,0.48949591256678104,0.510504087433219,29,9,0.3103448275862069,1.581189152598381,0.5831964258104563,100.0,95.34023803777791,0.9731992562660475,0.14378528432221413,907.0337433882265,920.0856490684109,True,True,,True,True,True,True,
1245,2048,1.21137086302042,0.23052717810496687,0.36561001688241956,0.6343899831175804,26,10,0.38461538461538464,2.2247303182259204,0.4188160683959723,100.0,103.0426513215682,0.6290601944250805,2.5203487781194684e-05,1662.6347142569573,1672.5820621852683,True,True,,True,True,True,True,
1246,2048,1.7251409394666553,0.0713927948847413,0.5816261321306229,0.41837386786937714,14,9,0.6428571428571429,4.036849800590425,0.5524280579760671,100.0,109.4799504403141,0.9985738082698835,0.24381786989492663,1842.1019607783126,1852.372585987368,True,True,,True,True,True,True,
1247,2048,1.9229590017348528,0.19987525921314955,0.42726745605468747,0.5727325439453126,22,13,0.5909090909090909,3.4090681258589024,0.49517322722822427,100.0,118.58368886629717,0.8429450994549634,0.0034786428803078697,1861.35792129425,1877.73250782782,True,True,,True,True,True,True,
1248,2048,1.3905292758718133,0.09706411762163043,0.619846622645855,0.380153377354145,18,9,0.5,1.924410571809858,0.5272349659353495,100.0,100.27803042275485,0.9951233040839047,0.2833409930031767,1145.1719372082525,1153.8987974604806,True,True,,True,True,True,True,
1249,2048,1.3964635077863932,0.23639360116794705,0.5648315779864788,0.43516842201352124,12,8,0.6666666666666666,1.5314405369572341,0.4863677008077502,100.0,102.00519779415976,0.9350672991605744,0.17384148529387053,1090.1409347277938,1101.2295658772766,True,True,,True,True,True,True,
1250,2048,1.9169932240620255,0.05846743695437908,0.3824106879532337,0.6175893120467664,28,10,0.35714285714285715,2.989917746186256,0.5418058589100838,100.0,119.9813655565979,0.8344851421764867,0.00010199581147451774,1531.3404214048187,1547.7835084615576,True,True,,True,True,True,True,
1251,2048,1.746670588850975,0.19629358202219008,0.6280276037752628,0.3719723962247372,16,8,0.5,4.468903590459377,0.411947787553072,100.0,108.61250523505203,0.9987315175443587,0.09883277213613546,2625.7615070068587,2640.8313745955534,True,True,,True,True,True,True,
1252,2048,1.1898725805804133,0.11233714604750275,0.4190437637269497,0.5809562362730503,24,13,0.5416666666666666,2.630603369884193,0.5658357074484229,100.0,100.63411439839109,0.9603826158356977,0.003671919789723185,1326.4585311419728,1346.2398948323387,True,True,,True,True,True,True,
1253,2048,1.069331232458353,0.18582780696451665,0.3445963006466627,0.6554036993533373,21,11,0.5238095238095238,1.9745578888803719,0.4298260135576129,100.0,99.28191528261993,0.6036841987033393,0.0009106371335950983,1519.1614078902292,1528.5440325686413,True,True,,True,True,True,True,
1254,2048,1.6172028547152877,0.12047489555552601,0.5020173039287328,0.4979826960712672,19,8,0.42105263157894735,3.462045808788389,0.5977642670273781,100.0,109.40517474699158,0.9964083360706244,0.16934385327826382,1473.1204355807638,1485.9323019127328,True,True,,True,True,True,True,
1255,2048,1.7964609395712614,0.2820313573814928,0.4562783237546682,0.5437216762453319,27,9,0.3333333333333333,3.9870950812473893,0.45618469193577765,100.0,114.93209485373166,0.8390236292274931,1.0626282566668787e-05,2279.5715002123084,2295.629413443707,True,True,,True,True,True,True,
1256,2048,1.2670048298314214,0.010501686483621597,0.6902620386332273,0.3097379613667727,13,8,0.6153846153846154,2.171360037568957,0.5225727071985602,100.0,95.00386894541418,0.9966032783782958,0.41038614338549495,1260.206084197322,1265.5452156747747,True,True,,True,True,True,True,
1257,2048,1.356365928426385,0.21841630144044757,0.4762770365923643,0.5237229634076357,18,7,0.3888888888888889,2.795396565645933,0.4411970183253288,100.0,103.59745641378998,0.8516188462128454,0.0008859737560879853,1808.9430175458017,1824.9876147918844,True,True,,True,True,True,True,
1258,2048,1.8301465893164277,0.07762449961155653,0.6704166766256093,0.32958332337439067,22,15,0.6818181818181818,4.199436984490603,0.5872725261375308,100.0,109.2208405829889,0.9999839910723578,0.43880115524056956,1746.4285471060655,1751.3538562075962,True,True,,True,True,True,True,
1259,2048,1.5053958892822266,0.24884835127741098,0.31308101080358025,0.6869189891964198,14,8,0.5714285714285714,3.2610836153849956,0.46678632106631995,100.0,112.96016230582893,0.5814053436968356,0.006572447846588015,2002.2306773885493,2011.07188399591,True,True,,True,True,True,True,
1260,2048,1.058091196231544,0.051586822327226396,0.5337836008518934,0.46621639914810664,26,12,0.46153846153846156,1.3619016607291996,0.5112870790064334,100.0,92.96751823800605,0.9794328403021043,0.10782111235971538,973.3927773044194,988.132869245741,True,True,,True,True,True,True,
1261,2048,1.187436867505312,0.27808013912290336,0.6080418549478054,0.3919581450521946,29,13,0.4482758620689655,2.4167507543228566,0.4969570741057396,100.0,94.914822517846,0.9997979697269145,0.211466964255874,1434.5498764915765,1445.5725322371354,True,True,,True,True,True,True,
1262,2048,1.6260593151673675,0.02471510348841548,0.43890210166573523,0.5610978983342647,11,6,0.5454545454545454,3.843356534466147,0.5305324865505099,100.0,111.62132758474092,0.8952562094880453,0.03508098424201195,1903.9002408512454,1920.278898765593,True,True,,True,True,True,True,
1263,2048,1.95948320440948,0.15404455801472067,0.5963598318397998,0.4036401681602002,23,15,0.6521739130434783,3.601063458714634,0.4233310481533408,100.0,114.02202146555925,0.9999280650593609,0.04657920329054909,2149.7157653783065,2167.5529042063727,True,True,,True,True,True,True,
1264,2048,1.4770202906802297,0.14435628075152634,0.3506573669612407,0.6493426330387593,17,5,0.29411764705882354,1.730892005749047,0.5553317107260227,100.0,110.91236519142512,0.7786466419343538,0.00795835690955502,1043.2508126110463,1057.5778673629395,True,True,,True,True,True,True,
1265,2048,1.4401155719533563,0.15979740042239426,0.6551342818886041,0.3448657181113959,27,15,0.5555555555555556,3.6909700440242883,0.5473968485370279,100.0,100.58897807936086,0.9999859076866398,0.37000146391261624,1753.2411692231676,1759.664476121,True,True,,True,True,True,True,
1266,2048,1.996427210047841,0.13125382801517843,0.4977117735892534,0.5022882264107467,14,7,0.5,2.2611469061113896,0.48097221441566945,100.0,117.79090839444473,0.9224789134484692,0.039342580716507716,1391.5859171968339,1408.4035487410824,True,True,,True,True,True,True,
1267,2048,1.667724977247417,0.2699902075342834,0.5434034574776887,0.4565965425223113,20,7,0.35,1.6784329008311032,0.5729889523237943,100.0,109.3175485949705,0.9660919731431462,0.22840210345603573,942.9925865074792,953.0269442745405,True,True,,True,True,True,True,
1268,2048,1.145732320845127,0.03541636224836111,0.3094181839376688,0.6905818160623312,20,14,0.7,3.551832726504654,0.40498966444283724,100.0,102.96487161008076,0.5177823284643881,0.0032899993459347535,2440.214012644103,2447.298490917735,True,True,,True,True,True,True,
1269,2048,1.0172497620806098,0.26186846857890483,0.43553224653005596,0.564467753469944,16,10,0.625,4.146984321344644,0.5906598487868905,100.0,94.55926591574121,0.998695546284255,0.04522785020719404,1772.8628612605494,1791.2131676183049,True,True,,True,True,True,True,
1270,2048,1.5462156794965267,0.045898147858679295,0.6179546773433685,0.3820453226566315,25,9,0.36,2.7461592933163046,0.4367353100329638,100.0,104.26628498053208,0.9983822557043013,0.12732042574922398,1735.8292680164784,1749.9013426330416,True,True,,True,True,True,True,
1271,2048,1.867936541326344,0.207779192738235,0.3721897572278976,0.6278102427721024,12,5,0.4166666666666667,1.2095213170163333,0.5170305442065001,100.0,119.29858235003013,0.7132169563847376,0.05362896189057075,912.4191471834689,923.000275018962,True,True,,True,True,True,True,
1272,2048,1.3185981716960669,0.08563211364671587,0.5811750963330269,0.4188249036669731,29,15,0.5172413793103449,3.1054737187922,0.46153135169297455,100.0,99.43318727839824,0.999971058713576,0.09258024950695337,1834.6168332122381,1850.392073808905,True,True,,True,True,True,True,
1273,2048,1.308334813453257,0.2947516478598118,0.3920290187001228,0.6079709812998773,24,11,0.4583333333333333,3.304824387375265,0.5801680613309145,100.0,104.97526165129705,0.9327346024062841,0.0007602410641608121,1521.5141075742724,1540.649177458232,True,True,,True,True,True,True,
1274,2048,1.7551531363278627,0.004513168428093195,0.5611702769994735,0.4388297230005265,17,10,0.5882352941176471,1.8205664137378335,0.4481063613668084,100.0,110.75423815168011,0.9683852034647141,0.05964875591694026,1278.7675421589777,1295.3978955069808,True,True,,True,True,True,True,
1275,2048,1.5808780146762729,0.1754768100567162,0.4037598431110382,0.5962401568889618,30,20,0.6666666666666666,2.120511633809656,0.5057449655607342,100.0,111.69777169771697,0.8116576611271685,0.005144315920198746,1312.71586555795,1328.075196186175,True,True,,True,True,True,True,
1276,2048,1.1056344136595726,0.12876860238611698,0.6494638666510582,0.35053613334894185,11,4,0.36363636363636365,3.933030893281102,0.4721329312771559,100.0,91.28139526025285,0.9888076350878369,0.27006147517503776,2186.6411383081036,2195.3165790509383,True,True,,True,True,True,True,
1277,2048,1.2272657891735435,0.20236456179991363,0.523551220074296,0.476448779925704,15,5,0.3333333333333333,2.939075489155948,0.5361234296113253,100.0,98.51701848438728,0.98229855781467,0.12660816056172272,1528.13340666197,1542.3105455941238,True,True,,True,True,True,True,
1278,2048,1.7092385105788708,0.09955284744501114,0.32941003926098344,0.6705899607390166,25,16,0.64,1.4773703006096184,0.49156163427978755,100.0,117.29149746093645,0.6388259890054927,0.009371608295748022,1093.8977779229417,1104.2105163166875,True,True,,True,True,True,True,
1279,2048,1.8767926143482327,0.22803586833178996,0.6868937093764543,0.31310629062354567,19,10,0.5263157894736842,2.4733883902430533,0.5624850051477551,100.0,109.741240568227,0.9985955261641799,0.4444443759429062,1235.0957740127958,1239.9430362065152,True,True,,True,True,True,True,
1280,2048,1.4367034193128347,0.0689009134657681,0.4661896202713251,0.5338103797286748,22,10,0.45454545454545453,4.31490557519719,0.4163728754967451,100.0,106.05031535838054,0.7986842446094126,0.00013545528174929716,2660.6560195817865,2674.9738477134783,True,True,,True,True,True,True,
1281,2048,1.433911676518619,0.22778560314327478,0.381763981282711,0.6182360187172891,13,4,0.3076923076923077,1.8290591494180262,0.5955626539885998,100.0,108.73016508724055,0.8472105116715225,0.06568764019150335,973.5674936294386,986.9579373078218,True,True,,True,True,True,True,
1282,2048,1.877600036561489,0.06824380969628692,0.5649665415287017,0.43503345847129826,27,17,0.6296296296296297,3.309234816022217,0.42607419546693565,100.0,113.27352177759644,0.9827827194128421,0.0021767805725946927,2016.8294107027775,2036.4659592373218,True,True,,True,True,True,True,
1283,2048,1.708247766830027,0.2019676680676639,0.4200820535421371,0.5799179464578629,19,10,0.5263157894736842,3.9447462483309206,0.5215515462681651,100.0,114.14979172134554,0.8749977225301928,0.002763112946106197,1982.281547908166,1999.7255163861223,True,True,,True,True,True,True,
1284,2048,1.2302404213696718,0.09845614861696958,0.6267217114567756,0.3732782885432244,21,9,0.42857142857142855,2.1216995414346456,0.4504639238119125,100.0,95.659155353774,0.9974409802528708,0.17448105297968033,1429.8413664973111,1441.9185204662588,True,True,,True,True,True,True,
1285,2048,1.1087306188419461,0.1749517380259931,0.5025428030639887,0.4974571969360113,24,12,0.5,1.476181993447244,0.539796220511198,100.0,95.52565576145128,0.9774368792842478,0.09768428112369251,959.0818058639782,974.3705501580332,True,True,,True,True,True,True,
1286,2048,1.579764699563384,0.12783669400960207,0.34434030838310714,0.6556596916168929,16,9,0.5625,2.9273605336435136,0.4828076666221023,100.0,113.70269171083959,0.6601407048681154,0.00604963077032643,1767.8249212645615,1778.803138852667,True,True,,True,True,True,True,
1287,2048,1.7560830852016807,0.2946661731228232,0.6893468726426363,0.3106531273573637,28,19,0.6785714285714286,4.310494747012854,0.5650133876129985,100.0,107.10573080362792,0.9999990987945899,0.45018313151410194,1884.3697006181003,1889.4368397079934,True,True,,True,True,True,True,
1288,2048,1.3054214529693127,0.0037278863601386547,0.45770713724195955,0.5422928627580405,12,4,0.3333333333333333,2.464896054100245,0.40642566978931427,100.0,102.77096216599176,0.7675423866110918,0.005202047683881354,1782.4137532881955,1795.5096220878738,True,True,,True,True,True,True,
1289,2048,1.317637930624187,0.20827207267284392,0.6718448225408792,0.3281551774591208,17,11,0.6470588235294118,2.266350951232016,0.5253128027543426,100.0,96.89819085611839,0.9992792902385439,0.3759661755137104,1286.9887326357089,1293.1948047864678,True,True,,True,True,True,True,
1290,2048,1.8708196058869362,0.0865959190763533,0.4753610122948885,0.5246389877051115,23,7,0.30434782608695654,3.698644084576517,0.49641258344054223,100.0,115.9158567581519,0.9438262485575266,0.00014517729890145306,1945.5434380524875,1965.1169351062795,True,True,,True,True,True,True,
1291,2048,1.5431492337957025,0.26192203955724835,0.5335267502814531,0.46647324971854687,11,5,0.45454545454545453,3.5538139555603268,0.5512741684913636,100.0,106.65975464095158,0.9799785988042355,0.17012245151723965,1687.814202517872,1700.312000388929,True,True,,True,True,True,True,
1292,2048,1.0183928329497576,0.046715610846877094,0.3136058423668146,0.6863941576331853,29,15,0.5172413793103449,1.689329659100622,0.4208481250330806,100.0,98.62717362145264,0.5414282462532605,8.750225791408141e-05,1408.441998096431,1416.29921804294,True,True,,True,True,True,True,
1293,2048,1.1467538373544812,0.27020857790485026,0.4375955417752266,0.5624044582247734,26,15,0.5769230769230769,2.7352621478028594,0.5818601047620178,100.0,98.71846294656581,0.9998683898231691,0.033523559510945954,1305.9526057613036,1325.119937393864,True,True,,True,True,True,True,
1294,2048,1.6647811140865088,0.03610565587878227,0.6090792864561081,0.3909207135438919,14,6,0.42857142857142855,4.145003479532897,0.4404599808156491,100.0,107.31493395100847,0.9949214557130192,0.1189132848963256,2359.449990577874,2373.918592902478,True,True,,True,True,True,True,
1295,2048,1.9991877665743232,0.16016211099922656,0.35079147219657897,0.649208527803421,22,8,0.36363636363636365,3.097799290996045,0.5070314586162568,100.0,122.78020771265187,0.7112931787055652,0.0002892456788995073,1719.8753394242178,1732.623437505211,True,True,,True,True,True,True,
1296,2048,1.439276959747076,0.13238243283703924,0.5957124575972557,0.40428754240274434,18,12,0.6666666666666666,1.2043176591396332,0.4641055105254054,100.0,102.22913129029496,0.9556123235404751,0.18014237100081296,984.6469319481682,995.8505456540494,True,True,,True,True,True,True,
1297,2048,1.4795092344284058,0.1541208785958588,0.49747943691909313,0.5025205630809069,29,12,0.41379310344827586,4.194233424961567,0.4316160257905722,100.0,106.17393456911259,0.8752682241331046,8.655698348010678e-06,2495.1147239117463,2510.121043155295,True,True,,True,True,True,True,
1298,2048,1.9589795200154185,0.1451324064284563,0.6556834306567907,0.3443165693432093,12,6,0.5,2.787722039502114,0.5902159454300999,100.0,112.29358238430984,0.9898226438613821,0.4236923917556536,1260.3248901934267,1265.4496721442263,True,True,,True,True,True,True,
1299,2048,1.6273566577583551,0.27859605476260185,0.3108218308538198,0.6891781691461802,25,15,0.6,1.3599207205697894,0.45756848696619273,100.0,116.04165078658076,0.5697434430063735,0.0038797343249158335,1124.186654428267,1132.7857350806212,True,True,,True,True,True,True,
1300,2048,1.184154667891562,0.02563785770907998,0.542463107034564,0.457536892965436,16,5,0.3125,3.250186568219214,0.5146424863487482,100.0,96.68040416280775,0.9873555776998798,0.12288938222383959,1726.607695489063,1740.983108191195,True,True,,True,True,True,True,
1301,2048,1.0546883922070265,0.2492360886186361,0.6181133024394512,0.3818866975605488,20,7,0.35,3.8542531943880016,0.47565427981317043,100.0,90.4889438297289,0.998465321605177,0.19882310463179362,2138.043388244733,2149.279034206208,True,True,,True,True,True,True,
1302,2048,1.506816771812737,0.05267436699941754,0.4349091835319996,0.5650908164680004,20,14,0.7,2.4187320817261933,0.5467541040852666,100.0,108.84369915081953,0.9138279835808976,0.03790460905608828,1298.8150544114192,1315.5549598771572,True,True,,True,True,True,True,
1303,2048,1.8295194394886494,0.21865741247311235,0.579844031482935,0.42015596851706505,14,8,0.5714285714285714,1.7385661446489393,0.4008350158110261,100.0,111.81207368181992,0.9273701911637622,0.060368644319312874,1355.5037103022212,1370.3409856907401,True,True,,True,True,True,True,
1304,2048,1.3589755510911345,0.07827244699001312,0.3732028685510158,0.6267971314489842,27,13,0.48148148148148145,3.606267405487597,0.5704089198261499,100.0,107.01173575047602,0.8683944007492421,0.0002525942110595574,1682.5865711374327,1699.8776064528995,True,True,,True,True,True,True,
1305,2048,1.2676613181829453,0.281675800960511,0.5621840558946132,0.4378159441053868,22,11,0.5,2.981425508391112,0.4892592402175069,100.0,98.55224141601087,0.9995898735981784,0.1055622381034572,1691.3544417087985,1706.7378033173352,True,True,,True,True,True,True,
1306,2048,1.7938806591555476,0.009382238052785397,0.39069881215691565,0.6093011878430843,19,8,0.42105263157894735,1.5270296104252337,0.5322706427425146,100.0,117.0567663516685,0.8131807771733189,0.019446854883977467,997.894911353462,1012.7230053771336,True,True,,True,True,True,True,
1307,2048,1.6205768529325724,0.18561859298497438,0.6488416619598865,0.35115833804011354,25,8,0.32,2.618888316024095,0.4152574185281992,100.0,105.16699192156364,0.9971970063733019,0.1583222590656139,1736.3389208977835,1748.908417099294,True,True,,True,True,True,True,
1308,2048,1.0678815478459,0.11979475608095526,0.40391913577914235,0.5960808642208577,15,10,0.6666666666666666,4.467715381644666,0.5566697532311082,100.0,97.26702221407953,0.8925612875164014,0.014767913678630935,2078.5550559165217,2095.689252297866,True,True,,True,True,True,True,
1309,2048,1.1885435115545988,0.1962491674348712,0.32847035638988015,0.6715296436101199,11,7,0.6363636363636364,3.463233618065715,0.44600185472518206,100.0,103.62380286530015,0.5797349047111197,0.016364152724516273,2208.72199652501,2217.06431853248,True,True,,True,True,True,True,
1310,2048,1.7499210657551885,0.11152883721515536,0.5249557252973318,0.4750442747026682,30,12,0.4,1.9862733422778547,0.5765133526176214,100.0,111.73735715231129,0.9954881995569418,0.17932802186157898,1033.1473589469254,1045.7036679698638,True,True,,True,True,True,True,
1311,2048,1.9145364202558994,0.2359098753891885,0.4667396273463964,0.5332603726536036,17,8,0.47058823529411764,2.1757705645635723,0.4712100211530924,100.0,117.11100646829362,0.8731813591461841,0.010636242832587009,1397.2927992208101,1414.000539144954,True,True,,True,True,True,True,
1312,2048,1.396999335847795,0.057512787915766236,0.6866620402783155,0.31333795972168454,24,14,0.5833333333333334,3.995587718579918,0.500122451223433,100.0,98.62357291644179,0.9999844906640548,0.3734930479743782,2065.6931660245186,2071.9838101755126,True,True,,True,True,True,True,
1314,2048,1.9241955867037177,0.09625995391979814,0.32418947406113147,0.6758105259388685,13,9,0.6923076923076923,2.569143038056791,0.5183310134336352,100.0,122.18694271069296,0.6312857058951659,0.03881475013124917,1482.9242568317666,1491.9731357418905,True,True,,True,True,True,True,
1315,2048,1.7245755400508642,0.2299843688495457,0.6659489680081605,0.3340510319918395,20,11,0.55,1.5799978519789875,0.4357399990782142,100.0,107.05686406046203,0.9948423177351658,0.24004972515131515,1190.5553356388446,1200.4462613274973,True,True,,True,True,True,True,
1316,2048,1.213920165784657,0.07044200263917445,0.4874343756586313,0.5125656243413688,20,10,0.5,3.0315822668373587,0.5927285917103291,100.0,99.21075463122077,0.9988551617555597,0.13603444684473473,1369.1061575542494,1383.1607398606332,True,True,,True,True,True,True,
1317,2048,1.0933792907744646,0.2968623683787882,0.3614240333437919,0.6385759666562081,15,6,0.4,4.0485620515421035,0.40378768593072895,100.0,99.50221112433746,0.60588742941329,0.0004620644669494956,2692.3551117306474,2701.5723438961923,True,True,,True,True,True,True,
1318,2048,1.5951082715764642,0.005923508852720261,0.5915015459060669,0.40849845409393315,24,13,0.5416666666666666,2.2259212316013874,0.574875263683498,100.0,106.1977356483248,0.9993204448013041,0.28991663558341957,1125.8510127165969,1134.5236716565023,True,True,,True,True,True,True,
1319,2048,1.8036628141999245,0.17275354452431202,0.4496199876070022,0.5503800123929978,11,7,0.6363636363636364,1.9329001050442456,0.4790004363283515,100.0,115.3060114575764,0.7905929122185207,0.07875086847077274,1294.353341013675,1305.7845104100438,True,True,,True,True,True,True,
1320,2048,1.25784922670573,0.1256379288621247,0.6031346932053565,0.3968653067946435,28,9,0.32142857142857145,3.413481855299324,0.5484889335930347,100.0,97.1073685747844,0.9991976998524629,0.2771163147569916,1658.308510275078,1667.229893301792,True,True,,True,True,True,True,
1321,2048,1.3647886328399181,0.25503791961818933,0.41731043010950086,0.5826895698904991,23,15,0.6521739130434783,3.200434897653758,0.41742922198027377,100.0,105.70534922075689,0.714747941159205,0.002202798313948493,2132.1386589804933,2144.1639923912803,True,True,,True,True,True,True,
1322,2048,1.8236766597256064,0.03983206367120146,0.6356693178415298,0.3643306821584702,16,6,0.375,1.3065473911352454,0.5603552266955376,100.0,110.06294511002392,0.9578225646490837,0.38291384823474356,832.8135958053577,838.3659387735386,True,True,,True,True,True,True,
1323,2048,1.5282233711332083,0.21515762759372592,0.3806285738945007,0.6193714261054992,29,13,0.4482758620689655,2.837872602045536,0.4933862663805485,100.0,111.18085090526824,0.7512533619544495,7.148829616690929e-05,1674.069396430804,1687.8711244412552,True,True,,True,True,True,True,
1324,2048,1.0333111928775907,0.0934820456430316,0.57242441624403,0.42757558375597005,10,6,0.6,4.247207862418144,0.5347863396629691,100.0,91.04289558709479,0.9924953855387403,0.2069984900452481,2055.237020389349,2066.2427281362834,True,True,,True,True,True,True,
1325,2048,1.16265638358891,0.16704565873369573,0.6982455495744944,0.30175445042550564,15,8,0.5333333333333333,3.656424465123564,0.47416574489325286,100.0,91.75653287201453,0.999273934107911,0.3644150068894766,2046.1144846096934,2052.428014753627,True,True,,True,True,True,True,
1326,2048,1.64888630900532,0.1392665522173047,0.4548867870122194,0.5451132129877806,25,11,0.44,1.7915340850129722,0.5045918449759483,100.0,111.64053076241555,0.914406420591739,0.003739010820634014,1152.8142728005596,1171.2811118936825,True,True,,True,True,True,True,
1327,2048,1.9530137404799461,0.2633224507793784,0.510049595311284,0.489950404688716,18,6,0.3333333333333333,2.368986514862627,0.44934496060013773,100.0,116.5219245316818,0.9235188135304528,0.003377470928744581,1527.1401103096043,1545.4328944311446,True,True,,True,True,True,True,
1328,2048,1.4854434682056308,0.02922010151669383,0.3432536397129297,0.6567463602870702,22,14,0.6363636363636364,3.8008737612515686,0.5782451292499899,100.0,111.38570949888174,0.8073799343387947,0.004728459773595494,1730.9431367075254,1746.1992407282883,True,True,,True,True,True,True,
1329,2048,1.464652038179338,0.27610646216198803,0.6383555822074413,0.36164441779255874,12,6,0.5,1.6359556350857019,0.5237265903502702,100.0,101.67496077883516,0.9763098373330534,0.3310226713108952,1040.944078305243,1047.984557706961,True,True,,True,True,True,True,
1330,2048,1.9738444723188877,0.023148836754262447,0.4082765109837055,0.5917234890162946,28,16,0.5714285714285714,3.504062979575246,0.45415264163166286,100.0,120.27060140058393,0.7476231179813002,0.00040742988274986496,2083.9950974407693,2097.4489484622513,True,True,,True,True,True,True,
1331,2048,1.6744386972859502,0.15661189723759888,0.5500131167471409,0.44998688325285907,16,11,0.6875,3.7516176307573916,0.5996864365413785,100.0,109.27275073286711,0.9994470840961043,0.24999882064285323,1556.8822074293944,1566.7907581802992,True,True,,True,True,True,True,
1332,2048,1.1370651256293058,0.14762399783357977,0.39649690613150596,0.603503093868494,24,8,0.3333333333333333,2.316502405051142,0.4285866510123015,100.0,99.73657991318288,0.6938682937399204,2.6958668383484662e-05,1672.5453560459127,1684.2196274079854,True,True,,True,True,True,True,
1333,2048,1.0085830325260758,0.22114643286913632,0.4710480850189924,0.5289519149810076,21,7,0.3333333333333333,1.2572851139120758,0.5679662484675646,100.0,93.16591385472708,0.9190411442178799,0.1302806077139879,834.4428728969033,846.7626710371708,True,True,,True,True,True,True,
1334,2048,1.5529298726469278,0.0807620401494205,0.6761272218078375,0.32387277819216254,19,11,0.5789473684210527,3.147956836223602,0.4108922043815255,100.0,102.8133331848681,0.9997256686131915,0.21217408865217308,2009.086856875471,2019.668150109782,True,True,,True,True,True,True,
1335,2048,1.8453533230349422,0.2467444977723062,0.3343173798173666,0.6656826201826334,27,14,0.5185185185185185,4.09162297071889,0.5431421862915158,100.0,120.14665302971957,0.7314592224483341,0.00026809086032358246,1985.294121640113,1998.6641026939383,True,True,,True,True,True,True,
1336,2048,1.3431341499090195,0.050183347798883914,0.5128335129469632,0.4871664870530368,13,5,0.38461538461538464,2.6855176566168666,0.48454230539500714,100.0,102.11595560110902,0.961076791706789,0.035973492730988446,1587.9401729869828,1605.7287141263673,True,True,,True,True,True,True,
1337,2048,1.2840424990281463,0.17844250621274113,0.3017766486853361,0.6982233513146638,18,10,0.5555555555555556,2.07195476135239,0.5534461626783014,100.0,107.39251277992753,0.6651647442095322,0.008573842846047166,1207.514129674093,1218.6338309505047,True,True,,True,True,True,True,
1338,2048,1.7774917371571064,0.11261809654533862,0.5451369699090719,0.4548630300909281,22,10,0.45454545454545453,3.8913660284131764,0.4245337892323733,100.0,111.7288386518066,0.9469981824031639,0.0004086664183686911,2320.577384298364,2339.214333671103,True,True,,True,True,True,True,
1339,2048,1.57392015773803,0.2888550393283367,0.4901191141456365,0.5098808858543635,14,5,0.35714285714285715,3.359392662439495,0.5294396381825208,100.0,108.7403606271696,0.9758766700807794,0.05837488014485502,1693.8414141338988,1711.3048138639542,True,True,,True,True,True,True,
1340,2048,1.1145457606762648,0.016560904774814842,0.6569165747612714,0.3430834252387286,26,17,0.6538461538461539,1.882026303000748,0.49892808962613344,100.0,91.36274307969404,0.9999370085598652,0.3124225018107454,1209.2509398717516,1216.9837676130478,True,True,,True,True,True,True,
1341,2048,1.2361766481772065,0.2430865343660116,0.5825668118894101,0.41743318811058994,29,19,0.6551724137931034,2.515047403424978,0.5099873730912805,100.0,97.06360265814834,0.9999923410444438,0.1814935199431791,1431.8544583526,1444.8413696401017,True,True,,True,True,True,True,
1342,2048,1.7022801730781794,0.06468887524679302,0.36420642510056495,0.635793574899435,11,3,0.2727272727272727,4.363468397688121,0.468575095012784,100.0,115.90866853358045,0.681518140436294,0.004334860618305352,2462.332300687712,2473.883117884762,True,True,,True,True,True,True,
1343,2048,1.8991316882893443,0.1890705012716353,0.6192975170910358,0.38070248290896425,23,10,0.43478260869565216,2.8776096498593686,0.5852030199021101,100.0,112.11691134495737,0.9986633305356585,0.35039983798779395,1306.2069679012109,1313.2360022431649,True,True,,True,True,True,True,
1344,2048,1.4124115705490112,0.10434959828853607,0.4275001339614391,0.572499866038561,17,9,0.5294117647058824,1.4228078772313892,0.44219156671315435,100.0,106.65078907761108,0.7555735030247215,0.01364920557365747,1168.210403825646,1181.0926006873137,True,True,,True,True,True,True,
1345,2048,1.4169032806530595,0.16889410363510252,0.6094063591212033,0.39059364087879667,22,15,0.6818181818181818,2.7120758623816075,0.402621790766716,100.0,101.2617441633227,0.9997602924539265,0.03026803129885312,1832.9615841929815,1850.84062773721,True,True,,True,True,True,True,
1346,2048,1.8946016374975443,0.12218589596450329,0.44339010678231716,0.5566098932176828,18,7,0.3888888888888889,4.166477655060589,0.5690097538754344,100.0,117.45671858446264,0.9919419846377243,0.027882275321812453,1811.2228132126784,1830.9326453113747,True,True,,True,True,True,True,
1347,2048,1.690937059931457,0.2978370353579521,0.597724362835288,0.40227563716471204,26,13,0.5,3.07461307933554,0.4770412569865584,100.0,108.2393127618883,0.9998385240937528,0.15691167108880863,1742.880897095339,1756.2416868133394,True,True,,True,True,True,True,
1348,2048,1.2475576847791672,0.00759855592623353,0.3551453452557325,0.6448546547442675,14,8,0.5714285714285714,1.2257919084280728,0.54497956559062,100.0,104.47002139276111,0.7152610394329108,0.05447388745429537,886.7744476138128,897.3118152056414,True,True,,True,True,True,True,
1349,2048,1.1190679436549544,0.23344671763479707,0.48116174563765524,0.5188382543623448,11,6,0.5454545454545454,2.2431642970070245,0.4593583971261978,100.0,96.49838109766443,0.8580187660924938,0.03762151520720341,1509.3318988622289,1523.8929590710209,True,True,,True,True,True,True,
1350,2048,1.5694205798208714,0.07431176276877523,0.6721779324114322,0.3278220675885678,29,12,0.41379310344827586,3.7201186780817803,0.5132462648674846,100.0,103.31613058065636,0.9999041244460903,0.3613674574907005,1887.7362895637962,1894.4293310101298,True,True,,True,True,True,True,
1351,2048,1.7661180915310979,0.19810728142037987,0.3179657407104969,0.6820342592895031,17,6,0.35294117647058826,3.530627325922251,0.4330000584945083,100.0,118.9907832991164,0.5605313995043518,0.00033389325895578627,2246.5690980489585,2254.9174435263294,True,True,,True,True,True,True,
1352,2048,1.2953930031508207,0.09529556706547737,0.5355448357760906,0.4644551642239094,23,14,0.6086956521739131,1.7108042771928011,0.5884382717311383,100.0,100.11512033387237,0.9973152742764837,0.2125770168036864,927.3201251495938,938.336236443653,True,True,,True,True,True,True,
1353,2048,1.332004644908011,0.2669232557527721,0.3494756929576397,0.6505243070423603,28,11,0.39285714285714285,1.4993686476722359,0.46986270528286694,100.0,107.07656353645126,0.6590933321811876,0.00014079520600629393,1164.8857360508669,1176.0049238092633,True,True,,True,True,True,True,
1354,2048,1.8564596865326166,0.032349410466849804,0.5037731952965259,0.49622680470347413,12,8,0.6666666666666666,2.9058859401382504,0.5018634080886841,100.0,114.70900754804865,0.9295472396080668,0.08116458328518862,1605.1080061240853,1620.2139911659788,True,True,,True,True,True,True,
1355,2048,1.5572079150006175,0.16639829222112892,0.46115768924355505,0.538842310756445,24,14,0.5833333333333334,4.3336813766509295,0.4442730747163296,100.0,109.24800057010543,0.8293036089656994,0.0006542478004065371,2517.65351063317,2533.199763114868,True,True,,True,True,True,True,
1356,2048,1.0043275952339172,0.1378547198139131,0.6920179568231105,0.3079820431768895,16,7,0.4375,2.443421436008066,0.5778484439477325,100.0,86.86673664297797,0.9969618887154917,0.46923898087936516,1224.4295807253459,1228.4254879618873,True,True,,True,True,True,True,
1357,2048,1.1259661531075835,0.21201800163835285,0.5662029724568128,0.43379702754318716,19,8,0.42105263157894735,1.8522454348392783,0.4139069674536586,100.0,94.212285143359,0.9637015568895305,0.0033667231492920083,1409.8446937342455,1428.175284570028,True,True,,True,True,True,True,
1358,2048,1.6855755932629108,0.08987092254683375,0.3869055356830358,0.6130944643169642,21,11,0.5238095238095238,3.2877606404945254,0.5584077656269073,100.0,114.74432424641611,0.8720490624033321,0.0032515543773647152,1588.654487463319,1606.011657061092,True,True,,True,True,True,True,
1359,2048,1.978092041797936,0.2564394696615636,0.6293989773839712,0.3706010226160288,13,8,0.6153846153846154,3.9679324599914247,0.4875334046781063,100.0,113.43002838957415,0.9972749212434163,0.242706207670708,2062.5926359979194,2072.8937658657323,True,True,,True,True,True,True,
1360,2048,1.460366128012538,0.04046914894133806,0.42353863231837746,0.5764613676816226,27,9,0.3333333333333333,2.100225292146206,0.5336088692769408,100.0,108.03177767000625,0.9077248779804579,0.00035203508406712197,1215.5955805943106,1234.1044731978077,True,True,,True,True,True,True,
1361,2048,1.4978012759238482,0.24607438165694473,0.519055588543415,0.48094441145658495,17,10,0.5882352941176471,3.440148040652275,0.5636629555374384,100.0,105.97446872580588,0.9989420063295591,0.1475694879331331,1596.5767586419922,1610.4267691202417,True,True,,True,True,True,True,
1362,2048,1.9406942734494805,0.04881285270676017,0.32804095447063447,0.6719590455293656,23,11,0.4782608695652174,2.007848225813359,0.40816371086984876,100.0,122.39222890631385,0.5539030696460804,0.0005417266323132403,1548.2072384061905,1556.200816349157,True,True,,True,True,True,True,
1363,2048,1.6453330293297768,0.22472420213744043,0.682398098707199,0.31760190129280097,10,4,0.4,2.1526850609108807,0.538070404715836,100.0,104.81503823516721,0.9727084965729728,0.43316882081717245,1200.076203055976,1204.7249858631621,True,True,,True,True,True,True,
1365,2048,1.0456385277211666,0.15799042051658033,0.39027538932859895,0.609724610671401,25,15,0.6,2.958339562173933,0.5202042493969202,100.0,96.96941033481272,0.8120316481469019,0.001289221324357162,1653.430019257243,1668.9118012457745,True,True,,True,True,True,True,
1366,2048,1.5158734312281013,0.148302143253386,0.5562901485711336,0.44370985142886643,14,5,0.35714285714285715,1.5486049119383096,0.4522049093618989,100.0,105.30821535251539,0.9417801867279093,0.08931122308171668,1163.4470003697893,1177.9401426634104,True,True,,True,True,True,True,
1367,2048,1.8201539125293493,0.27294409554451704,0.4020062405616045,0.5979937594383955,21,9,0.42857142857142855,2.5958023943938313,0.5938338937237859,100.0,117.24723810599363,0.9675493306883393,0.015179714629432014,1197.208533208368,1216.7178657757518,True,True,,True,True,True,True,
1368,2048,1.3683345215395093,0.019579059910029173,0.6445837114006281,0.3554162885993719,18,10,0.5555555555555556,4.489290707744658,0.42740931473672394,100.0,99.00511223602086,0.9998109739223675,0.1686882120705301,2603.160319483923,2615.373710348891,True,True,,True,True,True,True,
1369,2048,1.2545706201344728,0.19000383093953133,0.4337717745453119,0.5662282254546881,13,6,0.46153846153846156,3.877339140605181,0.5088213497772813,100.0,102.0789765511858,0.8754362335577553,0.007426751963807337,2043.415434958044,2060.413249454691,True,True,,True,True,True,True,
1370,2048,1.8069645622745156,0.10604739496484399,0.6130676586180925,0.38693234138190746,26,15,0.5769230769230769,2.3971567802131175,0.46270926035940646,100.0,110.35487515051034,0.999814960945918,0.16398185520732597,1486.713100763843,1499.7435877293783,True,True,,True,True,True,True,
1371,2048,1.6071914657950401,0.23918604226782916,0.3704292643815279,0.6295707356184721,19,13,0.6842105263157895,1.7616520662792028,0.5832441177219152,100.0,113.46156784507275,0.8035154246425205,0.060969287005472925,979.9173476793582,992.4556860670334,True,True,,True,True,True,True,
1372,2048,1.0812734914943576,0.0612598780542612,0.5762880984693766,0.42371190153062344,20,8,0.4,3.5846920793876054,0.4386822791770101,100.0,92.50852736756684,0.9988906665693422,0.0355317773199059,2158.7825728544426,2176.7940524990586,True,True,,True,True,True,True,
1373,2048,1.2106110267341137,0.2871492155827582,0.650644014775753,0.34935598522424705,25,8,0.32,4.217319002375007,0.5530609244480729,100.0,94.43693192258172,0.9992619051471953,0.36891952660620947,1944.4564357946215,1950.7732033216728,True,True,,True,True,True,True,
1374,2048,1.7278467556461692,0.015619544684886931,0.49634800553321834,0.5036519944667817,15,10,0.6666666666666666,2.7661471559666095,0.41944893039762976,100.0,112.13264008979405,0.8347271935893537,0.028006487454067905,1843.662585202018,1857.8019357844094,True,True,,True,True,True,True,
1375,2048,1.936309253796935,0.18186350874602794,0.5389131635427474,0.46108683645725257,28,15,0.5357142857142857,1.3830062242224812,0.526699760183692,100.0,115.28271564629296,0.9554374797189692,0.16462407973342036,923.1224678669923,935.4361241238373,True,True,,True,True,True,True,
1376,2048,1.3752330588176847,0.11651059733703732,0.3080544427037239,0.691945557296276,12,5,0.4166666666666667,3.228611610922962,0.49463801700621846,100.0,109.71975706945221,0.6051225826966633,0.004545997648542511,1887.9765575996241,1897.61226855239,True,True,,True,True,True,True,
1377,2048,1.4005182962864637,0.2906576584093273,0.45142843946814537,0.5485715605318546,19,12,0.631578947368421,3.634443159867078,0.5417551167309285,100.0,105.56639542616148,0.9721323786392738,0.010994747288065241,1766.9450190737984,1786.775913943188,True,True,,True,True,True,True,
1378,2048,1.9109943779185414,0.0004197506234049797,0.6955696739256382,0.3044303260743618,22,7,0.3181818181818182,1.8150259857997297,0.486316960118711,100.0,110.20600086226654,0.9890361846766796,0.38558931693093995,1176.2840320780733,1182.2874646201785,True,True,,True,True,True,True,
1379,2048,1.7375975735485554,0.17607033792883156,0.3381104119122028,0.6618895880877972,15,6,0.4,2.3470052341930567,0.5661794168874621,100.0,117.62864585710793,0.7651773000462556,0.010882599709624897,1237.7749240297017,1251.58147202914,True,True,,True,True,True,True,
1380,2048,1.2008896684274077,0.12936270302161573,0.5088144592940806,0.49118554070591935,25,14,0.56,3.8243656866252422,0.41229149848222735,100.0,98.17652027637041,0.8655460288580045,0.0002792840932406866,2428.431669593938,2444.3592104734157,True,True,,True,True,True,True,
1381,2048,1.0714309811592102,0.20528608616441488,0.6329994212836028,0.36700057871639724,30,17,0.5666666666666667,3.1784539612010123,0.5983025260269641,100.0,90.63141937153392,0.9999958140269305,0.38659988567603637,1405.2834947137292,1411.7455311249248,True,True,,True,True,True,True,
1382,2048,1.6170652834698558,0.10247494457289576,0.41385831199586387,0.5861416880041361,10,5,0.5,1.3300388739444315,0.43036427404731514,100.0,112.23136541142173,0.68963202519848,0.048841046023836085,1149.0125666129707,1158.728098852035,True,True,,True,True,True,True,
1383,2048,1.7815266344696283,0.22626991113647818,0.5711954977363347,0.4288045022636653,24,9,0.375,2.815891739353537,0.521936790458858,100.0,111.03363053788144,0.9973740391156632,0.18085597370749726,1488.0098119148831,1500.6039170677573,True,True,,True,True,True,True,
1384,2048,1.279976942576468,0.06713552791625262,0.3754913371056318,0.6245086628943681,17,12,0.7058823529411765,4.2706994189880785,0.4555487766861916,100.0,104.7214841909256,0.6821379875279634,0.009001714335624682,2520.6996441886054,2531.952924936185,True,True,,True,True,True,True,
1385,2048,1.3468656670302153,0.16390741216018795,0.5894848506897687,0.41051514931023125,12,4,0.3333333333333333,4.070542987994849,0.586931880377233,100.0,99.96840913946147,0.9829066107254333,0.31260446618940996,1742.5133810586526,1750.0464939310077,True,True,,True,True,True,True,
1386,2048,1.841590923257172,0.13536326698958873,0.35706236623227594,0.6429376337677241,29,18,0.6206896551724138,2.202429748792201,0.44085637107491493,100.0,119.26044865942544,0.6376764558627129,0.0011562020818279082,1547.8546133885293,1558.1793343356317,True,True,,True,True,True,True,
1387,2048,1.5101220645010471,0.2694127008318901,0.6028028782457113,0.3971971217542887,15,8,0.5333333333333333,1.9548809677362442,0.5113347575068474,100.0,103.81317370874785,0.990437336930523,0.23235492509785446,1191.5418176822166,1201.8905139488318,True,True,,True,True,True,True,
1388,2048,1.05142096336931,0.03483828390017152,0.4438175808638334,0.5561824191361666,25,11,0.44,3.3899902987293897,0.46683399807661774,100.0,95.4538903605769,0.8323647249901819,5.7637573224515906e-05,2030.2076409966849,2045.9501826332912,True,True,,True,True,True,True,
1389,2048,1.172075316309929,0.25893092192709444,0.31983403488993645,0.6801659651100636,21,9,0.42857142857142855,4.436316964868456,0.5311653396114707,100.0,103.41966236430642,0.6820352358949552,0.00013655197990276337,2249.497786375849,2261.447778010409,True,True,,True,True,True,True,
1390,2048,1.639458674006164,0.04296002956107259,0.5272563941776752,0.4727436058223248,20,12,0.6,2.545651137270033,0.4975899256765842,100.0,109.15200913652887,0.9982235272059702,0.051705501228668585,1460.3135522291302,1478.6191658983757,True,True,,True,True,True,True,
1391,2048,1.9622543398290873,0.2095291287638247,0.48163795843720436,0.5183620415627956,27,18,0.6666666666666666,1.6019791326485573,0.554796515405178,100.0,117.6130413458817,0.9431154442750446,0.11131277626886432,949.6266553369732,963.8725503901229,True,True,,True,True,True,True,
1392,2048,1.4762113327160478,0.08738147690892219,0.6656233690679073,0.3343766309320927,14,5,0.35714285714285715,3.008090341463685,0.42279585134238007,100.0,101.21605550605204,0.9907832651226633,0.22171259327051257,1911.4779183041585,1921.635887012645,True,True,,True,True,True,True,
1393,2048,1.4506467627361417,0.21783879473805426,0.3669752839952707,0.6330247160047293,23,12,0.5217391304347826,2.493166806176305,0.4807261597365141,100.0,109.66918572494296,0.7057794290623319,0.0010046840453312978,1576.9649011143742,1589.3776941763397,True,True,,True,True,True,True,
1394,2048,1.9878410454839468,0.07704642126336693,0.5861149001866579,0.4138850998133421,17,7,0.4117647058823529,4.38706100648269,0.5471507953479886,100.0,114.89652635547105,0.9968266718645876,0.246189681720341,1975.9542624751641,1986.2332698313048,True,True,,True,True,True,True,
1395,2048,1.6602627178654075,0.25295836301520463,0.42863274998962875,0.5713672500103713,29,10,0.3448275862068966,2.855729077197611,0.40513806138187647,100.0,112.7608595854,0.7205555436691482,5.308594099633751e-06,1973.8128395175688,1984.0998084247813,True,True,,True,True,True,True,
1396,2048,1.1512495689094067,0.05569626130163669,0.6243353638797998,0.3756646361202002,11,7,0.6363636363636364,1.4464005106128752,0.5731373507529497,100.0,93.37361660475045,0.9754867208379965,0.36280437628102835,877.5476041010827,883.569330293652,True,True,,True,True,True,True,
1397,2048,1.0297321630641818,0.27983007514849306,0.548691226541996,0.451308773458004,14,10,0.7142857142857143,2.0500745329074563,0.43746888153254987,100.0,91.5953755327954,0.9207178476902053,0.07030756821019826,1466.0968371844135,1480.4236717661831,True,True,,True,True,True,True,
1398,2048,1.5317720398306847,0.026464466750621796,0.30455154478549956,0.6954484552145004,26,9,0.34615384615384615,3.914958219230175,0.5913934217765927,100.0,113.93141053230073,0.7452710541540106,4.974382599515973e-05,1730.4560586831064,1744.0725616710308,True,True,,True,True,True,True,
1399,2048,1.866331742145121,0.15110701136291027,0.6619604468345641,0.3380395531654359,18,9,0.5,3.337512507755309,0.46109074745327233,100.0,110.2181759562007,0.9989392499612738,0.2681094570101991,1900.3620013842676,1909.6790096589746,True,True,,True,True,True,True,
1400,2048,1.3221641946583986,0.14141816245391964,0.4912579104304313,0.5087420895695687,22,13,0.5909090909090909,1.9056185675784945,0.516589941456914,100.0,102.19563542162177,0.9844136340633709,0.02978341157554802,1169.397972825077,1188.3996393685038,True,True,,True,True,True,True,
1401,2048,1.3011777298524976,0.23698712904006242,0.6803833171725273,0.3196166828274727,27,12,0.4444444444444444,1.2791653423570095,0.4479610281065107,100.0,96.21807905905035,0.9939279163841396,0.29399117378933953,1046.2932062597447,1054.3548709900906,True,True,,True,True,True,True,
1402,2048,1.7603652086108923,0.05906153758987784,0.4729624509811401,0.5270375490188599,13,7,0.5384615384615384,3.1243646454066036,0.5800227265805006,100.0,113.59947765887682,0.9806576276521204,0.10534924674155818,1419.01597121582,1434.374533258493,True,True,,True,True,True,True,
1403,2048,1.5908598890528083,0.19219959257170557,0.5187258511781692,0.48127414882183084,21,14,0.6666666666666666,4.113503125403076,0.47237592227756975,100.0,108.26374158544826,0.9766123781793342,0.007275313044125063,2226.0161467501002,2245.792497622274,True,True,,True,True,True,True,
1404,2048,1.0975975655019283,0.10824372824281454,0.3347419872879982,0.6652580127120018,19,6,0.3157894736842105,2.6619253920391204,0.505987955071032,100.0,100.54571769982908,0.6773771823546354,0.00021689721105910207,1603.1283115279373,1614.8919927676657,True,True,,True,True,True,True,
1405,2048,1.2259661657735705,0.18406184976920484,0.410196915641427,0.589803084358573,16,6,0.375,1.6578362323343754,0.4919991748407483,100.0,102.00086938046775,0.8011866219022844,0.006493273790357748,1167.8882497852658,1182.7194968011172,True,True,,True,True,True,True,
1406,2048,1.7124993577599525,0.11870951000601053,0.6426178473979234,0.3573821526020766,24,16,0.6666666666666666,3.480470370780677,0.53656096868217,100.0,107.44024091309683,0.9999842803464079,0.33395314493124717,1696.9709372965635,1704.4739531080277,True,True,,True,True,True,True,
1407,2048,1.8887256989255548,0.2849528817459941,0.3969276953488588,0.6030723046511413,12,7,0.5833333333333334,3.773498203419149,0.41564236767590046,100.0,118.88931924727183,0.669601255440636,0.013572445742670188,2397.4656215905643,2407.9052136122014,True,True,,True,True,True,True,
1408,2048,1.4228090960532427,0.013423783611506224,0.5559114817529917,0.44408851824700835,28,13,0.4642857142857143,2.292909771669656,0.5617544958367944,100.0,102.95682196866625,0.9994257923499864,0.20991034258404298,1192.6492474125828,1203.969922199066,True,True,,True,True,True,True,
1409,2048,1.429209084250033,0.21390393013134598,0.40097250156104564,0.5990274984389543,11,6,0.5454545454545454,3.048233512882143,0.4749826850369573,100.0,107.964176468512,0.7450128039059578,0.020691515095211912,1838.873908272683,1851.444958195221,True,True,,True,True,True,True,
1410,2048,1.8842480797320604,0.0923794001340866,0.6458953406661748,0.3541046593338252,29,14,0.4827586206896552,1.5615590387955307,0.5038706537336111,100.0,111.04502985306249,0.996690531424687,0.30049010952806654,1033.0478425567062,1041.4961898545785,True,True,,True,True,True,True,
1411,2048,1.717709164135158,0.2539307054132223,0.387606006488204,0.612393993511796,17,6,0.35294117647058826,2.5825464508496223,0.4486256752163172,100.0,115.45744010599856,0.7021551877866091,0.0010164079472499172,1700.6973114131094,1712.7994978325082,True,True,,True,True,True,True,
1412,2048,1.218833513557911,0.03858293490484357,0.5590909373015165,0.4409090626984835,23,16,0.6956521739130435,4.39909432567656,0.5790639782324434,100.0,97.22930569962637,0.9999955463036915,0.23858646255746938,1890.6507928521912,1901.4281326489038,True,True,,True,True,True,True,
1413,2048,1.0981706073507667,0.2644147865474224,0.6834716014564037,0.31652839854359627,22,13,0.5909090909090909,3.40111069958657,0.4182488324120641,100.0,90.15157055400954,0.9999707958898089,0.24324604544567385,2145.578912763481,2154.9101057151065,True,True,,True,True,True,True,
1414,2048,1.5883640013635159,0.03046350935474038,0.46354882791638374,0.5364511720836163,18,6,0.3333333333333333,1.943433339614421,0.5596367057412863,100.0,109.92728357069348,0.9480454234014482,0.0823096658157934,1075.819214873647,1091.3577424932523,True,True,,True,True,True,True,
1415,2048,1.7635932760313153,0.16828447999432683,0.5217160977423191,0.4782839022576809,26,10,0.38461538461538464,2.2167979091405865,0.49266431070864203,100.0,112.1397931187937,0.9945897050154082,0.03476979576356979,1332.8556751971942,1351.9771396212618,True,True,,True,True,True,True,
1416,2048,1.2998720314353704,0.14036347456276416,0.32523108944296836,0.6747689105570316,14,8,0.5714285714285714,4.055897806864231,0.5356025183573365,100.0,107.01471350398953,0.6924626213486521,0.006821310821236284,2057.7838340931635,2069.7320522045616,True,True,,True,True,True,True,
1417,2048,1.3267331281676888,0.23123120879754422,0.5393580935895442,0.46064190641045577,19,9,0.47368421052631576,4.256154939718544,0.4045343901962042,100.0,100.87346276831317,0.9053888760559753,0.000571582463029596,2646.814887487358,2663.6943655949103,True,True,,True,True,True,True,
1418,2048,1.8597789276391268,0.07154692802578211,0.30771650448441507,0.692283495515585,21,12,0.5714285714285714,2.8303606138564645,0.5740350993350148,100.0,121.41772812925797,0.7144604813585496,0.005891253841376563,1395.2062665089502,1407.7663147871306,True,True,,True,True,True,True,
1419,2048,1.5390570415183902,0.20087240170687437,0.6527245886623859,0.3472754113376141,13,9,0.6923076923076923,1.318691947683692,0.47815607730299237,100.0,103.11961711015891,0.9702837205332934,0.30615114730997706,1001.6166187841994,1009.1744646925537,True,True,,True,True,True,True,
1420,2048,1.0244305655360222,0.09751136256381869,0.4945209078490734,0.5054790921509267,27,10,0.37037037037037035,3.189675076212734,0.5492314402014017,100.0,92.99934724412287,0.9993757667427406,0.08018714509647668,1588.3867666767153,1605.0279958781473,True,True,,True,True,True,True,
1421,2048,1.153897806070745,0.17165891099721192,0.36995103470981117,0.6300489652901888,28,9,0.32142857142857145,3.787243761587888,0.4604866113513708,100.0,101.14128742409605,0.6857180406485605,1.4170815192006716e-06,2280.2807271754023,2291.011186921307,True,True,,True,True,True,True,
1422,2048,1.659597884863615,0.12440139641985297,0.5765925582498312,0.42340744175016876,12,8,0.6666666666666666,2.3840012496337293,0.517487415857613,100.0,108.14116299837235,0.9836636072724648,0.19702908921526258,1341.7193856589622,1353.2950941715899,True,True,,True,True,True,True,
1423,2048,1.9892380582168698,0.29562124935910106,0.43170653842389584,0.5682934615761042,24,12,0.5,1.7747066061012446,0.4348990732803941,100.0,119.79529504441643,0.762378319906437,0.002038394878610574,1325.4768607419462,1339.0723307691796,True,True,,True,True,True,True,
1424,2048,1.4472658690065145,0.004833461903035641,0.6149102967232465,0.3850897032767535,16,7,0.4375,3.6746870331466193,0.5934745315462351,100.0,101.88898775406011,0.9970861282351305,0.3531228970482378,1569.824184025415,1576.5407934615732,True,True,,True,True,True,True,
1425,2048,1.4695652965456247,0.28995081391185523,0.31665286272764204,0.683347137272358,25,17,0.68,2.333361355215311,0.510828728042543,100.0,111.91525610403801,0.6416203194063015,0.005464024276197631,1428.672795237517,1439.2728778124972,True,True,,True,True,True,True,
1426,2048,1.9669780069962144,0.017798576038330793,0.5365740776062011,0.4634259223937989,15,5,0.3333333333333333,3.7333739454858,0.46782948896288873,100.0,115.97967663990033,0.9801413246976259,0.03198584350775991,2049.0185444526737,2067.716087016976,True,True,,True,True,True,True,
1427,2048,1.6344911009073257,0.17968476405367254,0.4783595114946365,0.5216404885053635,22,11,0.5,3.517674096487462,0.5844593197107315,100.0,110.55382973710408,0.9993396667328782,0.10795388518903097,1538.847072058145,1554.4971942419938,True,True,,True,True,True,True,
1428,2048,1.1789657352492213,0.11370928455144166,0.6748430147767066,0.3251569852232934,18,10,0.5555555555555556,1.6209094290621577,0.4430348305031657,100.0,92.85654666085884,0.9968101994993674,0.2700792682414194,1219.6147708766405,1228.32166214082,True,True,,True,True,True,True,
1429,2048,1.0506056882441044,0.18782480908557772,0.5990039501339197,0.4009960498660803,17,9,0.5294117647058824,2.6733416288159786,0.5542901879176497,100.0,90.87744456645629,0.9987100732831066,0.27759702678923115,1375.470796723313,1384.2196312281476,True,True,,True,True,True,True,
1430,2048,1.5128601854667068,0.10324582289904356,0.35408261008560654,0.6459173899143935,24,10,0.4166666666666667,4.10236390940845,0.4237908534705639,100.0,111.70541000807793,0.614481122982977,3.090584688829195e-05,2580.151084419231,2589.7855539357283,True,True,,True,True,True,True,
1431,2048,1.838608903810382,0.24198732767254114,0.6122239399701357,0.3877760600298643,11,4,0.36363636363636365,3.1390286416746678,0.5286932677030564,100.0,111.05498501494503,0.9741325976915824,0.28959850463190245,1595.8642512622587,1604.2117117901025,True,True,,True,True,True,True,
1432,2048,1.3479253174737096,0.06343861436471343,0.4407405499368906,0.5592594500631094,30,18,0.6,1.2648285733535884,0.4997686831280589,100.0,104.48806407293301,0.8627579542709063,0.0183274964684119,964.749327026838,980.8133221766567,True,True,,True,True,True,True,
1433,2048,1.275161961093545,0.1555184204131365,0.6297324184328317,0.3702675815671683,25,10,0.4,1.89118109671399,0.5686885379254818,100.0,96.86059053303683,0.997199728645203,0.3510339200636237,1037.4026475903906,1044.1527929744864,True,True,,True,True,True,True,
1434,2048,1.7883254969492555,0.146379451174289,0.4230924535542726,0.5769075464457274,16,11,0.6875,3.352075789868832,0.4100764548406005,100.0,115.84365571812191,0.7063952836288747,0.015542482364397448,2203.494023998384,2214.7225455143753,True,True,,True,True,True,True,
1435,2048,1.6100225150585175,0.2748665020801127,0.5680257696658373,0.4319742303341627,29,17,0.5862068965517241,3.9037183013744654,0.5423222420737147,100.0,107.23760977907466,0.9999937488954241,0.2034834943913416,1838.9394974280908,1851.0941557564374,True,True,,True,True,True,True,
1436,2048,1.0764903454110026,0.022050773352384565,0.3848235163837671,0.6151764836162329,12,6,0.5,2.061390055529773,0.48526039719581604,100.0,98.17293456905861,0.731929210032383,0.016632206080000378,1387.1276296921415,1399.526335627782,True,True,,True,True,True,True,
1437,2048,1.1979991979897022,0.24799704747274517,0.46086399704217906,0.5391360029578209,13,6,0.46153846153846156,1.409372993186116,0.5244454465806484,100.0,99.55484720816162,0.8850232994293329,0.0762448914135435,978.031852811654,991.9669848642751,True,True,,True,True,True,True,
1438,2048,1.738504639826715,0.051284843310713764,0.6925040870904922,0.30749591290950784,27,14,0.5185185185185185,2.8928321010433136,0.45333345886319876,100.0,106.6342552149157,0.9999254642850824,0.32178960389586925,1737.5709873322091,1745.2183656914888,True,True,,True,True,True,True,
1439,2048,1.9098434131592512,0.22225249707698821,0.3476440072059631,0.6523559927940369,20,13,0.65,4.3468360343948005,0.5988699255511165,100.0,121.04709355589233,0.8524014257691633,0.009552317358728349,1791.4590158615565,1807.7535213206231,True,True,,True,True,True,True,
1440,2048,1.403653142042458,0.08201002115383745,0.5058461472392082,0.4941538527607918,20,6,0.3,2.5335176878608765,0.4293081760406494,100.0,103.95390975239144,0.8861824390464271,0.00026279359606174807,1706.0330794007077,1722.8990854498204,True,True,,True,True,True,True,
1441,2048,1.3821232374757528,0.26081711864098905,0.6600616447627544,0.3399383552372456,29,16,0.5517241379310345,2.114766624290496,0.5826754728332162,100.0,98.94852740994838,0.9999073511818771,0.416657189486543,1075.9332143721963,1081.1816163438239,True,True,,True,True,True,True,
1442,2048,1.9313414441421628,0.04546877536922693,0.4932637281715869,0.5067362718284131,10,4,0.4,3.953466732613742,0.4397373098880053,100.0,116.6079805037885,0.8594248745025888,0.02675025844149223,2313.501261552636,2328.6933425948187,True,True,,True,True,True,True,
1443,2048,1.732570182532072,0.20702066849917172,0.5484280683100223,0.45157193168997767,23,8,0.34782608695652173,3.2991044196300203,0.5063137482851744,100.0,110.63588783875804,0.996940276397301,0.11110823411789515,1734.4334563972745,1749.9151218701397,True,True,,True,True,True,True,
1444,2048,1.2039647540077567,0.08549556685611605,0.3050682030618191,0.694931796938181,16,10,0.625,1.8410274669528006,0.46492583621293304,100.0,104.91415648173756,0.5604353684617829,0.011171375202041027,1359.8990729512911,1368.0609757368557,True,True,,True,True,True,True,
1445,2048,1.0823329016566277,0.16139863897114992,0.4304982881993055,0.5695017118006944,18,12,0.6666666666666666,2.480540213920176,0.526130841113627,100.0,96.89112923737702,0.8842563322574334,0.021805679048359245,1415.4769961766203,1431.9730475011693,True,True,,True,True,True,True,
1446,2048,1.604209209792316,0.13347706189379097,0.6222960796207189,0.37770392037928113,21,8,0.38095238095238093,4.2966885083355,0.4956925828009844,100.0,105.52974595053968,0.9989387864519063,0.23910491839995063,2192.2874611452808,2202.5886304395667,True,True,,True,True,True,True,
1447,2048,1.809702442958951,0.2712986203841865,0.36725381575524807,0.6327461842447519,15,7,0.4666666666666667,2.9462021727114918,0.5505537878721952,100.0,118.21107929999937,0.8050514301582098,0.009857897439345698,1498.549092341857,1513.6064595144167,True,True,,True,True,True,True,
1448,2048,1.2537551084533334,0.03734677042812109,0.5856137942522763,0.41438620574772367,25,14,0.56,1.4591279215179382,0.42166578043252234,100.0,97.4839793355111,0.9928754423444403,0.027018724271260945,1185.3470104682424,1203.4803259818107,True,True,,True,True,True,True,
1449,2048,1.3733936455100775,0.20307030910626053,0.39980021230876445,0.6001997876912355,20,9,0.45,1.670664252899587,0.5405414450913668,100.0,106.51445240793117,0.8555405086987459,0.012425548266555337,1045.1333985916137,1061.4431114648248,True,True,,True,True,True,True,
1450,2048,1.813110907562077,0.09970984160900116,0.5533168788999319,0.44668312110006814,20,10,0.5,3.571044272650033,0.4819659302011132,100.0,112.25478691094753,0.9991226337467602,0.07414045646891293,1928.6209423227995,1945.791014367285,True,True,,True,True,True,True,
1451,2048,1.5226720534265041,0.22903472743928432,0.4114337887614965,0.5885662112385035,26,16,0.6153846153846154,3.683226511627436,0.5641705052927136,100.0,110.0101776309528,0.9406802262863622,0.002577319533534891,1700.8582308245552,1720.2732577267789,True,True,,True,True,True,True,
1452,2048,1.0408233096823096,0.06935101943090557,0.6415124040096998,0.3584875959903002,13,4,0.3076923076923077,2.280383789073676,0.40716975145041945,100.0,89.40366103575172,0.9792128027549596,0.1498285878339949,1641.36834926047,1653.339690523157,True,True,,True,True,True,True,
1453,2048,1.1693063452839851,0.29342276975512505,0.5158931098878383,0.4841068901121617,11,4,0.36363636363636365,1.2146746546961367,0.5963044453412294,100.0,97.01290033228776,0.8975588611121308,0.25750717777251453,762.359547696311,769.7723598683197,True,True,,True,True,True,True,
1454,2048,1.6441818280145526,0.0026355550624430177,0.33737656846642494,0.6626234315335751,28,19,0.6785714285714286,3.0860575603321196,0.42522902581840755,100.0,115.49379302182774,0.586090578091709,0.0011963325605426566,2057.4393003267355,2066.3349968070434,True,True,,True,True,True,True,
1455,2048,1.941601099446416,0.173854820150882,0.6791375823318958,0.3208624176681042,15,9,0.6,4.152112641837448,0.5207120971754193,100.0,111.28334897404045,0.999268947290203,0.38447377539120925,2002.1860716219292,2008.4441586467333,True,True,,True,True,True,True,
1456,2048,1.4949105689302087,0.12659787721931934,0.47405885383486746,0.5259411461651325,24,11,0.4583333333333333,2.726717896386981,0.45121143870055674,100.0,107.29312767695967,0.8635472687418168,0.00036787272027936945,1731.0452431336062,1747.6313765327948,True,True,,True,True,True,True,
1457,2048,1.4532337160781026,0.18686314411461352,0.5691852066665888,0.4308147933334112,14,9,0.6428571428571429,3.2430459346622227,0.4468416376039386,100.0,103.35295708663631,0.9880935062686876,0.050626930124083175,1942.11177529989,1959.5055413863404,True,True,,True,True,True,True,
1458,2048,1.9833020847290754,0.12088823737576604,0.37738891430199145,0.6226110856980085,26,9,0.34615384615384615,1.368446089234203,0.5757662668824196,100.0,121.52370171363975,0.8130361670528994,0.05639356650400907,842.7548552790298,855.8517902339553,True,True,,True,True,True,True,
1459,2048,1.6810982143506408,0.2827738688327372,0.6324784863740205,0.3675215136259795,18,8,0.4444444444444444,2.777383926697075,0.470467896014452,100.0,107.01928767387665,0.9970451395505259,0.22214313621116266,1637.6348323285897,1648.4060476200782,True,True,,True,True,True,True,
1460,2048,1.1323663778603077,0.010622202605009078,0.41412004865705965,0.5858799513429404,22,12,0.5454545454545454,4.206006626877934,0.5009671917185188,100.0,99.01695530556088,0.8292943711838638,0.0005817814357895095,2246.1193217170767,2262.0620594545053,True,True,,True,True,True,True,
1461,2048,1.0030221370980144,0.2348083754070103,0.3401604875922203,0.6598395124077797,23,13,0.5652173913043478,3.62171644968912,0.49010169338434934,100.0,97.18046417500472,0.6667074805588378,0.0004235241957772821,2100.890028037025,2112.290877008809,True,True,,True,True,True,True,
1462,2048,1.5604362189769745,0.056260233744978905,0.5069568455219269,0.4930431544780731,17,8,0.47058823529411764,1.7245521895587443,0.5315262272953987,100.0,107.89121788168296,0.9646933778783139,0.1035251190674003,1056.9253441450649,1071.90030142457,True,True,,True,True,True,True,
1463,2048,1.8539640391245484,0.19500118196010588,0.45194052159786224,0.5480594784021378,29,10,0.3448275862068966,2.4373786051757635,0.41451262310147285,100.0,116.31582366081108,0.7718944327295844,1.5546544017397567e-05,1706.737043222387,1720.4036492921437,True,True,,True,True,True,True,
1464,2048,1.3325779233127832,0.11042276853695511,0.6952988818287849,0.30470111817121515,11,8,0.7272727272727273,3.836991406045854,0.557511823438108,100.0,96.68219296237419,0.9984264299403431,0.4547114817253528,1775.7851914927792,1780.2420937832433,True,True,,True,True,True,True,
1465,2048,1.2900916459038854,0.27735837902873756,0.484231336414814,0.515768663585186,16,5,0.3125,4.448842271324247,0.4763750895857811,100.0,101.51378726101228,0.9239857628110224,0.0008794780313839851,2407.9462867406373,2426.432371892219,True,True,,True,True,True,True,
1466,2048,1.7734033297747374,0.02454207865521312,0.6627463787794112,0.3372536212205888,24,16,0.6666666666666666,2.6359235052019354,0.5459367824718356,100.0,108.21779762358261,0.9999465813385273,0.38229244260263157,1346.291450105227,1352.5503727458188,True,True,,True,True,True,True,
1467,2048,1.5628680055961013,0.1530296861194074,0.3209380567073822,0.6790619432926178,12,6,0.5,1.5114043333567677,0.40001654829829936,100.0,114.1156491519099,0.5263992405349505,0.012767772182423701,1332.62955924559,1339.5433749750907,True,True,,True,True,True,True,
1468,2048,1.1236371137201786,0.14389014411717652,0.5260152444243431,0.4739847555756569,28,12,0.42857142857142855,2.995263218320906,0.571128586679697,100.0,95.30128278688102,0.9997705594410117,0.17026959185939625,1434.2501531665803,1446.8892007964514,True,True,,True,True,True,True,
1469,2048,1.2441770313307643,0.21976119233295321,0.6001762215048074,0.39982377849519257,27,13,0.48148148148148145,4.005749586224556,0.43233340233564377,100.0,96.7981303854902,0.9999690144179814,0.0752642186456174,2365.7113596361896,2381.8439486291804,True,True,,True,True,True,True,
1470,2048,1.692334309220314,0.07951814364641904,0.44666111357510085,0.5533388864248991,13,8,0.6153846153846154,2.1638211297802625,0.5893951905891299,100.0,112.91279755980099,0.9298408358315295,0.11005118770673826,1077.9438981503595,1091.673711710334,True,True,,True,True,True,True,
1471,2048,1.893937044776976,0.25048635397106406,0.5883961874991654,0.41160381250083455,21,14,0.6666666666666666,1.9931873766705392,0.45675345268100503,100.0,112.91482209476663,0.997682250042381,0.10159237021721686,1321.032376563679,1336.6588788868671,True,True,,True,True,True,True,
1472,2048,1.4195517543703318,0.05377357816323638,0.3583190772682428,0.6416809227317573,19,8,0.42105263157894735,3.454481662530452,0.5153655864298343,100.0,109.14952154404472,0.738673101876126,0.0006464342906281742,1870.261947017861,1883.7567162505898,True,True,,True,True,True,True,
1473,2048,1.407445671968162,0.26832264941185713,0.5793839231133461,0.4206160768866539,24,10,0.4166666666666667,3.815216799918562,0.5304220223799347,100.0,101.87194116263618,0.9995950657108312,0.20738070522328622,1869.7868054365324,1881.2048042372248,True,True,,True,True,True,True,
1474,2048,1.9060199558734894,0.03359717829152942,0.37352544367313384,0.6264745563268661,16,9,0.5625,2.3543161997571587,0.4984335694462061,100.0,120.0589112498186,0.7305974846642828,0.014209750827240658,1433.020663451192,1445.6638612876254,True,True,,True,True,True,True,
1475,2048,1.695635803975165,0.16267087524756788,0.6160173535346984,0.38398264646530156,28,17,0.6071428571428571,1.8026796198450028,0.5556374903768301,100.0,107.81756693145377,0.9995930524271169,0.3092590601282813,1018.5284425934452,1026.709149164122,True,True,,True,True,True,True,
1476,2048,1.2408981714397669,0.1342686468735337,0.43672111481428144,0.5632788851857186,12,4,0.3333333333333333,3.6450019586831326,0.4220498623326421,100.0,101.5865354720803,0.753563287256273,0.002842454734082945,2338.033681599883,2351.0708796824774,True,True,,True,True,True,True,
1477,2048,1.1115615935996175,0.21078054187819362,0.31129708327353,0.68870291672647,13,5,0.38461538461538464,4.28412839602679,0.5861851299181581,100.0,101.8116964431419,0.747857762713813,0.003111153978126658,1917.115485561172,1930.6566724919514,True,True,,True,True,True,True,
1478,2048,1.5749814789742231,0.08848182018846273,0.542155497148633,0.457844502851367,27,18,0.6666666666666666,2.8006751951761544,0.4416965816169977,100.0,107.17263888677257,0.9674637925458713,0.0045524556684719735,1755.11487259272,1774.3143225375984,True,True,,True,True,True,True,
1479,2048,1.7766743218526244,0.2600358517840505,0.4995415110141038,0.5004584889858962,19,11,0.5789473684210527,1.3466653302311897,0.5121791657060385,100.0,113.1178169550061,0.9120572843435647,0.10664462801930777,950.2503648998736,963.7715064763757,True,True,,True,True,True,True,
1480,2048,1.2867822833359241,0.044206856098026034,0.653837827220559,0.34616217277944095,21,10,0.47619047619047616,3.159989583771676,0.4660914422944188,100.0,96.52946651496376,0.9996066930559823,0.25775908157910393,1845.8590433667896,1855.2202638925864,True,True,,True,True,True,True,
1481,2048,1.3360930560156703,0.17716724686324595,0.46778241731226444,0.5322175826877356,26,13,0.5,3.3731372432783244,0.5974829617887736,100.0,103.30762828699153,0.9998417197363503,0.10932983649587073,1459.8016142249414,1475.148722278089,True,True,,True,True,True,True,
1482,2048,1.8504105359315872,0.13060152875259518,0.6853596467524766,0.3146403532475234,14,6,0.42857142857142855,1.9731187582947314,0.4310827488079667,100.0,109.23345178193705,0.9862744621567043,0.28823044025772687,1379.6344077414033,1387.8972090151108,True,True,,True,True,True,True,
1483,2048,1.5481165582314134,0.2919010528363287,0.33114898689091204,0.6688510131090879,22,7,0.3181818181818182,2.188824526593089,0.5226586969569326,100.0,113.38877420595549,0.6933414329668587,0.0003618514114018552,1320.5346333656037,1332.791054060236,True,True,,True,True,True,True,
1484,2048,1.0153797511011362,0.0015120908617973327,0.522163975611329,0.477836024388671,18,11,0.6111111111111112,4.08558329930529,0.4547326471656561,100.0,91.87627754675736,0.9542063210351818,0.004101251114222535,2355.4831726017665,2374.169534347745,True,True,,True,True,True,True,
1485,2048,1.1359120132401586,0.22502079578116535,0.6477894231677055,0.3522105768322945,17,11,0.6470588235294118,3.0202604745514687,0.5409382227808237,100.0,92.26909199813457,0.9997576170182205,0.34909537603821605,1543.9555304710325,1550.7480986015562,True,True,,True,True,True,True,
1486,2048,1.6775752138346434,0.06602830924093724,0.4052122592926025,0.5947877407073975,23,9,0.391304347826087,1.5912440886721013,0.4870381051674485,100.0,113.94092167443387,0.7881381855986321,0.0019063873796958868,1131.5295299440102,1146.2816424601351,True,True,,True,True,True,True,
1487,2048,1.9709518617019057,0.20418345406651497,0.5595449954271317,0.44045500457286835,11,5,0.45454545454545453,2.554573437105864,0.5668986530974507,100.0,115.35680724110426,0.9670203766142964,0.24824093477379394,1255.5439069231202,1265.072921090489,True,True,,True,True,True,True,
1488,2048,1.4655607677996159,0.10122124264016748,0.3935299292206764,0.6064700707793236,29,17,0.5862068965517241,4.428779400140047,0.4114726986736059,100.0,109.15759085508216,0.6686051296176044,9.44762679500844e-05,2790.071268787963,2800.944819945514,True,True,,True,True,True,True,
1489,2048,1.4906554147601128,0.19344756910577415,0.6890224706381559,0.3109775293618441,19,6,0.3157894736842105,1.437446739524603,0.49128027241677047,100.0,100.94369368343212,0.9790752634843056,0.38867369586115824,1026.4776158268905,1032.1014714992991,True,True,,True,True,True,True,
1490,2048,1.9458794249221683,0.1093498058617115,0.4581625636667013,0.5418374363332987,20,12,0.6,2.8632477591745555,0.5373801976442337,100.0,118.03789547616935,0.9688597368213303,0.01851702509033269,1458.2646023474067,1477.8269051616273,True,True,,True,True,True,True,
1491,2048,1.6552884448319674,0.2380886200815439,0.5007292415946721,0.49927075840532786,13,7,0.5384615384615384,4.374909756146371,0.41645892783999444,100.0,110.33795359170279,0.851545990592383,0.0091677348333183,2644.1354359134752,2659.5167053507857,True,True,,True,True,True,True,
1492,2048,1.158177093602717,0.060314100701361895,0.34643137864768503,0.653568621352315,26,11,0.4230769230769231,2.503933321405202,0.5610329216346145,100.0,102.06972569826843,0.7888294389535634,0.00028830924706566566,1337.118627428032,1352.0523056921336,True,True,,True,True,True,True,
1493,2048,1.0365375932306051,0.28385482281446456,0.42039699777960776,0.5796030022203922,28,13,0.4642857142857143,1.919255261030048,0.44723869245499376,100.0,95.69253666077611,0.7604532771068849,0.00010637791701683358,1417.0524953571633,1430.6394408364952,True,True,,True,True,True,True,
1494,2048,1.526919816620648,0.012183810118585825,0.6262570299208163,0.37374297007918367,11,6,0.5454545454545454,3.3224910791963334,0.5808385223150253,100.0,103.56158695289497,0.9924808518104314,0.3619722001758007,1493.481621840952,1499.9660095719432,True,True,,True,True,True,True,
1495,2048,1.8242480270564556,0.1828173075802624,0.383617103844881,0.616382896155119,25,17,0.68,3.9317923919297755,0.4731959156692028,100.0,117.96311085481369,0.7256766984372233,0.0027910538726210674,2220.900842235848,2233.7699449227885,True,True,,True,True,True,True,
1496,2048,1.362294896505773,0.11761601977050304,0.562914853543043,0.43708514645695695,15,5,0.3333333333333333,2.0318052710965278,0.5052698140963912,100.0,101.15041578307023,0.9701756549531498,0.16415059485178957,1250.410907260879,1262.7344434062056,True,True,,True,True,True,True,
1497,2048,1.265136368572712,0.25170808872208,0.3520891837775707,0.6479108162224293,10,6,0.6,2.645267464499921,0.4366249024868012,100.0,105.0868604560942,0.6059337378862032,0.02455506345232592,1822.6889251124303,1831.3032979419138,True,True,,True,True,True,True,
1498,2048,1.7983595533296466,0.05459705907851457,0.5946678407490253,0.40533215925097466,30,9,0.3,4.131948620080948,0.5921363113448024,100.0,110.7054798303871,0.9990632682731782,0.31613127173907657,1705.7006131524308,1713.6239877806142,True,True,,True,True,True,True,
1499,2048,1.5996793527156115,0.21673500593751668,0.44038241282105445,0.5596175871789455,16,7,0.4375,3.1109545511193573,0.46183706875890496,100.0,110.94479345662387,0.8159087925207107,0.0027960452956299134,1880.3349257764721,1895.6105340555716,True,True,,True,True,True,True,
1500,2048,1.0868248054757714,0.07580073354765772,0.6063990257680416,0.3936009742319584,23,12,0.5217391304347826,1.2944133577868342,0.5157493971288204,100.0,91.8497781647801,0.9900437979889962,0.2461853975621568,933.5691565939044,943.1680169674869,True,True,,True,True,True,True,
1501,2048,1.2153155114501715,0.15219821278005838,0.5322441976517438,0.4677558023482562,21,12,0.5714285714285714,2.3052876088768244,0.4798848509788513,100.0,97.90848557324,0.9985552574673652,0.026814168703317345,1433.4682640193014,1452.6363352597375,True,True,,True,True,True,True,
1502,2048,1.7211967902258039,0.1426604158245027,0.31466541551053523,0.6853345844894647,18,8,0.4444444444444444,3.762958287354558,0.5478963552042841,100.0,118.09404604540669,0.6943714148792901,0.0013466085271881297,1855.7284321235861,1867.9805130327009,True,True,,True,True,True,True,
1503,2048,1.9268421493470669,0.28106775982305404,0.6690240915864706,0.3309759084135294,25,10,0.4,3.4896003747358915,0.40588171239942317,100.0,111.26696059832693,0.9995077114293106,0.18527472227858507,2163.713951878784,2175.3803884868776,True,True,,True,True,True,True,
1504,2048,1.3866457035765052,0.027560236863791943,0.4780075918883085,0.5219924081116916,15,10,0.6666666666666666,1.650493795517832,0.5722941361367703,100.0,104.35997773491351,0.93162819078248,0.13899279168959267,951.4856463109612,963.9613775719112,True,True,,True,True,True,True,
1505,2048,1.3925198055803776,0.16515946201980114,0.33145392574369903,0.668546074256301,15,7,0.4666666666666667,1.2446591240353881,0.41316522229462865,100.0,109.35985418973979,0.5602574444589553,0.006475705418019354,1168.8601204904048,1176.8612971002972,True,True,,True,True,True,True,
1506,2048,1.9209383195266128,0.13675780640915036,0.5154373873025179,0.48456261269748213,25,14,0.56,3.057583784870803,0.5592528890818358,100.0,115.69429812290474,0.9997725693378242,0.13373601350434636,1450.9054259369552,1465.6219689674358,True,True,,True,True,True,True,
1507,2048,1.7427865099161863,0.2658309110440314,0.4698204714804888,0.5301795285195112,12,8,0.6666666666666666,4.182097037415951,0.48837280459702015,100.0,113.30834530767879,0.8819731661795255,0.03804408326372617,2215.904588615319,2231.6080101426037,True,True,,True,True,True,True,
1508,2048,1.1937552215531468,0.031106011569499967,0.6772417400032281,0.3227582599967719,28,10,0.35714285714285715,2.698244047164917,0.5328614035621285,100.0,93.23272595206402,0.9994664569984836,0.3947603825791454,1441.6105041285982,1447.3114488371539,True,True,,True,True,True,True,
1509,2048,1.0653875712305307,0.25754669280722736,0.5528671339154243,0.4471328660845757,27,9,0.3333333333333333,1.700648304261267,0.46911752689629793,100.0,92.65707974170414,0.9915518565898666,0.056439728805172965,1205.5065611746136,1222.684785655907,True,True,,True,True,True,True,
1510,2048,1.6211479837074876,0.041718268766999245,0.39388379752635955,0.6061162024736404,14,9,0.6428571428571429,3.542570865992457,0.5027050983160735,100.0,112.99700812675508,0.7725592870603921,0.019284271773465707,1931.809995632829,1945.3805990092983,True,True,,True,True,True,True,
1511,2048,1.792576864361763,0.2132717080414295,0.6396227777004242,0.3603772222995758,21,11,0.5238095238095238,3.7132105384021994,0.4451159078627825,100.0,109.28366673857238,0.9997507864936435,0.19068463767492694,2131.3215034024684,2143.158079627788,True,True,,True,True,True,True,
1512,2048,1.2708874819800258,0.09097355911508202,0.4072013959288597,0.5927986040711404,20,8,0.4,2.2519103578291833,0.5771044114604592,100.0,103.40945008401599,0.9505662153434824,0.009017222115830803,1155.48697868849,1174.6857017597567,True,True,,True,True,True,True,
1513,2048,1.3524208255112171,0.29907814543694256,0.6211811766028403,0.37881882339715967,15,9,0.6,2.450556162558496,0.45854031257331374,100.0,99.22549237074048,0.9972945006547951,0.17704713476179282,1549.2356517313913,1561.375253609514,True,True,,True,True,True,True,
1514,2048,1.8340902840718627,0.008688611816614867,0.4254789650440216,0.5745210349559784,26,12,0.46153846153846156,4.325161914993077,0.5139663117006421,100.0,116.76136702855592,0.8752482164841944,0.00015188843222252218,2158.7790240939935,2176.3722029124674,True,True,,True,True,True,True,
1515,2048,1.5015132706612349,0.16998872822150587,0.5828146308660507,0.4171853691339493,19,7,0.3684210526315789,2.9162181459367273,0.43372048828750853,100.0,104.17478538204273,0.995047673499078,0.044581422442331035,1828.8199424768202,1846.5274306069039,True,True,,True,True,True,True,
1516,2048,1.0619752975180745,0.12342243734747171,0.3636746123433113,0.6363253876566888,22,15,0.6818181818181818,1.4876013527624308,0.5876205671578645,100.0,98.3943568862058,0.8095727129740903,0.050754376843681275,892.7539678239954,905.7446243964422,True,True,,True,True,True,True,
1517,2048,1.1834917459636927,0.19700693367049096,0.4882506344467401,0.5117493655532599,23,14,0.6086956521739131,2.0847821549512444,0.40180637650191786,100.0,98.27476567433382,0.8143598413248825,0.002771095612204882,1595.696263252868,1609.9893429714114,True,True,,True,True,True,True,
1518,2048,1.6300029838457704,0.09404414948076009,0.6589527208358049,0.3410472791641951,17,5,0.29411764705882354,3.9819405080750583,0.5697324709966779,100.0,105.10535596990127,0.9922272707391482,0.40726057346719446,1760.1261334695487,1765.588625800796,True,True,,True,True,True,True,
1519,2048,1.955600529909134,0.23219988662749527,0.3014949906617403,0.6985050093382597,30,13,0.43333333333333335,3.2691200240515172,0.47775901649147273,100.0,123.6676206233609,0.5772882489740653,2.4163849438288638e-05,1933.1470929565935,1942.1516269257093,True,True,,True,True,True,True,
1520,2048,1.4809043435379863,0.07320682844147086,0.5456351224333047,0.4543648775666953,10,5,0.5,1.8695013161748646,0.5441591907292604,100.0,104.74993845724049,0.9450157285258582,0.21107528635002393,1090.83367404751,1100.968717348364,True,True,,True,True,True,True,
1522,2048,1.9925436340272427,0.06251014787703753,0.6059963442385197,0.39400365576148033,19,13,0.6842105263157895,2.135448062326759,0.4202696390450001,100.0,114.40142199933189,0.9929019689834492,0.07230350494911514,1473.3146875467107,1489.7027079691475,True,True,,True,True,True,True,
1523,2048,1.671669621951878,0.19124951418489217,0.3603046603500843,0.6396953396499157,27,15,0.5555555555555556,2.023272480256855,0.5275147452950477,100.0,115.33599258379087,0.7594710161125585,0.0027804657664502056,1221.7125288478435,1235.7560108307798,True,True,,True,True,True,True,
1524,2048,1.141788175329566,0.10715117929503322,0.5927275530993938,0.40727244690060616,13,6,0.46153846153846156,3.4261085213162,0.49391496609896424,100.0,93.9556665284831,0.9946176821899592,0.18093430081217593,1875.5208232309478,1887.526797335721,True,True,,True,True,True,True,
1525,2048,1.0211328575387597,0.18062125984579325,0.6685726713389157,0.33142732866108426,12,5,0.4166666666666667,4.47892703069374,0.5081005861982704,100.0,88.0365518052023,0.9958408725409091,0.35173971167020823,2268.799144866519,2275.363309738,True,True,,True,True,True,True,
1526,2048,1.5423320550471544,0.11541940039023757,0.48458771668374534,0.5154122833162547,28,15,0.5357142857142857,2.6075508065521715,0.46352653577923775,100.0,108.14314992121501,0.9027783687893225,0.0005718786564711542,1623.385585759874,1641.2517033393524,True,True,,True,True,True,True,
1527,2048,1.8718811674043536,0.28605344993993637,0.5303526367992162,0.4696473632007838,16,10,0.625,1.5414890681393443,0.58406253606081,100.0,114.20782173144295,0.9565973662846001,0.22680465472965422,866.9131195920229,876.847050515077,True,True,,True,True,True,True,
1528,2048,1.3146540001034737,0.014381864480674265,0.3229298215359449,0.6770701784640552,24,8,0.3333333333333333,2.9668904950842263,0.4379626614972949,100.0,107.51405120539852,0.5745589046157936,1.4622180016741309e-05,1981.751841169627,1990.5087626613677,True,True,,True,True,True,True,
1529,2048,1.3122184118255973,0.22361812898889183,0.5120689611881971,0.4879310388118029,29,19,0.6551724137931034,3.5916316903196277,0.519361750036478,100.0,101.28643177823528,0.9999980317598752,0.06050998582555274,1831.1510114238085,1849.632939832634,True,True,,True,True,True,True,
1530,2048,1.7512700073421001,0.08268442824482918,0.3413653220981359,0.6586346779018641,11,4,0.36363636363636365,1.7529248882085084,0.4529493710026145,100.0,117.82197499988638,0.6129189469431503,0.013396046293075375,1309.99097558257,1319.2943830870095,True,True,,True,True,True,True,
1531,2048,1.5848221527412534,0.24482182301580904,0.6987757559865713,0.30122424401342873,23,11,0.4782608695652174,2.407293870393187,0.5945787383243442,100.0,102.96179608388314,0.9993265933790125,0.49384137152297536,1134.4761301518176,1138.2423484650149,True,True,,True,True,True,True,
1532,2048,1.101689761504531,0.04771136613562703,0.45463411323726177,0.5453658867627382,17,10,0.5882352941176471,3.8653641292825336,0.4265671953558922,100.0,96.76048679197618,0.7905919542712312,0.003007018815651328,2430.9820450404686,2444.997140791315,True,True,,True,True,True,True,
1533,2048,1.231149391271174,0.27418406456708905,0.37859978601336475,0.6214002139866353,18,9,0.5,3.212960757315159,0.5628231264650821,100.0,103.1955293149473,0.8612700913992758,0.0036838544649593686,1576.6009559368408,1593.4774253450287,True,True,,True,True,True,True,
1534,2048,1.705355392768979,0.020677114371210337,0.5743034906685351,0.42569650933146486,22,9,0.4090909090909091,1.3968191566877066,0.4089108427986503,100.0,109.25185957151285,0.9601641178165579,0.01652065852514672,1167.902016655213,1185.740673149941,True,True,,True,True,True,True,
1535,2048,1.8807367933914065,0.15908390628173946,0.4168198205530643,0.5831801794469357,14,4,0.2857142857142857,2.747298823110759,0.5388125790283084,100.0,118.04753623598344,0.8840532631866822,0.016888629045719354,1436.8187289098264,1453.8864021801355,True,True,,True,True,True,True,
1536,2048,1.4327588006854057,0.1495466809719801,0.6359613858163357,0.36403861418366434,26,17,0.6538461538461539,4.234379768092185,0.48330113142728803,100.0,100.92852882240425,0.9999976838392927,0.24676870855017422,2233.156016330793,2243.6916816595904,True,True,,True,True,True,True,
1537,2048,1.4326043874025345,0.27337803365662694,0.4360509224236011,0.5639490775763989,29,19,0.6551724137931034,3.4274433910846707,0.4500539399683476,100.0,106.90494350446181,0.7921958750011943,0.0008755503210195273,2091.010154472694,2105.5517905598235,True,True,,True,True,True,True,
1538,2048,1.8789306757971644,0.020017002895474433,0.6169112913310528,0.3830887086689472,11,4,0.36363636363636365,2.0205292719416317,0.521190389059484,100.0,111.76678939542393,0.9565901152194383,0.3048538272325138,1185.7675572634791,1193.3419586868145,True,True,,True,True,True,True,
1539,2048,1.7066081408411264,0.1587173067033291,0.3743934355676174,0.6256065644323826,23,10,0.43478260869565216,2.140004211477935,0.4264353526756168,100.0,115.65617788617732,0.6524849239715839,0.00035506650624772415,1561.5426957144891,1572.1577519434982,True,True,,True,True,True,True,
1540,2048,1.2318566972389817,0.1490330354310572,0.5786908484995366,0.42130915150046344,17,10,0.5882352941176471,4.029867128748447,0.5959726378321648,100.0,97.04830848555127,0.9996674352112909,0.2932985929465081,1692.8851531843536,1701.1923699726453,True,True,,True,True,True,True,
1541,2048,1.1034885477274656,0.22310535572469234,0.6545302476733923,0.3454697523266077,18,9,0.5,2.971446060296148,0.4067877806723118,100.0,91.07905611411235,0.9993270050627459,0.15171764506405477,1974.045135122866,1986.4158125841939,True,True,,True,True,True,True,
1542,2048,1.5849691154435277,0.08231755988672375,0.49867000393569466,0.5013299960643054,22,10,0.45454545454545453,1.5355220172554254,0.5654243251308799,100.0,108.74051043091407,0.9582479469703913,0.14544810298861074,912.77683191341,925.7574082189074,True,True,,True,True,True,True,
1543,2048,1.750569675117731,0.2441625469364226,0.5412610959261656,0.45873890407383444,14,4,0.2857142857142857,2.6088854857720434,0.4823967291042209,100.0,111.2534038345766,0.958833509025961,0.09321455015682172,1537.782415996374,1552.944220057688,True,True,,True,True,True,True,
1544,2048,1.310972518287599,0.04690502285957336,0.3119635697454214,0.6880364302545786,26,16,0.6153846153846154,4.476184012927114,0.5394341096282005,100.0,107.79752716995932,0.6767141776248244,0.0005411490493833587,2214.1514221341877,2225.944517457168,True,True,,True,True,True,True,
1545,2048,1.3163340389728546,0.1811344209127128,0.5230327364057302,0.4769672635942698,21,8,0.38095238095238093,3.865036732982844,0.420428984425962,100.0,101.0715068030421,0.9023676702166412,0.00011374276455489427,2386.8656733144257,2403.984639846266,True,True,,True,True,True,True,
1546,2048,1.8721611527726054,0.11578665878623723,0.3304536174982786,0.6695463825017214,19,13,0.6842105263157895,2.4094324372708797,0.550903857499361,100.0,120.86102034884038,0.7065112672270738,0.02389251622295337,1310.2133249592446,1321.8312053694713,True,True,,True,True,True,True,
1547,2048,1.5415063295513391,0.2867131160572171,0.6846902232617139,0.3153097767382861,27,15,0.5555555555555556,1.7493762125261128,0.4967828944325447,100.0,102.3057074556312,0.9995456859944234,0.36575723494139567,1138.0640029033043,1144.601795121433,True,True,,True,True,True,True,
1548,2048,1.019998081959784,0.015188595559448003,0.46867406032979486,0.5313259396702051,13,6,0.46153846153846156,3.5969946837052698,0.5257319433614611,100.0,93.62864956651737,0.968578583143038,0.017726432454205535,1846.0797832465714,1865.1228536847573,True,True,,True,True,True,True,
1549,2048,1.1415150444954634,0.2410910977050662,0.39263324514031406,0.6073667548596859,12,5,0.4166666666666667,4.2308308895677325,0.4644767751917243,100.0,100.0027991987838,0.7302593080464643,0.003364578590490426,2458.9800897187015,2471.7988595121387,True,True,,True,True,True,True,
1550,2048,1.6699965568259358,0.06317008389160036,0.5602122388780117,0.43978776112198825,28,15,0.5357142857142857,2.7526620193384588,0.5074515528976917,100.0,108.86558200079344,0.9998928332337246,0.13344152608223583,1512.973876479082,1527.4964337365677,True,True,,True,True,True,True,
1551,2048,1.9936709590256214,0.1916159383021295,0.4059023968875408,0.5940976031124592,16,10,0.625,1.3964911641553044,0.44003988653421405,100.0,120.75421323467009,0.6964172873663037,0.03621660772064266,1145.0816160597801,1155.5573397758303,True,True,,True,True,True,True,
1552,2048,1.4448171174153686,0.10766465160995721,0.646918673068285,0.353081326931715,24,8,0.3333333333333333,3.2150999204255637,0.5814888400956988,100.0,100.93459198977558,0.9982342674696197,0.39406876866486806,1457.0015421021064,1462.763330659781,True,True,,True,True,True,True,
1553,2048,1.482099692337215,0.19766653273254634,0.3455423194915056,0.6544576805084944,14,8,0.5714285714285714,2.69857282647863,0.5142323117703199,100.0,111.22034449418703,0.696769747901759,0.013757071665891985,1561.9614006904073,1573.708084191865,True,True,,True,True,True,True,
1554,2048,1.9563647583127022,0.09485081350430846,0.5014010641723871,0.49859893582761294,25,12,0.48,4.179957087524235,0.45720713902264837,100.0,116.86304675303126,0.9235302968605296,0.00024737348268846245,2314.2475417205296,2332.815492129967,True,True,,True,True,True,True,
1555,2048,1.6296624252572656,0.23271298063918947,0.458860320225358,0.541139679774642,18,7,0.3888888888888889,3.061133450176567,0.5905772933736444,100.0,111.06122550233812,0.9885514856791694,0.09162928925874922,1366.3858636773296,1382.4855377961178,True,True,,True,True,True,True,
1556,2048,1.1818732041865587,0.07357401978224516,0.6881563056260347,0.3118436943739653,21,14,0.6666666666666666,1.2392951410263777,0.43202620036900047,100.0,92.59408306453417,0.9962402244745648,0.28312766520279165,1062.6234021718783,1070.8588451716255,True,True,,True,True,True,True,
1557,2048,1.0612174468114972,0.2994444935582578,0.5637759745121003,0.43622402548789974,23,15,0.6521739130434783,2.2554598202928897,0.5707708399742841,100.0,92.21008234848966,0.9998916190903978,0.23581005066634292,1173.028341753036,1183.1573166922399,True,True,,True,True,True,True,
1558,2048,1.5003244187682867,0.00920200813561678,0.38291716426610944,0.6170828357338906,17,5,0.29411764705882354,3.707846758235246,0.4012457625940442,100.0,110.40220539662101,0.639425984442846,0.00014527263597586933,2467.4580133467566,2477.4870036622474,True,True,,True,True,True,True,
1559,2048,1.8357028057798743,0.17079450991004705,0.6255799725651741,0.37442002743482594,30,13,0.43333333333333335,3.5428990490734575,0.5463433573022485,100.0,110.6075088762417,0.9998911324281801,0.3147676999450559,1676.9322128199174,1685.0288353701121,True,True,,True,True,True,True,
1560,2048,1.3527554832398891,0.12408229736611247,0.4212840646505356,0.5787159353494644,10,5,0.5,1.698508950602263,0.4752923596650362,100.0,105.24767491377037,0.7590531742528721,0.048398154602455175,1226.281422213674,1238.0215672524564,True,True,,True,True,True,True,
1561,2048,1.2702417029067874,0.2571800172328949,0.6070960253477096,0.39290397465229043,15,7,0.4666666666666667,1.486265886761248,0.5562504218891263,100.0,97.34898709980541,0.9772454412770281,0.31180914926769343,921.9459818785737,929.4235682531336,True,True,,True,True,True,True,
1562,2048,1.791263572871685,0.04120454723015427,0.4395185306668281,0.5604814693331719,25,14,0.56,2.918961950484663,0.41488691680133344,100.0,115.365333166124,0.7506597391649588,0.0007100568037175873,1955.249585435951,1968.3108418935544,True,True,,True,True,True,True,
1563,2048,1.6228925744071603,0.21246560113504528,0.5937780246138573,0.4062219753861427,12,8,0.6666666666666666,4.3206055629998446,0.5326411444693804,100.0,106.78660705101697,0.9971048640640255,0.23988167090909823,2040.2206403598457,2050.546228131155,True,True,,True,True,True,True,
1564,2048,1.0656025279313326,0.09031337164342403,0.3527632892131805,0.6472367107868195,28,10,0.35714285714285715,2.456524000223726,0.4896785715594888,100.0,98.8815089713766,0.6912455703671947,1.295350584371593e-05,1562.5622238146284,1574.638049620481,True,True,,True,True,True,True,
1565,2048,1.195062612183392,0.16450011888518928,0.47733282931149,0.52266717068851,26,9,0.34615384615384615,1.8649443802423775,0.5004935251548887,100.0,98.95730058973294,0.9551050601949428,0.0005182232499328106,1205.2731113262814,1224.856691443159,True,True,,True,True,True,True,
1566,2048,1.7434262689203024,0.13595139607787132,0.6699103895574807,0.3300896104425193,13,8,0.6153846153846154,3.275088445656001,0.47162992469966414,100.0,107.36347010865262,0.9975518910927461,0.30285110496871936,1844.9482862408531,1853.1762012306272,True,True,,True,True,True,True,
1567,2048,1.9207298597320914,0.2653180707246065,0.3155288312584162,0.6844711687415839,20,11,0.55,3.9806048515252765,0.5760934490710496,100.0,122.42799797160978,0.7402527075982589,0.0030049394257568346,1794.8926933951675,1808.3187819681182,True,True,,True,True,True,True,
1568,2048,1.3907815925776958,0.030739076156169175,0.5315434891730546,0.4684565108269454,19,8,0.42105263157894735,2.087526150047779,0.4456307807937265,100.0,102.83718807728997,0.9555326374802176,0.004113175014946472,1429.5297947301272,1448.3733566366975,True,True,,True,True,True,True,
1569,2048,1.3849692856892943,0.15153835443779826,0.678111245855689,0.32188875414431095,10,6,0.6,2.50667790658772,0.5923611402511597,100.0,98.53682454637584,0.9909810728583064,0.4628070990987037,1185.3422104574456,1189.5052706197837,True,True,,True,True,True,True,
1570,2048,1.9265732951462269,0.14185465481132267,0.46912585906684395,0.5308741409331561,30,10,0.3333333333333333,4.3735766566358505,0.43532372098416094,100.0,117.28349644585433,0.8307868434214486,2.360342198254963e-06,2542.438043014966,2555.5578556841133,True,True,,True,True,True,True,
1571,2048,1.7220185371115804,0.2805544065311551,0.5147687088698149,0.48523129113018515,17,7,0.4117647058823529,2.869213230349123,0.5187472915276885,100.0,111.42785568886825,0.9897446332524832,0.07412152099799885,1524.6237335717976,1541.7273929507041,True,True,,True,True,True,True,
1572,2048,1.2164385598152876,0.02719394853338599,0.33234632574021816,0.6676536742597818,24,12,0.5,1.4328896068967878,0.460110791772604,100.0,104.33227210720196,0.61467670030124,0.0010632193272417517,1167.0400219034766,1176.905682636484,True,True,,True,True,True,True,
1573,2048,1.087101467885077,0.25134092699736355,0.40630545690655706,0.5936945430934429,22,13,0.5909090909090909,2.0377713385038074,0.5489057838916779,100.0,97.81988645680792,0.8872447587699678,0.011064745754338943,1175.1264337338316,1192.3165165065407,True,True,,True,True,True,True,
1574,2048,1.6013636980205774,0.05408397568389773,0.6402907781302929,0.3597092218697071,19,9,0.47368421052631576,3.927234663069248,0.47936845999211075,100.0,104.95547673530092,0.999370942680037,0.2503019961484598,2105.4128484767384,2115.274647412508,True,True,,True,True,True,True,
1575,2048,1.7972281007096171,0.21592841064557433,0.3945746801793575,0.6054253198206425,25,9,0.36,3.3252358672209086,0.5745072400197386,100.0,116.99837851880147,0.9268547450947289,0.0003623723354176681,1522.2022499136856,1541.3789309824863,True,True,,True,True,True,True,
1576,2048,1.2643063366413116,0.07514118645340204,0.5519971407949924,0.4480028592050076,15,10,0.6666666666666666,1.9179219586774705,0.4033708356320858,100.0,98.75216056897517,0.8948428296282874,0.04489640733330888,1479.0530810248367,1493.5266043813203,True,True,,True,True,True,True,
1577,2048,1.3624451821669936,0.2842218113131821,0.36300365105271337,0.6369963489472866,20,7,0.35,1.2922726272605358,0.5344219414517284,100.0,107.45295288866515,0.7687418074608484,0.009534655202619287,922.5429316072369,936.4992088178426,True,True,,True,True,True,True,
1578,2048,1.8260425068438053,0.012696718052029609,0.5837077878415584,0.4162922121584416,21,13,0.6190476190476191,3.1112809639424084,0.4929730385541916,100.0,111.62327125999087,0.9997704906875844,0.15578338186874763,1696.767103461457,1710.3524486524063,True,True,,True,True,True,True,
1579,2048,1.5256706001237035,0.18362372741103172,0.42634618803858754,0.5736538119614125,14,8,0.5714285714285714,4.126587003562599,0.5607684545218945,100.0,109.59432868131148,0.9462723052071285,0.01911474814304809,1874.100298622563,1892.7745215594957,True,True,,True,True,True,True,
1580,2048,1.035841567441821,0.11827539363875984,0.6204873211681843,0.3795126788318157,27,11,0.4074074074074074,2.648817910440266,0.4177936201915145,100.0,89.80289408802406,0.9997068479483152,0.09201271995869033,1785.5857134527978,1800.528407344552,True,True,,True,True,True,True,
1581,2048,1.1563743287697434,0.19410781525075435,0.5463267739862203,0.4536732260137797,29,14,0.4827586206896552,1.6451323695480822,0.5786589292809368,100.0,95.72434479438391,0.9978282950207316,0.21757285428545436,931.899108254443,942.6829067006055,True,True,,True,True,True,True,
1582,2048,1.6551297549158335,0.11015595691278576,0.30062270276248454,0.6993772972375154,12,7,0.5833333333333334,3.493150630127638,0.44970993101596834,100.0,117.06990053664765,0.5380825693668317,0.01005387868105649,2176.3960313956472,2183.96648968872,True,True,,True,True,True,True,
1583,2048,1.9465833781287074,0.23860236341133712,0.6580575507134199,0.34194244928658013,25,17,0.68,3.7608181407675145,0.5042268745601177,100.0,111.97637369267517,0.999992012957116,0.32185599469595144,1911.6198155166217,1919.851752036607,True,True,,True,True,True,True,
1584,2048,1.4919124394655228,0.060680776834487915,0.48891634009778495,0.511083659902215,15,5,0.3333333333333333,2.305613437760621,0.4737519448623061,100.0,106.75289093299648,0.920426260438685,0.009606886964342873,1457.1125084951905,1475.105380440854,True,True,,True,True,True,True,
1585,2048,1.4661952964961529,0.22582713961601256,0.5934237718582154,0.4065762281417846,26,14,0.5384615384615384,3.6471428920514883,0.4282193902879954,100.0,102.98173113852909,0.9999663095352568,0.05057388576138234,2191.9403264357634,2209.362194170281,True,True,,True,True,True,True,
1586,2048,1.9722616514191031,0.06668760711327194,0.3594400092959404,0.6405599907040596,14,6,0.42857142857142855,1.8023530041798947,0.5992703491821885,100.0,121.92576623713774,0.8088902527447402,0.05889440339463703,942.8978539977926,955.6473999225336,True,True,,True,True,True,True,
1587,2048,1.6758422311395407,0.20455036656931042,0.605105747282505,0.394894252717495,22,7,0.3181818181818182,2.3596784125082193,0.4545687289908528,100.0,107.68234151338123,0.9917481706832493,0.14118489837163878,1502.280471997897,1515.8964136467516,True,True,,True,True,True,True,
1588,2048,1.135701154358685,0.10173407457768917,0.44768479168415065,0.5523152083158493,18,12,0.6666666666666666,3.811665757745504,0.5240938510745764,100.0,98.05574436561403,0.9283866442753482,0.01117369030929446,1944.0870214603895,1962.4211599155633,True,True,,True,True,True,True,
1589,2048,1.0140611995011568,0.1776809231378138,0.3222542781382799,0.6777457218617201,17,11,0.6470588235294118,3.165351987071335,0.4849593464285135,100.0,98.17745732941489,0.6204085647921067,0.005606226257424074,1922.8714767740057,1932.8286812781228,True,True,,True,True,True,True,
1590,2048,1.5474731484428048,0.13096813783049582,0.5312381658703088,0.4687618341296912,23,9,0.391304347826087,1.343114097509533,0.5435104006901383,100.0,106.83455019210629,0.9491803167289574,0.18021499392616777,888.9478103444027,900.3367136701113,True,True,,True,True,True,True,
1591,2048,1.8506307527422905,0.2925612319260836,0.48545035161077976,0.5145496483892202,11,5,0.45454545454545453,2.8028167124837635,0.410523989982903,100.0,115.16442682510012,0.8093775025119256,0.020321046361526287,1889.9547629527888,1903.6698398573117,True,True,,True,True,True,True,
1592,2048,1.3378352774307132,0.0023181748576462267,0.667871193960309,0.33212880603969097,29,17,0.5862068965517241,4.283801196422428,0.5675492074340582,100.0,97.55432046836842,0.9999982317502899,0.41480152064567777,1893.9223242987953,1899.8050879050115,True,True,,True,True,True,True,
1593,2048,1.2855986915528774,0.21026712153106927,0.45374581106007095,0.546254188939929,24,10,0.4166666666666667,4.082837724499404,0.49856388214975594,100.0,102.33588250611592,0.9048142177013103,8.398217696861886e-05,2159.338442454721,2177.521918553419,True,True,,True,True,True,True,
1594,2048,1.7759141018614173,0.0881154648028314,0.6994483236223459,0.3005516763776541,16,9,0.5625,2.1901586157269772,0.5290266010910273,100.0,107.26103468997309,0.997233060301023,0.4343414837432977,1225.838320988041,1230.8687734886914,True,True,,True,True,True,True,
1595,2048,1.5753108765929937,0.259375926386565,0.34206383563578124,0.6579361643642188,28,17,0.6071428571428571,1.96715190410614,0.4249468263238669,100.0,113.67376988624471,0.5941889511511707,0.0008794534754961641,1497.3334007643748,1506.4402915124692,True,True,,True,True,True,True,
1596,2048,1.113176484592259,0.04340102802962065,0.5112035412341356,0.4887964587658644,12,4,0.3333333333333333,3.3776957589201624,0.5538103701546788,100.0,95.40875029409034,0.973309053486631,0.13889870083909578,1645.0306285804872,1658.3761209859142,True,True,,True,True,True,True,
1597,2048,1.2416676301509142,0.2675159781239927,0.6368232637643814,0.36317673623561864,13,5,0.38461538461538464,4.422813142184168,0.44260555747896435,100.0,95.71286696574833,0.9946328817729221,0.18621415417408357,2519.6226317920796,2531.135241831562,True,True,,True,True,True,True,
1598,2048,1.6968287536874413,0.032937555201351644,0.41612062603235245,0.5838793739676476,27,19,0.7037037037037037,2.5591313565149902,0.585568181052804,100.0,114.02028086857683,0.9638888942734144,0.028433959908614137,1215.397799271166,1234.0768911487394,True,True,,True,True,True,True,
1599,2048,1.9043961837887764,0.16230363752692936,0.5736271902918815,0.4263728097081185,19,11,0.5789473684210527,1.5884987167082727,0.4682099338620901,100.0,113.5716006197195,0.9776231596284767,0.11476948918210714,1122.7196441056633,1137.3650920860814,True,True,,True,True,True,True,
1600,2048,1.4071075124666095,0.1337554874829948,0.37948759794235226,0.6205124020576478,21,10,0.47619047619047616,3.0215943608433005,0.5095733823254704,100.0,108.0986861749148,0.7728364071907493,0.0009195653121002523,1700.709477280865,1715.1411585105195,True,True,,True,True,True,True,
1601,2048,1.4182405937463045,0.2193954588845372,0.558224581554532,0.44177541844546797,16,5,0.3125,4.207342480123043,0.5446145936846734,100.0,102.76983498089044,0.9906425327169212,0.19665685234561978,1963.8731226221282,1975.509483218409,True,True,,True,True,True,True,
1602,2048,1.8933010259643197,0.07900648852810263,0.3883035723119974,0.6116964276880026,24,15,0.625,2.7746397349052128,0.47662745844572785,100.0,119.28089283076974,0.738708611104139,0.0035294909838197146,1681.4520008480495,1694.6822220216816,True,True,,True,True,True,True,
1603,2048,1.692546658217907,0.2496811824850738,0.6465669725090265,0.3534330274909735,12,6,0.5,1.3730028284713625,0.569423552416265,100.0,106.88117488239857,0.964785708710711,0.4059422201159526,841.8944758185414,846.9835065613906,True,True,,True,True,True,True,
1604,2048,1.2459113849326968,0.053115454874932765,0.4000832516700029,0.5999167483299971,28,12,0.42857142857142855,3.2370777097530663,0.40298676267266276,100.0,102.9181591149952,0.6701349916324323,9.812993961884343e-06,2228.8692360064742,2238.5839943816623,True,True,,True,True,True,True,
1605,2048,1.1242790333926678,0.2766993856988847,0.3261179655790329,0.6738820344209671,27,12,0.4444444444444444,3.8415479547344145,0.5888514980673789,100.0,101.70181870104221,0.7930705209706538,8.112566746105041e-05,1731.9705643775037,1746.93288396163,True,True,,True,True,True,True,
1606,2048,1.5641851862892509,0.023737182654440404,0.5210388496518135,0.47896115034818654,13,8,0.6153846153846154,2.4314105708152054,0.43336445819586517,100.0,107.5507256788012,0.8883999664080733,0.04070570109028926,1633.9403573814197,1649.0506292201135,True,True,,True,True,True,True,
1607,2048,1.7716624792665243,0.1525171933695674,0.4628486976027488,0.5371513023972512,21,14,0.6666666666666666,1.7258874588645994,0.5128818651661277,100.0,114.1743993410808,0.8937079884786522,0.05363130706129059,1106.2295296024524,1121.658370010226,True,True,,True,True,True,True,
1608,2048,1.2898729192093015,0.14352471632882952,0.6843325316905975,0.3156674683094025,19,7,0.3684210526315789,3.618972841836512,0.45894517078995706,100.0,95.80019110862582,0.9983966521032152,0.31407903590039665,2077.2230002649,2084.849491197614,True,True,,True,True,True,True,
1609,2048,1.3333395142108202,0.23546719327569007,0.49519482254981995,0.50480517745018,14,9,0.6428571428571429,2.9949348385445775,0.5774804217740893,100.0,102.38366239183853,0.9949014686868308,0.12957049761729214,1401.4813900973247,1415.8742523560077,True,True,,True,True,True,True,
1610,2048,1.8551491210237145,0.05706495651975274,0.6518345817923545,0.34816541820764546,26,9,0.34615384615384615,1.5135438837110995,0.4438562229275704,100.0,110.26940684197865,0.9867022363871222,0.2322530370987611,1139.8947366820414,1150.0063832728513,True,True,,True,True,True,True,
1611,2048,1.5588198378682137,0.19551350148394703,0.30685243159532544,0.6931475684046746,18,7,0.3888888888888889,2.632374239433557,0.5022802598774433,100.0,114.52093061839668,0.6155960059743729,0.0009125127102468807,1583.5432748862756,1593.6131137719872,True,True,,True,True,True,True,
1613,2048,1.1311749182641506,0.18722926760092376,0.614209397509694,0.38579060249030594,23,13,0.5652173913043478,3.4509318005293608,0.5340251488611102,100.0,93.03277065333197,0.9999541621936625,0.2776194573847939,1735.395143554447,1744.230226314257,True,True,,True,True,True,True,
1614,2048,1.6803301265463233,0.12140028029680251,0.43256976343691345,0.5674302365630866,17,8,0.47058823529411764,1.9985515563748777,0.4879008546471596,100.0,113.09692678639885,0.8349272133184377,0.010259435192059898,1297.0276081003783,1312.7249218078791,True,True,,True,True,True,True,
1615,2048,1.9836388733237982,0.28357942812144754,0.577478665485978,0.42252133451402196,29,11,0.3793103448275862,2.1634925471618773,0.5580403156578541,100.0,115.07072665839809,0.996695254800371,0.2454549197573543,1132.6470428019918,1142.9339303472188,True,True,,True,True,True,True,
1616,2048,1.4548559980466962,0.011280715931206942,0.36927608139812945,0.6307239186018705,11,8,0.7272727272727273,4.007889339420944,0.4134906878694892,100.0,109.7000419520337,0.6081842340850905,0.030400977326547507,2585.5533805192863,2593.8497648907314,True,True,,True,True,True,True,
1617,2048,1.495179840363562,0.2939350132830441,0.6741497494280337,0.32585025057196626,20,9,0.45,1.8413552627898753,0.4837807584553957,100.0,101.45697882624393,0.9958163454414345,0.33091500129620743,1209.673786871981,1217.003675517488,True,True,,True,True,True,True,
1618,2048,1.9432780537754297,0.0030007313936948775,0.4792273126542568,0.5207726873457432,20,10,0.5,3.296965453214943,0.5376564154401422,100.0,117.30221358929089,0.9972810932542775,0.03372416646423068,1611.430441339676,1631.0223479452166,True,True,,True,True,True,True,
1619,2048,1.6430582432076335,0.17451356202363968,0.5374678246676922,0.46253217533230784,27,17,0.6296296296296297,3.957015807833522,0.4085777001455426,100.0,108.9257868655094,0.9081595636905435,0.0008752215000208098,2447.2719621659558,2464.443726775177,True,True,,True,True,True,True,
1620,2048,1.1684841811656952,0.1274025239981711,0.31598247960209846,0.6840175203979015,14,4,0.2857142857142857,2.1094032313674687,0.5640281181782484,100.0,103.4436332384999,0.7177058125523426,0.005467708018240659,1190.6975080157617,1203.3689699861725,True,True,,True,True,True,True,
1621,2048,1.0391395008191466,0.2038758013397455,0.4414068456739187,0.5585931543260814,12,5,0.4166666666666667,1.4626764005050061,0.4278223503381014,100.0,95.11805218745582,0.760137678972092,0.015131521289225139,1237.3174578505696,1249.9991907430635,True,True,,True,True,True,True,
1622,2048,1.522395808249712,0.10036828787997365,0.611329348012805,0.38867065198719497,29,19,0.6551724137931034,2.9408393760211764,0.5941981026902794,100.0,103.87277722709098,0.9999946215421404,0.34589432777047735,1314.5658784240186,1321.9967750900294,True,True,,True,True,True,True,
1623,2048,1.813940522260964,0.2294007838703692,0.3532109122723341,0.6467890877276659,16,9,0.5625,4.297016101330518,0.4518407003954053,100.0,118.79451293418725,0.6416442552238414,0.003292903304874867,2511.1888094137753,2521.6125107405705,True,True,,True,True,True,True,
1624,2048,1.374524561688304,0.06986299529671669,0.5996961798518896,0.4003038201481104,25,12,0.48,2.478401450347155,0.5197912137955427,100.0,100.42126251358985,0.9995458026894776,0.23029507851063616,1383.1360823304715,1393.6845107884171,True,True,,True,True,True,True,
1625,2048,1.2519602114334702,0.16059340042993425,0.3857149686664343,0.6142850313335657,30,16,0.5333333333333333,2.2790493065491315,0.43831406626850367,100.0,103.56955066375411,0.6866201513422598,0.00011912569236823308,1618.809588882709,1630.4036589815241,True,True,,True,True,True,True,
1626,2048,1.8095516208559275,0.13281887155026198,0.5673561554402113,0.43264384455978866,10,4,0.4,3.6859693326987326,0.5828270751982927,100.0,111.75588523780539,0.9711668516521825,0.27831889411156896,1601.8522113209951,1610.396837591959,True,True,,True,True,True,True,
1627,2048,1.604905772022903,0.27093281988054513,0.4223968934267759,0.5776031065732241,24,8,0.3333333333333333,3.5664885107427837,0.463126302883029,100.0,111.65854943435983,0.7867436545470213,3.3151501075663676e-05,2093.157829368575,2107.757008368189,True,True,,True,True,True,True,
1628,2048,1.0835825353860855,0.036835048254579304,0.6306009884923696,0.36939901150763044,17,10,0.5882352941176471,1.676631500478834,0.5091895626857876,100.0,91.08694769172837,0.9964088022167629,0.2779974251261928,1102.500160981679,1111.1870542190263,True,True,,True,True,True,True,
1629,2048,1.2041229074820876,0.26030454989522694,0.5049752064049243,0.4950247935950757,19,13,0.6842105263157895,2.722161943931132,0.49505410585552456,100.0,98.38819861412321,0.9762441794957172,0.024291642977551174,1575.4324449197732,1594.2623086611727,True,True,,True,True,True,True,
1630,2048,1.7343725301325321,0.04510327158495784,0.3483339540660381,0.6516660459339618,22,8,0.36363636363636365,4.158080079965293,0.5270670194178819,100.0,117.19476003316959,0.7364047167174815,0.00012179845325213546,2088.7593828089703,2102.26598648208,True,True,,True,True,True,True,
1631,2048,1.9300848366692662,0.20636159917339683,0.693171139806509,0.306828860193491,15,7,0.4666666666666667,3.084722493868321,0.41908167116343975,100.0,110.66074843663955,0.996572453420748,0.2726057182161408,1925.8599821188263,1934.7224764631178,True,True,,True,True,True,True,
1632,2048,1.3814198207110167,0.08469059485942125,0.45996712222695346,0.5400328777730465,25,14,0.56,1.217418059706688,0.5526448355987668,100.0,104.7856187499413,0.8920823044706746,0.11018001039891534,839.0699175001229,851.8073119409637,True,True,,True,True,True,True,
1633,2048,1.4028874235227704,0.24748513475060463,0.305741348862648,0.6942586511373521,24,9,0.375,1.6236546043306588,0.41187140569090847,100.0,110.54992718912871,0.5197928967544281,8.8455075804848e-05,1374.4145275092644,1381.6812199891149,True,True,,True,True,True,True,
1634,2048,1.9086466934531927,0.05091883549466729,0.5475372806191444,0.4524627193808556,15,10,0.6666666666666666,3.5163404068909587,0.5658081507310271,100.0,114.44845892598948,0.9982242187365894,0.20168400418125787,1592.134281524525,1603.9939049191564,True,True,,True,True,True,True,
1635,2048,1.7401245525106788,0.22159408601000904,0.4923988863825798,0.5076011136174202,28,17,0.6071428571428571,3.7393404001370074,0.486688226275146,100.0,112.53195135933777,0.9582211077222481,0.0010814245505142365,2003.7414657441489,2023.5547918248203,True,True,,True,True,True,True,
1636,2048,1.1983412466943264,0.08120454289019108,0.6607576727867126,0.3392423272132874,11,5,0.45454545454545453,2.328803239110857,0.5421752095222473,100.0,93.80513868977437,0.9860967952263329,0.38603431535656424,1275.1287996815872,1280.8260721384888,True,True,,True,True,True,True,
1637,2048,1.077677826397121,0.1547138133086264,0.5849121261388064,0.4150878738611936,13,6,0.46153846153846156,1.270795230846852,0.4559190891683102,100.0,92.15085650633495,0.9525173846507713,0.14622266859023705,1046.7056329919596,1058.8204910711236,True,True,,True,True,True,True,
1638,2048,1.6107788756489754,0.14572076350450516,0.36811625994741914,0.6318837400525809,27,14,0.5185185185185185,3.134470322728157,0.5223559295758605,100.0,113.62712751069074,0.7702485130180088,0.000407919132426296,1690.0437141826505,1704.4952349519417,True,True,,True,True,True,True,
1639,2048,1.7879923293367028,0.2745013307780027,0.6231814179569483,0.37681858204305174,20,13,0.65,4.105109680909663,0.42994513493031267,100.0,109.65396382724714,0.9999180257850268,0.12365808080851623,2371.9558946279576,2386.2829574229695,True,True,,True,True,True,True,
1640,2048,1.2735508102923632,0.021538556087762117,0.4298225540667772,0.5701774459332227,20,6,0.3,2.6720073429867623,0.5979322135448455,100.0,102.75298436952124,0.9762241534869178,0.06239339754404745,1233.8276943069793,1250.790816463481,True,True,,True,True,True,True,
1641,2048,1.349240099079907,0.18862980622798203,0.640646793320775,0.359353206679225,25,17,0.68,2.0592487349174915,0.4664230590686202,100.0,98.60165675928567,0.9999320908991587,0.2296328189310425,1352.9530695559909,1363.2964580773069,True,True,,True,True,True,True,
1642,2048,1.83925605379045,0.10390489837154746,0.4121321115642786,0.5878678884357214,15,6,0.4,3.9040453042834997,0.510972648113966,100.0,117.31909696113223,0.8391667901037322,0.003441122770567438,2012.6756318633945,2029.0051899360049,True,True,,True,True,True,True,
1644,2048,1.0488596074283123,0.06395122166723012,0.3989117193967104,0.6010882806032896,18,10,0.5555555555555556,1.8947325261309742,0.5873428193852306,100.0,96.79655980960382,0.9163878636422537,0.03534095481583856,1020.6252118014407,1037.2538803956531,True,True,,True,True,True,True,
1645,2048,1.178327347151935,0.2904625511728227,0.4749464750289917,0.5250535249710083,16,9,0.5625,2.528155671805143,0.42315700706094506,100.0,98.52508182469256,0.8181686427827578,0.007070863719852776,1759.1959901687121,1773.7225432679343,True,True,,True,True,True,True,
1646,2048,1.6331852003932,0.01816441062837839,0.6784610912203788,0.3215389087796212,23,9,0.391304347826087,4.350386879872531,0.5552065007388591,100.0,104.64244836979577,0.9995270538947345,0.4212450051067307,1950.8058995111267,1956.0916200999197,True,True,,True,True,True,True,
1647,2048,1.9687147298827767,0.18034300189465283,0.3366771832108497,0.6633228167891503,10,3,0.3,2.890690970979631,0.49717994034290314,100.0,122.66116215856704,0.6554757579779498,0.014262564958800513,1679.8276116898314,1690.4085191023946,True,True,,True,True,True,True,
1648,2048,1.4697723854333162,0.11451458735391497,0.5167547971010208,0.4832452028989792,29,18,0.6206896551724138,1.409699805546552,0.5308041838929057,100.0,105.33618651852487,0.9634971675933961,0.12185950682654027,939.7620505397049,953.8305112256849,True,True,,True,True,True,True,
1649,2048,1.4490725230425596,0.17202440304681657,0.41501225791871543,0.5849877420812846,19,9,0.47368421052631576,4.401234668958932,0.5727174486964941,100.0,108.01901467930628,0.9684272744693455,0.0021461850123557086,1917.8884003561614,1938.1174722635624,True,True,,True,True,True,True,
1650,2048,1.9893928887322545,0.12491393666714429,0.6318096172064542,0.36819038279354577,21,12,0.5714285714285714,2.5822204252704974,0.40476698596030475,100.0,113.58592280468207,0.999279627370356,0.09141184076473316,1726.065738412701,1741.4873020361406,True,True,,True,True,True,True,
1651,2048,1.6588901616632938,0.29642617944627997,0.3766941111534834,0.6233058888465166,13,8,0.6153846153846154,1.5669202680699525,0.5475218707695604,100.0,114.47230689708834,0.7474954575719075,0.07026022887538096,995.6418780700923,1006.4318715244862,True,True,,True,True,True,True,
1652,2048,1.1526445215567946,0.005492470320314169,0.5700545217841864,0.42994547821581364,27,11,0.4074074074074074,3.044683454185724,0.4811460617929697,100.0,94.92859939758199,0.9997017952630517,0.10675961565329509,1754.3414809389014,1769.5120948788524,True,True,,True,True,True,True,
1653,2048,1.0242840200662613,0.23188937064260243,0.6944286979734897,0.3055713020265103,28,9,0.32142857142857145,4.061259620077908,0.5169604446738958,100.0,87.47495714170844,0.9997493880588162,0.4091425636228349,2056.0393720593256,2061.3221736790165,True,True,,True,True,True,True,
1654,2048,1.5372587917372584,0.07235215483233333,0.4526312135159969,0.5473687864840031,12,8,0.6666666666666666,2.213247266504913,0.4615100773051381,100.0,109.03047298716416,0.7914875555586036,0.05725418577822574,1480.006708611055,1492.1587560980158,True,True,,True,True,True,True,
1655,2048,1.861024284735322,0.20138406297191977,0.5076246552169322,0.49237534478306777,24,12,0.5,1.9455738734453916,0.5909740919247269,100.0,114.68500709382761,0.9920510750073783,0.17234401353863182,981.1295384022959,993.8745181368163,True,True,,True,True,True,True,
1656,2048,1.3274330431595445,0.0978771211579442,0.3392643578350544,0.6607356421649456,16,7,0.4375,3.400784483458847,0.43709837831556797,100.0,107.30201733091758,0.6020353539217119,0.0008644312595146088,2193.7546624999623,2203.153470035407,True,True,,True,True,True,True,
1657,2048,1.2995915096253157,0.2637562994845211,0.5253211982548236,0.4746788017451764,11,6,0.5454545454545454,3.1869300914928314,0.5055772067978979,100.0,100.53644285181991,0.9735324612476532,0.08698649789505244,1729.0585758225982,1744.777632705864,True,True,,True,True,True,True,
1658,2048,1.761912819929421,0.029657955095171926,0.3218050889670849,0.6781949110329151,29,14,0.4827586206896552,1.320025446731597,0.47201400361955165,100.0,118.75837737652995,0.60875808656016,0.0008253835329797047,1065.6301477004608,1075.4061715518492,True,True,,True,True,True,True,
1659,2048,1.589499194175005,0.16777249127626417,0.6636393450200557,0.3363606549799443,17,6,0.35294117647058826,2.824394743144512,0.5803846452385187,100.0,104.02725391645606,0.9926799884840282,0.42574464832110764,1319.5927125257535,1324.6217676020742,True,True,,True,True,True,True,
1660,2048,1.098996869288385,0.1399973907507956,0.4835601843893528,0.5164398156106472,23,16,0.6956521739130435,4.2607124718837435,0.44837177637964487,100.0,95.78631048137248,0.8739346975551602,0.003269251097832438,2493.252807174985,2509.7693134445567,True,True,,True,True,True,True,
1661,2048,1.2205061614513397,0.21353869177401066,0.35898459218442436,0.6410154078155756,22,13,0.5909090909090909,3.668721365276724,0.5621158422902226,100.0,103.53983061917023,0.8169594509682953,0.002219986927400483,1764.1793067638196,1779.839122063174,True,True,,True,True,True,True,
1662,2048,1.7179817585274577,0.09186711581423879,0.5875008266419173,0.4124991733580827,18,6,0.3333333333333333,1.7792639354243875,0.4160525437444449,100.0,109.14712407279421,0.9713567194431801,0.048737499571567235,1334.1938965112222,1350.9052501452563,True,True,,True,True,True,True,
1663,2048,1.8834302220493555,0.25312603125348687,0.44578863494098186,0.5542113650590181,26,11,0.4230769230769231,2.3812568611465394,0.5361507926136255,100.0,117.14265703013314,0.9587736146160487,0.001990731874113952,1285.1316545324148,1305.2757689120506,True,True,,True,True,True,True,
1664,2048,1.4280821764841676,0.037924180179834364,0.6008676823228598,0.3991323176771402,14,7,0.5,3.788576664403081,0.49163782838732006,100.0,101.79354560734805,0.9970859038499568,0.19117008201237776,2012.4425253809495,2024.3105851634461,True,True,,True,True,True,True,
1665,2048,1.4230247233062983,0.1847206464037299,0.3560178060084581,0.6439821939915419,27,12,0.4444444444444444,1.4501513890922069,0.5794739620760083,100.0,109.32050822423145,0.8192915416780691,0.01982150446195373,881.2759910847518,896.1165972403448,True,True,,True,True,True,True,
1666,2048,1.8904710793867707,0.11951420931145548,0.5970328960567712,0.40296710394322877,13,7,0.5384615384615384,2.850566713046282,0.4489868324249983,100.0,112.58780318037492,0.9877904137949792,0.11746851872026787,1727.6039752231875,1742.1884263039472,True,True,,True,True,True,True,
1667,2048,1.711184799671173,0.2854652135632932,0.44272457398474213,0.5572754260152579,21,13,0.6190476190476191,4.387590605579317,0.50350949652493,100.0,113.47144431854264,0.8881452155887553,0.0035291756993702664,2235.6527464381006,2253.3633771058912,True,True,,True,True,True,True,
1668,2048,1.2253192393109202,0.013789050467312335,0.6103017140179872,0.38969828598201284,19,6,0.3157894736842105,2.491228868532926,0.4745727011933923,100.0,95.96938485006405,0.9915007700589205,0.18824442563585222,1531.2314554014831,1542.8431899263353,True,True,,True,True,True,True,
1669,2048,1.0958601124584675,0.2373532379977405,0.5346518516540527,0.4653481483459473,16,6,0.375,1.9061487629078329,0.535240407474339,100.0,94.1680879679489,0.976842655309234,0.1506915652355006,1137.5823514232409,1150.4943488260656,True,True,,True,True,True,True,
1670,2048,1.5906520700082183,0.05957356821745634,0.3186368867754936,0.6813631132245064,24,16,0.6666666666666666,3.3355739738792183,0.4922533731907606,100.0,114.87724280422697,0.6249722429247749,0.0026603003511063567,1923.630808763981,1933.8485003637154,True,True,,True,True,True,True,
1671,2048,1.7610038500279188,0.19300517532974482,0.6728719606995582,0.32712803930044176,12,7,0.5833333333333334,3.918709300551563,0.5600476432591677,100.0,107.66650204560892,0.9971899133332235,0.4181000882407143,1766.5143585251071,1771.8725410753714,True,True,,True,True,True,True,
1672,2048,1.3024838836863637,0.1089022628031671,0.48029470741748803,0.519705292582512,28,13,0.4642857142857143,2.0449119659140704,0.4186109432950616,100.0,101.98424838204522,0.8260156446154524,0.0001310498159381735,1519.9756785997645,1535.0128441558459,True,True,,True,True,True,True,
1673,2048,1.3205445352941751,0.27946436293423177,0.6913501411676406,0.3086498588323594,23,13,0.5652173913043478,2.6575698721222576,0.5496505808085204,100.0,96.4593272065818,0.9998867652632255,0.43855464341322337,1366.8986956869437,1371.7038428415121,True,True,,True,True,True,True,
1674,2048,1.8659899467602372,0.025952835101634264,0.46205380111932753,0.5379461988806724,17,7,0.4117647058823529,4.119672963023185,0.47852638829499483,100.0,116.24282769898053,0.8845632507128274,0.0016308711679429197,2220.5617377354993,2238.117575823658,True,True,,True,True,True,True,
1675,2048,1.5325370281934738,0.150301827583462,0.5046433731913567,0.49535662680864334,29,10,0.3448275862068966,3.123230404872447,0.5736647883430124,100.0,107.27931090428615,0.9986899732136777,0.13745836454710578,1446.7611820464786,1461.0382627589518,True,True,,True,True,True,True,
1676,2048,1.0309281526133418,0.14076002463698387,0.3487849831581116,0.6512150168418884,11,7,0.6363636363636364,1.2821107534691691,0.4041152495890856,100.0,97.84978240285477,0.5607764536496758,0.03619494458792168,1226.371770328243,1233.335250067948,True,True,,True,True,True,True,
1677,2048,1.1515829600393772,0.2171798159368336,0.42423342950642107,0.5757665704935789,14,10,0.7142857142857143,2.291775721684098,0.5931032668799161,100.0,99.29344626034782,0.9136381221810067,0.08848043870950592,1139.5604173623326,1153.5587795453823,True,True,,True,True,True,True,
1678,2048,1.6618740921840072,0.0762415375560522,0.6285296443849802,0.37147035561501984,26,9,0.34615384615384615,3.77644342398271,0.4344789789989591,100.0,106.69277375160408,0.9992840503845133,0.1459417617911456,2211.9946693010565,2225.3663292020774,True,True,,True,True,True,True,
1679,2048,1.9866528641432524,0.25244584679603577,0.3860133204609155,0.6139866795390845,18,9,0.5,3.4761154348030683,0.5179075101390481,100.0,121.29327243856414,0.7968586525602028,0.0035801790140769776,1814.4994684272453,1829.6160074553738,True,True,,True,True,True,True,
1680,2048,1.4498897017911077,0.055330812279134986,0.5668718237429857,0.4331281762570143,22,12,0.5454545454545454,1.6640054860152302,0.4608578760176897,100.0,103.33490496387014,0.9934090145089874,0.06787580621241991,1187.2670655019156,1204.1385262528215,True,True,,True,True,True,True,
1681,2048,1.4750758865848184,0.2581256621517241,0.46551988199353217,0.5344801180064678,11,3,0.2727272727272727,3.8287198358215386,0.443445005081594,100.0,107.05967099754758,0.8297571711076415,0.008384943449813742,2289.821682632481,2304.972702989025,True,True,,True,True,True,True,
1682,2048,1.9614278245717287,0.04230181574821472,0.6815364055335521,0.3184635944664479,28,18,0.6428571428571429,2.3408367672935126,0.5848206676542759,100.0,111.61557197447172,0.9999554720898711,0.4554826722415354,1123.7141448049495,1128.3399759686083,True,True,,True,True,True,True,
1683,2048,1.6397399259731174,0.2091633405536413,0.3271533153951168,0.6728466846048833,15,8,0.5333333333333333,1.8161592490039764,0.4674681410193443,100.0,115.75113814612962,0.6047919084142398,0.010872561525833262,1311.1947341762088,1320.4658095660118,True,True,,True,True,True,True,
1684,2048,1.1737565025687218,0.08686976926401258,0.5197320736944675,0.4802679263055325,25,11,0.44,3.6314987260848284,0.5104185534641147,100.0,97.03427587748075,0.9997739851280871,0.059294550355441206,1893.7006126445472,1911.414536594588,True,True,,True,True,True,True,
1685,2048,1.052238597534597,0.16339482888579368,0.6439113166183232,0.35608868338167676,20,9,0.45,4.271832872740924,0.4994067629799247,100.0,89.71523396311181,0.9997170620566622,0.2872599609965558,2216.438650441347,2224.857080894383,True,True,,True,True,True,True,
1686,2048,1.5112487487494946,0.13499775091186164,0.40289472751319405,0.597105272486806,19,11,0.5789473684210527,2.812947115022689,0.5282825209200382,100.0,110.00746232126875,0.8451537527725038,0.007991713187140717,1526.313555945886,1542.5679811795883,True,True,,True,True,True,True,
1687,2048,1.8399189757183194,0.26875365497544407,0.557155741378665,0.44284425862133503,26,17,0.6538461538461539,1.3343936070799827,0.424201600253582,100.0,112.71306656284497,0.9328764561247533,0.047165485265337495,1108.7888451611627,1124.7594679720187,True,True,,True,True,True,True,
1688,2048,1.3465937729924917,0.03403333313763141,0.3895770605653524,0.6104229394346476,13,5,0.38461538461538464,3.1722849103622135,0.554652108065784,100.0,106.12212571345304,0.8619648879833198,0.010288493693325051,1582.5834404497366,1599.1820191678773,True,True,,True,True,True,True,
1689,2048,1.2806853661313653,0.20579835092648863,0.5754027541726827,0.4245972458273173,18,11,0.6111111111111112,3.386240004189312,0.48567972853779795,100.0,98.5410413754152,0.9996707896471005,0.12610671273763088,1875.30591264086,1889.7527524255925,True,True,,True,True,True,True,
1690,2048,1.7827806193381548,0.10284014437347651,0.37110498063266273,0.6288950193673373,21,7,0.3333333333333333,1.9600427479483187,0.5426927438005805,100.0,117.48482862612275,0.8081772580068273,0.002804330579505443,1144.234369397637,1159.7305730589908,True,True,,True,True,True,True,
1691,2048,1.6152584059163928,0.22692864071577787,0.6137693207710981,0.38623067922890186,15,6,0.4,2.201900340244174,0.40970595311373476,100.0,106.03227990594524,0.9840789670976094,0.08022738575416614,1555.5288241285118,1570.9406998844904,True,True,,True,True,True,True,
1693,2048,1.199645041488111,0.2914631651714444,0.3089192785322666,0.6910807214677335,30,17,0.5666666666666667,3.00756152914837,0.42893710210919384,100.0,104.64689743518426,0.5409088266691319,6.15547578418689e-05,2051.997278109652,2059.8872793618407,True,True,,True,True,True,True,
1694,2048,1.7368983887135983,0.001078209187835455,0.5382171176373958,0.46178288236260423,10,5,0.5,1.6039162835106253,0.5984500220045448,100.0,111.04194875321656,0.927693040367312,0.2768855512036794,866.5719827675832,874.2181601744205,True,True,,True,True,True,True,
1695,2048,1.911140670068562,0.17643637089058756,0.49567485377192494,0.5043251462280751,23,8,0.34782608695652173,2.5419010455720126,0.4537533624097705,100.0,116.11333935354412,0.907117175514628,0.0003696612477119409,1599.9686676238377,1617.9854883194632,True,True,,True,True,True,True,
1696,2048,1.4023162927478552,0.12987465765327214,0.6515347845852375,0.3484652154147625,16,11,0.6875,4.441478542238474,0.524816520512104,100.0,99.71088707565065,0.9998638154920045,0.33614804617952,2138.511395156095,2145.7987139903857,True,True,,True,True,True,True,
1697,2048,1.3768487395718694,0.2879542339593172,0.5081474125385284,0.49185258746147165,14,6,0.42857142857142855,4.022323663160205,0.46529328767210243,100.0,103.17052004859181,0.9450054549680968,0.006139609897116306,2248.914947034815,2267.6311476553738,True,True,,True,True,True,True,
1698,2048,1.9366393219679594,0.016278643626719713,0.33900730460882184,0.6609926953911782,27,16,0.5925925925925926,2.1489324121735986,0.5067300263792276,100.0,121.91466283322973,0.6844601582799185,0.00273131977648806,1330.1634526398748,1342.0439969741471,True,True,,True,True,True,True,
1699,2048,1.7270853882655501,0.1822290555574,0.6964406207203865,0.3035593792796135,20,13,0.65,2.009788327105343,0.439321031793952,100.0,106.27530256377764,0.9993769458915616,0.30982172164399036,1378.5918520406753,1386.4784094280735,True,True,,True,True,True,True,
1700,2048,1.2094261683523655,0.11702319011092185,0.4507385104894638,0.5492614895105362,21,8,0.38095238095238093,3.439619425032288,0.5823080213740468,100.0,100.21347421677689,0.9969022300878573,0.058989922006405425,1547.2096656671097,1564.9617228969855,True,True,,True,True,True,True,
1701,2048,1.0809359727427363,0.19051558272913097,0.376186903193593,0.6238130968064071,25,8,0.32,4.491230225097388,0.4212489301338792,100.0,98.60377692931587,0.6500109229164671,1.8225857346058605e-06,2828.747576937871,2838.457528093876,True,True,,True,True,True,True,
1702,2048,1.605568453669548,0.10641324184834956,0.5703269455581903,0.4296730544418097,15,10,0.6666666666666666,2.5952743627130985,0.550185764208436,100.0,107.06448237864919,0.9971961976079609,0.22132979988264073,1327.7145690422988,1338.689678337877,True,True,,True,True,True,True,
1703,2048,1.808156275190413,0.23984425663948059,0.4129668656736612,0.5870331343263389,28,14,0.5,1.5537657086737453,0.4960606064647436,100.0,116.61652498229893,0.8160338833804021,0.003502346524943643,1085.4608456008768,1101.022918662722,True,True,,True,True,True,True,
1704,2048,1.2553389612585306,0.06206515962257981,0.6336690533906221,0.3663309466093779,12,5,0.4166666666666667,2.95458710398525,0.5265476914122701,100.0,96.19058896425213,0.9890316003174602,0.31414028511939723,1561.6763474610218,1569.2996888143557,True,True,,True,True,True,True,
1705,2048,1.3681224258616567,0.1574784865602851,0.4446892965584993,0.5553107034415007,17,9,0.5294117647058824,3.5785244054161014,0.40753414966166024,100.0,104.91212788972797,0.7492293224667314,0.0019549349450954587,2351.3010667987683,2364.0977629806252,True,True,,True,True,True,True,
1706,2048,1.818419812247157,0.14793611196801065,0.6021106544882059,0.3978893455117941,23,11,0.4782608695652174,1.7660085696727037,0.5645837331190705,100.0,110.91920140019744,0.9939303789346328,0.29993355271091454,981.8317796667859,990.2210255157179,True,True,,True,True,True,True,
1707,2048,1.51718386169523,0.27228569677099584,0.3563960883766413,0.6436039116233587,10,4,0.4,2.3942099922336637,0.48155270237475634,100.0,111.7341866758531,0.6711686894954653,0.01750729034977824,1533.047985875451,1543.839899842014,True,True,,True,True,True,True,
1708,2048,1.0462738163769245,0.01877359617501497,0.590379448607564,0.409620551392436,30,20,0.6666666666666666,3.8784716108813884,0.540177046880126,100.0,90.97286978328538,0.9999997672555588,0.24167733158167015,1883.2893877988995,1894.092497649986,True,True,,True,True,True,True,
1709,2048,1.167912813834846,0.24526976002380252,0.6647296398878098,0.33527036011219025,26,16,0.6153846153846154,3.225664620101452,0.45079763866961003,100.0,92.79248731205371,0.999993338295938,0.25628170897741137,1934.81099082771,1944.942145141605,True,True,,True,True,True,True,
1710,2048,1.6455519795417786,0.04815415274351835,0.4823083475232124,0.5176916524767876,15,5,0.3333333333333333,1.3841388973407447,0.5203471267595887,100.0,110.68834544657932,0.8935894747250738,0.10319142706088978,957.1256089598097,970.2895900378775,True,True,,True,True,True,True,
1711,2048,1.9400516534224153,0.22435905430465936,0.5279496774077415,0.47205032259225854,22,9,0.4090909090909091,2.7599788857623935,0.42559399623423816,100.0,115.69800289647418,0.9186573381446619,0.00063277781643248,1780.3440006251717,1798.25441390556,True,True,,True,True,True,True,
1712,2048,1.4964833948761225,0.08342020427808165,0.31896623969078064,0.6810337603092194,19,10,0.5263157894736842,4.2216761020012195,0.5967182453721762,100.0,112.52351025541378,0.7873074228578342,0.002446481067963172,1805.2590188306458,1819.9422894258123,True,True,,True,True,True,True,
1713,2048,1.4596693124622107,0.2113595358096063,0.6234492626041174,0.37655073739588263,28,11,0.39285714285714285,1.2319593918509781,0.5013344524428248,100.0,101.96467952383836,0.9785631702306208,0.270222345333391,922.5895724270359,931.3959769431235,True,True,,True,True,True,True,
1714,2048,1.9768421547487378,0.08906539175659418,0.42930772118270394,0.5706922788172961,12,8,0.6666666666666666,3.070256766490638,0.47088398337364196,100.0,119.6237841284937,0.7727089194473438,0.04344033633289076,1818.42678557418,1830.8264835475495,True,True,,True,True,True,True,
1715,2048,1.6873712204396725,0.255927468650043,0.5868158053606749,0.4131841946393251,24,14,0.5833333333333334,4.169423859100789,0.5753501795232296,100.0,108.47650946455201,0.9999644689119986,0.2818822097976539,1795.6919336924927,1804.6716723945906,True,True,,True,True,True,True,
1716,2048,1.1261177053675056,0.04010305060073733,0.3661120768636465,0.6338879231363534,16,7,0.4375,2.7109439760446548,0.4464743768796325,100.0,100.39654126729823,0.660382411240521,0.0012851301225550822,1822.0088759060975,1832.936625536241,True,True,,True,True,True,True,
1717,2048,1.005583979189396,0.2665580319240689,0.4921219892799854,0.5078780107200146,19,8,0.42105263157894735,1.713750278390944,0.5570947824046015,100.0,92.42788965976052,0.9789924524722259,0.10504871719219254,1016.235579427991,1031.1400311550663,True,True,,True,True,True,True,
1718,2048,1.5579111082479358,0.03183713844045997,0.6612636558711529,0.3387363441288471,21,11,0.5238095238095238,3.5294956424273547,0.41414440870285035,100.0,103.33961129585822,0.9998030478055336,0.18236069408761166,2181.323065101776,2192.9964307674672,True,True,,True,True,True,True,
1719,2048,1.8563022334128618,0.1655935945920646,0.3038776360452175,0.6961223639547824,13,8,0.6153846153846154,3.726285565271973,0.5318944416940212,100.0,121.48309627020342,0.6318929238705653,0.01520095041484774,1912.8177722700934,1922.7849618197947,True,True,,True,True,True,True,
1720,2048,1.330202997662127,0.1371959438547492,0.5495812512934207,0.4504187487065793,27,8,0.2962962962962963,2.238808580394834,0.49051873441785576,100.0,100.66780479760416,0.9935405803553261,0.08847466705999676,1370.6558631155342,1386.7440678682767,True,True,,True,True,True,True,
1721,2048,1.296517288312316,0.23381218845024704,0.3354421354830265,0.6645578645169735,22,15,0.6818181818181818,2.4382614260539412,0.5714927941560746,100.0,106.56270926514804,0.7634446960055274,0.014520875648785224,1278.1394828405623,1291.660077029899,True,True,,True,True,True,True,
1722,2048,1.766940956003964,0.07482427954673766,0.5178649269044399,0.48213507309556014,18,7,0.3888888888888889,4.337433048058301,0.40042958538979295,100.0,112.33261245040399,0.863421809010465,0.00045921317435795595,2681.248216510312,2697.116946836017,True,True,,True,True,True,True,
1723,2048,1.5691510848701,0.1989122238010168,0.47207559272646904,0.527924407273531,26,12,0.46153846153846156,2.9039472095668315,0.545523745380342,100.0,109.19203583508647,0.9992830686104436,0.032855133732526194,1457.9993338671532,1477.515212719602,True,True,,True,True,True,True,
1724,2048,1.1173907658085227,0.09595459001138806,0.6810605712234974,0.3189394287765026,14,8,0.5714285714285714,1.499895892571658,0.4760108821094036,100.0,90.81661858302209,0.9914590531070583,0.33937687993925425,1098.7545261943405,1105.5490960217503,True,True,,True,True,True,True,
1725,2048,1.2467288002371788,0.16955225095152854,0.5552398677915334,0.44476013220846655,11,6,0.5454545454545454,2.0982859776355323,0.5149515956640244,100.0,98.15313664015724,0.9700451224876355,0.16451825988104676,1258.9816003435271,1271.2433048723137,True,True,,True,True,True,True,
1726,2048,1.689806873910129,0.12299111047759652,0.397816951200366,0.602183048799634,29,12,0.41379310344827586,3.9684602888301015,0.45638829153031113,100.0,114.47222968738095,0.731794185359681,1.198102886147082e-05,2317.9985810083895,2331.0185774284514,True,True,,True,True,True,True,
1727,2048,1.896285193040967,0.2983487200923264,0.6434842210263013,0.3565157789736987,17,6,0.35294117647058826,3.2826004399918016,0.5897603517398238,100.0,111.36282812066003,0.9925640824521454,0.4006630346088362,1428.8007570771692,1434.4655688928897,True,True,,True,True,True,True,
1728,2048,1.4171792725101113,0.007964335754513741,0.4094993557780981,0.5905006442219018,23,14,0.6086956521739131,1.855997296795249,0.4327473931014538,100.0,107.36541856010007,0.7189057151032636,0.003925586981341978,1407.7227688801602,1419.9630483470496,True,True,,True,True,True,True,
1729,2048,1.4136600866913795,0.24359971890226007,0.6273980058729649,0.3726019941270351,18,11,0.6111111111111112,2.320252300053835,0.42241483423858883,100.0,100.67276057429058,0.9988317965773906,0.11950970124241218,1585.6911627198344,1599.8188071295915,True,True,,True,True,True,True,
1730,2048,1.8998270137235522,0.0650561548769474,0.4191942237317562,0.5808057762682438,22,10,0.45454545454545453,3.7464562500827014,0.5560512889176608,100.0,118.37038523938094,0.9425239170733652,0.0013759514275646842,1731.2992385729058,1750.9880527562354,True,True,,True,True,True,True,
1731,2048,1.7021301109343767,0.18973015286028386,0.5641046576201916,0.4358953423798084,14,5,0.35714285714285715,3.504591988585889,0.49801977090537547,100.0,109.48173274483707,0.9856764101829619,0.1391818600477715,1854.385784454641,1868.280560625724,True,True,,True,True,True,True,
1732,2048,1.2343823919072747,0.10515631707385183,0.38246315792202945,0.6175368420779705,26,17,0.6538461538461539,1.6340182875283062,0.5300570504739881,100.0,103.16217528272199,0.7982321381280941,0.013848466152416628,1070.8313349529217,1085.3795160617565,True,True,,True,True,True,True,
1733,2048,1.113841077312827,0.1792483761906624,0.4570086177438497,0.5429913822561503,29,18,0.6206896551724138,2.6860468684695658,0.46567821595817804,100.0,97.07491418569577,0.8546164236463198,0.0007698574055011427,1696.816329931478,1713.151077357048,True,True,,True,True,True,True,
1734,2048,1.5726624028757215,0.11327804708853363,0.6902122747153043,0.30978772528469567,11,3,0.2727272727272727,4.089685420319438,0.5118147660046816,100.0,102.90388587426821,0.97919310587443,0.41457323806416074,2050.3363098486807,2055.4431879515087,True,True,,True,True,True,True,
1735,2048,1.7792947553098202,0.2892214422114193,0.34522860459983346,0.6547713954001666,23,10,0.43478260869565216,3.1517073274590075,0.44206098131835464,100.0,118.31196906388885,0.618631289524495,0.00015898157510235012,2011.5031124445802,2021.3815860416858,True,True,,True,True,True,True,
1736,2048,1.2842014422640204,0.017074353620409963,0.5018702175468206,0.4981297824531794,17,9,0.5294117647058824,1.2521231370046735,0.5865983562543988,100.0,100.80816630434839,0.9284331768456525,0.20125299420331616,785.2695987096236,795.2011776458494,True,True,,True,True,True,True,
1737,2048,1.3423126563429832,0.22034037848934532,0.3127431895583868,0.6872568104416132,12,6,0.5,1.8776717665605247,0.4551006693392992,100.0,108.64768052598379,0.5640531583927233,0.011846044165379743,1393.7556107229714,1401.9285594116627,True,True,,True,True,True,True,
1738,2048,1.8442305279895663,0.0801019074395299,0.5342282216995954,0.4657717783004046,28,16,0.5714285714285714,3.3655615165829653,0.5230755487456917,100.0,113.50298136433446,0.9999638200385735,0.10958921837577594,1693.5896425721396,1709.3498788946345,True,True,,True,True,True,True,
1739,2048,1.5546055603772402,0.24637791272252796,0.47603653781116007,0.5239634621888399,16,11,0.6875,3.8902323779650034,0.4306658970192075,100.0,108.71259535481539,0.8242574323636298,0.015692656941874248,2367.099685458849,2381.6203667901186,True,True,,True,True,True,True,
1740,2048,1.0088511565700173,0.04966971455141902,0.6709592875093221,0.3290407124906779,24,9,0.375,2.074899582378566,0.5971149396151304,100.0,87.56168837100086,0.9981924086744188,0.45016888118599113,1042.9784966543793,1047.3114978815536,True,True,,True,True,True,True,
1741,2048,1.1381968017667532,0.27559367660433054,0.5966030366718769,0.40339696332812314,21,7,0.3333333333333333,1.4216748107224702,0.4110564190894366,100.0,93.73674500569854,0.9768115588220853,0.05185984681814201,1198.896188474671,1215.108975396397,True,True,,True,True,True,True,
1742,2048,1.6752689527347684,0.02278195386752486,0.3501181297004223,0.6498818702995777,19,12,0.631578947368421,2.8805538869462906,0.5665312031283974,100.0,115.77495980791826,0.789395896807895,0.014014110942970713,1431.7720338638696,1446.1223504951301,True,True,,True,True,True,True,
1743,2048,1.973567109555006,0.1559526423923671,0.6083830498158931,0.3916169501841069,27,15,0.5555555555555556,4.359114051796496,0.4874055551365018,100.0,113.95161171185674,0.9999813163272288,0.1965503448468023,2224.594267759138,2236.614122646041,True,True,,True,True,True,True,
1744,2048,1.462966992519796,0.146817678026855,0.438460186868906,0.561539813131094,13,5,0.38461538461538464,2.52121606701985,0.541354502364993,100.0,107.61426093709218,0.9188124159491856,0.031486452429191354,1354.7240154399842,1371.9151012461462,True,True,,True,True,True,True,
1745,2048,1.4851138172671199,0.16667900662869214,0.5433582711964845,0.4566417288035155,24,16,0.6666666666666666,3.035937399510294,0.5613980842754245,100.0,104.92392579388934,0.9999642253245281,0.18662639808744716,1459.1658017360573,1471.4298874226617,True,True,,True,True,True,True,
1746,2048,1.9513985961675644,0.13875285191461442,0.31015610732138155,0.6898438926786185,17,7,0.4117647058823529,1.5738284016028046,0.41687291711568836,100.0,123.26310586363445,0.5301933165794569,0.00236565105529849,1307.983559479413,1315.4175417590336,True,True,,True,True,True,True,
1747,2048,1.6500706309452653,0.26251632934436203,0.6549917731434106,0.3450082268565894,30,14,0.4666666666666667,2.570276891347021,0.5369662083685398,100.0,105.67870429073213,0.9998539827454941,0.35761216915687133,1354.1953346325365,1361.0314770718082,True,True,,True,True,True,True,
1748,2048,1.1634173337370157,0.028559901751577854,0.4983517069369554,0.5016482930630446,11,6,0.5454545454545454,4.411390635743737,0.4909151097759604,100.0,97.35798031893603,0.9500891535772474,0.02991099915450343,2325.851603923101,2343.589622293614,True,True,,True,True,True,True,
1749,2048,1.0349347414448857,0.25437858877703545,0.37233563959598537,0.6276643604040146,15,8,0.5333333333333333,3.414616292528808,0.5048567784950138,100.0,97.19797606858356,0.747704783903287,0.004189433599440616,1923.4262905312326,1936.910172806169,True,True,,True,True,True,True,
1750,2048,1.528561307117343,0.03902566786855459,0.5805378690361976,0.41946213096380236,25,11,0.44,1.9299544972367584,0.4728317067027092,100.0,104.9097154966696,0.9968985862223938,0.11631293765090407,1271.9013411366684,1286.7862494259487,True,True,,True,True,True,True,
1751,2048,1.8229079013690352,0.21464476604014635,0.435580138862133,0.564419861137867,19,6,0.3157894736842105,2.2302765548229218,0.5812027312815189,100.0,116.18496098179452,0.947418431081592,0.06676610602899907,1113.4055869896495,1129.7092315301736,True,True,,True,True,True,True,
1752,2048,1.3635963834822178,0.09311508676037192,0.61722012758255,0.38277987241745004,22,14,0.6363636363636364,4.042392410617322,0.4476517280563712,100.0,99.63609178431244,0.9999796438296454,0.14493535388159948,2307.0591451125324,2320.4354844933623,True,True,,True,True,True,True,
1753,2048,1.2595829097554088,0.2975219439715147,0.40322823524475093,0.5967717647552491,27,10,0.37037037037037035,4.243456584401429,0.5161176100373268,100.0,103.21303371157308,0.8333065836445829,1.1422935467617443e-05,2179.7696214435964,2195.976214762576,True,True,,True,True,True,True,
1754,2048,1.8038743734359741,0.006730151642113924,0.6497116491198539,0.3502883508801461,13,9,0.6923076923076923,2.8430353657342495,0.46225411128252747,100.0,109.24124841131118,0.9961244783485864,0.2467204039016824,1684.8000697075381,1694.7281259019373,True,True,,True,True,True,True,
1755,2048,1.5944735193625093,0.17326665306463837,0.39159473329782485,0.6084052667021751,20,11,0.55,1.306017392501235,0.5917192688211799,100.0,112.43505146527121,0.8244926559751504,0.09289969925683501,799.2144905551389,810.9157790137126,True,True,,True,True,True,True,
1757,2048,1.2137006791308522,0.200138380844146,0.6873307008296251,0.3126692991703749,16,7,0.4375,3.800343965459615,0.5718780472874642,100.0,93.55318775643462,0.9984440098215518,0.4544236917909153,1713.8010572077746,1718.1974433828127,True,True,,True,True,True,True,
1758,2048,1.7228340487927198,0.09677333571016788,0.46584722138941287,0.5341527786105871,25,13,0.52,2.370924649201333,0.40551445316523316,100.0,112.98726243818521,0.7831856417241095,0.0006248964543658067,1704.4423063571476,1718.2286120990389,True,True,,True,True,True,True,
1759,2048,1.9255138849839568,0.2307901717722416,0.5240862015634775,0.4759137984365225,12,7,0.5833333333333334,1.7877834032289683,0.5482636144384742,100.0,115.5191879109392,0.9401644900024748,0.18126269514339063,1034.2704512890414,1045.5766795316458,True,True,,True,True,True,True,
1760,2048,1.3879515416920185,0.07110188612714409,0.32916496284306046,0.6708350371569396,29,10,0.3448275862068966,3.6615866325795645,0.4803009398281574,100.0,109.31698133184369,0.6333780282230438,2.7771806928391027e-06,2131.8772678662444,2140.754422218011,True,True,,True,True,True,True,
1761,2048,1.3978243609890342,0.19661613246425985,0.48657097779214376,0.5134290222078562,21,11,0.5238095238095238,3.2553469654172655,0.5332814963534475,100.0,104.39187006884356,0.999297917140681,0.037826703858754175,1643.0691836967733,1662.18316144419,True,True,,True,True,True,True,
1762,2048,1.915670495480299,0.11204172391444445,0.6666496824473143,0.33335031755268574,18,8,0.4444444444444444,1.356168661918491,0.48874407075345516,100.0,111.10573394301053,0.9776128248278035,0.34136361628432516,982.1101594493922,989.033007900708,True,True,,True,True,True,True,
1763,2048,1.7482412504032254,0.23671630974858998,0.32486425451934337,0.6751357454806566,25,8,0.32,2.7896611573174592,0.5588816229254008,100.0,118.34117860598002,0.7362576767710857,0.00015749259494127522,1430.6942697807997,1444.1830689642884,True,True,,True,True,True,True,
1764,2048,1.188263749703765,0.05817217407748103,0.5283808197826146,0.47161918021738536,15,9,0.6,4.193705792818219,0.41274512950330977,100.0,97.21677635608836,0.8948189529520196,0.007013895021759455,2599.8850311930323,2616.25111254261,True,True,,True,True,True,True,
1765,2048,1.0667534926906228,0.2823360348120332,0.604024527221918,0.395975472778082,10,7,0.7,3.608206332754343,0.5767340989783406,100.0,91.26747750672212,0.9950071997569591,0.3170812042071732,1638.692358371278,1646.179357933268,True,True,,True,True,True,True,
1766,2048,1.619757728651166,0.0101883745752275,0.4489458881318569,0.5510541118681431,30,11,0.36666666666666664,1.7380387030541895,0.44469676874578,100.0,111.1461357731294,0.8084179359680447,6.660777530021659e-05,1292.8734787923247,1307.8864756780135,True,True,,True,True,True,True,
1767,2048,1.7941540433093905,0.1861323575489223,0.5908045642077923,0.40919543579220774,16,7,0.4375,2.4238918949849904,0.5031242374330759,100.0,110.72790598010153,0.9900875485077371,0.19647852982700797,1389.2425686832148,1401.01541654843,True,True,,True,True,True,True,
1768,2048,1.2693346366286278,0.12016145568341016,0.3622879214584827,0.6377120785415173,23,14,0.6086956521739131,3.8505017196759583,0.46948783937841654,100.0,104.86084262991295,0.6821055473913855,0.0009002239549204856,2261.395999000713,2273.088968332828,True,True,,True,True,True,True,
1769,2048,1.3577230563387275,0.24857625374570488,0.5731014795601368,0.4268985204398632,28,11,0.39285714285714285,4.461548297759145,0.5880315061658621,100.0,100.73188998280597,0.999855251698798,0.27410547434380833,1864.2565199354517,1873.2644523682802,True,True,,True,True,True,True,
1770,2048,1.828812386840582,0.051868627220392226,0.3797415249049663,0.6202584750950337,11,6,0.5454545454545454,2.6232442293316125,0.4340825976803899,100.0,118.19549058935439,0.6548788224447523,0.021042842903752954,1769.4347082905385,1779.3801610894452,True,True,,True,True,True,True,
1771,2048,1.5069704549387097,0.21814404465258122,0.6348082028329372,0.36519179716706285,24,15,0.625,1.5240838059224187,0.5136042023077607,100.0,102.83120694536285,0.9981352535397913,0.2907291523902094,1011.54309405988,1020.149577194074,True,True,,True,True,True,True,
1772,2048,1.05649377964437,0.07790614636614919,0.4180103875696659,0.5819896124303341,15,5,0.3333333333333333,2.98255699519068,0.4581293735653162,100.0,96.43717518707865,0.770636190167037,0.0009297479833155115,1890.3175450346725,1904.2549717577706,True,True,,True,True,True,True,
1773,2048,1.184855223633349,0.15375372916460037,0.3425558891147375,0.6574441108852624,20,7,0.35,3.9926413178443907,0.5437980350106955,100.0,103.02466954080222,0.750719041602984,0.00014142091270865538,1989.3975870715724,2003.2700978632752,True,True,,True,True,True,True,
1774,2048,1.6286027748137712,0.1446193375624716,0.5109157782047986,0.4890842217952014,20,14,0.7,2.1769026475958526,0.4773490311577916,100.0,109.39871965472673,0.9392703340706483,0.041912753488629585,1378.4574037286584,1395.4314609357298,True,True,,True,True,True,True,
1775,2048,1.9571800334379077,0.27778943823650476,0.4557758521288633,0.5442241478711367,13,7,0.5384615384615384,1.9801060555502772,0.570142456330359,100.0,118.34764346712598,0.9161718930406203,0.10866072039004075,1055.8679288609476,1069.4803027648131,True,True,,True,True,True,True,
1776,2048,1.4793615713715553,0.024978287145495413,0.6975737448781728,0.3024262551218272,26,13,0.5,3.467589734215289,0.40216753222048285,100.0,100.43419414440478,0.9999551704743354,0.24807675644238955,2202.1228764277294,2211.404461183526,True,True,,True,True,True,True,
1777,2048,1.437532115727663,0.269695134088397,0.3958067864179611,0.6041932135820389,17,11,0.6470588235294118,2.127867614943534,0.4943348681554198,100.0,108.35411152165318,0.7612968191267874,0.021940472940036808,1364.6140345054384,1377.6827711141061,True,True,,True,True,True,True,
1778,2048,1.998972556553781,0.03573927925899625,0.5508838728070259,0.4491161271929741,23,7,0.30434782608695654,3.9403893454000354,0.5278858207166195,100.0,116.18350173410806,0.9956091179303261,0.1531577221084135,1888.9960980749547,1902.8016630188486,True,True,,True,True,True,True,
1779,2048,1.6654276233166456,0.15950220013037322,0.4091732129454613,0.5908267870545387,11,5,0.45454545454545453,3.3121820035390552,0.41989856362342837,100.0,113.52626759763035,0.6980862163305764,0.01003233429133645,2159.1029297400296,2170.4383921966123,True,True,,True,True,True,True,
1780,2048,1.1480678590014577,0.1315766170620918,0.6376883447170257,0.36231165528297427,29,15,0.5172413793103449,1.8279262796044349,0.5519236920401454,100.0,92.91388233540505,0.9997483110208267,0.34375212361354024,1059.473645258624,1066.4070580448433,True,True,,True,True,True,True,
1781,2048,1.018601069226861,0.20746538909152148,0.5135029543191194,0.4864970456808806,26,15,0.5769230769230769,2.467842645384371,0.43759215828031306,100.0,92.23936292823697,0.912423324431858,0.0008122095667452649,1670.1000137188792,1687.5686317976622,True,True,,True,True,True,True,
1782,2048,1.5448872232809663,0.08593628145754337,0.3334257427603006,0.6665742572396993,14,7,0.5,4.309362473431975,0.5836432062089443,100.0,113.22829340500067,0.7911179780006227,0.0069209308261406295,1890.3743359303041,1905.031253363402,True,True,,True,True,True,True,
1783,2048,1.869512915611267,0.26155482307076455,0.6752584788948297,0.3247415211051703,22,9,0.4090909090909091,2.9335284043103456,0.4639458656311035,100.0,109.91265565003488,0.9986386180984109,0.30161624206513776,1714.1590423861403,1722.4669409797511,True,True,,True,True,True,True,
1784,2048,1.316998871974647,0.04620247492566704,0.4717434603720903,0.5282565396279097,18,12,0.6666666666666666,1.4718252933584153,0.5084710894152522,100.0,102.65526624693649,0.8838620499724006,0.07335682389320117,1032.003462949386,1046.0445832309324,True,True,,True,True,True,True,
1785,2048,1.3057627119123936,0.1757581053301692,0.6578109819442033,0.3421890180557967,13,4,0.3076923076923077,1.6841690590605138,0.4269779436290264,100.0,96.94902949751986,0.9669083501372441,0.24298946166596683,1286.118950496162,1295.0608094940824,True,True,,True,True,True,True,
1786,2048,1.7577023273333907,0.1284960131160915,0.48945264555513857,0.5105473544448614,27,16,0.5925925925925926,3.5575662170536813,0.5949406569823623,100.0,113.01635923550464,0.9999647736327943,0.14188507158201968,1506.2679197900352,1520.4118716096436,True,True,,True,True,True,True,
1788,2048,1.10796616692096,0.004240706004202365,0.30264817364513874,0.6973518263548613,21,9,0.42857142857142855,2.2668791796080767,0.5189510017633439,100.0,102.00059116296728,0.6285544383958035,0.0005451332549832638,1400.8309012893653,1411.30646147064,True,True,,True,True,True,True,
1789,2048,1.2286286298185587,0.2282992917113006,0.42663214802742,0.57336785197258,24,12,0.5,1.2023777545429766,0.4829397849738598,100.0,101.54860389659257,0.8175853619120342,0.00806184991586386,982.2430709067787,997.3912792859892,True,True,,True,True,True,True,
1790,2048,1.7079138392582536,0.06861043330281973,0.6199906095862389,0.38000939041376114,16,9,0.5625,3.0983277099207043,0.538402402959764,100.0,107.98013910392496,0.9984024585900656,0.2955605533474207,1546.8566198041374,1555.4430441785412,True,True,,True,True,True,True,
1791,2048,1.878357633948326,0.20262782592326403,0.36487662345170974,0.6351233765482902,28,20,0.7142857142857143,4.139842295553535,0.4093210188671947,100.0,119.77522938307243,0.6165923995300073,0.001634831573927494,2627.7005096906882,2637.1962663118366,True,True,,True,True,True,True,
1792,2048,1.435100275091827,0.0992622091434896,0.5816728919744492,0.41832710802555084,12,4,0.3333333333333333,2.739014993235469,0.5631844729185105,100.0,102.52480441246507,0.970289423611657,0.2802554065487539,1357.5153122153897,1365.8629878680717,True,True,,True,True,True,True,
1793,2048,1.4364875089377165,0.2017046470195055,0.6661010134965181,0.33389898650348193,23,11,0.4782608695652174,3.546672716550529,0.44864694960415363,100.0,100.1973013332381,0.9998325882132184,0.25597088189809736,2070.4387533401846,2079.8489345211356,True,True,,True,True,True,True,
1794,2048,1.8750470699742436,0.09874701322987675,0.48680321611464017,0.5131967838853598,16,9,0.5625,1.682184572238475,0.5791340777650476,100.0,115.63932467963122,0.944300270962463,0.15433339631806148,927.9420342455229,940.3036856665593,True,True,,True,True,True,True,
1795,2048,1.7105527557432652,0.2275224552489817,0.5293210718780755,0.47067892812192447,29,20,0.6896551724137931,2.25920817553997,0.47461961675435305,100.0,110.72185590002971,0.9946627644893612,0.014209905531206104,1401.1192643895106,1421.1354805466513,True,True,,True,True,True,True,
1796,2048,1.2279125219210982,0.06853454634547233,0.32346108742058277,0.6765389125794172,10,4,0.4,3.6914972889237108,0.5035564105957746,100.0,104.98425508534694,0.643228065212449,0.008211229355877633,2061.0067055588966,2071.516945372751,True,True,,True,True,True,True,
1797,2048,1.107371672987938,0.29438440399244425,0.44956866204738616,0.5504313379526138,15,5,0.3333333333333333,3.1035344042815267,0.4928869891911745,100.0,97.10015775658445,0.8845034994764732,0.0020945933192680712,1783.7502319450323,1801.10986254936,True,True,,True,True,True,True,
1798,2048,1.5810855207964778,0.004000019654631614,0.6038665726780892,0.3961334273219108,25,16,0.64,1.2100491458550096,0.5358740219846367,100.0,105.50725710723623,0.9728662440507087,0.2842680159627459,847.2737265822492,855.6450622383218,True,True,,True,True,True,True,
1799,2048,1.754514330998063,0.1746701270341873,0.3612754806876182,0.6387245193123818,18,9,0.5,2.7409990928135812,0.4180749850347638,100.0,117.19607325361392,0.6196025395685498,0.0017064753882336358,1891.9198717795757,1901.5693475785317,True,True,,True,True,True,True,
1800,2048,1.3070283764973283,0.1281089865602553,0.5921353399753571,0.40786466002464294,21,9,0.42857142857142855,4.150736183300614,0.5595116835087538,100.0,98.80110798357816,0.9994422917109835,0.2714742044418799,1884.0241599546162,1893.1494042838958,True,True,,True,True,True,True,
1801,2048,1.3202176671475172,0.2622353872284293,0.3810716331005096,0.6189283668994904,26,14,0.5384615384615384,3.939198376704007,0.4784764090552926,100.0,105.6742729876566,0.7305365158469078,0.0001722514692918932,2243.469616879965,2256.5716498631705,True,True,,True,True,True,True,
1802,2048,1.8682780535891652,0.046410969179123636,0.5720881804823875,0.4279118195176125,13,6,0.46153846153846156,2.1161553209647535,0.5496006030589342,100.0,112.86422948935581,0.9739948503669037,0.24272483337564926,1147.025502765353,1156.8747327143337,True,True,,True,True,True,True,
1803,2048,1.545450497418642,0.20858554830774664,0.4178515747189522,0.5821484252810478,20,7,0.35,1.823512617778033,0.40445819608867173,100.0,110.363511724396,0.7013444427270015,0.00042507651298197887,1457.3256983437489,1468.942812525937,True,True,,True,True,True,True,
1804,2048,1.0160534596070647,0.08629140425473451,0.6354303091764449,0.36456969082355506,20,14,0.7,3.303692501038313,0.5740077363327145,100.0,88.73951124156793,0.999977328284395,0.3648867316471259,1542.3582797052516,1548.6419236189024,True,True,,True,True,True,True,
1805,2048,1.1453986167907715,0.16045756889507173,0.5095119435340165,0.4904880564659835,15,9,0.6,4.3178515763953325,0.4350180009379983,100.0,96.46845403389159,0.8965495231186045,0.006847883532861482,2565.177009205591,2581.9511621049096,True,True,,True,True,True,True,
1806,2048,1.6661134092137218,0.13205991815775633,0.3434952829033136,0.6565047170966865,25,8,0.32,2.4722567067481576,0.5936422903090715,100.0,115.79377422626817,0.8441659651434004,0.0007819137214715985,1190.53926381787,1207.0316612019037,True,True,,True,True,True,True,
1807,2048,1.9976151082664728,0.27050387654453517,0.6978051248937844,0.30219487510621557,11,4,0.36363636363636365,1.4835371877998114,0.46022119633853437,100.0,111.88380720380337,0.9589621972472993,0.3915025853077376,1094.130440223041,1099.4762940957894,True,True,,True,True,True,True,
1808,2048,1.4408724689856172,0.0357829830609262,0.4552265156060457,0.5447734843939542,28,15,0.5357142857142857,2.934719772543758,0.5172708319500089,100.0,106.50593549644469,0.9422821386522349,0.000685384145834891,1587.3849986820192,1606.8380635518458,True,True,,True,True,True,True,
1809,2048,1.4781560199335217,0.27888657068833705,0.5507495738565922,0.4492504261434078,18,7,0.3888888888888889,2.624435695912689,0.5846760973334313,100.0,104.52863791362023,0.9914873140417442,0.23767164090471818,1243.4569925457492,1253.580708030371,True,True,,True,True,True,True,
1810,2048,1.9603098835796118,0.025374470092356206,0.3964532099664211,0.6035467900335789,22,14,0.6363636363636364,4.473260093852877,0.44330043327063323,100.0,120.39635681236922,0.710459260343958,0.0021233668687466634,2597.890147926936,2610.1409310873605,True,True,,True,True,True,True,
1811,2048,1.6257783761247993,0.1544115526601672,0.6389939539134502,0.36100604608654985,14,8,0.5714285714285714,2.9869709582068023,0.5106607815250754,100.0,105.56371421349712,0.9972561762329782,0.2956904988623021,1600.506869905545,1609.0034205276233,True,True,,True,True,True,True,
1812,2048,1.1857558749616146,0.1448691780678928,0.40813558772206304,0.591864412277937,26,12,0.46153846153846156,1.5325730072334407,0.46771036759018897,100.0,100.86205894020418,0.7661673432475915,0.0006710161417423368,1174.630929910031,1188.5806883837645,True,True,,True,True,True,True,
1813,2048,1.0572737557813525,0.21893003750592469,0.33368164263665673,0.6663183573633433,29,12,0.41379310344827586,2.168413046747446,0.5287208244204521,100.0,99.2535326608309,0.7079592701239363,6.745654808751657e-05,1320.1707392030835,1332.8260355616471,True,True,,True,True,True,True,
1814,2048,1.5042695179581642,0.07799118747934698,0.5129779290407895,0.48702207095921046,11,6,0.5454545454545454,3.988227754365653,0.49984506499022247,100.0,106.32165322008268,0.9661441809902099,0.05953839804422318,2069.7913109096107,2086.743042793607,True,True,,True,True,True,True,
1815,2048,1.8318187007680535,0.24950858680531382,0.47031512074172493,0.5296848792582751,23,15,0.6521739130434783,3.455877538584173,0.5539208373054862,100.0,115.24575158638544,0.9998226099533982,0.04387504916226867,1617.5811394560662,1636.6567478700426,True,True,,True,True,True,True,
1816,2048,1.3566381055861712,0.05239297952502966,0.6761735524982213,0.3238264475017787,17,5,0.29411764705882354,1.9789149885065853,0.42347032800316814,100.0,97.83734451598997,0.9840980782009173,0.25695167211616216,1427.8893615804773,1436.7276594078887,True,True,,True,True,True,True,
1817,2048,1.2662965701892972,0.18531446093693374,0.4903683867305517,0.5096316132694483,12,8,0.6666666666666666,1.367062648013234,0.5424474520608783,100.0,100.64810285120268,0.8800020852276267,0.1617137853534522,922.5830910232747,932.9456273877386,True,True,,True,True,True,True,
1818,2048,1.7952072378247976,0.12010859549045562,0.6563835006207227,0.3436164993792773,28,10,0.35714285714285715,3.2573309666477144,0.4854344382882118,100.0,108.86725859573698,0.9993815273069521,0.2927967667357818,1785.262963695896,1793.9026172819727,True,True,,True,True,True,True,
1819,2048,1.6190099259838462,0.2813715096563101,0.30212400667369366,0.6978759933263063,16,8,0.5,4.201377085782587,0.5684168405830861,100.0,116.15658351348293,0.6959201049293705,0.0031262614243926135,1941.5170642744113,1953.6908200813918,True,True,,True,True,True,True,
1820,2048,1.0694865994155407,0.009695919323712587,0.5447011228650808,0.45529887713491923,24,14,0.5833333333333334,2.794867950025946,0.40985358860343696,100.0,93.02521552737323,0.9223018907628663,0.001020618586447907,1909.4333359712366,1926.6814022101817,True,True,,True,True,True,True,
1821,2048,1.1911175204440951,0.23558699414134024,0.6189536519348622,0.3810463480651378,21,11,0.5238095238095238,1.7328315231017768,0.5991843564435839,100.0,94.72327779168461,0.9973611567227716,0.3658239090622889,914.5620874289342,920.8155313412892,True,True,,True,True,True,True,
1822,2048,1.7473699674010277,0.05780789712443948,0.42793861553072926,0.5720613844692708,19,8,0.42105263157894735,3.6005354270339014,0.4296714380383492,100.0,114.77374542936258,0.7499639429923202,0.0004959459233153604,2241.074606642202,2254.3049874917897,True,True,,True,True,True,True,
1823,2048,1.9168472150340676,0.19592641415074466,0.5823201738297938,0.41767982617020616,27,9,0.3333333333333333,3.848517331201583,0.5243751533329487,100.0,113.56900005120679,0.9988336816638991,0.2045062186845629,1871.5656583012994,1883.352162828588,True,True,,True,True,True,True,
1824,2048,1.3946656752377748,0.11182407326996326,0.36474299207329747,0.6352570079267026,13,8,0.6153846153846154,2.412998296134174,0.45331199672073125,100.0,108.26628339919375,0.6515665873558032,0.01883827863090253,1637.6925190266847,1647.7575118196823,True,True,,True,True,True,True,
1825,2048,1.3889134312048554,0.22972107734531164,0.4197438985109329,0.580256101489067,17,8,0.47058823529411764,2.8450162628665563,0.5065854456275701,100.0,106.27737477425046,0.8467018476656112,0.003888644580627975,1617.3762495836472,1633.7662398442512,True,True,,True,True,True,True,
1826,2048,1.9226286504417658,0.07073259679600596,0.6271666660904884,0.37283333390951157,23,12,0.5217391304347826,4.254353772941976,0.4651487024500966,100.0,112.37241783693486,0.9998894110380444,0.19859043192019676,2279.808172258176,2291.5866554319277,True,True,,True,True,True,True,
1827,2048,1.7259021131321788,0.1995085953734815,0.3815238162875175,0.6184761837124825,11,7,0.6363636363636364,3.2075768250972034,0.5825502628460526,100.0,115.85134322146263,0.8337446948610074,0.05746787041315526,1481.4368852875098,1494.9748515569192,True,True,,True,True,True,True,
1828,2048,1.2125554084777832,0.09655038882046937,0.5655088186264038,0.4344911813735962,29,9,0.3103448275862069,1.3136917895637452,0.4395632687956095,100.0,96.85983313490755,0.9708763382676128,0.04868248418458511,1087.7200460337265,1104.4789669365805,True,True,,True,True,True,True,
1829,2048,1.0910456394776702,0.17247207714244722,0.6895904112607241,0.31040958873927593,26,10,0.38461538461538464,2.363250651676208,0.550624081119895,100.0,89.76780469920851,0.9993302899535895,0.4368053477173781,1267.1225475275478,1271.8499792582286,True,True,,True,True,True,True,
1830,2048,1.5974190719425678,0.1259103639051318,0.4571675661951303,0.5428324338048697,14,9,0.6428571428571429,3.7951399756595494,0.4216872425749898,100.0,110.34881358188284,0.7796226917435852,0.014944796656066794,2370.952312134549,2384.2148540000735,True,True,,True,True,True,True,
1831,2048,1.8011117251589894,0.2965810278430581,0.5028836641460657,0.49711633585393433,22,13,0.5909090909090909,3.6506898435764015,0.5258164102211594,100.0,113.54737559966719,0.9997739013913692,0.05477132059872786,1796.6357057347313,1815.0761045915442,True,True,,True,True,True,True,
1832,2048,1.2604232411831617,0.006196071859449148,0.34389872737228866,0.6561012726277113,18,8,0.4444444444444444,1.7858021065592764,0.4953293208032846,100.0,105.23116139009255,0.6783470032055686,0.0031438391986411975,1236.633305926144,1248.2653327912265,True,True,,True,True,True,True,
1833,2048,1.3663898343220353,0.21547124572098256,0.5328974861651659,0.46710251383483414,13,7,0.5384615384615384,1.5855433017946778,0.5643384518101812,100.0,102.14472810089597,0.9580982132433634,0.20464963146617784,941.2193040777029,951.7839827720204,True,True,,True,True,True,True,
1834,2048,1.8220983687788248,0.0931776744313538,0.3137559685856104,0.6862440314143896,27,11,0.4074074074074074,3.0371256636455657,0.4072888728231192,100.0,120.38105637475002,0.5293443353372093,1.9099606209585207e-05,2095.118975364852,2102.549814655297,True,True,,True,True,True,True,
1835,2048,1.529553729109466,0.2553516970016062,0.6711175683885813,0.3288824316114187,19,6,0.3157894736842105,4.419883039500564,0.540324667468667,100.0,102.3838950798924,0.9969764461980524,0.3938967762181121,2051.4472051126686,2057.285143060869,True,True,,True,True,True,True,
1836,2048,1.031957969069481,0.039527850598096846,0.475413816049695,0.524586183950305,21,13,0.6190476190476191,2.574687750265002,0.4817003274336457,100.0,93.82896619035938,0.9118840572858012,0.005798455033135001,1585.6762343178752,1603.4604939929277,True,True,,True,True,True,True,
1837,2048,1.1603189473971725,0.2636176069267094,0.35152143239974976,0.6484785676002502,24,16,0.6666666666666666,1.9255440255627034,0.5210814477875829,100.0,101.96275786194707,0.7245103574336403,0.008715571984242554,1229.8922884846838,1242.6034713003132,True,True,,True,True,True,True,
1838,2048,1.6511855758726597,0.02889728508889675,0.5956630274653434,0.4043369725346566,16,6,0.375,3.4061235015280547,0.45153196416795255,100.0,107.38975554372018,0.9933052915617001,0.11265271890579612,1982.3104233429808,1997.1330627630784,True,True,,True,True,True,True,
1839,2048,1.950466495938599,0.167340686917305,0.43822817951440807,0.5617718204855919,28,14,0.5,4.041204533725977,0.5962768886238337,100.0,118.78776056696864,0.999883434723993,0.05796032125003704,1649.4968854183105,1667.7115862140472,True,True,,True,True,True,True,
1840,2048,1.4880288373678923,0.13894360894337296,0.6089318662881851,0.3910681337118149,12,7,0.5833333333333334,2.2185612673871216,0.425152643956244,100.0,103.08883894796833,0.9758709190041962,0.11280612678857756,1532.8065416725365,1546.7655261262585,True,True,,True,True,True,True,
1841,2048,1.4623126555234194,0.1569027149118483,0.31028988920152184,0.6897101107984782,22,7,0.3181818181818182,3.353846130799502,0.4705440901219845,100.0,111.95468565472504,0.5860238900784224,3.450411409726841e-05,2033.8381204554012,2043.060693392944,True,True,,True,True,True,True,
1842,2048,1.9761457303538918,0.14736091196537018,0.5427112232893705,0.4572887767106295,18,12,0.6666666666666666,1.8764839880168438,0.500994554720819,100.0,115.97593946468515,0.975640695304482,0.11150292466717508,1168.3340069084156,1183.3379050635895,True,True,,True,True,True,True,
1843,2048,1.6718971356749535,0.27639740668237206,0.4970454853028059,0.5029545146971941,25,13,0.52,2.066406889725476,0.44652130585163835,100.0,110.83722666510624,0.8964604061491873,0.0019482040651462012,1418.3574802093729,1435.7992411323012,True,True,,True,True,True,True,
1844,2048,1.1396448565647006,0.0228858788497746,0.6560288693755865,0.34397113062441353,15,6,0.4,3.8858218079432847,0.5753971040248871,100.0,92.16402268461786,0.9968345291339439,0.4045381496597993,1736.3262678462097,1741.6981530041467,True,True,,True,True,True,True,
1845,2048,1.0101785473525524,0.2470168523490429,0.5802813567221164,0.41971864327788355,11,5,0.45454545454545453,2.884964844211936,0.41477803811430936,100.0,90.04347430980982,0.9633819911301994,0.0397737857222104,1928.119569235825,1944.5359928934743,True,True,,True,True,True,True,
1846,2048,1.5513572236523032,0.04990181783214211,0.37286013588309286,0.6271398641169071,30,18,0.6,1.4301671161316334,0.5577284073457122,100.0,112.01939652422806,0.8132304831372923,0.023652252260047777,915.5805720133942,930.1554293959803,True,True,,True,True,True,True,
1847,2048,1.8466856237500906,0.22141862930729986,0.618647950142622,0.38135204985737803,17,11,0.6470588235294118,2.5224042328074576,0.48998276572674515,100.0,111.03984579676279,0.9985542082980042,0.22320667398936958,1461.632019454917,1472.5879443570873,True,True,,True,True,True,True,
1848,2048,1.3417789386585355,0.08048035092651844,0.4346644409000873,0.5653355590999127,24,10,0.4166666666666667,4.370829050336033,0.5313584685325623,100.0,104.5140469679007,0.9273791797009613,0.00010805501015909993,2118.2404923407807,2137.293565590576,True,True,,True,True,True,True,
1849,2048,1.281714590266347,0.2885506055317819,0.648796809464693,0.351203190535307,29,18,0.6206896551724138,3.744474855065346,0.40037961658090354,100.0,96.52419545974072,0.9999987603971335,0.1228210672436078,2363.5084593400766,2377.945331039588,True,True,,True,True,True,True,
1850,2048,1.779796720482409,0.016874442435801027,0.4046567253768444,0.5953432746231556,12,4,0.3333333333333333,2.3093556093983354,0.5714428298175335,100.0,116.27279615484787,0.869181976544076,0.0562799374837306,1186.5086777843035,1201.1414894863829,True,True,,True,True,True,True,
1851,2048,1.5713671818375587,0.17813794445246459,0.562041213363409,0.43795878663659105,25,10,0.4,1.6288143960759043,0.4763538151979446,100.0,106.49301820775577,0.9863913976882025,0.09556808258055438,1134.2454109709536,1149.863849156869,True,True,,True,True,True,True,
1852,2048,1.1171215875074267,0.11293150736019014,0.3913390792906284,0.6086609207093716,16,8,0.5,3.4969178927130997,0.5458666829392314,100.0,99.27401822038559,0.8568015006099647,0.0040999767618287546,1758.4772537533706,1775.172102369867,True,True,,True,True,True,True,
1853,2048,1.2377835772931576,0.18874789047986268,0.46688517592847345,0.5331148240715265,20,11,0.55,4.097359915729612,0.4569273000583053,100.0,100.54629555543647,0.8587684765346839,0.0011267711396809087,2369.9955347343503,2386.3806412803797,True,True,,True,True,True,True,
1854,2048,1.7007114281877875,0.10464497795328498,0.686025146767497,0.31397485323250296,20,10,0.5,2.6912503603845837,0.5154906086623668,100.0,105.97228428627653,0.9991152032117566,0.3917520500895055,1462.5222858294946,1468.5089284058583,True,True,,True,True,True,True,
1855,2048,1.9004525151103735,0.24276408283039927,0.32851858250796795,0.671481417492032,14,5,0.35714285714285715,1.2630202271975577,0.4321107238531113,100.0,121.53169252406781,0.5730380705361954,0.007166008508545058,1116.9867556128766,1125.3902205573759,True,True,,True,True,True,True,
1856,2048,1.4110526340082288,0.06498441305011511,0.5242208417505025,0.47577915824949746,27,19,0.7037037037037037,3.1536883229389785,0.5891236869618297,100.0,103.5920844412895,0.9999950584105223,0.1923977960900882,1408.8369897968494,1421.253929356379,True,True,,True,True,True,True,
1857,2048,1.4143579415977001,0.29810002287849785,0.33767651990056036,0.6623234800994396,12,6,0.5,4.339430074207485,0.5557075779885053,100.0,109.72652432617576,0.7486124606760599,0.00913075158680421,2052.5939308522284,2066.0005264984343,True,True,,True,True,True,True,
1858,2048,1.8971851011738181,0.0073076577857136725,0.5091598622500896,0.4908401377499104,29,13,0.4482758620689655,2.4491676625795664,0.4220711247995496,100.0,115.39748996628242,0.8809163389743557,0.00013264102861014723,1657.2803908194487,1674.0749202569536,True,True,,True,True,True,True,
1859,2048,1.688601529225707,0.16915721353143454,0.4508964620530605,0.5491035379469396,15,5,0.3333333333333333,1.5051156118512152,0.5301077911630273,100.0,112.68973013789633,0.8802334845159002,0.07033021436236468,986.0799981192904,1000.3778052929049,True,True,,True,True,True,True,
1860,2048,1.2498550461605191,0.12189512131735682,0.6958178497850894,0.3041821502149106,25,16,0.64,2.9116306546144184,0.4980705130845308,100.0,94.37258546879553,0.9999889835800486,0.3892901499242767,1634.147300300767,1639.983129435867,True,True,,True,True,True,True,
1861,2048,1.1203963924199343,0.19838901702314615,0.5717301096767187,0.42826989032328133,21,14,0.6666666666666666,3.9607764565385875,0.5124506812542677,100.0,93.88098835115227,0.9999804665085109,0.1642878540194433,2024.7225202898994,2037.5730205709306,True,True,,True,True,True,True,
1862,2048,1.5680692652240396,0.09502340024337172,0.37524665407836433,0.6247533459216357,20,8,0.4,2.093066645599902,0.46631413269788025,100.0,112.34850261663462,0.7023041260718859,0.0009374335902322939,1429.1988626725251,1441.436542188969,True,True,,True,True,True,True,
1863,2048,1.767717383801937,0.23372829062864184,0.6334368061274289,0.3665631938725711,27,12,0.4444444444444444,1.8450906730256973,0.5860600957646966,100.0,108.91998864379786,0.9975489026259249,0.3762613043097909,961.071035818777,967.3661043406656,True,True,,True,True,True,True,
1864,2048,1.293816621415317,0.07403943222016096,0.4135155435651541,0.5864844564348459,14,8,0.5714285714285714,3.280603801086545,0.4415227223187685,100.0,103.85840553232339,0.7341855733496117,0.007904099657086789,2083.3060193123556,2095.8467588138365,True,True,,True,True,True,True,
1865,2048,1.3294554613530636,0.16608490655198693,0.6026599999517201,0.39734000004827985,19,8,0.42105263157894735,3.0819563244469466,0.523027871735394,100.0,99.12116647537948,0.997974706505565,0.24215382919912298,1615.749020887829,1625.8292165981663,True,True,,True,True,True,True,
1866,2048,1.8590317955240607,0.13815932348370552,0.44445790760219095,0.555542092397809,22,12,0.5454545454545454,1.2331378212198614,0.45505299083888534,100.0,116.66892239061883,0.7999558632240117,0.018735869986566962,1027.276358292891,1041.3499991581557,True,True,,True,True,True,True,
1867,2048,1.5548761691898108,0.26660974659025666,0.58944005779922,0.41055994220077996,15,9,0.6,2.7194210375659167,0.5974555868655442,100.0,105.29304626190788,0.997394210538199,0.31457536371700806,1231.5328239783532,1239.3409252173496,True,True,,True,True,True,True,
1868,2048,1.0066364901140332,0.03265389176085591,0.3577999200671911,0.6422000799328089,26,9,0.34615384615384615,4.173824883252382,0.4310065427795053,100.0,96.71113797266901,0.6288378969176623,1.8663322705140774e-06,2636.8211406449527,2646.2485265511614,True,True,,True,True,True,True,
1869,2048,1.1272908169776201,0.2561439737677574,0.4816862441599369,0.5183137558400631,30,11,0.36666666666666664,3.525094218738377,0.5670663999393583,100.0,96.74169965569126,0.9996992105874558,0.08621911587270868,1639.5899184274017,1656.0159640773138,True,True,,True,True,True,True,
1870,2048,1.684212745167315,0.04079162562265992,0.6648884497582912,0.3351115502417088,10,7,0.7,1.7052736164070665,0.4115916144102812,100.0,106.18234006176726,0.9512913080058963,0.255449583691043,1315.6108254353533,1323.949919442125,True,True,,True,True,True,True,
1871,2048,1.9796951785683632,0.21172266947105525,0.3199795477092266,0.6800204522907733,23,13,0.5652173913043478,2.2376297514885666,0.5407216507941485,100.0,123.48836470315928,0.6903331554047195,0.005409014373971141,1270.4970571763818,1282.46636282786,True,True,,True,True,True,True,
1872,2048,1.458801100961864,0.09019356183707714,0.5266195602715015,0.4733804397284985,17,8,0.47058823529411764,3.7145864068530496,0.486772702075541,100.0,104.75762382951547,0.9969205515839467,0.030736405059686382,1997.9316169027807,2017.0961849128216,True,True,,True,True,True,True,
1873,2048,1.4991240119561553,0.22443379573523997,0.42839264459908005,0.57160735540092,27,17,0.6296296296296297,1.7543093129061162,0.416724518686533,100.0,108.86194229037534,0.7325614483368542,0.002657574029970216,1388.643790342733,1401.123385156955,True,True,,True,True,True,True,
1874,2048,1.9393334276974201,0.08419589744880795,0.6248776052147149,0.3751223947852851,13,4,0.3076923076923077,3.577345674857497,0.5612496873363853,100.0,112.77924875615832,0.9788923152859469,0.3481308560907214,1635.603226926867,1642.4088842282085,True,True,,True,True,True,True,
1875,2048,1.6469418676570058,0.24578381264582275,0.36663709320127963,0.6333629067987203,21,9,0.42857142857142855,3.8699950472451743,0.4911611629649997,100.0,114.53746000069373,0.720262757914464,0.0002847004105847979,2133.6651073703083,2146.5841959738627,True,True,,True,True,True,True,
1876,2048,1.1646010857075453,0.0490761861205101,0.5865599144250154,0.4134400855749846,19,10,0.5263157894736842,2.389808470197022,0.5372122630476952,100.0,94.82674851768297,0.9987085995063819,0.23151033690200576,1310.9941487696556,1321.3566412040107,True,True,,True,True,True,True,
1877,2048,1.0430836463347077,0.27267158003523945,0.6623012721538544,0.33769872784614563,16,9,0.5625,1.388540019840002,0.4732723094522953,100.0,88.92886044957635,0.991789162154742,0.2955989050035823,1058.9158205682036,1066.8475652297275,True,True,,True,True,True,True,
1879,2048,1.8178240982815623,0.15771802738308907,0.5489348247647285,0.45106517523527145,12,5,0.4166666666666667,4.222854433022439,0.446918155066669,100.0,112.48895013983008,0.9657128902064135,0.03317279170894388,2369.015873793454,2386.890928275498,True,True,,True,True,True,True,
1880,2048,1.3706414103507996,0.14858363578096032,0.3040119379758835,0.6959880620241166,28,18,0.6428571428571429,2.7716785420663657,0.5804691597819328,100.0,109.73914681092793,0.7207141264518203,0.002846793823864852,1377.1928084470048,1390.027292602071,True,True,,True,True,True,True,
1881,2048,1.2559048300608993,0.2394902793690562,0.5179985612630844,0.4820014387369156,23,8,0.34782608695652173,2.146935674920678,0.4620111217722297,100.0,99.51434751746575,0.9624468856799154,0.00048369908091761406,1419.98350894337,1439.3804263511727,True,True,,True,True,True,True,
1882,2048,1.8056074418127537,0.060946143697947264,0.33479485064744946,0.6652051493525506,17,10,0.5882352941176471,4.011417137738317,0.5158746190369129,100.0,119.26345831116083,0.6862520157129177,0.00496851836869666,2086.751696269503,2098.6043373612524,True,True,,True,True,True,True,
1883,2048,1.6087888898327947,0.190308231767267,0.6797541126608848,0.3202458873391152,29,15,0.5172413793103449,3.434400191344321,0.43640202432870867,100.0,104.03972124477258,0.9999813619117175,0.26618886652944335,2050.353938833945,2059.457501517225,True,True,,True,True,True,True,
1884,2048,1.079698933288455,0.10573382321745158,0.473112541437149,0.526887458562851,11,5,0.45454545454545453,2.002104396466166,0.5918646020814776,100.0,95.48072838159811,0.9439745487947393,0.14841820927975674,1039.723483647488,1051.8529063955866,True,True,,True,True,True,True,
1885,2048,1.2080675596371293,0.18218649504706264,0.3975603926926851,0.6024396073073148,14,7,0.5,2.602957906108349,0.4062449624761939,100.0,101.88068357763615,0.666638391506717,0.004284926110225692,1888.9712605840452,1899.5474516372803,True,True,,True,True,True,True,
1886,2048,1.7304283920675516,0.1162155931815505,0.5557640258222818,0.4442359741777182,26,15,0.5769230769230769,4.496449846029281,0.5726085551083088,100.0,110.36718887449513,0.9999826124417666,0.22420229077710832,1918.597680635312,1929.5555379342427,True,True,,True,True,True,True,
1887,2048,1.9339679656550288,0.2874720783904195,0.4109268400818109,0.5890731599181891,18,12,0.6666666666666666,2.9654932421632108,0.47986340075731276,100.0,119.36092064774738,0.7750097524817458,0.01628886307781398,1743.4901145864214,1757.1928388855833,True,True,,True,True,True,True,
1888,2048,1.3775362223386765,0.015324418153613805,0.642568476870656,0.357431523129344,22,8,0.36363636363636365,1.5557628331705926,0.5478260738775134,100.0,99.30486527728635,0.9877117594207719,0.35768855528983307,959.2545950458924,965.7518903750968,True,True,,True,True,True,True,
1889,2048,1.3989437324926257,0.1763335914351046,0.5983627703040838,0.4016372296959162,28,17,0.6071428571428571,1.9491331184282898,0.48859568275511267,100.0,101.10525784384055,0.9998565373140915,0.1781300438310233,1247.5333674655049,1259.9310269803877,True,True,,True,True,True,True,
1890,2048,1.9125917926430702,0.12907207086682318,0.35500436238944527,0.6449956376105548,12,6,0.5,3.3842464693821963,0.5331331128254533,100.0,120.84477247857922,0.7419027155409822,0.016196469016628315,1740.167250529145,1753.119156616249,True,True,,True,True,True,True,
1891,2048,1.736240447498858,0.2909210745245218,0.6101427566260099,0.3898572433739901,24,9,0.375,4.064793602004647,0.4129911692813039,100.0,108.89531378545092,0.9993268651883824,0.05696949632969141,2428.0230580926323,2445.023207356819,True,True,,True,True,True,True,
1892,2048,1.2022238690406084,0.00012928219512104986,0.4433464463800192,0.5566535536199808,16,11,0.6875,2.196684210654348,0.5591276671737433,100.0,100.23104433300608,0.9254429592931411,0.06321064418741089,1193.6134533581044,1209.257729062227,True,True,,True,True,True,True,
1893,2048,1.0737341539934278,0.22655134052038192,0.31723271682858467,0.6827672831714153,19,12,0.631578947368421,1.6091328126378357,0.44513735808432103,100.0,100.3697749659957,0.5663071090415738,0.006762451864330286,1302.0802760270833,1310.4453619816893,True,True,,True,True,True,True,
1894,2048,1.614724000915885,0.06686305487528443,0.5355912022292614,0.4644087977707386,21,7,0.3333333333333333,3.015248262695968,0.57717469278723,100.0,108.31797826389754,0.992814695059149,0.20064773874949868,1394.6773805659984,1406.2695536594947,True,True,,True,True,True,True,
1895,2048,1.7841082802042365,0.2055673931725323,0.4805260442197322,0.5194739557802678,13,6,0.46153846153846156,4.443472476582974,0.46875427681952714,100.0,113.88214148994507,0.8966407160860937,0.008946174691818262,2406.826866059768,2424.2340151422713,True,True,,True,True,True,True,
1896,2048,1.277433481067419,0.10220234803855419,0.6723222889006137,0.32767771109938626,27,14,0.5185185185185185,2.552810275554657,0.5023906793445349,100.0,95.77173494376467,0.9999251847398746,0.3478376520724215,1469.7476786523787,1476.627585039891,True,True,,True,True,True,True,
1897,2048,1.34529500734061,0.26909904917702077,0.4615049876272678,0.5384950123727321,22,11,0.5,2.3396611408330497,0.43383959773927927,100.0,103.75733589137684,0.8143661922838544,0.001021763803633583,1623.6915446199575,1638.6095120782861,True,True,,True,True,True,True,
1898,2048,1.8431997522711754,0.03514262158423662,0.6915821455419063,0.30841785445809367,18,10,0.5555555555555556,3.8170173766091464,0.5877885017544031,100.0,108.91065070149727,0.9995900571389592,0.475578657910865,1615.3538596099881,1619.5432959480984,True,True,,True,True,True,True,
1899,2048,1.5087612131610513,0.16359359677881002,0.3497250013053417,0.6502749986946583,26,18,0.6923076923076923,3.627100406493992,0.4582747217267752,100.0,111.75313997447682,0.6439124454992589,0.0019683659481092,2192.181912184427,2202.7573855303262,True,True,,True,True,True,True,
1900,2048,1.0527436900883913,0.1356674420647323,0.5032400615513324,0.4967599384486676,14,5,0.35714285714285715,1.8076795812696218,0.5137495459988713,100.0,93.68793910700941,0.9526646306342634,0.07787248130292163,1157.9524765116303,1173.4251386874346,True,True,,True,True,True,True,
1901,2048,1.174382214434445,0.20923393908888102,0.629152375087142,0.37084762491285805,11,4,0.36363636363636365,2.8214271700009705,0.47807955387979745,100.0,93.94345361607475,0.9802802936210205,0.24582552275000769,1672.6112437095817,1681.9648933013946,True,True,,True,True,True,True,
1902,2048,1.6371288653463125,0.08770425980910658,0.42407513968646526,0.5759248603135347,29,18,0.6206896551724138,4.276230805087835,0.5445285532623529,100.0,112.36873064570125,0.9299212665907235,0.0009447536077304353,1998.1326004594653,2017.367657677063,True,True,,True,True,True,True,
1903,2048,1.9648320814594626,0.25863585574552417,0.5658590476959944,0.4341409523040056,17,9,0.5294117647058824,3.183987756818533,0.4017299827188254,100.0,115.04189678743955,0.9411220441794671,0.007010228165093066,2052.6390877945387,2070.4049101579994,True,True,,True,True,True,True,
1904,2048,1.4736564569175243,0.043282934837043284,0.3873440530151129,0.6126559469848871,23,9,0.391304347826087,1.335568846296519,0.5697049023583531,100.0,109.57326912761408,0.8377812079166406,0.04713030508522817,855.167888540936,869.2761308805517,True,True,,True,True,True,True,
1905,2048,1.452955648303032,0.2526676503941417,0.6824520945549011,0.3175479054450989,13,9,0.6923076923076923,4.120848300587386,0.527542120218277,100.0,100.1750405696078,0.9993337462799821,0.3986582842306487,1997.127733941192,2002.8601838610236,True,True,,True,True,True,True,
1906,2048,1.9855092940852046,0.05595945222303271,0.46409206837415695,0.535907931625843,26,10,0.38461538461538464,2.669272620230913,0.49399117212742566,100.0,118.65251175195272,0.9168467193235844,0.00032717960475572806,1528.6854033542725,1547.4507469679193,True,True,,True,True,True,True,
1907,2048,1.6628348175436258,0.21754795974120497,0.5192075744271278,0.48079242557287216,20,9,0.45,1.2865085874684155,0.5519744193181395,100.0,109.94143258924555,0.9309254201178102,0.18502510093403512,850.7749167495299,861.6137083602688,True,True,,True,True,True,True,
1908,2048,1.1487003797665238,0.07730948869138955,0.32740983068943025,0.6725901693105698,20,12,0.6,3.1317105581983924,0.4199492953717709,100.0,102.42881988424318,0.5635307287452538,0.00127048109053055,2148.607339770473,2156.929015846607,True,True,,True,True,True,True,
1909,2048,1.0281671416014433,0.15083476183935998,0.401857628300786,0.598142371699214,25,13,0.52,3.767963657900691,0.5842791080474854,100.0,96.00277397022171,0.9658302902871707,0.0005857884462657238,1678.6585707789015,1698.624897546162,True,True,,True,True,True,True,
1910,2048,1.5333751859143376,0.14169979747384787,0.645217541232705,0.354782458767295,15,6,0.4,2.2873775004409254,0.43822806458920244,100.0,103.18935102931846,0.9894252906575061,0.20397113159417785,1522.8958669104784,1533.815451602106,True,True,,True,True,True,True,
1911,2048,1.8649688996374607,0.2795579882338643,0.39022409953176973,0.6097759004682303,28,9,0.32142857142857145,1.6523031251505016,0.5079328393563628,100.0,118.61369310760136,0.7925838820342243,0.00043722382135207553,1102.7803653791952,1117.8719102829314,True,True,,True,True,True,True,
1912,2048,1.323488867841661,0.02674626549705863,0.5570219684392214,0.44297803156077864,11,7,0.6363636363636364,3.474939709994942,0.4634076200425625,100.0,100.26557262739937,0.9708943869458128,0.07780298005501403,2004.699844067723,2020.4538034102984,True,True,,True,True,True,True,
1913,2048,1.3034750819206238,0.19250413589179516,0.3709703493863344,0.6290296506136657,16,6,0.375,2.8614760413765907,0.5948929695412517,100.0,105.54302358269462,0.9039736048996264,0.008018820829066244,1324.5306610186149,1342.322901421377,True,True,,True,True,True,True,
1914,2048,1.7580296723172069,0.10793030010536313,0.5760491255670785,0.42395087443292145,23,16,0.6956521739130435,1.4521452250890432,0.4269302517175675,100.0,110.37438804250826,0.9503193843257914,0.07366659384656973,1158.5430928146468,1173.7565792874866,True,True,,True,True,True,True,
1915,2048,1.5934433434158564,0.2372917958535254,0.4342148695141077,0.5657851304858923,10,6,0.6,2.49891550373286,0.5192916624248027,100.0,110.99587473953454,0.8280208216872622,0.06966944803626428,1426.9758354982769,1439.854867009228,True,True,,True,True,True,True,
1916,2048,1.0950522208586335,0.05874823182821273,0.6127313632518052,0.3872686367481948,30,15,0.5,4.3928072330541905,0.45292810853570703,100.0,91.93869628627073,0.9999957590527035,0.14499154009516246,2467.461228524712,2481.6346566006055,True,True,,True,True,True,True,
1917,2048,1.2243897896260023,0.2852756020613015,0.5384727746248245,0.46152722537517554,25,10,0.4,3.330357745941728,0.5389376131817698,100.0,97.99232580247605,0.9994179617118628,0.1441214471473566,1663.8293998601196,1677.6596980790644,True,True,,True,True,True,True,
1918,2048,1.7140986593440175,0.013128513470292091,0.3083941116929054,0.6916058883070946,14,7,0.5,1.898461728170514,0.48347499072551725,100.0,118.15842243197557,0.586873503552496,0.010878453827441494,1308.0083594916155,1316.887654920643,True,True,,True,True,True,True,
1919,2048,1.8873743899166584,0.1843844063580036,0.6501063033938408,0.3498936966061592,21,13,0.6190476190476191,2.0429185294546186,0.5625516109168529,100.0,110.99027181152246,0.9990111209478586,0.3787930065916281,1081.3670882393571,1087.719346511141,True,True,,True,True,True,True,
1920,2048,1.4241375541314483,0.11841407725587487,0.4965896844863891,0.5034103155136109,18,6,0.3333333333333333,3.907799572683871,0.40868815239518885,100.0,104.77572411197775,0.8396610725733358,0.0002179650730704648,2473.505735389105,2488.7823087519796,True,True,,True,True,True,True,
1921,2048,1.4269078560173512,0.2542582067660987,0.5476966179907321,0.4523033820092679,20,13,0.65,1.3244264340028167,0.5218232406303287,100.0,103.305745540425,0.9589832427541543,0.17081105268321842,926.2921515506299,938.1834293422571,True,True,,True,True,True,True,
1922,2048,1.8865874921903014,0.038283308409154414,0.30511909946799276,0.6948809005320072,20,6,0.3,3.1954070915468034,0.4506867930293083,100.0,122.08627043204604,0.5553795923892181,9.288377541070321e-05,2007.823868251565,2016.1517191886317,True,True,,True,True,True,True,
1923,2048,1.7151294630020857,0.21423127222806215,0.6594274215400219,0.3405725784599781,26,12,0.46153846153846156,4.261890938133001,0.595437441021204,100.0,107.02804662061192,0.9999089891342239,0.42809150938122587,1739.6075211742639,1744.700903088391,True,True,,True,True,True,True,
1924,2048,1.22137510497123,0.09207961549982428,0.493412709981203,0.506587290018797,13,7,0.5384615384615384,2.83609436256811,0.4259001573547721,100.0,99.24912482015878,0.849779458623086,0.013043455549433624,1889.8053679165223,1904.9369908943372,True,True,,True,True,True,True,
1925,2048,1.0997432265430689,0.16859325002878903,0.36788454614579674,0.6321154538542033,11,7,0.6363636363636364,1.7675647155381737,0.565083677880466,100.0,99.49216425374078,0.7537524406095251,0.07090204248118591,1054.9282802144962,1065.7129284776588,True,True,,True,True,True,True,
1927,2048,1.764948457479477,0.26472368454560635,0.4312271039932966,0.5687728960067033,15,6,0.4,3.7801000638864934,0.5394817866384983,100.0,115.05723521700162,0.9277688575763,0.007379514204243126,1822.5397230587948,1841.3933638763256,True,True,,True,True,True,True,
1928,2048,1.2985397009178996,0.030145261622965335,0.6222416903823613,0.3777583096176387,24,16,0.6666666666666666,2.376855474337935,0.48244440760463475,100.0,97.72169901673152,0.999949385648776,0.2170450574083207,1451.6436371555606,1462.4850248819394,True,True,,True,True,True,True,
1929,2048,1.3244281150400639,0.20060436548665164,0.4111917164176702,0.5888082835823298,29,10,0.3448275862068966,2.589903907198459,0.5514421179890633,100.0,104.79459826311569,0.9166059565063649,7.806918989022397e-05,1358.9827219529584,1377.740105224937,True,True,,True,True,True,True,
1930,2048,1.8621068065986037,0.0977880734950304,0.6420504849404096,0.3579495150595904,10,6,0.6,4.406454449705779,0.4209672434255481,100.0,110.6928398097711,0.9851764058906277,0.17007755694724289,2552.951059412203,2565.015200413338,True,True,,True,True,True,True,
1931,2048,1.5364811848849058,0.2309633307158947,0.39946091286838054,0.6005390871316194,23,12,0.5217391304347826,3.0555896538309755,0.5250960281118751,100.0,110.75213654419161,0.8395566704143586,0.0014282817471424044,1634.386720857651,1650.8110285869698,True,True,,True,True,True,True,
1932,2048,1.026983511634171,0.07182379821315407,0.5537568744271993,0.44624312557280066,16,7,0.4375,1.5689172327518461,0.4961469776928425,100.0,91.35846031789015,0.9764642366181453,0.12449567089823897,1093.818936262638,1107.6371817059314,True,True,,True,True,True,True,
1933,2048,1.1554665807634592,0.2953353401273489,0.6794742472469806,0.3205257527530194,18,9,0.5,2.2112506890669463,0.5074008122086525,100.0,92.0278093086373,0.998417119775462,0.36983552774094486,1322.5679483697131,1328.805599162666,True,True,,True,True,True,True,
1934,2048,1.6579909855499864,0.005092283058911562,0.47361536547541616,0.5263846345245838,22,12,0.5454545454545454,4.05035303318873,0.46442603301256896,100.0,111.25355874348986,0.8834051109969624,0.0010490821204892536,2267.078386565434,2284.4163411318063,True,True,,True,True,True,True,
1935,2048,1.9905970245599747,0.1713728749193251,0.5161316893994807,0.48386831060051927,15,10,0.6666666666666666,3.3955650899559258,0.5818325510248542,100.0,117.09219147066227,0.9970992317079971,0.17045237438571534,1488.5739925832665,1501.6228349339408,True,True,,True,True,True,True,
1936,2048,1.4459450719878078,0.12466008961200714,0.336835853010416,0.6631641469895839,25,9,0.36,1.9378900042735039,0.4403835959732533,100.0,110.58865761366928,0.6018539044786396,6.518413327443538e-05,1448.8753289593565,1458.3225383072931,True,True,,True,True,True,True,
1937,2048,1.4711322030052543,0.17938477098941802,0.6323344994336366,0.3676655005663634,16,8,0.5,3.896361336763948,0.457644678093493,100.0,102.00596047033616,0.9988357237300206,0.1979931665160535,2190.748709787511,2202.210137934786,True,True,,True,True,True,True,
1938,2048,1.9653729312121868,0.11403643721714615,0.4147553566843271,0.5852446433156728,24,10,0.4166666666666667,2.0540294397622345,0.5146698523312807,100.0,119.87831155323585,0.8522807703819495,0.0021748857876095836,1235.7166834144057,1252.545248863484,True,True,,True,True,True,True,
1939,2048,1.6358558284118772,0.2896509488113224,0.5691384468227625,0.4308615531772375,12,4,0.3333333333333333,1.8838260375894604,0.43129569105803967,100.0,107.81078529233042,0.9381423872769683,0.08256450555126282,1361.4844168220793,1375.9950202019277,True,True,,True,True,True,True,
1940,2048,1.1776391323655844,0.018125855550169944,0.3781223077327013,0.6218776922672987,28,18,0.6428571428571429,3.344716514088213,0.5898467855527997,100.0,101.60152536667641,0.9180016814590979,0.002702697442103411,1513.0673625409036,1531.5491714035027,True,True,,True,True,True,True,
1941,2048,1.0482949176803231,0.24166946271434425,0.45198378860950467,0.5480162113904954,27,18,0.6666666666666666,4.352383942902088,0.4011004278436303,100.0,95.09567254769331,0.7543347383840394,0.0005076532735942658,2816.036902229736,2828.8551817809785,True,True,,True,True,True,True,
1942,2048,1.5151938665658236,0.06374787613749504,0.6945628538727759,0.30543714612722406,13,5,0.38461538461538464,2.5390617731027305,0.5706255067139864,100.0,101.4000235614838,0.9880184095842692,0.47374855200949845,1254.3570111220597,1258.3593494633767,True,True,,True,True,True,True,
1943,2048,1.8360349191352725,0.18750678487122058,0.3403018400073051,0.6596981599926949,21,10,0.47619047619047616,1.4149194879457354,0.47553534917533397,100.0,119.73179335544415,0.6446942218183312,0.004590171402466798,1094.0863595740377,1104.6796461503545,True,True,,True,True,True,True,
1944,2048,1.350476436316967,0.103554926533252,0.5063180446624755,0.49368195533752446,19,11,0.5789473684210527,2.898374551255256,0.5465863483026624,100.0,102.51360274927731,0.9990805622838084,0.09754907101909678,1465.2346682256878,1481.2772965116073,True,True,,True,True,True,True,
1945,2048,1.276740281842649,0.2751437047496438,0.3204991459846496,0.6795008540153504,14,6,0.42857142857142855,3.51193892173469,0.41562048979103566,100.0,106.51835242340843,0.5475953407978322,0.001192749477581825,2354.402137639574,2362.3121275754315,True,True,,True,True,True,True,
1946,2048,1.7867243252694607,0.021783246751874683,0.5263595387339591,0.47364046126604087,26,14,0.5384615384615384,1.6151781021617353,0.5569839933887124,100.0,112.50462420098506,0.9835064618133451,0.1627514261149386,947.6633916326941,960.6677210962919,True,True,,True,True,True,True,
1947,2048,1.6113757686689496,0.1557954962365329,0.4836951985955238,0.5163048014044762,18,11,0.6111111111111112,2.3276244716718795,0.48923796880990267,100.0,109.83938940100307,0.9246573251951528,0.023332401767139407,1415.9788097495004,1433.5818150439566,True,True,,True,True,True,True,
1948,2048,1.0751600172370672,0.14611179661005735,0.662992587685585,0.337007412314415,22,7,0.3181818181818182,3.72764108190313,0.5322005402296781,100.0,89.95398913973457,0.9985102379324415,0.3680753326507477,1855.9015325502833,1862.1556765019236,True,True,,True,True,True,True,
1949,2048,1.1956999013200402,0.2225109695456922,0.5889296907931566,0.4110703092068434,23,8,0.34782608695652173,3.1461700404994186,0.4713838715106249,100.0,95.69496460961653,0.9983371795089196,0.1298222484268447,1829.2083663819749,1843.2781642724299,True,True,,True,True,True,True,
1950,2048,1.7408420462161303,0.08172374535351991,0.35806937552988527,0.6419306244701147,17,12,0.7058823529411765,1.2719735987484455,0.5002474704757333,100.0,117.00013450709372,0.6581424686683552,0.058293590159902486,982.5115941682833,991.4848965037284,True,True,,True,True,True,True,
1951,2048,1.9072580141946673,0.24825567808002233,0.6006116393953562,0.3993883606046438,29,17,0.5862068965517241,2.6804842446930706,0.4457791792228818,100.0,112.83016724209949,0.9999544076199771,0.10411379472916268,1655.6057251231537,1671.0533457173437,True,True,,True,True,True,True,
1952,2048,1.4062003567814827,0.0509987267665565,0.4463141847401857,0.5536858152598143,11,5,0.45454545454545453,4.109510766528547,0.5762418460100889,100.0,105.88031049538131,0.9634232774662554,0.06602903930417885,1804.2989367903801,1820.9148083590858,True,True,,True,True,True,True,
1953,2048,1.380792903713882,0.20734786810353398,0.3881452437490225,0.6118547562509775,19,13,0.6842105263157895,3.677489628084004,0.4357612704858184,100.0,107.10241103879866,0.6832443119985665,0.006040798465167127,2308.1495798637498,2319.397626487645,True,True,,True,True,True,True,
1954,2048,1.9326946884393692,0.08519563861191272,0.5588477324694394,0.4411522675305606,21,8,0.38095238095238093,2.274650925491005,0.5927986942231656,100.0,114.5998830160234,0.9892487171141927,0.26320036330569624,1083.8415109908383,1093.2464175136577,True,True,,True,True,True,True,
1955,2048,1.7309690052643418,0.26114419028162955,0.40141441635787484,0.5985855836421252,13,6,0.46153846153846156,1.6649290781468151,0.45938026905059814,100.0,115.29031475101675,0.7253124650763487,0.020237166186800673,1235.755330947746,1247.7516220845368,True,True,,True,True,True,True,
1956,2048,1.205543065443635,0.04516872027888894,0.6455541457980871,0.3544458542019129,27,16,0.5925925925925926,3.5653129457496107,0.518016773276031,100.0,94.42531781606772,0.9999944048308989,0.315768736054891,1831.552023420219,1840.0395277326795,True,True,,True,True,True,True,
1958,2048,1.6016238164156675,0.037028666306287046,0.32556891068816185,0.6744310893118382,12,5,0.4166666666666667,2.7338647535070777,0.5487604402005672,100.0,114.89563666322891,0.7062522968180529,0.012538038946994744,1456.0858822795703,1468.1745355106273,True,True,,True,True,True,True,
1959,2048,1.812039858661592,0.16170783871784805,0.682928990572691,0.31707100942730904,24,8,0.3333333333333333,1.221816053520888,0.4036138355731964,100.0,108.48924250834494,0.9755885926759829,0.25049818513428773,1084.6847141355056,1093.6185879248433,True,True,,True,True,True,True,
1960,2048,1.2514558173716068,0.1331591159105301,0.46378932669758793,0.5362106733024121,16,10,0.625,3.093202585726976,0.5747502444311976,100.0,101.04085575796722,0.9966977509007893,0.06948069094175335,1449.699277250532,1466.9623149528866,True,True,,True,True,True,True,
1961,2048,1.372067037038505,0.22876699296757577,0.6527743525803089,0.3472256474196911,11,4,0.36363636363636365,3.2917493605054915,0.49370660111308096,100.0,98.88049665817363,0.9839496388186756,0.31315606169406535,1805.4663376494602,1813.038173466055,True,True,,True,True,True,True,
1962,2048,1.8144756257534027,0.06962803211063147,0.49379061385989187,0.5062093861401081,29,20,0.6896551724137931,1.8336681911721824,0.5351554995402694,100.0,114.12335404361704,0.9840735700598645,0.06792768106288813,1076.244314171133,1093.59371332713,True,True,,True,True,True,True,
1963,2048,1.521066972054541,0.20280270148068666,0.5395051799714565,0.4604948200285435,17,9,0.5294117647058824,2.1074096596799787,0.4173530308529735,100.0,105.93668801764215,0.9177000241026981,0.011529024524060426,1515.615580216159,1532.626158236003,True,True,,True,True,True,True,
1964,2048,1.0423902068287134,0.0999869822524488,0.30708420053124424,0.6929157994687558,23,11,0.4782608695652174,3.9461061168462033,0.5603278607130051,100.0,99.67553868601249,0.698188840202514,0.00019668049049296376,1926.68176590206,1939.0550687715213,True,True,,True,True,True,True,
1965,2048,1.1718574734404683,0.17356864046305417,0.4315560784190893,0.5684439215809107,22,9,0.4090909090909091,2.9517486674711106,0.4494638912379742,100.0,99.6850041068032,0.783766313853673,0.0001445958478866589,1891.6460077425104,1905.9167632980807,True,True,,True,True,True,True,
1966,2048,1.6416078489273787,0.12685642791911958,0.6155398946255446,0.3844601053744554,18,10,0.5555555555555556,1.4646703717298806,0.5784128850325942,100.0,106.59579817630441,0.9850323023046281,0.34622879191553313,854.146351321965,860.9623385951323,True,True,,True,True,True,True,
1967,2048,1.9439347898587584,0.293136431928724,0.3698985647410154,0.6301014352589847,26,16,0.6153846153846154,2.4860881224274634,0.47390033286064864,100.0,120.97597263024858,0.7008692097365828,0.002473556756790278,1566.6926066626345,1578.8972446475218,True,True,,True,True,True,True,
1968,2048,1.4925998039543629,0.0028939465060830115,0.5773194786161184,0.42268052138388157,14,5,0.35714285714285715,4.302232593577355,0.5043752580881119,100.0,104.1118374902083,0.9913874631950216,0.17043537680018322,2169.593012375934,2182.2389289440766,True,True,,True,True,True,True,
1969,2048,1.4557866528630257,0.28247414622455835,0.47870191037654874,0.5212980896234513,25,14,0.56,1.5187604743055998,0.599903211183846,100.0,106.151202905736,0.9569097797433094,0.15976419141811565,839.2256726198004,851.3829726792337,True,True,,True,True,True,True,
1970,2048,1.9807262225076556,0.010949625726789236,0.6744060233235358,0.32559397667646417,15,7,0.4666666666666667,3.0026214122772217,0.4288522567600012,100.0,112.20055908140569,0.9958051048967959,0.2463652465335308,1852.5265553840075,1862.2985202564232,True,True,,True,True,True,True,
1971,2048,1.683426083996892,0.18656358076259494,0.316897939145565,0.6831020608544349,29,11,0.3793103448275862,4.456199727673083,0.5235586408525705,100.0,117.1433950714798,0.6651272003208155,7.770536735635302e-06,2252.187158083211,2261.215821305891,True,True,,True,True,True,True,
1972,2048,1.1300613591447473,0.12121581863611935,0.5360390961170196,0.4639609038829804,12,8,0.6666666666666666,2.6432836292311546,0.4540335232391954,100.0,95.2091807353051,0.9319696888334723,0.05994319986568427,1687.9712699272866,1703.3310771300048,True,True,,True,True,True,True,
1973,2048,1.001701345667243,0.19468301525339485,0.6119761575013398,0.3880238424986602,14,9,0.6428571428571429,1.987641767039895,0.5431697400286793,100.0,88.88380203968808,0.996473360896799,0.2885970610736081,1149.9013410209525,1158.2389014855692,True,True,,True,True,True,True,
1974,2048,1.561795194633305,0.11073172856122256,0.4412721578031778,0.5587278421968223,27,8,0.2962962962962963,3.448938327189535,0.4846186902374029,100.0,109.99929678761515,0.8561974678852816,1.0042061249990234e-05,1938.215136160751,1954.9839688980014,True,True,,True,True,True,True,
1975,2048,1.8523571453988552,0.2344900807365775,0.5986581776291131,0.4013418223708869,20,9,0.45,4.000202366150916,0.5675968948751688,100.0,111.74173412991502,0.9989954768640724,0.2936756135802983,1758.5822045007005,1767.2698854862688,True,True,,True,True,True,True,
1976,2048,1.3341467073187232,0.05656906692311167,0.35451689548790455,0.6454831045120955,20,10,0.5,2.1582763561047615,0.410571681894362,100.0,106.96297718687515,0.6008195685422647,0.0009181496015104427,1648.3348676049131,1657.4810776873715,True,True,,True,True,True,True,
1977,2048,1.2926332280039787,0.15330661833286285,0.5686629969626664,0.4313370030373336,25,12,0.48,2.7831199251115324,0.5295648511499167,100.0,99.0707578433474,0.999696727774103,0.18572819969805432,1478.6755680136953,1490.8413489348516,True,True,,True,True,True,True,
1978,2048,1.7708236230537295,0.143622347060591,0.38467763401567934,0.6153223659843207,15,8,0.5333333333333333,4.211740375589579,0.499102127738297,100.0,116.7524351750165,0.7627111611258296,0.005284548364438074,2223.5645958365553,2237.508407049131,True,True,,True,True,True,True,
1979,2048,1.5652074087411165,0.2776351531036198,0.6304669681936502,0.3695330318063498,22,15,0.6818181818181818,3.2487804209813476,0.5531744683161378,100.0,104.37133307071616,0.9999663446066009,0.33200484421329823,1560.0742087615076,1567.553650422352,True,True,,True,True,True,True,
1980,2048,1.1213358798995614,0.024274122342467307,0.4230445612221956,0.5769554387778044,19,7,0.3684210526315789,1.3741781045682728,0.4243109200149775,100.0,98.38213240350689,0.7340065859642965,0.0011445601036729387,1200.2456035672462,1212.8525135284292,True,True,,True,True,True,True,
1981,2048,1.242844706401229,0.25074512818828226,0.34690608382225036,0.6530939161777496,17,6,0.35294117647058826,2.430234907474369,0.5855174537748098,100.0,104.61349900774405,0.830597581080513,0.004509214488764389,1222.9183091306793,1238.781026015772,True,True,,True,True,True,True,
1982,2048,1.6936894999817014,0.05348760411143303,0.5058913335204124,0.4941086664795876,24,15,0.625,3.82984563075006,0.4425548257306218,100.0,111.06132003842822,0.9058638902951924,0.0020677323991614926,2244.2764169780253,2261.930708710273,True,True,,True,True,True,True,
1983,2048,1.8923415057361126,0.22002009339630604,0.46022406369447705,0.539775936305523,11,6,0.5454545454545454,3.6145745591260487,0.509917082823813,100.0,116.85856312642886,0.8955376293647713,0.04184869795408642,1875.4808709530605,1891.5575581988803,True,True,,True,True,True,True,
1984,2048,1.4211243828758597,0.07923229755833745,0.6926465958356857,0.30735340416431434,30,13,0.43333333333333335,1.717407655902207,0.46855362989008426,100.0,99.08969859577206,0.9991277307136196,0.34502651937731044,1193.677850322454,1200.6010195928134,True,True,,True,True,True,True,
1985,2048,1.4097774531692266,0.16234333589673042,0.47006558366119855,0.5299344163388015,15,6,0.4,2.1816690763458606,0.47726413812488316,100.0,105.22268824944092,0.8906736880723312,0.009393812768687318,1405.5576643900858,1422.712225911183,True,True,,True,True,True,True,
1986,2048,1.9037111001089215,0.13456823537126184,0.6767066989094018,0.3232933010905982,26,17,0.6538461538461539,4.078424001205712,0.5452512718737126,100.0,110.57933735573425,0.9999948959520779,0.4070790086750815,1873.0736677591822,1879.0988654272971,True,True,,True,True,True,True,
1987,2048,1.69818502292037,0.26799527378752824,0.3317962650209665,0.6682037349790335,19,11,0.5789473684210527,3.3659835018217565,0.40244774073362355,100.0,116.95229284213548,0.5541501429997426,0.001646647916534736,2288.8777354973463,2296.8031482912447,True,True,,True,True,True,True,
1988,2048,1.238326101563871,0.03389692939817905,0.5150004316121339,0.48499956838786606,22,10,0.45454545454545453,1.965960996877402,0.5688845289871096,100.0,99.0949694094628,0.9942862339116882,0.151785008008424,1066.1115307676064,1079.4823751964998,True,True,,True,True,True,True,
1989,2048,1.1099584177136421,0.2597270437516272,0.6392769455909728,0.3607230544090272,24,11,0.4583333333333333,2.560322663281113,0.43302151169627906,100.0,91.68995662577993,0.9996538630354185,0.16742918199949486,1690.8037890994449,1702.919185836137,True,True,,True,True,True,True,
1990,2048,1.5765464706346393,0.0445251926779747,0.4076357170939445,0.5923642829060555,17,9,0.5294117647058824,4.43452499974519,0.5885085500776768,100.0,111.46335137560749,0.9784294305471801,0.00854825409176598,1845.3451456867106,1865.4967365173634,True,True,,True,True,True,True,
1991,2048,1.7753496188670397,0.21047161035239695,0.5526193872094154,0.4473806127905846,30,19,0.6333333333333333,3.026008483674377,0.4589951500296593,100.0,111.45550825190708,0.9999891704607643,0.02529177739183388,1776.0276646317557,1795.4292038056203,True,True,,True,True,True,True,
1992,2048,1.2881450960412621,0.08880003439262509,0.39441534578800197,0.605584654211998,10,3,0.3,1.5969878565520048,0.5129318429157138,100.0,104.32422422950572,0.7658898384599275,0.0416725777406306,1097.3162020983352,1109.675030836406,True,True,,True,True,True,True,
1993,2048,1.3384285625070333,0.29216905552893874,0.5835491210222243,0.41645087897777566,15,10,0.6666666666666666,1.79714595945552,0.4443921811878681,100.0,99.90868922441877,0.9720649985738415,0.09780634470551801,1296.3570980704594,1311.020175971255,True,True,,True,True,True,True,
1994,2048,1.8481131540611386,0.0012353464029729365,0.36362675577402115,0.6363732442259789,25,9,0.36,3.6394719494506713,0.5780163815245032,100.0,119.17148976779015,0.8614290899583277,0.00020562193346322828,1636.1837709363708,1653.3504787628463,True,True,,True,True,True,True,
1995,2048,1.5506618730723858,0.17743508694693447,0.6218184396624564,0.3781815603375436,12,6,0.5,3.809681234043091,0.4695971114560962,100.0,104.26464413818752,0.9938529004082663,0.20160653593992262,2100.299813998069,2111.657571076761,True,True,,True,True,True,True,
1996,2048,1.0127962669357657,0.13032462056726216,0.42533302307128906,0.5746669769287109,29,16,0.5517241379310345,2.348784850537777,0.5016466453671455,100.0,94.72749592627542,0.8530135404961836,0.0004390510254206449,1445.1035364420857,1461.680712971779,True,True,,True,True,True,True,
1997,2048,1.134312741458416,0.20446932977065443,0.3008550930768251,0.6991449069231749,27,15,0.5555555555555556,1.3540080467239022,0.4878539390861988,100.0,102.9071633475723,0.5861524233719787,0.0013522990776183446,1078.8028333156678,1088.0637836176497,True,True,,True,True,True,True,
1998,2048,1.679151619784534,0.10096238795667886,0.5457775715738534,0.4542224284261466,14,6,0.42857142857142855,3.1673361235298216,0.5339782347902655,100.0,109.50819571390718,0.9884239779362072,0.15946527231265928,1593.0673970339076,1606.2760391133843,True,True,,True,True,True,True,
1999,2048,1.9696234334260225,0.22530679386109112,0.4875126514583826,0.5124873485416175,20,7,0.35,4.291472526267171,0.41383057069033385,100.0,117.57472333184285,0.8315784667104313,0.00016284072142539838,2594.718130603535,2610.021341405999,True,True,,True,True,True,True,
2000,2048,1.4669121066108346,0.06576957805082202,0.658997942879796,0.34100205712020404,20,12,0.6,2.808023369964212,0.5583801999688148,100.0,101.16328353433255,0.9997565283481229,0.3894940008560785,1387.2950809106976,1393.2397524363782,True,True,,True,True,True,True,
2001,2048,1.4890579702332616,0.23838871819898486,0.3607466109097004,0.6392533890902996,29,14,0.4827586206896552,3.1164877197705207,0.5380977826192975,100.0,110.87204880637847,0.7808348139136032,0.00015669453879498568,1632.184664886416,1646.9624696656078,True,True,,True,True,True,True,
2002,2048,1.947453958913684,0.05998705308884382,0.5923862986266613,0.40761370137333874,11,6,0.5454545454545454,1.299943858757615,0.48422212414443494,100.0,113.89586552916018,0.9254292325851338,0.23763983454401427,976.340131740844,985.2652026555544,True,True,,True,True,True,True,
2003,2048,1.6539542144164443,0.1937475437298417,0.44755063280463214,0.5524493671953679,23,15,0.6521739130434783,2.6508019485510887,0.5632937837392091,100.0,111.9959999646901,0.9922372786314182,0.02527600711468621,1307.9658277211931,1327.7301545266926,True,True,,True,True,True,True,
2004,2048,1.159534189850092,0.10902263587340712,0.6057531751692296,0.39424682483077045,17,7,0.4117647058823529,4.137481051124632,0.4078433642163873,100.0,94.13707624402525,0.9983301777324647,0.03573831320146481,2543.1114894585694,2560.5883983352282,True,True,,True,True,True,True,
2005,2048,1.0388789055868983,0.18313527759164572,0.5298099663108586,0.47019003368914136,18,6,0.3333333333333333,3.482256969809532,0.5940504686906933,100.0,92.44593099691724,0.9937855812522449,0.21275215912740045,1531.1332175049765,1541.8595574492583,True,True,,True,True,True,True,
2006,2048,1.5246166735887527,0.11730686305090784,0.323170356079936,0.6768296439200641,22,14,0.6363636363636364,1.6431479441933332,0.4276747148483992,100.0,113.08534342584966,0.5608802589966615,0.00506124686398432,1335.0911807633668,1343.257299707755,True,True,,True,True,True,True,
2007,2048,1.826791518367827,0.28417295655235647,0.6681280862540007,0.33187191374599934,14,7,0.5,2.297942593507469,0.5200365055352449,100.0,109.21352719189366,0.9924420601298432,0.36880543880726113,1290.449816259735,1296.939039126645,True,True,,True,True,True,True,
2008,2048,1.3597132805734873,0.011874816007912159,0.48492547832429406,0.515074521675706,26,11,0.4230769230769231,3.7556109976954755,0.4520859906449914,100.0,103.42017042147808,0.8849977671672401,4.096974975091272e-05,2208.877195062623,2226.040384149081,True,True,,True,True,True,True,
2009,2048,1.263527569361031,0.21645791279152035,0.6989227827638387,0.3010772172361613,21,12,0.5714285714285714,4.382065894827247,0.5835583459585905,100.0,94.6789800389381,0.9999609623107674,0.48409455054291733,1864.4066783974195,1868.2705950981237,True,True,,True,True,True,True,
2010,2048,1.7999302428215742,0.07606836967170238,0.45400184504687785,0.5459981549531221,19,9,0.47368421052631576,2.5110919310711326,0.4390453385189176,100.0,115.08185209242333,0.8074284437045138,0.002440884222653799,1664.0497719968312,1678.8948170817373,True,True,,True,True,True,True,
2011,2048,1.5983566557988524,0.25143111795186995,0.512118760868907,0.48788123913109305,27,10,0.37037037037037035,1.444601366110146,0.5087512591853738,100.0,108.64548609867484,0.9542762055229562,0.08515946874535059,995.1141501753704,1010.6109838238865,True,True,,True,True,True,True,
2012,2048,1.0881856866180897,0.05486481869593263,0.34063496850430963,0.6593650314956904,13,9,0.6923076923076923,2.8704046354629096,0.4626880008727312,100.0,100.037199193861,0.615789096493433,0.02110339998284046,1858.3741027177714,1867.5054008405118,True,True,,True,True,True,True,
2013,2048,1.2176452903077006,0.28080939687788486,0.4167673863470554,0.5832326136529447,12,7,0.5833333333333334,3.926043657492846,0.5268247913569212,100.0,101.54096474073577,0.8593138943524683,0.019289814833363766,1997.1210446660875,2013.1080996801606,True,True,,True,True,True,True,
2014,2048,1.7188898622989655,0.027846622187644242,0.6366882465779781,0.36331175342202193,28,10,0.35714285714285715,2.026059179753065,0.4948118792846799,100.0,107.75040581022262,0.9968655259345705,0.26894585628195145,1249.9175864554634,1259.2443876689636,True,True,,True,True,True,True,
2015,2048,1.929396995343268,0.15193968722596765,0.37844926640391346,0.6215507335960866,16,7,0.4375,1.9135083337314427,0.5527894059196115,100.0,120.37705048528034,0.8165090043151142,0.02405772777553021,1094.2349652838848,1108.9603955836108,True,True,,True,True,True,True,
2017,2048,1.3938806811347604,0.2655036779120564,0.6159706532955169,0.3840293467044831,26,8,0.3076923076923077,2.9233727725222707,0.5662495074793696,100.0,100.47485017590554,0.9975792712119207,0.3236595311635101,1408.629480455055,1416.1936357795028,True,True,,True,True,True,True,
2018,2048,1.919615613296628,0.031405906286090614,0.4374544724822044,0.5625455275177955,14,9,0.6428571428571429,1.4947582290507853,0.4123127579689026,100.0,118.17558061285905,0.7115945882311964,0.04671126715650646,1251.6069892580983,1261.8046232109928,True,True,,True,True,True,True,
2019,2048,1.7443571938201785,0.1648323523811996,0.5792399004101754,0.42076009958982463,22,11,0.5,2.457712301239371,0.5414408884942532,100.0,109.97791235093689,0.9985396323314277,0.2241257754673883,1294.7248698342253,1305.7064034925418,True,True,,True,True,True,True,
2020,2048,1.1921464130282402,0.13705782350152731,0.3741608113050461,0.6258391886949539,18,8,0.4444444444444444,4.332320524659008,0.4859539007768035,100.0,102.17584011496126,0.7274602516707481,0.0004382528701206428,2401.6540611031414,2414.6883952163985,True,True,,True,True,True,True,
2021,2048,1.0628098091110587,0.21296263402327895,0.4996828276664018,0.5003171723335982,17,8,0.47058823529411764,3.263373096752912,0.5222083089873195,100.0,94.12611786236937,0.9972874083949915,0.04438864790488559,1710.847854081921,1729.2496722053088,True,True,,True,True,True,True,
2022,2048,1.623702835291624,0.09129162970930338,0.6531990859657526,0.3468009140342474,23,14,0.6086956521739131,1.8637564664706587,0.45577146410942077,100.0,105.11855919642267,0.9993132983946863,0.23990994869657775,1278.0913126309486,1288.1740476357797,True,True,,True,True,True,True,
2023,2048,1.7902699457481503,0.2572374550625682,0.3113404098898172,0.6886595901101829,11,7,0.6363636363636364,2.0790334205143153,0.598177494853735,100.0,119.76827513637397,0.6771983841281607,0.06557759871666664,1066.0223422444374,1075.0785886773751,True,True,,True,True,True,True,
2024,2048,1.2732172664254904,0.04203617675229907,0.5414194334298372,0.4585805665701628,29,11,0.3793103448275862,3.9761944167315955,0.4301904117688537,100.0,99.31557213981239,0.9501600818130607,4.5694400611012935e-06,2382.387669432592,2399.7452747357192,True,True,,True,True,True,True,
2025,2048,1.3537779161706567,0.17025642469525337,0.330612813308835,0.6693871866911649,24,15,0.625,4.187631521467119,0.5117039293050766,100.0,108.33440530680878,0.6760219087027244,0.001004236112428617,2219.9807395531316,2231.7009324776063,True,True,,True,True,True,True,
2026,2048,1.832756044343114,0.12314538666978478,0.5224102441221475,0.47758975587785246,16,5,0.3125,2.703776478208601,0.46715434473007916,100.0,113.6222156393199,0.9640858546209481,0.018608092034319366,1618.2072754727787,1637.0698951500688,True,True,,True,True,True,True,
2027,2048,1.503087799064815,0.29934571953490374,0.4673435661941766,0.5326564338058234,28,12,0.42857142857142855,1.2501922926865519,0.5869045024737716,100.0,107.71071943900404,0.9006340993786218,0.16236727392153394,781.2068546651586,792.0295688898202,True,True,,True,True,True,True,
2028,2048,1.0603778436779976,0.008411437645554543,0.6857039052993059,0.3142960947006941,12,6,0.5,3.063114285841584,0.44078016802668574,100.0,88.88501252078817,0.9961292628813243,0.29186578987340756,1909.0617210108867,1917.0169360113282,True,True,,True,True,True,True,
2029,2048,1.1809101393446326,0.23248602831736206,0.5599804729223251,0.4400195270776749,13,7,0.5384615384615384,3.705865523032844,0.5549642592668533,100.0,96.0756900953723,0.9966304915467029,0.20982302127828026,1749.6703861321655,1760.778266348755,True,True,,True,True,True,True,
2030,2048,1.6325464807450771,0.07294823974370956,0.39318296462297436,0.6068170353770257,27,13,0.48148148148148145,2.2445630681701,0.42291477005928757,100.0,113.29127871939971,0.6811949860179979,0.00017888460077396704,1621.8203814676208,1633.1489424077954,True,True,,True,True,True,True,
2031,2048,1.9532973961904645,0.19729323796927928,0.6483228906989097,0.3516771093010903,19,7,0.3684210526315789,1.6933048993349074,0.5309487646445632,100.0,112.38846936369379,0.9815298860206958,0.35396109602887327,1027.7900913989738,1034.5186227687743,True,True,,True,True,True,True,
2032,2048,1.483245661482215,0.09378572450950741,0.40496261715888976,0.5950373828411102,21,14,0.6666666666666666,3.535225014667958,0.49732452556490897,100.0,109.22986048526587,0.7995211693092896,0.00617543632895419,1951.5626716558183,1966.4588199247992,True,True,,True,True,True,True,
2033,2048,1.4414152298122644,0.1915493463166058,0.5000950779765844,0.49990492202341563,10,4,0.4,2.401758304517716,0.4054036552086473,100.0,105.11733019299425,0.8239089199847452,0.025167146798123503,1727.4126298618394,1741.0980585918708,True,True,,True,True,True,True,
2034,2048,1.9950889432802796,0.10682386569678783,0.3465803246945143,0.6534196753054857,30,16,0.5333333333333333,3.859832780063152,0.5733541134744883,100.0,122.84658426952569,0.81183215773529,0.0003838844682548342,1738.7383075028292,1754.4295211539225,True,True,,True,True,True,True,
2035,2048,1.6693722307682037,0.24058490842580793,0.6882909845560788,0.31170901544392116,17,11,0.6470588235294118,3.5860980299301444,0.48060705326497555,100.0,105.20376627656151,0.9997717474577983,0.3516732667245612,1949.8616668534066,1956.781391724538,True,True,,True,True,True,True,
2036,2048,1.1441236762329936,0.06218267166987061,0.4582135196775198,0.5417864803224802,23,7,0.30434782608695654,1.747394878976047,0.5469828577712178,100.0,97.99035144737547,0.959703214272288,0.04288220802555026,1049.6627393491774,1067.243397880372,True,True,,True,True,True,True,
2037,2048,1.022484201937914,0.2863717261701822,0.38434588387608526,0.6156541161239147,21,8,0.38095238095238093,2.75464295335114,0.4611671442165971,100.0,96.37825429571205,0.713190347919048,0.00012103593073778473,1790.348767620115,1802.811811219876,True,True,,True,True,True,True,
2038,2048,1.541003636084497,0.014073013979941606,0.5628605239093303,0.4371394760906697,18,12,0.6666666666666666,4.241727942880243,0.5166175071150064,100.0,105.7323743626527,0.9998424083595916,0.15398300010333682,2084.1215180518275,2097.718543152182,True,True,,True,True,True,True,
2039,2048,1.8734575789421797,0.18093965956941246,0.4210277877748012,0.5789722122251988,25,15,0.6,3.2203034738078715,0.4371483471244574,100.0,117.7522495128307,0.7470618949311945,0.001229479418692183,2020.6909273402969,2033.9112181934606,True,True,,True,True,True,True,
2040,2048,1.3130547376349568,0.1151106722652912,0.6261053778231144,0.3738946221768856,14,6,0.42857142857142855,1.4041656964458524,0.591024056263268,100.0,98.01649877710821,0.96916692716735,0.38871432597471656,821.5341472903169,826.8861036652836,True,True,,True,True,True,True,
2041,2048,1.3096463326364756,0.24454499585554001,0.44004307761788364,0.5599569223821164,19,10,0.5263157894736842,2.0161187388002872,0.47254997231066226,100.0,103.44928847275565,0.8289998561209302,0.00589915915622059,1364.8179998033622,1380.3294128603911,True,True,,True,True,True,True,
2042,2048,1.75381922069937,0.047979268245399,0.6068390808999538,0.39316091910004625,20,8,0.4,3.4189507598988707,0.5061131799593568,100.0,109.37930468283992,0.9978303396614536,0.22529426411532077,1781.7993661167782,1792.6763979031036,True,True,,True,True,True,True,
2043,2048,1.5825132876634598,0.22334146443754435,0.3518471710383892,0.6481528289616107,13,4,0.3076923076923077,4.028679313324392,0.4477381469681859,100.0,113.50755243973163,0.6360393379149251,0.0013110959069047076,2424.2121912238745,2434.537537977194,True,True,,True,True,True,True,
2044,2048,1.10402153711766,0.08295249408110976,0.5952058859169482,0.40479411408305177,26,16,0.6153846153846154,2.1282887642271815,0.5797510202974081,100.0,92.70659881983471,0.99992282737436,0.3018356232063946,1101.3992944175882,1109.4288086079232,True,True,,True,True,True,True,
2045,2048,1.2325122095644474,0.1588252371177077,0.6692627307027578,0.33073726929724223,28,19,0.6785714285714286,1.5472370772622526,0.416005614772439,100.0,94.57564368112901,0.9998642756981732,0.2051584324381216,1239.1025379889663,1249.7664833825716,True,True,,True,True,True,True,
2046,2048,1.70403069909662,0.14983276007696986,0.4774668406695127,0.5225331593304873,11,4,0.36363636363636365,2.9726342629641294,0.5620689177885652,100.0,112.19009384344076,0.9415945659730185,0.11584441483843637,1439.6315261623834,1453.5187043746046,True,True,,True,True,True,True,
2047,2048,1.882301790639758,0.27392527302727104,0.5325808268040418,0.46741917319595816,25,12,0.48,4.484676256868988,0.4919777216389775,100.0,114.35809640105333,0.9998590411985214,0.05005960133675937,2263.5296395122396,2282.0581788297095,True,True,,True,True,True,True,
2048,2048,1.4311556341126561,0.02096306998282671,0.3142219867557287,0.6857780132442712,15,9,0.6,2.613296406157315,0.5364906903356313,100.0,110.9988648619667,0.6620101908895528,0.01374565781680467,1465.8347848079109,1476.665611646766,True,True,,True,True,True,True,
2049,512,1.4315734570845962,0.19213323248550296,0.4556767657399177,0.5443232342600823,27,8,0.2962962962962963,2.8052575109526514,0.43500731438398366,100.0,106.24939034987864,0.806513585220856,7.170660586667696e-06,1842.1315687420954,1855.3663929372108,True,True,,True,True,True,True,
2050,512,1.881914708763361,0.10741291176527738,0.697474655508995,0.302525344491005,14,9,0.6428571428571429,4.2927388292737305,0.5935583604499697,100.0,109.55594884757022,0.999340752814074,0.49077060365093667,1747.7758153112368,1751.6790920484552,True,True,,True,True,True,True,
2051,512,1.7036278964951634,0.2411688158288598,0.34245679974555965,0.6575432002544404,20,10,0.5,3.167794346809387,0.46018305625766515,100.0,116.70008583788842,0.6336065378024548,0.0009245739131288455,1955.5633752678982,1965.9237574449428,True,True,,True,True,True,True,
2052,512,1.232883794233203,0.06277173673734068,0.5108166918158531,0.4891833081841469,20,9,0.45,1.3520533162169157,0.5172082759439945,100.0,99.06151856078952,0.9504566499773608,0.10043238715564566,955.701494221637,970.2123069775926,True,True,,True,True,True,True,
2053,512,1.104408853687346,0.2869556179270148,0.6349044267088174,0.3650955732911826,16,7,0.4375,2.3492305406369267,0.4784626826643944,100.0,91.63293022948443,0.9953885785173388,0.24196741419698362,1464.807173295697,1474.5330759742415,True,True,,True,True,True,True,
2054,512,1.5820957068353891,0.014662045519798994,0.41810661442577834,0.5818933855742217,25,15,0.6,3.807713958062231,0.5495136333629489,100.0,111.2508016155254,0.925532067049622,0.002130718499051459,1806.0550568343256,1825.0714506417398,True,True,,True,True,True,True,
2055,512,1.7534469245001674,0.1815235703252256,0.5731977064162492,0.42680229358375077,12,8,0.6666666666666666,3.636693458911031,0.40442309584468605,100.0,110.35790239582343,0.929015171134792,0.04920455074434374,2286.72073646446,2302.1262473033285,True,True,,True,True,True,True,
2056,512,1.3100484162569046,0.1156997250393033,0.3798377487808466,0.6201622512191534,29,12,0.41379310344827586,1.798399618640542,0.5739482201635837,100.0,105.430190899882,0.8880338606818563,0.0025981041403300973,1012.2341159068486,1029.9558723399155,True,True,,True,True,True,True,
2057,512,1.3134758984670043,0.24395645158365367,0.5907054755836725,0.4092945244163275,24,15,0.625,1.5989481498487292,0.4929465038701892,100.0,99.02015384526254,0.9984783305174304,0.17126558854403728,1094.226315634245,1106.8267641591053,True,True,,True,True,True,True,
2058,512,1.8730662055313587,0.047394737228751184,0.3621888358145952,0.6378111641854047,17,6,0.35294117647058826,3.025547746382654,0.5359091237187386,100.0,119.75648514497482,0.7779440423006619,0.002151277268784248,1581.7972015398457,1596.4401134050277,True,True,,True,True,True,True,
2059,512,1.540597495622933,0.2227528989315033,0.6039254415780306,0.39607455842196937,30,13,0.43333333333333335,4.433261014055461,0.41816195324063304,100.0,104.52926993693416,0.9999664196066159,0.052881739838895284,2600.2518559079376,2617.432704165046,True,True,,True,True,True,True,
2060,512,1.0228600781410933,0.08236794406548142,0.44884679950773715,0.5511532004922628,11,6,0.5454545454545454,2.563083156198263,0.5595254113897681,100.0,94.33569988218028,0.9364106997265249,0.06501570036984221,1337.413906304754,1353.14978896501,True,True,,True,True,True,True,
2061,512,1.144514330662787,0.15823670513927937,0.3249604806303978,0.6750395193696022,15,9,0.6,1.9647095443680882,0.4487095041200519,100.0,102.38252113723337,0.5814590899462713,0.009823246416797765,1462.6230086691198,1471.2608227727944,True,True,,True,True,True,True,
2062,512,1.6689503584057093,0.14924822570756077,0.5284770429134369,0.4715229570865631,25,12,0.48,3.3687565402127797,0.5791722193360329,100.0,109.79873508566669,0.999674193322716,0.18607203589949173,1505.0211623586836,1517.3564577886928,True,True,,True,True,True,True,
2063,512,1.9947133092209697,0.27333672204986215,0.486667200922966,0.513332799077034,19,7,0.3684210526315789,4.080396926030517,0.4747035451233387,100.0,118.10895144610282,0.9257764496686316,0.0007749997882276273,2192.797319436527,2211.629351636662,True,True,,True,True,True,True,
2064,512,1.4418216049671173,0.020378514379262924,0.6667459085583687,0.3332540914416313,22,15,0.6818181818181818,2.181220982875675,0.5035670986399055,100.0,100.31609974567635,0.9998661322194358,0.3383453668472225,1304.059947040744,1311.2810922563106,True,True,,True,True,True,True,
2065,512,1.483128722757101,0.26491976603865625,0.3649728488177061,0.6350271511822939,12,5,0.4166666666666667,3.3146861194632944,0.5991492558270692,100.0,110.57552471546876,0.8743468893311658,0.024190431234855692,1461.7360175006759,1477.8443596846766,True,True,,True,True,True,True,
2066,512,1.953382640145719,0.030816854629665612,0.5817691203206777,0.41823087967932226,28,14,0.5,1.9138674717396498,0.4296119222417474,100.0,114.33204368294611,0.9981975867267354,0.028876445604204336,1347.3781781464481,1366.164237481565,True,True,,True,True,True,True,
2067,512,1.6326483990997076,0.1642484617419541,0.42672837637364863,0.5732716236263513,16,10,0.625,2.027223152015358,0.5243614273145795,100.0,112.1756342202383,0.8504606631775283,0.042369756070941976,1215.0968182231306,1229.8425367229156,True,True,,True,True,True,True,
2068,512,1.1808403925970197,0.13646879084408284,0.6200868349522353,0.37991316504776473,24,8,0.3333333333333333,3.9231817619875073,0.4532250266522169,100.0,94.38523915023183,0.999173862125781,0.1627318530447327,2247.700074552507,2260.2556428687217,True,True,,True,True,True,True,
2069,512,1.0602914113551378,0.2123787277378142,0.5443454705178737,0.45565452948212626,21,8,0.38095238095238093,2.8715560622513294,0.5424093116074801,100.0,92.734633580212,0.9975371449003856,0.16202972840516466,1488.0264005128581,1500.925784632937,True,True,,True,True,True,True,
2070,512,1.503203541971743,0.09070256352424622,0.30254908576607703,0.6974509142339229,19,13,0.6842105263157895,1.4417269374243915,0.4853718826547265,100.0,113.28309063607924,0.5680685691919829,0.021025672727164595,1109.0856237539747,1117.1455913622806,True,True,,True,True,True,True,
2071,512,1.8328274562954903,0.25665356777608395,0.6577118940651416,0.34228810593485837,27,16,0.5925925925925926,2.509019177220762,0.5684061544016004,100.0,109.6331318864166,0.9999231391727206,0.39786919040676644,1232.4148727759562,1238.291334641343,True,True,,True,True,True,True,
2072,512,1.3536776704713702,0.04144713180139661,0.4893535606563091,0.5106464393436909,13,6,0.46153846153846156,4.382412401307374,0.4097696583718062,100.0,103.11957723595509,0.8263447253679116,0.003954790918610181,2721.6989062023868,2736.4424397523526,True,True,,True,True,True,True,
2073,512,1.2731055729091167,0.17084497679024935,0.6753547064960003,0.32464529350399973,18,10,0.5555555555555556,3.758476870134473,0.5288047531619668,100.0,95.56953006927239,0.9997614771724675,0.3862898476610026,1864.4334545868803,1870.3779792260693,True,True,,True,True,True,True,
2074,512,1.7903528055176139,0.12372994115576147,0.47183968499302864,0.5281603150069714,22,9,0.4090909090909091,2.2967776930890977,0.49985575266182425,100.0,114.29656038501025,0.9407624171523988,0.002655740307792364,1360.4195046689338,1379.7580720948397,True,True,,True,True,True,True,
2075,512,1.6237995084375143,0.299934250395745,0.5135991789400577,0.4864008210599423,14,5,0.35714285714285715,1.6427895376458763,0.5539833914488554,100.0,109.20302351039248,0.932408026083154,0.17641302946919513,980.070642180508,991.2448510779876,True,True,,True,True,True,True,
2076,512,1.0627424465492368,0.008995973132550716,0.33352197036147113,0.6664780296385289,26,16,0.6153846153846154,3.4843132996000348,0.42350846994668245,100.0,99.4415243635014,0.5783342597548128,0.00027738054006420416,2323.192930876297,2331.933919965847,True,True,,True,True,True,True,
2077,512,1.1920652259141207,0.233074592705816,0.40907412581145763,0.5909258741885424,29,20,0.6896551724137931,4.1371351900510485,0.5847630659118295,100.0,101.02289206923831,0.9810936611053441,0.002878700178094539,1787.167146107176,1807.55179269015,True,True,,True,True,True,True,
2078,512,1.7444705525413156,0.07353279087692499,0.6375892605632543,0.36241073943674573,11,4,0.36363636363636365,2.652870811522007,0.44331416077911856,100.0,108.29209893767592,0.9728602357440566,0.21657707287208938,1669.5809591065079,1679.8742057999534,True,True,,True,True,True,True,
2079,512,1.9196817800402641,0.19788178335875273,0.3957077022641897,0.6042922977358103,23,11,0.4782608695652174,1.3028223750181496,0.5107202958315611,100.0,119.58096655270896,0.7891738958258893,0.018758803996808987,950.7571057232743,964.899529193131,True,True,,True,True,True,True,
2080,512,1.393782819621265,0.09437025440856814,0.5507847856730222,0.44921521432697775,17,9,0.5294117647058824,3.115335450880229,0.4677454696968198,100.0,102.34592289201589,0.9974903558146063,0.042448771104821,1813.1427349074727,1831.44468259206,True,True,,True,True,True,True,
2081,512,1.3839402496814728,0.2389731933362782,0.6082839611917734,0.3917160388082266,13,5,0.38461538461538464,3.534060944058001,0.5210158430039883,100.0,100.42859556544533,0.9901502510788114,0.25722384525189945,1801.2600121943394,1810.7083419289409,True,True,,True,True,True,True,
2082,512,1.9295554189011455,0.06057554148137569,0.4383611012250185,0.5616388987749815,27,18,0.6666666666666666,1.6961668931879101,0.4514907693490386,100.0,118.35192490550895,0.7900692158010134,0.011075193296144339,1247.3072731554169,1261.4335250745671,True,True,,True,True,True,True,
2083,512,1.7190325651317835,0.19433199763298034,0.5965039510279894,0.40349604897201063,19,11,0.5789473684210527,2.2466232765465977,0.5961960135027766,100.0,108.90754511141876,0.9980333832606906,0.32454807649435485,1071.6213748786265,1079.2362282810618,True,True,,True,True,True,True,
2084,512,1.2174713695421815,0.10961110526695847,0.3500190410763025,0.6499809589236976,21,10,0.47619047619047616,3.7055062866769726,0.4251450061798096,100.0,103.75456216237455,0.6087546665315743,0.00017285360083288965,2404.991130507397,2414.488453092256,True,True,,True,True,True,True,
2085,512,1.0880275052040815,0.18371976502239704,0.4761327639222145,0.5238672360777855,24,10,0.4166666666666667,3.0651871380396187,0.5642819903790951,100.0,95.65882947592831,0.9990996475115631,0.07232593114423683,1485.3157824421085,1502.3963211622095,True,True,,True,True,True,True,
2086,512,1.5984845729544759,0.11789534809067845,0.6710555106401443,0.32894448935985565,16,8,0.5,1.2498456878587603,0.4072568213567138,100.0,104.03560259496015,0.976420521797551,0.22661191316192553,1100.0101874938389,1109.6362001167518,True,True,,True,True,True,True,
2087,512,1.8001034446060658,0.28475742498412726,0.31283941268920895,0.6871605873107911,28,18,0.6428571428571429,2.702624953072518,0.5402346489951014,100.0,119.93133688440531,0.6771732789095232,0.002775292078300274,1466.2640020632027,1477.9758324024906,True,True,,True,True,True,True,
2088,512,1.263384154997766,0.01246327981352806,0.5343244478106498,0.4656755521893502,12,4,0.3333333333333333,4.190506048500538,0.4816835463047028,100.0,99.2440750127032,0.9773131516962055,0.05763167720412547,2248.776859984833,2265.820109404094,True,True,,True,True,True,True,
2089,512,1.3595813065767288,0.21586877955123782,0.3451295182108879,0.6548704817891121,17,12,0.7058823529411765,3.9765527249313886,0.5506408577784896,100.0,107.98855317608013,0.7498174554469259,0.014877399851789094,1938.904039810862,1952.0782327521342,True,True,,True,True,True,True,
2090,512,1.826953279785812,0.07548439633101224,0.5017711281776428,0.4982288718223572,23,8,0.34782608695652173,2.076977189071476,0.42177726551890377,100.0,114.14120651851948,0.8675249286217092,0.0003565819491167862,1486.414064419472,1502.7950080484707,True,True,,True,True,True,True,
2091,512,1.5247636679559946,0.25084200594574213,0.4569095283746719,0.5430904716253281,11,5,0.45454545454545453,1.8608906923793256,0.5258484572172165,100.0,108.58393162238292,0.8787015576521298,0.07658330637195473,1143.6874366431505,1157.5924691115765,True,True,,True,True,True,True,
2092,512,1.0387016469612718,0.05428086435422301,0.6901131883263587,0.3098868116736413,29,16,0.5517241379310345,3.264537898823619,0.49538578670471906,100.0,88.06301308999582,0.9999956006514711,0.37445816957328915,1804.3679695838298,1811.3749765850966,True,True,,True,True,True,True,
2093,512,1.15937171690166,0.2802202692255378,0.5642008814960717,0.4357991185039283,26,14,0.5384615384615384,4.329442106746137,0.5065930789336562,100.0,95.30145100192937,0.9999866466205414,0.1397639759414706,2197.4173945916073,2211.3038801546254,True,True,,True,True,True,True,
2094,512,1.6540854694321752,0.027262634318321943,0.38255938477814194,0.6174406152218581,14,6,0.42857142857142855,2.4588644717819985,0.465229582041502,100.0,114.15929559855152,0.7102812202097446,0.005851431680198508,1594.4767915254579,1606.7179852088843,True,True,,True,True,True,True,
2095,512,1.9476314522325993,0.15135057857260106,0.6274942327290773,0.37250576727092266,22,8,0.36363636363636365,1.4951039917767046,0.5825914531946182,100.0,112.87191553785016,0.9762609005877689,0.37761418948188347,848.4252067319368,854.4015277232769,True,True,,True,True,True,True,
2096,512,1.4889112180098891,0.14236267078667877,0.41929044760763645,0.5807095523923635,18,11,0.6111111111111112,2.921304007899016,0.4396288780495525,100.0,108.90114523697912,0.7435121581233097,0.006023686993719049,1897.0699326404738,1909.9546768923349,True,True,,True,True,True,True,
2097,512,1.4672262324020267,0.1617588685825467,0.524182429164648,0.47581757083535203,28,13,0.4642857142857143,2.612838084530085,0.4568372812122107,100.0,105.04627211216933,0.9648721994787279,0.00021294954006880018,1630.7969326388625,1650.336071487273,True,True,,True,True,True,True,
2098,512,1.9692776128649712,0.13397977044805884,0.3292611874639988,0.6707388125360012,11,6,0.5454545454545454,4.486631085723638,0.515473827905953,100.0,122.93907336662738,0.6642823026352443,0.014354198184353982,2280.0697122069846,2290.9271930669966,True,True,,True,True,True,True,
2099,512,1.6788224736228585,0.2674107852391899,0.6874269254505634,0.3125730745494366,24,16,0.6666666666666666,2.975400220323354,0.4320542627945543,100.0,105.44147695368099,0.9999786987158787,0.27657034835488314,1847.4872570082096,1856.2789283348461,True,True,,True,True,True,True,
2100,512,1.134674059227109,0.03330844547599554,0.4659434489905834,0.5340565510094166,15,6,0.4,1.545970675908029,0.5890916351228952,100.0,97.4559096001716,0.9324703048741652,0.14052780040022236,887.5034669358145,899.7319177286588,True,True,,True,True,True,True,
2101,512,1.0131408916786313,0.25914258873090146,0.3914956461638212,0.6085043538361787,20,6,0.3,2.131067353114486,0.4002987410873175,100.0,95.824147556392,0.6527780711413617,5.988393011929221e-05,1676.1915598965768,1686.5081880940425,True,True,,True,True,True,True,
2102,512,1.5503465589135885,0.04393672440201044,0.5614169653505087,0.43858303464949133,20,13,0.65,4.027425555791706,0.5714351924136281,100.0,106.00280318398961,0.9999226430299888,0.2325468478161288,1771.561708948187,1782.1273926263493,True,True,,True,True,True,True,
2103,512,1.8477535089477897,0.2098871363326907,0.4031291510909796,0.5968708489090204,13,7,0.5384615384615384,3.418504971452057,0.47628821078687905,100.0,117.8056760479563,0.7582313025238087,0.012670603951566052,1966.9485145329645,1980.3084369518015,True,True,,True,True,True,True,
2104,512,1.3387593738734722,0.08821154488250613,0.6496125619858503,0.35038743801414973,27,12,0.4444444444444444,2.018086113128811,0.5458254877477884,100.0,98.07342149651413,0.9992120564429248,0.3587154587662115,1136.794465596777,1143.4412960144878,True,True,,True,True,True,True,
2105,512,1.2884568376466632,0.29275816306471825,0.4356763642281294,0.5643236357718706,22,12,0.5454545454545454,1.405429583787918,0.41481922883540395,100.0,102.99084868459147,0.7420007835475423,0.0035490349569570635,1225.5247588762154,1238.1486252366528,True,True,,True,True,True,True,
2106,512,1.7750090435147285,0.0018193141557276248,0.6173163559287786,0.38268364407122135,18,9,0.5,3.217543079238385,0.5577940162271261,100.0,109.54062834964469,0.9985071370924324,0.3151174553397644,1521.2581535981708,1529.2797845887198,True,True,,True,True,True,True,
2107,512,1.5762197086587548,0.17802421571686863,0.372431867942214,0.6275681320577859,25,9,0.36,4.239767747931182,0.48999039866030214,100.0,112.64374759151616,0.7302254271354738,2.0822677811781544e-05,2303.8015568642513,2317.0002689240955,True,True,,True,True,True,True,
2108,512,1.1103144902735949,0.13090860731899737,0.5806340944021939,0.41936590559780607,15,10,0.6666666666666666,2.7551035922951996,0.5314393484964967,100.0,93.31260945459536,0.9988855752026093,0.21186589496118338,1473.9756355672407,1484.9989014606817,True,True,,True,True,True,True,
2109,512,1.2386683421209455,0.20505844289436936,0.6548926882445811,0.34510731175541887,10,6,0.6,1.7454220524989068,0.47057613749057053,100.0,95.13731150845229,0.9765851324973494,0.29297099132981164,1216.4218829884032,1224.2770153331226,True,True,,True,True,True,True,
2111,512,1.9033538391813636,0.22589592598378658,0.5432591833174228,0.45674081668257716,16,6,0.375,3.861084134224802,0.4465380821377039,100.0,114.46944379408995,0.9760475515856639,0.006869308527342818,2195.144371584064,2214.716113869313,True,True,,True,True,True,True,
2112,512,1.4101030193269253,0.06635355250909925,0.3100570224225521,0.6899429775774479,23,13,0.5652173913043478,2.398985364474356,0.57548712734133,100.0,110.58861044843798,0.7245696677121816,0.004288927861500338,1253.1219040468618,1266.020542740234,True,True,,True,True,True,True,
2113,512,1.4212246285751462,0.2830620601773262,0.5280457120388746,0.4719542879611254,18,12,0.6666666666666666,1.9351248336955904,0.5670099474489689,100.0,103.7434977643735,0.9951042311405354,0.17137939736560437,1051.3659895769895,1064.073693231689,True,True,,True,True,True,True,
2114,512,1.8922700937837362,0.011532382015138865,0.3190622773021459,0.6809377226978541,21,8,0.38095238095238093,3.3968307045288384,0.411559577845037,100.0,121.69957061774755,0.542146662759879,0.00010050289399775433,2256.746319487199,2264.5031310825543,True,True,,True,True,True,True,
2115,512,1.6935737570747733,0.1871514801867306,0.664825677499175,0.335174322500825,14,7,0.5,4.05081214159727,0.5406316174194217,100.0,106.39521746561451,0.9977602158460219,0.381935195606962,1898.409999419524,1904.613574955928,True,True,,True,True,True,True,
2116,512,1.2429311387240887,0.12179855816066265,0.48240438215434545,0.5175956178456546,25,14,0.56,2.209295073430985,0.48675591200590135,100.0,100.21704211233413,0.9373024458148889,0.002763440353347496,1389.3158504387757,1408.1641945753663,True,True,,True,True,True,True,
2117,512,1.1214056266471744,0.19527092585340142,0.3562968127429485,0.6437031872570516,30,16,0.5333333333333333,1.569363807979971,0.5229622520506382,100.0,100.57697902958432,0.7455991392397224,0.0011829900939517232,1074.4768146952613,1088.1213084506114,True,True,,True,True,True,True,
2118,512,1.565105490386486,0.11131449714303017,0.590280169993639,0.40971983000636103,10,4,0.4,3.05362149272114,0.45501178707927464,100.0,105.51577347258615,0.9652246329843954,0.14118499276780846,1828.8130507384826,1841.7398440132722,True,True,,True,True,True,True,
2119,512,1.770738379098475,0.23507797457277774,0.4445900179445743,0.5554099820554257,23,7,0.30434782608695654,4.403676647599786,0.597374720685184,100.0,114.7466948262699,0.9946742182094908,0.0738261804528849,1776.377791777698,1793.5463429171573,True,True,,True,True,True,True,
2120,512,1.2927501667290926,0.05715182097628713,0.6020113788545132,0.39798862114548683,17,11,0.6470588235294118,2.5911568779498335,0.43099891990423206,100.0,98.12479697560144,0.9986058655404167,0.07840492697683735,1698.1310994577668,1714.1048113052113,True,True,,True,True,True,True,
2121,512,1.3342445688322186,0.15272321943193673,0.41306290253996847,0.5869370974600315,12,4,0.3333333333333333,2.3788148825056847,0.512458305619657,100.0,105.00601405637366,0.8312126857179527,0.015250586786740312,1411.2716712502217,1426.6570600170082,True,True,,True,True,True,True,
2122,512,1.852290978655219,0.14303493266925216,0.6337650872766971,0.3662349127233029,28,20,0.7142857142857143,3.779640211723745,0.46639499738812445,100.0,110.72322370089364,0.9999987433827086,0.21475284006123374,2073.4997608601,2085.0513147187885,True,True,,True,True,True,True,
2123,512,1.561681835912168,0.27705176873132586,0.37628293707966803,0.6237170629203319,15,8,0.5333333333333333,3.6662778253667057,0.5861013010144234,100.0,112.15662827237861,0.8908609884024344,0.012896444990179863,1622.4398851714313,1639.7202878382707,True,True,,True,True,True,True,
2124,512,1.0017825327813625,0.023686724714934826,0.5704229824244975,0.4295770175755025,25,12,0.48,1.7703258968889712,0.4415883405134082,100.0,90.03224933015116,0.9985047824506464,0.029087724153071873,1302.776212184991,1321.0826543212615,True,True,,True,True,True,True,
2125,512,1.1301287217065692,0.25016171475872395,0.6963413428515195,0.3036586571484805,20,8,0.4,2.8348422216251494,0.5557243695482612,100.0,90.81478296486603,0.9986870343689896,0.4546302244810942,1426.018553485466,1430.3975594779001,True,True,,True,True,True,True,
2126,512,1.6833294108510017,0.05290019530802965,0.4506392356008291,0.5493607643991709,19,10,0.5263157894736842,4.264664664957672,0.42216115668416027,100.0,112.57685151811881,0.7790353104385904,0.0011432336584263755,2592.8751559566413,2606.758596733051,True,True,,True,True,True,True,
2127,512,1.980643362738192,0.2194366967305541,0.5080481376498938,0.49195186235010624,26,16,0.6153846153846154,3.1973791312426325,0.5301398292183876,100.0,117.14582861553072,0.9999249192599401,0.07209531403529475,1596.7326264624917,1614.3943150940895,True,True,,True,True,True,True,
2128,512,1.4558983463793993,0.07864490328356623,0.3389080267399549,0.6610919732600451,13,5,0.38461538461538464,1.3239792256616056,0.49812696408480406,100.0,110.77561336820395,0.6583370534100336,0.017077493714201336,1020.2911654686372,1030.8261000493756,True,True,,True,True,True,True,
2129,512,1.4921977203339338,0.20675997314974665,0.6433849439024925,0.35661505609750754,23,14,0.6086956521739131,4.107449771370739,0.4061640959233046,100.0,102.22624091854135,0.9999807420565,0.12200962829157065,2499.4132502109937,2513.27343294383,True,True,,True,True,True,True,
2130,512,1.944307086057961,0.08461288567632437,0.409400075674057,0.590599924325943,17,8,0.47058823529411764,2.6808442678302526,0.5726009326055645,100.0,119.62639599799076,0.9304839871659415,0.02046184724210898,1293.6618604884961,1311.9104713039978,True,True,,True,True,True,True,
2131,512,1.6420254297554493,0.26055628079921006,0.5551405876874924,0.4448594123125076,29,11,0.3793103448275862,1.2731368825770915,0.479797781445086,100.0,108.37038125538237,0.9539086316117273,0.12279859826986028,978.3238907534811,991.9825184603483,True,True,,True,True,True,True,
2132,512,1.1714701568707824,0.044585950579494237,0.3977176740765571,0.6022823259234429,11,7,0.6363636363636364,3.143308833427727,0.5477848697453738,100.0,100.76545018187426,0.8288429852434757,0.04180991766623421,1617.1701076618895,1631.2220528049015,True,True,,True,True,True,True,
2133,512,1.0420186221599579,0.2710197625681758,0.47217162586748596,0.527828374132514,14,9,0.6428571428571429,3.728791820257902,0.4619210880249739,100.0,94.26561213213404,0.8649851098669065,0.014594058747936843,2195.520301023696,2211.362825299595,True,True,,True,True,True,True,
2134,512,1.5214697746559978,0.03644592566415667,0.6811566073447466,0.3188433926552534,26,8,0.3076923076923077,2.3247507314197717,0.5158578293398023,100.0,101.91420594457361,0.9967335843878543,0.3849822449240491,1325.8972220091612,1331.9340761867493,True,True,,True,True,True,True,
2135,512,1.8148627076297998,0.1611199236474931,0.3355381716042757,0.6644618283957243,18,8,0.4444444444444444,1.6131044631823896,0.43634557221084835,100.0,119.4399764534208,0.5930091022820339,0.0029474397630071913,1281.2117540702045,1290.2928220681301,True,True,,True,True,True,True,
2136,512,1.371649214066565,0.13257636073976756,0.5179609600454569,0.4820390399545431,22,11,0.5,3.512286313343793,0.5918325651437044,100.0,102.73387806452865,0.9996138187039861,0.1857792525456544,1525.2284498216447,1537.346932629501,True,True,,True,True,True,True,
2137,512,1.251049442216754,0.2293503907509148,0.3037783566862345,0.6962216433137656,27,13,0.48148148148148145,2.9012411121279,0.47330434788018466,100.0,106.36266585848358,0.5767057025127822,6.36003295007647e-05,1830.9945995140206,1840.0024505196145,True,True,,True,True,True,True,
2138,512,1.812415492720902,0.07021542526781559,0.54948197491467,0.45051802508533,13,7,0.5384615384615384,1.4137538990937173,0.5053538333624601,100.0,112.35588006525165,0.9312073439393821,0.1758451243082323,986.1769535591366,997.3824678369099,True,True,,True,True,True,True,
2139,512,1.602045688778162,0.20338611379265784,0.49202271290123456,0.5079772870987654,21,14,0.6666666666666666,2.5387042516842486,0.4469349462538958,100.0,109.35632459117676,0.8792396143222097,0.012841324318826789,1645.0685797533095,1661.458709054687,True,True,,True,True,True,True,
2140,512,1.0844894712790847,0.10057439217343926,0.6611643765121697,0.33883562348783025,19,7,0.3684210526315789,4.354439387563616,0.5805591920390725,100.0,90.30096879202216,0.998784444791389,0.4172415998566151,1883.731779380787,1888.8168244698927,True,True,,True,True,True,True,
2141,512,1.2051671892404556,0.17415202371776103,0.586911840736866,0.413088159263134,16,5,0.3125,3.344371538143605,0.4167657243087888,100.0,96.0326287838983,0.9898391605457617,0.02302268180143088,2117.672898585584,2135.7944548436158,True,True,,True,True,True,True,
2142,512,1.731375145725906,0.12744382666423917,0.3662081092596054,0.6337918907403945,24,15,0.625,1.8858940154314041,0.5613153051584959,100.0,116.50299256592047,0.8082600456056718,0.020730711739887032,1072.111261856502,1086.7079020667256,True,True,,True,True,True,True,
2143,512,1.9330860618501902,0.2937198319472372,0.6235452950000763,0.37645470499992373,12,7,0.5833333333333334,2.056908644456416,0.49116878695786,100.0,112.69067891692032,0.9812858072627517,0.25294017828379034,1266.4169368559574,1276.030850845359,True,True,,True,True,True,True,
2144,512,1.3803717428818345,0.0034813597798347474,0.42940375655889507,0.5705962434411049,28,11,0.39285714285714285,3.8952083794400094,0.5372931281104684,100.0,105.73411440132526,0.9279950323535173,3.261991099789307e-05,1902.9505585303007,1922.0600646334287,True,True,,True,True,True,True,
2145,512,1.4058695454150438,0.1799721026793122,0.3861093573272228,0.6138906426727773,22,14,0.6363636363636364,4.301069408096373,0.47806581258773806,100.0,107.84298841330428,0.7380957154520772,0.0018301204408051027,2398.5469517155143,2411.790812843724,True,True,,True,True,True,True,
2146,512,1.9076176593080163,0.11461975341662764,0.5669678576290607,0.43303214237093934,18,5,0.2777777777777778,2.4889492311514916,0.5444415746256709,100.0,113.83821995466428,0.9729310824622269,0.2272808941406531,1297.4779128863308,1307.8562713831122,True,True,,True,True,True,True,
2147,512,1.7411573603749275,0.2902382950298488,0.4243294633924961,0.5756705366075039,26,11,0.4230769230769231,1.4667312685400247,0.40169489141553644,100.0,114.75386631429183,0.7089957174088176,0.0003337624118743768,1268.3716885203257,1280.1736072538424,True,True,,True,True,True,True,
2148,512,1.1953552765771747,0.018709188513457774,0.6286256812512874,0.37137431874871263,14,7,0.5,2.9513887426815923,0.5696454010903835,100.0,94.58409711715075,0.9965520975038428,0.35066550483792586,1419.7971580130873,1426.5000975992443,True,True,,True,True,True,True,
2149,512,1.0747986994683743,0.2422567798756063,0.5045440953224897,0.49545590467751033,11,6,0.5454545454545454,3.948179657477885,0.4338289201259613,100.0,94.37373985241248,0.8780677940243243,0.01707829764934089,2407.881666654321,2423.6019481858516,True,True,,True,True,True,True,
2150,512,1.611704914830625,0.06433119792491197,0.34868570826947687,0.6513142917305231,29,14,0.4827586206896552,2.1070623664185404,0.5877045867964625,100.0,114.32309173015551,0.8415844696994735,0.0029015219828536455,1083.569635936171,1099.903302026252,True,True,,True,True,True,True,
2151,512,1.787070145830512,0.18809411879628896,0.691250866279006,0.308749133720994,17,7,0.4117647058823529,1.832517551165074,0.4582365667447448,100.0,107.72551753883357,0.9898597172062772,0.3382121937860332,1253.4962670143584,1260.5659571348065,True,True,,True,True,True,True,
2152,512,1.276426156051457,0.1041382628493011,0.4619545232504606,0.5380454767495394,23,15,0.6521739130434783,3.294623002409935,0.5136869810521603,100.0,101.81677934865996,0.9440301659012676,0.005560891645384684,1756.7148128260128,1775.8396985250522,True,True,,True,True,True,True,
2153,512,1.3501508701592684,0.27456088811159135,0.6729679953306913,0.3270320046693087,28,10,0.35714285714285715,3.093560205493122,0.44519992750138043,100.0,97.74939859862712,0.9995997624620774,0.2659201275536555,1882.4506433465635,1891.4655028335408,True,True,,True,True,True,True,
2154,512,1.8363921800628304,0.021195272449404,0.48039074502885337,0.5196092549711466,12,7,0.5833333333333334,1.2197605105116962,0.5772128432989121,100.0,115.0211466963271,0.8614530270917105,0.20127675498199984,784.643810891987,793.3743758134576,True,True,,True,True,True,True,
2156,512,1.0479526771232486,0.14552380554378033,0.3187329214066267,0.6812670785933733,16,7,0.4375,4.160420944914222,0.5024013524875045,100.0,99.45673883422506,0.6398741002104608,0.0006619617582567658,2292.1652940686195,2302.8962530159656,True,True,,True,True,True,True,
2157,512,1.1772830598056316,0.22192814955487847,0.4426252983510494,0.5573747016489505,19,9,0.47368421052631576,3.5624336427077647,0.4886551884934306,100.0,99.49992808580959,0.8647091978767022,0.0009434829380058607,2000.5741487843572,2017.4322370986638,True,True,,True,True,True,True,
2158,512,1.6361825903877616,0.08113578334450722,0.6102024354040623,0.38979756459593773,21,12,0.5714285714285714,1.6660821338184177,0.5331681996583939,100.0,106.6228049126899,0.9955411010918108,0.2728084635146691,1021.0113534809428,1030.2153425818285,True,True,,True,True,True,True,
2159,512,1.965713506564498,0.24767284132540224,0.3559185273945331,0.6440814726054669,13,9,0.6923076923076923,2.274995999783277,0.4130781523883343,100.0,121.91553252838742,0.5832332085067427,0.03293889577157086,1664.9779351797526,1672.6185313037531,True,True,,True,True,True,True,
2160,512,1.4708204613998532,0.05041075022891164,0.5969336204230785,0.4030663795769215,27,10,0.37037037037037035,3.675421551894396,0.5591414039954543,100.0,102.99822232185574,0.9995349357767147,0.27948112542494813,1700.1790898008805,1709.1482575052482,True,True,,True,True,True,True,
2161,512,1.4460884863510728,0.2536708739586174,0.49557557441294187,0.5044244255870581,17,9,0.5294117647058824,1.7169486458413301,0.5388994578272104,100.0,105.37726937257128,0.964742496519023,0.0941402441545068,1042.0165452812194,1057.3727443521586,True,True,,True,True,True,True,
2162,512,1.9904238227754831,0.03769997097551823,0.6514355082064867,0.34856449179351334,24,11,0.4583333333333333,3.616530076414347,0.48341242615133523,100.0,113.04309283970531,0.9996860741174911,0.27928383751323027,1930.297345311233,1939.4405462488903,True,True,,True,True,True,True,
2163,512,1.657863068394363,0.213643953949213,0.3088200021535158,0.6911799978464842,10,3,0.3,3.8326107029803094,0.5625409336760641,100.0,116.83691555304523,0.689218239177932,0.013005236749891584,1827.435426597828,1839.0104261431009,True,True,,True,True,True,True,
2165,512,1.0271574323996902,0.1680059026926756,0.6138653561472893,0.3861346438527107,25,17,0.68,1.3769558083266018,0.5948578778654336,100.0,89.69284162650342,0.9989661646943665,0.35158383113472236,809.9011020312229,816.4555389866721,True,True,,True,True,True,True,
2166,512,1.5363384820520878,0.1394617681391537,0.43300534486770625,0.5669946551322937,15,6,0.4,3.2475275485776365,0.4268707508221269,100.0,109.64187001291458,0.7541865788344758,0.0017788978994253276,2094.4305127511893,2107.6511457996744,True,True,,True,True,True,True,
2167,512,1.8619483830407262,0.26413635397329926,0.5754987865686416,0.4245012134313584,22,10,0.45454545454545453,4.211293898709118,0.5192779215052724,100.0,112.62913328732861,0.9995049623893368,0.18297910573732606,2036.725993764551,2049.3232238796777,True,True,,True,True,True,True,
2168,512,1.3245557975023985,0.02956194430589676,0.3712010160088539,0.6287989839911461,19,11,0.5789473684210527,2.785087987873703,0.45284112952649597,100.0,106.12775252078518,0.6760663786581174,0.0028390230133362488,1817.252743553603,1828.5882114069489,True,True,,True,True,True,True,
2169,512,1.298686453141272,0.20118720112368463,0.5570564642548561,0.4429435357451439,14,6,0.42857142857142855,2.1595411285758015,0.5843660915270448,100.0,99.57633872770612,0.9813124066866015,0.25530213610074154,1095.1088579788443,1104.3300739396614,True,True,,True,True,True,True,
2170,512,1.7647709641605616,0.09837605115026235,0.3894777804613113,0.6105222195386887,27,15,0.5555555555555556,3.9974410864524543,0.43824180103838445,100.0,116.45374058981497,0.6931638062144655,0.00019687546782152086,2415.9039641255295,2427.7088578440234,True,True,,True,True,True,True,
2171,512,1.586637201718986,0.2315461518242955,0.6438120365142822,0.3561879634857178,20,12,0.6,3.446978820674121,0.5079923447221517,100.0,104.50887890691484,0.999853276946555,0.29897423422631475,1796.5391734143013,1804.962172874378,True,True,,True,True,True,True,
2172,512,1.0999056994915009,0.07241175910457968,0.4027954503893852,0.5972045496106149,21,7,0.3333333333333333,1.9881017175503075,0.4634427072480321,100.0,98.34833180363046,0.7505079334880201,0.00022799922001305104,1405.8589839201015,1419.3477832399485,True,True,,True,True,True,True,
2173,512,1.2215523635968566,0.2959181724116206,0.32724934853613374,0.6727506514638663,25,9,0.36,2.641311491187662,0.527626040019095,100.0,104.66243683800707,0.6926976400750509,7.103501446562817e-05,1512.5616647454049,1524.8061771448401,True,True,,True,True,True,True,
2174,512,1.7149824686348438,0.0056802730076015,0.5198281098157167,0.4801718901842833,15,10,0.6666666666666666,4.456647034361958,0.49400184489786625,100.0,111.1131734250364,0.9918236512211422,0.036392096639407435,2260.2638192193003,2279.203238541793,True,True,,True,True,True,True,
2175,512,1.8864257307723165,0.17195569043979048,0.46561591811478137,0.5343840818852186,29,16,0.5517241379310345,3.0038736515678464,0.5520369883626699,100.0,116.55932005783893,0.9998810275210526,0.03207015503824664,1456.836615327063,1476.5812420122354,True,True,,True,True,True,True,
2176,512,1.4270398300141096,0.1252480650320649,0.6816324386745691,0.31836756132543087,12,6,0.5,1.515986649133265,0.41998744625598194,100.0,99.53601309502125,0.9785228393958647,0.27162018167611135,1211.2334033700893,1219.5445365106207,True,True,,True,True,True,True,
2177,512,1.4240709217265248,0.25208426378667353,0.3365811478346586,0.6634188521653415,30,17,0.5666666666666667,3.7158384924754495,0.5073382565751672,100.0,110.02240813148086,0.683041681754,0.00013828234387514273,2028.3378489685617,2040.2791525242715,True,True,,True,True,True,True,
2178,512,1.8874717932194471,0.05537205236032605,0.5166587647050619,0.4833412352949381,11,5,0.45454545454545453,2.2348559816367923,0.46438789255917073,100.0,114.95988354912777,0.9072558664710602,0.06616145585903942,1433.9542210676962,1448.8870385168716,True,True,,True,True,True,True,
2179,512,1.7141803121194243,0.21696455413475632,0.4748504426330328,0.5251495573669672,24,9,0.375,1.7033016197383404,0.5817486207932234,100.0,112.50374518468612,0.956606255645807,0.12849514143504892,932.4501221342102,946.1154088752156,True,True,,True,True,True,True,
2180,512,1.224276889115572,0.0767220675945282,0.6783650558441877,0.3216349441558123,17,11,0.6470588235294118,3.5255414824001488,0.44037290979176763,100.0,94.09636137659572,0.9998509311923298,0.2698188597218705,2110.3567970566014,2119.1410113015227,True,True,,True,True,True,True,
2181,512,1.0949550596997142,0.1502513718791306,0.5540885351598263,0.44591146484017374,18,12,0.6666666666666666,4.17186543205753,0.5513826021924615,100.0,93.57792499421652,0.9999217405040871,0.1913475800771692,1944.6344088824067,1956.4471749986528,True,True,,True,True,True,True,
2182,512,1.5935102105140686,0.1411124099045992,0.3990109957754612,0.6009890042245388,22,7,0.3181818181818182,2.7198808344081042,0.4209321428090334,100.0,112.1622938709657,0.6890130204840206,6.169541951194123e-05,1866.5877731603186,1878.1007399306527,True,True,,True,True,True,True,
2183,512,1.7581418538466096,0.2789745770394802,0.6407460696995257,0.35925393030047426,15,6,0.4,1.234402550663799,0.5250090580433607,100.0,108.50313205408116,0.9561303894899587,0.3554090233429033,873.9613603462525,880.1433106869682,True,True,,True,True,True,True,
2184,512,1.30339271761477,0.02615885892882943,0.4122313909232616,0.5877686090767384,25,13,0.52,3.079195186123252,0.4961332516744733,100.0,104.17110594120243,0.8176994954765586,0.0004516233506839664,1767.151084225101,1782.7959878658426,True,True,,True,True,True,True,
2185,512,1.3234179439023137,0.19309203755110502,0.6230853848159312,0.37691461518406877,20,10,0.5,3.2801572811789805,0.5650974053889513,100.0,98.38483861427193,0.9995160946721471,0.33338194971650853,1544.644656954955,1551.9382735842526,True,True,,True,True,True,True,
2186,512,1.8650696408003569,0.1085130418650806,0.429726517945528,0.5702734820544719,20,11,0.55,1.8470588771626353,0.40653410349041225,100.0,117.28403351507893,0.7207548670845456,0.004879047739925023,1443.2716307500352,1455.2671303826219,True,True,,True,True,True,True,
2187,512,1.5334611302241683,0.23787971651181578,0.5848160900175572,0.4151839099824428,27,19,0.7037037037037037,2.0958444046787914,0.5395168887451292,100.0,104.90559189539994,0.9999460189581626,0.2304988912258602,1172.9159780562313,1183.5839524424841,True,True,,True,True,True,True,
2188,512,1.0280509032309055,0.0593309948220849,0.3680202268064022,0.6319797731935979,13,5,0.38461538461538464,3.9595234304666516,0.4825039219111204,100.0,97.10701466111664,0.7095476017640263,0.0017251052033485533,2271.800716983946,2284.247106221139,True,True,,True,True,True,True,
2189,512,1.1485989270731807,0.2858634891919792,0.49249816350638864,0.5075018364936114,12,4,0.3333333333333333,2.914395868219435,0.5218339283019304,100.0,97.07839141898364,0.9586825412897096,0.0653179404381517,1578.5558491888482,1594.9045003181332,True,True,,True,True,True,True,
2190,512,1.6629050225019455,0.013711260817945003,0.6608569528907537,0.33914304710924625,29,18,0.6206896551724138,1.5038500525988638,0.450770721770823,100.0,105.80991363225337,0.9992692904950063,0.24852828260600765,1126.1013150927304,1135.8852182309024,True,True,,True,True,True,True,
2191,512,1.9856257671490312,0.184972314722836,0.3058406289666891,0.6941593710333109,16,9,0.5625,2.448708498850465,0.5954755829647183,100.0,124.1257159270221,0.7227272433669027,0.02263767973502578,1186.3829140033806,1198.3441778156757,True,True,,True,True,True,True,
2192,512,1.4528699461370707,0.1189968436025083,0.5476365577429533,0.4523634422570467,25,10,0.4,4.3413856468163425,0.4259627114981413,100.0,103.97745688237592,0.9539888117021502,3.3714409489795726e-05,2555.224776946759,2573.9334631650845,True,True,,True,True,True,True,
2193,512,1.4740316029638052,0.17691700151190162,0.44588791280984874,0.5541120871901513,14,9,0.6428571428571429,1.5561077660880982,0.47129690181463957,100.0,107.65866155658802,0.7913054849479559,0.05839759824477362,1158.827453946439,1170.9801403567485,True,True,,True,True,True,True,
2194,512,1.964425210841,0.12965947855263948,0.6009669572114944,0.3990330427885056,26,10,0.38461538461538464,2.9634252090007065,0.500233744084835,100.0,113.98577481813408,0.9987172788667813,0.2035937164023526,1605.000240499411,1616.7767600012721,True,True,,True,True,True,True,
2195,512,1.6367386989295483,0.2915044656023383,0.35908386707305906,0.6409161329269409,18,8,0.4444444444444444,4.49357069665566,0.445719663053751,100.0,114.55778398549359,0.6474822477858941,0.0004427728659527807,2648.710382018083,2659.354290692483,True,True,,True,True,True,True,
2196,512,1.174804582260549,0.0007166686467826366,0.5876001045107841,0.41239989548921585,22,13,0.5909090909090909,2.604110906459391,0.5762067457661033,100.0,95.10639236389693,0.9998222724755154,0.28441579258323324,1275.5338576584693,1284.1422508835515,True,True,,True,True,True,True,
2197,512,1.053149364888668,0.22713474724441765,0.6635433081537485,0.3364566918462515,23,12,0.5217391304347826,1.9992377802729606,0.4155365599319339,100.0,89.22636191742032,0.9995726537382997,0.19091366567902904,1472.2179270852882,1483.2202411091303,True,True,,True,True,True,True,
2198,512,1.5083848787471652,0.0674504748545587,0.48346415050327773,0.5165358494967223,17,7,0.4117647058823529,3.4355657371692354,0.5569733068346977,100.0,107.33656582818583,0.9933189312440355,0.07792237948577008,1620.6809553835471,1637.6288183719957,True,True,,True,True,True,True,
2199,512,1.8427790571004152,0.20615077866241335,0.5252251643687487,0.47477483563125134,29,9,0.3103448275862069,4.011774702183902,0.4891754128038883,100.0,113.74938638159023,0.9988025947842322,0.030677924731929138,2083.1155271977045,2102.589285265506,True,True,,True,True,True,True,
2200,512,1.3456868389621377,0.10278974901884794,0.3217090521007776,0.6782909478992224,11,7,0.6363636363636364,2.144880285579711,0.532162400148809,100.0,108.42388633298151,0.6405799693238182,0.04138172752279378,1295.8241806562946,1305.0049836071173,True,True,,True,True,True,True,
2201,512,1.277806242927909,0.2685111419297755,0.507723930850625,0.49227606914937505,16,6,0.375,2.770527846738696,0.4011385694146157,100.0,100.44954844648134,0.8469892612075411,0.0012368891760971322,1933.8387367701396,1949.069005382106,True,True,,True,True,True,True,
2202,512,1.7837066547945142,0.034559854120016095,0.3393636364489794,0.6606363635510206,24,16,0.6666666666666666,4.225728228595107,0.5706880612298846,100.0,118.61746469017277,0.7848783464898462,0.0042349018856444225,1903.4495015757964,1918.1357474878591,True,True,,True,True,True,True,
2203,512,1.6143362186849117,0.16300570853054522,0.6945279765874147,0.3054720234125853,12,7,0.5833333333333334,3.2362151669338344,0.47554603721946476,100.0,103.76867584623608,0.9967219470599181,0.3612547445852052,1823.5858478189855,1830.1694629729695,True,True,,True,True,True,True,
2204,512,1.0741512766107917,0.13508469583466648,0.45273048914968966,0.5472695108503103,28,14,0.5,1.3881925852037966,0.546670276671648,100.0,95.92713419519151,0.9351809533699508,0.05266254268992991,920.5402530174254,936.8963399979725,True,True,,True,True,True,True,
2205,512,1.2026271596550941,0.20864601731300353,0.3765980765223503,0.6234019234776498,27,11,0.4074074074074074,2.3918695206753906,0.4576797798275948,100.0,102.41121110765994,0.694387900023862,3.863756021428645e-05,1618.5506736355705,1630.5161597749027,True,True,,True,True,True,True,
2206,512,1.7358693582937121,0.0871214979328215,0.569958484172821,0.430041515827179,13,7,0.5384615384615384,3.8696350671350954,0.5147293670102954,100.0,110.0644642613367,0.9947893019741405,0.16943607743312233,1931.7857371201162,1944.7333753580035,True,True,,True,True,True,True,
2207,512,1.912173481658101,0.25804795520380136,0.41491622030735015,0.5850837796926498,21,13,0.6190476190476191,3.5761823480017485,0.43130941893905406,100.0,118.77277517440763,0.7273375592826553,0.0029853901251936147,2217.2331635033943,2229.7808916755166,True,True,,True,True,True,True,
2208,512,1.3993303189054132,0.04270019195973873,0.6317135825753212,0.3682864174246788,19,6,0.3157894736842105,1.757170464657247,0.5899337537586689,100.0,100.17877477489549,0.9803407615885978,0.38938104440116783,939.1152962983848,944.6640440431427,True,True,,True,True,True,True,
2209,512,1.3778930250555277,0.22385096680372954,0.5773826323449611,0.4226173676550389,11,6,0.5454545454545454,1.3384480940178036,0.4494562538340688,100.0,101.14892542211118,0.9233794979399631,0.15356742923875305,1082.6896589404564,1094.0183897664483,True,True,,True,True,True,True,
2210,512,1.9336419338360429,0.0836079086177051,0.36918004527688025,0.6308199547231197,29,13,0.4482758620689655,3.1828346581198277,0.5783320095390081,100.0,120.78750449853266,0.874995472909182,0.000400714509132056,1466.1200137408443,1483.7068257583926,True,True,,True,True,True,True,
2211,512,1.7300866097211838,0.24520100271329281,0.6141133613884449,0.38588663861155514,17,5,0.29411764705882354,4.275885773822665,0.4738591376692057,100.0,108.64417353372039,0.992178541212514,0.19433765327210292,2270.966313521243,2282.6868300127962,True,True,,True,True,True,True,
2212,512,1.2083780942484736,0.04848821852356195,0.43247373029589653,0.5675262697041035,23,15,0.6521739130434783,2.8234953015111386,0.5043096536770463,100.0,100.76038165188112,0.8667882380237827,0.005567852700830853,1622.3886804428846,1639.1909868066805,True,True,,True,True,True,True,
2213,512,1.0800251998007298,0.27208873657509686,0.3069517087191343,0.6930482912808658,22,14,0.6363636363636364,1.807321918476373,0.49368982035666703,100.0,100.93742879783395,0.6014111902142603,0.0049653392568247455,1272.8551298865168,1282.384760301856,True,True,,True,True,True,True,
2214,512,1.6084323292598128,0.01927244570106268,0.5401541825383901,0.4598458174616099,18,7,0.3888888888888889,3.629155894182622,0.5350654806941748,100.0,108.03141180823837,0.9956357413092164,0.14437649398358765,1767.391466635106,1781.37479331257,True,True,,True,True,True,True,
2215,512,1.8052961956709623,0.15713520515710114,0.495294102653861,0.504705897346139,26,12,0.46153846153846156,3.8198840911500156,0.4173209790140391,100.0,113.87690013777558,0.8499584337469926,9.089604641072035e-05,2355.396102407435,2371.224060689719,True,True,,True,True,True,True,
2216,512,1.2562458934262395,0.14799567153677343,0.6519338589161634,0.3480661410838366,14,8,0.5714285714285714,2.338495496660471,0.560271399654448,100.0,95.72003040036583,0.9967002680790404,0.38134436029030605,1222.4076982146635,1228.3962129144657,True,True,,True,True,True,True,
2217,512,1.3710015509277582,0.2400776233524084,0.4627526622265577,0.5372473377734424,19,8,0.42105263157894735,2.550736790243536,0.4792795773595572,100.0,104.41732282153049,0.8871126641828748,0.0017041615432624153,1566.049613454398,1583.5058281636211,True,True,,True,True,True,True,
2218,512,1.8174937749281526,0.06152947442606091,0.6842364992946386,0.3157635007053614,21,11,0.5238095238095238,4.443819812871515,0.5487924875691533,100.0,108.56931371376663,0.9998566044331909,0.42473928022449786,1999.9389206027008,2005.2230153308383,True,True,,True,True,True,True,
2219,512,1.5181060433387756,0.19089555675163863,0.326021933183074,0.673978066816926,13,8,0.6153846153846154,3.0163988596759737,0.4037038588896394,100.0,112.82049482906916,0.5398800856106838,0.01014021830526058,2118.95704838159,2126.287527658947,True,True,,True,True,True,True,
2220,512,1.043398472480476,0.10631713271141052,0.5209428142756223,0.4790571857243777,27,9,0.3333333333333333,1.6062591154128312,0.5747670207172633,100.0,92.85529580737847,0.9840683148455472,0.17829699974579372,934.3213088683059,946.2093639241746,True,True,,True,True,True,True,
2221,512,1.1649306900799274,0.18277383567765354,0.6466662518680095,0.3533337481319905,28,10,0.35714285714285715,2.197847439162433,0.43582687936723236,100.0,93.18469132586955,0.9989095512723144,0.19071080069938748,1507.6083690467967,1518.9195339955777,True,True,,True,True,True,True,
2222,512,1.6465810155496001,0.11679893620312214,0.4001825280487537,0.5998174719512464,12,8,0.6666666666666666,4.06193254860118,0.5928398849442601,100.0,113.38658367483987,0.9099644481213635,0.050069217542246774,1719.6497079611727,1735.582422498217,True,True,,True,True,True,True,
2223,512,1.9390188436955214,0.2880593977868557,0.5583238579332828,0.44167614206671724,24,14,0.5833333333333334,3.382185517251491,0.45946114901453255,100.0,114.7452191999011,0.999865444404402,0.03884510790333241,1920.535719936638,1939.3200459620812,True,True,,True,True,True,True,
2224,512,1.4994693668559194,0.015907742176204918,0.38840285167098043,0.6115971483290196,16,8,0.5,1.949493000190705,0.518024406209588,100.0,110.19550396774832,0.7900156984320208,0.014738864752592623,1218.0222192923065,1232.3271046610605,True,True,,True,True,True,True,
2225,512,1.458623112179339,0.2986828462220728,0.6932704154402017,0.30672958455979826,25,16,0.64,3.9097716677002605,0.5854854023084044,100.0,100.02872139714441,0.9999945018537864,0.4761145809611379,1676.9631255741745,1681.5238886220166,True,True,,True,True,True,True,
2226,512,1.9798414427787066,0.007895620912313462,0.46006640084087846,0.5399335991591215,15,5,0.3333333333333333,2.042471167445183,0.44249836429953576,100.0,118.6690019654161,0.8201215901085182,0.006438854528343095,1421.1735225224209,1436.2670944376193,True,True,,True,True,True,True,
2227,512,1.6843757135793567,0.16974005587399005,0.5050744850188493,0.49492551498115067,21,9,0.42857142857142855,1.8972095442004502,0.50990030169487,100.0,110.8738036288729,0.9798133380363786,0.04877727553423363,1166.6582568748265,1184.7023669280804,True,True,,True,True,True,True,
2228,512,1.1271600499749184,0.12248310567811131,0.34843322969973084,0.6515667703002692,18,9,0.5,3.333131614141166,0.4684636114165187,100.0,101.02673908938186,0.6546890766758051,0.0009444293417338454,2044.398379868475,2055.350368468004,True,True,,True,True,True,True,
2229,512,1.0064890375360847,0.19897182583808898,0.42230085879564283,0.5776991412043572,16,10,0.625,4.391542405262589,0.5295236563310027,100.0,94.60609230778635,0.8893941510114393,0.007294658663820322,2182.8111798660575,2200.1884557782673,True,True,,True,True,True,True,
2230,512,1.55505296215415,0.09561136895790696,0.6305049508810043,0.36949504911899567,23,10,0.43478260869565216,2.5016767404042186,0.49903652295470236,100.0,104.12588894360124,0.998708500457945,0.26087742425451477,1442.488410496803,1452.0403034068781,True,True,,True,True,True,True,
2231,512,1.859164227731526,0.23431112067773938,0.38561893105506895,0.614381068944931,10,4,0.4,1.4541047746315598,0.5531668305397034,100.0,118.64745873018012,0.7573496811195533,0.08534489686671565,931.8529388388259,942.327251143523,True,True,,True,True,True,True,
2233,512,1.2936438778415322,0.16549758603796363,0.353310190141201,0.646689809858799,24,8,0.3333333333333333,3.4721620492637157,0.5432506196200848,100.0,105.86439003462249,0.7734732077410216,5.031965255575716e-05,1769.5187539491567,1784.0610387130907,True,True,,True,True,True,True,
2234,512,1.7678612638264894,0.13757600057870148,0.5997954547405242,0.4002045452594758,15,9,0.6,1.6535560528747737,0.484626323543489,100.0,109.89227790152529,0.9801336387423348,0.1953261936410397,1120.1759091046085,1131.670120986747,True,True,,True,True,True,True,
2235,512,1.568226988427341,0.26602240707725283,0.4415061205625534,0.5584938794374465,28,15,0.5357142857142857,2.2878239220008254,0.5676625041291118,100.0,110.1485453418747,0.9982771696251903,0.017448996562016796,1168.3789417957792,1188.713199469614,True,True,,True,True,True,True,
2236,512,1.1202680096030235,0.032070547621697185,0.6114286258816719,0.3885713741183281,11,4,0.36363636363636365,3.7659955521114172,0.4106128722429276,100.0,92.76957119971803,0.9816524139350974,0.0799967479854858,2360.8056982750268,2375.822208971163,True,True,,True,True,True,True,
2237,512,1.2497128387913108,0.2555566499009728,0.5373717878013848,0.46262821219861516,13,6,0.46153846153846156,3.1321696235798298,0.5999932341277598,100.0,98.76133975786087,0.9903198031050392,0.23539806316563897,1378.6210513573485,1388.5970594275536,True,True,,True,True,True,True,
2238,512,1.6887759380042553,0.04020831501111388,0.3158864457160234,0.6841135542839766,26,15,0.5769230769230769,1.284553113207221,0.42886903341859584,100.0,117.30396344320081,0.551513894746951,0.0020984746338994983,1145.4475777551713,1153.4919547027225,True,True,,True,True,True,True,
2239,512,1.897312288172543,0.21113532437011598,0.6740537155419588,0.3259462844580412,20,14,0.7,2.6665075049735605,0.5236151067540049,100.0,110.52178948124163,0.999832781281327,0.3776602321757503,1418.2080990034958,1424.6292835415625,True,True,,True,True,True,True,
2240,512,1.4141990300267935,0.08961023222655058,0.47913127578794956,0.5208687242120504,20,7,0.35,4.1221137614920735,0.4540655702352524,100.0,105.05571557609278,0.8775235153131542,0.00013961756270432514,2368.479590947729,2385.4765135009634,True,True,,True,True,True,True,
2241,512,1.410660802386701,0.1563141561113298,0.6581566378474235,0.3418433621525765,15,6,0.4,2.935971169732511,0.4878371493890882,100.0,99.74745635690851,0.9942780322941035,0.3052750272739337,1668.6744496461326,1676.6618310599824,True,True,,True,True,True,True,
2242,512,1.9008732102811337,0.14677636865526436,0.48901542425155636,0.5109845757484437,25,13,0.52,1.4807641063816845,0.5338882010430097,100.0,116.1110187176501,0.9368814842585356,0.09800601077237417,951.0773963577509,965.7310906506738,True,True,,True,True,True,True,
2243,512,1.7010877626016736,0.2758088646456599,0.5464258581399917,0.45357414186000833,11,7,0.6363636363636364,2.4702838249504566,0.41379853375256065,100.0,109.98817383886114,0.8825958728153028,0.0701968851997461,1702.598953499197,1716.0452331470115,True,True,,True,True,True,True,
2244,512,1.2373779024928808,0.022301350068300963,0.3007217898964882,0.6992782101035118,28,8,0.2857142857142857,4.31829972518608,0.5583237478509545,100.0,106.06866968329103,0.68086459844532,2.0179545743311087e-06,2067.5090399896562,2077.9438697061146,True,True,,True,True,True,True,
2245,512,1.1166992196813226,0.2464282991364598,0.42624996043741703,0.573750039562583,26,10,0.38461538461538464,3.301732164714485,0.44438455868512394,100.0,98.13263484238632,0.7671560585275217,1.3734551234725052e-05,2088.831199973539,2102.590961725683,True,True,,True,True,True,True,
2246,512,1.571757348254323,0.049317259993404146,0.6203910965472459,0.3796089034527541,13,8,0.6153846153846154,1.8239732997491955,0.5779355149716139,100.0,104.81287300951146,0.987879202381427,0.35201630107998977,981.7575989806912,988.4446707306408,True,True,,True,True,True,True,
2247,512,1.7802035911008716,0.22083009062334893,0.3629074264317751,0.6370925735682249,20,12,0.6,2.1174193619750437,0.46955590732395647,100.0,117.71227907683425,0.6777234552469501,0.007269097681312874,1425.214554349911,1436.5502840642832,True,True,,True,True,True,True,
2248,512,1.281339444220066,0.07989580985158681,0.583611560240388,0.41638843975961204,19,9,0.47368421052631576,3.9364379268139595,0.5015810260549187,100.0,98.32503659099416,0.9994033201347496,0.1704375444653072,2045.3491677027694,2058.022372524041,True,True,,True,True,True,True,
2249,512,1.341392352245748,0.2891345062293112,0.39467376507818697,0.605326234921813,15,8,0.5333333333333333,4.150290548522025,0.43308712951838974,100.0,105.80919926593077,0.6940852109720119,0.0027434454229653877,2553.8898932554985,2565.5260884523577,True,True,,True,True,True,True,
2250,512,1.8471039347350597,0.017463500797748565,0.5520962286740541,0.44790377132594594,25,10,0.4,2.742966411821544,0.5885497556999326,100.0,113.01894656918518,0.997796886963082,0.24051126846256224,1253.1760028644428,1263.5067623617238,True,True,,True,True,True,True,
2251,512,1.551728312857449,0.17872182838618755,0.40640454478561877,0.5935954552143812,18,6,0.3333333333333333,1.2128275933675468,0.4590760150924325,100.0,110.89733302054128,0.7469650571396427,0.005129191445877072,1030.325204761679,1043.5389943581408,True,True,,True,True,True,True,
2252,512,1.0097752567380667,0.11352055119350551,0.6403898630291223,0.35961013697087774,21,13,0.6190476190476191,3.1022806897759434,0.5129394669085741,100.0,88.39551600716806,0.9999531391624987,0.2989675297261574,1681.458109189262,1689.5320823478687,True,True,,True,True,True,True,
2253,512,1.1392277339473367,0.18933180347085,0.5146724835038184,0.48532751649618155,23,16,0.6956521739130435,3.694263190962374,0.4773205887526274,100.0,96.12340939876145,0.9789284049766037,0.0063057769054312455,2061.49043026034,2081.1481125579144,True,True,,True,True,True,True,
2254,512,1.6722849179059267,0.10523403296247125,0.33225009739398953,0.6677499026060105,16,6,0.375,2.2579419278539716,0.5452833103016019,100.0,116.33537035818534,0.7243484105035193,0.005276614513743638,1273.6112760192168,1286.538848402863,True,True,,True,True,True,True,
2255,512,1.9765473557636142,0.2433479812927544,0.6780150175094604,0.32198498249053964,30,14,0.4666666666666667,1.6817262936383486,0.4025377729907632,100.0,112.01620120061773,0.9984582284973976,0.20240725406456117,1297.8022760964411,1308.8236091685972,True,True,,True,True,True,True,
2256,512,1.4619398936629295,0.06557345129549504,0.4690296337008476,0.5309703662991524,10,6,0.6,3.5486274040304124,0.5689013201743365,100.0,106.61290570053194,0.9533108428396297,0.10204542187437984,1633.7881168326471,1648.4631036977498,True,True,,True,True,True,True,
2257,512,1.488111201673746,0.23030961491167545,0.573530964180827,0.42646903581917295,21,7,0.3333333333333333,2.413344114180654,0.5267835875973106,100.0,104.10967880183352,0.9912965184040796,0.1982559120841677,1333.8016534725139,1345.4226632286252,True,True,,True,True,True,True,
2258,512,1.9503543144091964,0.07131713898852467,0.37939137481153007,0.6206086251884699,19,12,0.631578947368421,3.846448412910104,0.4947462595999241,100.0,120.77871858909134,0.7448497371769355,0.006171456744691496,2078.172769216682,2091.5645476143036,True,True,,True,True,True,True,
2259,512,1.6511187087744474,0.20009714970365167,0.6367270406335592,0.3632729593664408,27,14,0.5185185185185185,3.5976569660939273,0.5527817830443382,100.0,106.21408111653352,0.9999568261803506,0.3428630222519078,1684.2097667719238,1691.4312875895796,True,True,,True,True,True,True,
2260,512,1.1604161085560918,0.09713494554162025,0.416024399921298,0.583975600078702,13,6,0.46153846153846156,1.7339838350191712,0.41914537679404024,100.0,99.83051233242645,0.7093582242527626,0.009521171330160338,1397.0283317997596,1408.5961426506528,True,True,,True,True,True,True,
2261,512,1.0320708695799112,0.1730606202967465,0.342162924259901,0.657837075740099,12,5,0.4166666666666667,2.792002022266388,0.5835263093933463,100.0,98.11320865690959,0.8025922892932645,0.013549085912618367,1377.9358368064902,1392.50292890657,True,True,,True,True,True,True,
2262,512,1.5294720763340592,0.12649489156901836,0.5113026268780231,0.4886973731219769,28,17,0.6071428571428571,4.2025419431738555,0.43898888602852826,100.0,106.99911114792326,0.9110681474051212,0.00043466247292287956,2445.581914303957,2463.3417777519326,True,True,,True,True,True,True,
2263,512,1.822000965476036,0.29716958552598954,0.4538448967039585,0.5461551032960414,16,11,0.6875,3.2576894162222745,0.5087344691157341,100.0,115.56677291400695,0.8899869014439403,0.032678313647053814,1740.6672790007315,1757.0076004112511,True,True,,True,True,True,True,
2264,512,1.3664564667269588,0.006780616287142038,0.6995474122464657,0.30045258775353434,24,9,0.375,1.3650063735432922,0.4625979674980044,100.0,97.47823992321207,0.9911863734751332,0.36074930931095944,1054.6638228234478,1061.0088367011106,True,True,,True,True,True,True,
2265,512,1.260508943349123,0.2148873483762145,0.4853541277348995,0.5146458722651005,29,18,0.6206896551724138,1.9777636047452687,0.594140500575304,100.0,100.63537995904125,0.9997782662482404,0.13394844840833353,1005.4883618253607,1019.6832419883949,True,True,,True,True,True,True,
2266,512,1.8009952520951629,0.09258863506838678,0.6677749671041965,0.3322250328958035,11,4,0.36363636363636365,3.458752022590488,0.427691506408155,100.0,108.6731273606132,0.9830153172534583,0.245940591221376,2086.422161928347,2095.8570264362993,True,True,,True,True,True,True,
2267,512,1.5973488669842482,0.2547677828930318,0.3221580512821674,0.6778419487178327,23,9,0.391304347826087,3.990300452895462,0.5200929565355181,100.0,114.91382324544622,0.6711966242396614,8.89670644744884e-05,2079.9307125734936,2091.5798931458994,True,True,,True,True,True,True,
2268,512,1.0911470921710134,0.03893879670649767,0.5311419419944285,0.46885805800557145,17,9,0.5294117647058824,2.1680664972402157,0.4521180287003517,100.0,94.11919709788862,0.9600607283154479,0.011383855838190593,1467.3154490693241,1485.789458060486,True,True,,True,True,True,True,
2269,512,1.212671646848321,0.26303372187539936,0.6052048336714506,0.3947951663285494,18,10,0.5555555555555556,1.5346331725828348,0.5381786473095417,100.0,95.7411065006126,0.9919738892981251,0.27331188607519424,977.5423814796865,986.4162452196485,True,True,,True,True,True,True,
2270,512,1.7258161688223481,0.028308242373168466,0.4477838810533285,0.5522161189466714,22,11,0.5,2.9866118632256984,0.48422974850982425,100.0,113.63815979083051,0.8668225718468279,0.0014580825955416777,1724.2735515697666,1741.3242930945623,True,True,,True,True,True,True,
2271,512,1.9225279092788696,0.16675678733736277,0.5935228612273931,0.40647713877260694,14,5,0.35714285714285715,4.472096078563482,0.5633594019338488,100.0,113.35330846608224,0.9899513488541544,0.2862648002863461,1942.4753383356383,1951.2491356547534,True,True,,True,True,True,True,
2272,512,1.3889843551442027,0.13835454946383832,0.35953909568488596,0.640460904315114,26,18,0.6923076923076923,2.627297536097467,0.40788456946611407,100.0,108.29142507322808,0.6056737073626477,0.0022316671552634706,1896.312907463671,1905.5032861395302,True,True,,True,True,True,True,
2273,512,1.3948269709944725,0.2782974519766867,0.40600148178637024,0.5939985182136298,24,11,0.4583333333333333,2.2214396299794315,0.5549047583714127,100.0,106.88652651134157,0.9086400103685626,0.0028333006847605434,1208.4135967016084,1226.8078720650524,True,True,,True,True,True,True,
2274,512,1.9167147828266025,0.024790509045124053,0.6470177609473466,0.35298223905265336,16,9,0.5625,4.040052320156247,0.4228796783834696,100.0,111.68222944186027,0.9990815303838897,0.16653231668115265,2360.541418711783,2373.104933349953,True,True,,True,True,True,True,
2275,512,1.7471931744366884,0.15382241718471049,0.39273233301937577,0.6072676669806243,28,18,0.6428571428571429,3.4057777818292374,0.5308617856353521,100.0,115.9497264143626,0.8346047876493234,0.002224436145136073,1741.6950071551842,1757.9921752680261,True,True,,True,True,True,True,
2276,512,1.1912649730220437,0.14428520249202847,0.5603113237768411,0.4396886762231589,12,5,0.4166666666666667,1.927612845506519,0.4973107846453786,100.0,96.3769506387685,0.9656378080544921,0.1506013885583077,1237.0239142736295,1249.6332948743875,True,True,,True,True,True,True,
2277,512,1.0696173664182425,0.2183409310877323,0.6845939978957176,0.3154060021042824,13,4,0.3076923076923077,2.574329399038106,0.5116413647308946,100.0,89.21229260471023,0.9843934372308818,0.3984373320763061,1469.6466978961253,1474.960687845136,True,True,,True,True,True,True,
2278,512,1.6188469575718045,0.07740722307935356,0.4685778319835663,0.5314221680164337,27,17,0.6296296296296297,4.421939215622842,0.46711618937551974,100.0,110.49494705826555,0.8785807718368881,0.0008321220310707481,2427.3257844241666,2444.5519627237873,True,True,,True,True,True,True,
2279,512,1.7950609736144543,0.24891946585848926,0.5229365080595016,0.47706349194049835,19,10,0.5263157894736842,3.0399914930574594,0.586820587143302,100.0,112.79193533226726,0.9981706070286218,0.1883242940910807,1360.690905470052,1372.937281593709,True,True,,True,True,True,True,
2280,512,1.2664745589718223,0.051808998361229895,0.33035739213228227,0.6696426078677178,21,9,0.42857142857142855,1.5843785427510737,0.4407694907858968,100.0,105.87619590221834,0.5902128524554593,0.0006636147780057655,1285.0165663726516,1294.1565398956122,True,True,,True,True,True,True,
2281,512,1.3567970171570778,0.18589892154559493,0.5413601830601692,0.4586398169398308,26,15,0.5769230769230769,1.783729309681803,0.52221898175776,100.0,101.63463971700077,0.9987714613439082,0.12286758265776244,1102.302000438683,1117.1188107140738,True,True,,True,True,True,True,
2282,512,1.8316915137693286,0.12069707158952951,0.3120626538991928,0.6879373461008071,14,7,0.5,3.651036491431296,0.4558553839102388,100.0,120.65171853757408,0.5704233337821683,0.0036633688229623174,2205.698830389528,2214.304229671659,True,True,,True,True,True,True,
2283,512,1.504095109179616,0.2819559870287776,0.6546293318271637,0.34537066817283635,22,8,0.36363636363636365,3.79629145776853,0.598215645737946,100.0,102.21080515546731,0.9987280514099623,0.42351962361137396,1587.7504122212376,1592.8412439669714,True,True,,True,True,True,True,
2284,512,1.0574159631505609,0.010284409951418638,0.4987690910696983,0.5012309089303018,18,13,0.7222222222222222,2.3603760693222284,0.4302529808133841,100.0,93.97563308062496,0.8557462743229196,0.02604586794305101,1653.4945511658348,1668.1520291819766,True,True,,True,True,True,True,
2285,512,1.1858842577785254,0.23617146033793687,0.37429720796644683,0.6257027920335532,17,10,0.5882352941176471,1.3148559032008051,0.5662632439285517,100.0,101.98092548334262,0.7880330200673389,0.05739103893870494,871.8606006143503,884.1042466468318,True,True,,True,True,True,True,
2287,512,1.9601660035550594,0.19651089487597345,0.4359546978026628,0.5640453021973372,11,5,0.45454545454545453,4.252293509244919,0.5414759756997227,100.0,119.06209358248122,0.909654033457081,0.03483324432114555,1987.2854684186464,2004.2209213287213,True,True,,True,True,True,True,
2288,512,1.4783287635073066,0.11241255160421133,0.6168150637298822,0.38318493627011785,29,16,0.5517241379310345,2.845375456195325,0.4860134061425924,100.0,102.62242174759047,0.9999725800776045,0.21160020731184398,1629.6535529141197,1640.829729168519,True,True,,True,True,True,True,
2289,512,1.440531405620277,0.20229376908391714,0.3154326073825359,0.684567392617464,20,8,0.4,3.155661106389016,0.41592169981449845,100.0,111.20250729039464,0.539958256331159,0.0001317553629084287,2154.2030640605303,2161.9635851064318,True,True,,True,True,True,True,
2290,512,1.9979263544082642,0.09933099327608942,0.5314472623169422,0.46855273768305783,21,14,0.6666666666666666,1.2625721767544746,0.5620582401752472,100.0,116.7614846641361,0.9240426459363668,0.22554769240252212,814.3553843712967,823.7330651568411,True,True,,True,True,True,True,
2291,512,1.6664699697867036,0.228111560549587,0.4772366024553776,0.5227633975446224,14,8,0.5714285714285714,2.689999061543494,0.4919151566922665,100.0,111.33533616015279,0.9105154352243443,0.029718766892832236,1562.986647079614,1579.9038423793825,True,True,,True,True,True,True,
2292,512,1.1450723502784967,0.06911851186305285,0.6698141656816006,0.33018583431839943,27,12,0.4444444444444444,4.100132898800075,0.5364525353536009,100.0,91.96521739199005,0.999958429473152,0.3845369982613129,1976.9016484244103,1982.822922941458,True,True,,True,True,True,True,
2293,512,1.0157429249957204,0.29497353835031387,0.5938771110028028,0.4061228889971972,28,12,0.42857142857142855,3.495653950050473,0.47246299367398026,100.0,89.85567042099268,0.999930992303044,0.14050038158856645,1995.2583506771823,2008.7574210098812,True,True,,True,True,True,True,
2294,512,1.5457922797650099,0.004583996348083019,0.35286237858235836,0.6471376214176416,12,6,0.5,1.6315747476182878,0.5060994386672973,100.0,112.57061926981885,0.6833395400363085,0.03035143796323521,1129.213333560433,1139.89427421649,True,True,,True,True,True,True,
2295,512,1.8686040854081511,0.17525924686342478,0.6071951147168875,0.3928048852831125,25,16,0.64,2.311315847374499,0.4476786457002163,100.0,111.83365696570979,0.9998248047273794,0.12278876052077868,1486.4647944427059,1501.0919728375786,True,True,,True,True,True,True,
2296,512,1.319860864430666,0.12869294648990035,0.43961761705577374,0.5603823829442263,15,5,0.3333333333333333,3.7440142714418467,0.5797159289941192,100.0,103.7483833875969,0.9789183145235646,0.048628118637113325,1662.0475695961616,1679.9259967268424,True,True,,True,True,True,True,
2297,512,1.3066830215975642,0.2616509053856134,0.6254837464541196,0.37451625354588036,10,7,0.7,4.368050504475832,0.46120223104953767,100.0,97.85779304870681,0.9913590867654489,0.19804018559401934,2405.964797792711,2417.179860146912,True,True,,True,True,True,True,
2298,512,1.7548289149999619,0.045822491962462665,0.4211878415197134,0.5788121584802866,30,11,0.36666666666666664,2.5236580456607043,0.5166770128533245,100.0,115.16440245615235,0.8713584214746715,8.044910473005118e-05,1425.5059562907816,1442.975695423841,True,True,,True,True,True,True,
2299,512,1.5814463729038835,0.20800108322873712,0.563679751381278,0.436320248618722,17,8,0.47058823529411764,1.4306128492578862,0.43716208394616846,100.0,106.6865624263736,0.9537300669232558,0.0614906534858897,1134.4586932602947,1150.3718399536833,True,True,,True,True,True,True,
2300,512,1.1070420686155558,0.0857029415667057,0.382820938155055,0.617179061844945,23,13,0.5652173913043478,2.882997426856309,0.5911110393702983,100.0,99.23153594103462,0.9301205968109483,0.004247283398188341,1349.2626064754952,1367.9750363787246,True,True,,True,True,True,True,
2301,512,1.22759769577533,0.1598730926401913,0.4589594088494777,0.5410405911505223,22,12,0.5454545454545454,3.886280184891075,0.4054418057203293,100.0,100.49438012088626,0.771650766444355,0.00041646581207023666,2524.5968441554237,2537.973898499151,True,True,,True,True,True,True,
2302,512,1.7108978759497404,0.13147142641246318,0.6882553912699222,0.3117446087300778,19,8,0.42105263157894735,2.064452103897929,0.5734166828915477,100.0,106.13892950442323,0.9947697314661619,0.4602295520786071,1069.621932762137,1074.0288802096406,True,True,,True,True,True,True,
2303,512,1.8753773933276534,0.2699194148182869,0.3456414051353931,0.6543585948646069,26,9,0.34615384615384615,1.8737179876305161,0.48061772640794514,100.0,120.38835379297655,0.6653164950967498,0.00018359238290891814,1284.1465516865298,1295.503218883058,True,True,,True,True,True,True,
2304,512,1.4361273683607578,0.0351945080794394,0.5015001527965068,0.49849984720349316,15,9,0.6,3.355112476833164,0.5470667771995068,100.0,104.93713870200884,0.9965164146849462,0.09164708156117421,1630.3878198766874,1646.705944125284,True,True,,True,True,True,True,
2305,512,1.4354413384571671,0.27027969192713497,0.6484221678227186,0.35157783217728145,21,11,0.5238095238095238,2.518450847268104,0.4645332258194685,100.0,100.65338221872673,0.9994258929998154,0.24382181757567079,1556.2503264243696,1566.149743907557,True,True,,True,True,True,True,
2306,512,1.8780463878065348,0.036327832471579315,0.40506189726293085,0.5949381027370692,19,8,0.42105263157894735,4.360379617195576,0.5074835913255811,100.0,118.38689364116544,0.8216943162153263,0.0007188055158113639,2219.1958393316268,2235.134669429962,True,True,,True,True,True,True,
2308,512,1.2289548963308334,0.13216515574604273,0.3932822417467832,0.6067177582532168,13,8,0.6153846153846154,1.4197192442603408,0.5815056312829257,100.0,102.64330435811485,0.806071138692536,0.09620907680685169,875.1039917584619,886.1522790649418,True,True,,True,True,True,True,
2309,512,1.1082767015323043,0.2080499324016273,0.4672475330531597,0.5327524669468403,12,8,0.6666666666666666,2.075346108432859,0.42049460224807267,100.0,96.58135685106282,0.7740326999944287,0.04445154150879442,1556.4724684172431,1568.1927877629887,True,True,,True,True,True,True,
2310,512,1.5782273449003696,0.08652484025806188,0.6856078691780567,0.3143921308219433,28,11,0.39285714285714285,3.888264167681336,0.5509450631216168,100.0,103.1605585934318,0.9998424684400766,0.42948700260027606,1802.990727337482,1808.0860837384782,True,True,,True,True,True,True,
2311,512,1.7573762955144048,0.2621393518522382,0.3305167771875858,0.6694832228124141,16,8,0.5,3.3627837636508042,0.4968637594953179,100.0,118.34462599325519,0.6536403721247553,0.003314506045529283,1899.4096736071738,1910.383877723495,True,True,,True,True,True,True,
2312,512,1.3061195146292448,0.046791016962379216,0.5223142109811305,0.4776857890188695,24,14,0.5833333333333334,1.8789247864857315,0.5257395673543215,100.0,100.80877583067638,0.9984689559427005,0.09279186958232147,1134.066113824286,1150.2502612043913,True,True,,True,True,True,True,
2313,512,1.317344226874411,0.17516905032098293,0.3114396892488003,0.6885603107511997,29,12,0.41379310344827586,1.254082594346255,0.4067801581695676,100.0,107.99592854002873,0.5249649422780278,4.9728878009122915e-05,1194.7189546905313,1202.0746581938065,True,True,,True,True,True,True,
2314,512,1.8691983316093683,0.12791210012510418,0.541518709808588,0.45848129019141204,11,6,0.5454545454545454,3.151247524470091,0.5653434585779905,100.0,113.80837252050827,0.980417378376548,0.2040765384980157,1472.5899702700683,1483.9288710861642,True,True,,True,True,True,True,
2315,512,1.5445263711735606,0.2944440328516066,0.49978210404515266,0.5002178959548473,23,14,0.6086956521739131,4.088420697022229,0.4823555249720812,100.0,107.72422489758054,0.9634081801549004,0.0022338134506666644,2183.023151198875,2202.78336066333,True,True,,True,True,True,True,
2316,512,1.0189306735992432,0.0036568075418472287,0.6532983653247356,0.3467016346752644,17,6,0.35294117647058826,2.6888080006465316,0.5393684903159738,100.0,88.36265972341948,0.9947005028835154,0.3617342265889728,1430.9262241404676,1437.240855959893,True,True,,True,True,True,True,
2317,512,1.1483826851472259,0.22771023334935306,0.5791438650339842,0.4208561349660158,18,6,0.3333333333333333,1.632766195759177,0.4500371502712369,100.0,94.5401384641832,0.9751246962012943,0.09524554682180487,1216.99858554529,1231.7733345971178,True,True,,True,True,True,True,
2318,512,1.6650825031101704,0.06802653260529042,0.3740647789090872,0.6259352210909128,22,15,0.6818181818181818,3.5073657645843923,0.5211003553122282,100.0,114.70725243214133,0.7731887915228631,0.0072766356924732056,1842.7252774060275,1856.9389893194352,True,True,,True,True,True,True,
2319,512,1.9986422332003713,0.20203878208994866,0.615874620899558,0.384125379100442,14,8,0.5714285714285714,3.7484282406046985,0.4264033157378435,100.0,114.23308364262573,0.9957556580507413,0.1048428577650035,2205.8219537752534,2220.9214605764055,True,True,,True,True,True,True,
2320,512,1.4378922563046217,0.09867832520976662,0.4373584371060133,0.5626415628939867,26,13,0.5,2.3198050425387917,0.5959161857143045,100.0,107.00076751436535,0.9979824424255943,0.05720146028695668,1108.339822592121,1126.287881732611,True,True,,True,True,True,True,
2321,512,1.4792002756148577,0.19603160480037332,0.5324847921729088,0.4675152078270912,15,9,0.6,3.6595255882479245,0.5005743898451328,100.0,105.10009335992521,0.9969531698729056,0.06906145316747814,1919.9360430743288,1937.242198840585,True,True,,True,True,True,True,
2322,512,1.9573124656453729,0.11145318076014518,0.31412594914436337,0.6858740508556367,25,8,0.32,1.7881433771923185,0.47163754906505345,100.0,123.24068705532284,0.5943868629412821,0.00015782851855064575,1274.8111562897882,1284.2290441729185,True,True,,True,True,True,True,
2323,512,1.6287795677781105,0.23613176532089708,0.6691666930913924,0.33083330690860757,12,5,0.4166666666666667,2.3720879822038112,0.5761590672656893,100.0,104.79515106189541,0.9837362106907421,0.4377594885346715,1175.7504596878534,1180.4188060473773,True,True,,True,True,True,True,
2324,512,1.1847077710554004,0.057583616394549605,0.47737080603837967,0.5226291939616203,28,14,0.5,3.797482807561755,0.4456719860434532,100.0,98.64402065416328,0.8611196533410697,4.89153526591757e-05,2281.1707546148723,2297.507183525762,True,True,,True,True,True,True,
2325,512,1.0563630126416683,0.28175149261951443,0.3519464466720819,0.6480535533279181,27,16,0.5925925925925926,3.203523924015462,0.556340453773737,100.0,98.6013570512061,0.7923163496770077,0.0007774265823555731,1627.996056702783,1642.99053052904,True,True,,True,True,True,True,
2326,512,1.5071334233507514,0.009599837008863688,0.5953051645308733,0.40469483546912666,14,6,0.42857142857142855,1.3031436030752956,0.41490370836108925,100.0,103.95398971182658,0.9450316283213285,0.10211864393446539,1122.638749600262,1136.1844404840754,True,True,,True,True,True,True,
2327,512,1.8289586510509253,0.18554780082777142,0.44014235623180864,0.5598576437681914,21,8,0.38095238095238093,2.8409617759287356,0.5326975954696536,100.0,116.16551617890792,0.939652045443373,0.001967988146993851,1479.2052458833116,1498.7305047927546,True,True,,True,True,True,True,
2328,512,1.3575450675562024,0.11957290135324,0.6069383565336466,0.3930616434663534,20,13,0.65,4.243804025184363,0.4897106096148491,100.0,99.762218765927,0.9999618630109453,0.19739771104738457,2217.083482875075,2228.7223001493526,True,True,,True,True,True,True,
2329,512,1.2691757250577211,0.24916529646143315,0.420931750908494,0.579068249091506,15,5,0.3333333333333333,4.0452590206637975,0.5707388034090399,100.0,102.91374609993204,0.9671452863356321,0.010097344779315323,1813.6739439294295,1833.3237116194948,True,True,,True,True,True,True,
2330,512,1.7942812303081155,0.052452512271702285,0.6260093439370393,0.37399065606296067,26,16,0.6153846153846154,2.2291110151447358,0.4011893101036549,100.0,109.70881153262951,0.9998317136420822,0.06803182256858237,1575.6815466107241,1591.9875631450234,True,True,,True,True,True,True,
2331,512,1.6199321374297142,0.21873310413211583,0.3842498499900102,0.6157501500099898,19,10,0.5263157894736842,1.9295969266444444,0.5463265672326088,100.0,113.29422697974195,0.8266980315783861,0.016840054944466446,1126.7188980525623,1142.0364048011822,True,True,,True,True,True,True,
2332,512,1.0666112853214145,0.07849004594609141,0.5627644870430231,0.43723551295697693,22,9,0.4090909090909091,3.4166716880165042,0.47520232629030945,100.0,92.41507565683833,0.9993157787831716,0.08065089865239339,1945.526904345766,1961.7794083426475,True,True,,True,True,True,True,
2333,512,1.1881353668868542,0.15434276852756737,0.6883902624249458,0.31160973757505417,23,11,0.4782608695652174,4.411045708972961,0.5141911080107093,100.0,92.77398091739173,0.9999348231945535,0.39404233575072173,2193.903562107219,2199.616585224896,True,True,,True,True,True,True,
2334,512,1.7483989736065269,0.14520323490723966,0.4583127945661545,0.5416872054338455,17,9,0.5294117647058824,2.572344918362796,0.45714151933789254,100.0,113.80396283819766,0.8377015257567296,0.007787835374192356,1633.2035542958752,1648.842460597777,True,True,,True,True,True,True,
2335,512,1.9158143755048513,0.27837849212810395,0.5001943528652191,0.49980564713478093,30,20,0.6666666666666666,1.5767075571231544,0.5905696704983712,100.0,116.06731520080251,0.962759837033609,0.17950438924274462,862.7760510802568,874.5600510914918,True,True,,True,True,True,True,
2336,512,1.3976516174152493,0.025562201254069803,0.34667960256338115,0.6533203974366188,10,4,0.4,3.0347843930125236,0.4319453341886401,100.0,108.96725425981549,0.6040187567403241,0.008251087589216987,2023.302037540407,2032.434095846537,True,True,,True,True,True,True,
2337,512,1.3878691773861647,0.16726297102868556,0.48761193081736565,0.5123880691826344,20,12,0.6,3.466426499560475,0.5786726657301188,100.0,104.09471315142252,0.9997038776254682,0.11476215663418027,1557.3392720624563,1572.558151719,True,True,,True,True,True,True,
2338,512,1.9256260665133595,0.13934195833280683,0.6590972192585468,0.3409027807414532,20,9,0.45,1.982967115100473,0.4497969144955278,100.0,111.52168208421506,0.9949020450247664,0.24833323263676457,1332.727535689153,1342.5547816828548,True,True,,True,True,True,True,
2339,512,1.722900915890932,0.2631003105081618,0.3009543694555759,0.6990456305444241,13,5,0.38461538461538464,2.1789635935798284,0.5042619617655874,100.0,118.63043698795684,0.6001127541375648,0.0068533737996331985,1374.325017334647,1383.7531176265716,True,True,,True,True,True,True,
2340,512,1.2136035179719329,0.029149022698402402,0.5458768509328364,0.45412314906716356,26,17,0.6538461538461539,3.9922814422287045,0.47381145022809507,100.0,97.45852079713683,0.9999965143766404,0.04153148933746947,2188.755246395794,2207.9202769785525,True,True,,True,True,True,True,
2341,512,1.091956377029419,0.25496254982426764,0.6217224042862654,0.37827759571373465,28,18,0.6428571428571429,2.9846304866485296,0.5344326142221689,100.0,91.5948714379594,0.9999969528519667,0.29219076736256583,1554.1330009738604,1563.3176282348202,True,True,,True,True,True,True,
2342,512,1.594555172137916,0.03961478658020496,0.42523699067533016,0.5747630093246698,11,3,0.2727272727272727,1.5237364634871482,0.49305695835500957,100.0,111.31665011749152,0.7949304764343372,0.04513058568232371,1091.3217684867684,1104.297507955178,True,True,,True,True,True,True,
2343,512,1.8039717767387629,0.21522874161601066,0.5834530886262654,0.41654691137373456,25,11,0.44,2.622093638498336,0.5608066054061055,100.0,111.15682971286282,0.9988073677975156,0.2581725932764323,1296.1599824180507,1305.974175810036,True,True,,True,True,True,True,
2344,512,1.2595162773504853,0.09370422223582864,0.36353072039782997,0.63646927960217,15,8,0.5333333333333333,4.464421988837421,0.4178561892360449,100.0,104.53410576940098,0.6231287680044645,0.0018673056004296841,2818.144456869162,2827.866889066144,True,True,,True,True,True,True,
2345,512,1.3635106813162565,0.296933482401073,0.5527186643332243,0.44728133566677575,10,5,0.5,3.8508593886159357,0.5488432193174958,100.0,101.48114787259084,0.9830446543138752,0.19898299706458422,1819.4285770550357,1830.7708871966229,True,True,,True,True,True,True,
2346,512,1.8230243744328618,0.0061456854455173016,0.3945146258920431,0.6054853741079569,30,17,0.5666666666666667,2.4218364011496307,0.47933030463755133,100.0,117.5639335635135,0.7570874949446418,0.0006856396261157276,1516.007625638798,1529.8984673162886,True,True,,True,True,True,True,
2347,512,1.5286315120756626,0.1726781747303903,0.639376225695014,0.36062377430498604,16,11,0.6875,1.7351719946600497,0.574423324689269,100.0,103.23610454238099,0.9960069315884668,0.3751573145633972,958.7120899093338,964.9418381905534,True,True,,True,True,True,True,
2348,512,1.0348332887515426,0.12542065177112818,0.4077349942177534,0.5922650057822466,23,8,0.34782608695652173,3.6093719707801935,0.4033601583912969,100.0,96.03964914213299,0.6833790325959817,1.0277738139071448e-05,2442.4110904387903,2453.515346895564,True,True,,True,True,True,True,
2349,512,1.163301095366478,0.19954990474507212,0.33170023187994957,0.6682997681200504,21,7,0.3333333333333333,4.190826538950205,0.592301639355719,100.0,102.73534390290172,0.8133998148510978,0.0001350024504588433,1831.9823003576425,1847.5159780323056,True,True,,True,True,True,True,
2350,512,1.650156575255096,0.09618887510150671,0.5149043954908847,0.48509560450911526,18,11,0.6111111111111112,2.790814262162894,0.43528862930834294,100.0,109.77980347291106,0.9029264416236092,0.011510571464723804,1788.2895718249038,1805.2569361145215,True,True,,True,True,True,True,
2351,512,1.9514993373304605,0.23020168114453554,0.46996954753994935,0.5300304524600506,25,13,0.52,1.3565136870369314,0.5186603125184774,100.0,117.76943395947086,0.8978119631873275,0.07291018048953844,938.3529059700753,953.0769205714851,True,True,,True,True,True,True,
2352,512,1.4850428933277726,0.07051740875467657,0.6766106657683849,0.3233893342316151,14,6,0.42857142857142855,3.2532788400538264,0.4600970508530736,100.0,101.13845656687982,0.9954659417791052,0.3024485700937515,1894.7573592010692,1902.7755449485676,True,True,,True,True,True,True,
2353,512,1.4633588241413236,0.24301574220880864,0.3783532295376062,0.6216467704623938,24,16,0.6666666666666666,2.73855593400076,0.4426437079906464,100.0,109.61168005554407,0.6763468739853349,0.0031358367807256364,1817.9184961405024,1829.1754089691847,True,True,,True,True,True,True,
2354,512,1.9731464143842459,0.06446702051907778,0.574837090447545,0.42516290955245495,16,6,0.375,4.141797763668,0.5856307504698635,100.0,114.93916954778291,0.992935688396023,0.27900692898415846,1728.039101676487,1737.0583864129305,True,True,,True,True,True,True,
2355,512,1.6748926183208823,0.18914619293063878,0.4166713524609804,0.5833286475390196,28,13,0.4642857142857143,3.101092831324786,0.46822060700505974,100.0,113.49629494915962,0.7834653211028075,9.607283605445915e-05,1858.0950254698444,1872.6572158112874,True,True,,True,True,True,True,
2356,512,1.13860247656703,0.10456719724461436,0.6365922097116709,0.36340779028832915,12,7,0.5833333333333334,1.2011122874915598,0.5096573017537593,100.0,92.65300025076698,0.9669403311323922,0.3187637401194959,909.1147158993164,916.1330889234792,True,True,,True,True,True,True,
2357,512,1.0092735243961215,0.1786643961444497,0.5122180387377738,0.48778196126222617,13,7,0.5384615384615384,2.269656834192574,0.4985989689826965,100.0,91.95909157711492,0.9697624455005504,0.05211711526604604,1388.5465340347482,1405.607534173424,True,True,,True,True,True,True,
2358,512,1.554215393960476,0.11268892502412199,0.34073424339294434,0.6592657566070557,27,12,0.4444444444444444,3.6954514489509167,0.5290861068293452,100.0,113.20220945500859,0.7234753899628469,7.54299257294387e-05,1909.6999244029687,1922.828878338785,True,True,,True,True,True,True,
2359,512,1.8438236573711038,0.2886374766938388,0.6990220576524734,0.3009779423475266,19,6,0.3157894736842105,3.5571197893470528,0.42496056314557795,100.0,108.71982257470927,0.996011820559531,0.2971473003726705,2133.459705677822,2141.6000611146897,True,True,,True,True,True,True,
2360,512,1.342687802389264,0.016485248319804666,0.4541011229157448,0.5458988770842552,21,13,0.6190476190476191,1.686137170996517,0.5538973532617092,100.0,103.91936669777334,0.9405241083937028,0.06234005483104725,1005.8090468605429,1021.9904444810454,True,True,,True,True,True,True,
2361,512,1.2845880286768079,0.22092887023463845,0.6680320516228675,0.3319679483771325,26,10,0.38461538461538464,1.4730901150032878,0.4848723677918315,100.0,96.08649274897607,0.9942559800606704,0.3214519551739798,1060.0769676097138,1067.5266177860867,True,True,,True,True,True,True,
2362,512,1.778876444324851,0.08068638369441032,0.48482944071292877,0.5151705592870712,14,9,0.6428571428571429,2.930767173785716,0.5434966593980789,100.0,113.63042820569132,0.9743681669427767,0.07365601604926733,1470.996363624963,1487.7797085155175,True,True,,True,True,True,True,
2363,512,1.5722913136705756,0.24696638770401477,0.5297139286994934,0.4702860713005066,22,12,0.5454545454545454,4.307402917742729,0.4104644887149334,100.0,107.48309522792727,0.8980589556244463,0.0006867508978414101,2623.8516817763525,2640.763630453226,True,True,,True,True,True,True,
2364,512,1.1142443679273129,0.05025417627766728,0.32307432144880294,0.676925678551197,18,9,0.5,2.4683025467209516,0.5675141161307693,100.0,101.48648745885572,0.7412031043948603,0.004431562541724734,1316.244455819317,1329.6049412478867,True,True,,True,True,True,True,
2365,512,1.2347995145246387,0.2761821538209915,0.4476499084383249,0.552350091561675,17,7,0.4117647058823529,1.8259541907347738,0.4281354753300548,100.0,101.06131659615181,0.7809396264789145,0.0024729321079804845,1401.8724449972015,1415.7208635255613,True,True,,True,True,True,True,
2366,512,1.7017423287034035,0.02336643571034074,0.6058524537831544,0.39414754621684556,23,12,0.5217391304347826,3.312629359401762,0.5992596715688705,100.0,108.24799194332263,0.999749553359174,0.3424435323044992,1413.0443531514677,1420.1797675376642,True,True,,True,True,True,True,
2367,512,1.89942538831383,0.15654110508039593,0.36084588952362534,0.6391541104763747,11,7,0.6363636363636364,3.941641535516828,0.4545061640441418,100.0,120.3624664600095,0.6424701855407782,0.022843431517298445,2324.0367196489688,2333.745672650975,True,True,,True,True,True,True,
2368,512,1.4140328485518694,0.14740214310586452,0.5924855742603541,0.4075144257396459,29,10,0.3448275862068966,2.125093740597367,0.524055696092546,100.0,101.66779987344614,0.9974051088437345,0.22472731605154087,1230.2076706022167,1240.9389765957046,True,True,,True,True,True,True,
2369,512,1.4173572612926364,0.21194692337885498,0.36980233937501905,0.630197660624981,14,7,0.5,1.6612395778298377,0.534035836532712,100.0,108.69893064477344,0.7603157308974807,0.029067377554424734,1070.9094645085625,1083.7392828792422,True,True,,True,True,True,True,
2370,512,1.8961389288306236,0.08964878171682357,0.5772232502698897,0.42277674973011026,26,15,0.5769230769230769,3.4773816886357958,0.48798478338867424,100.0,113.29283118245866,0.9999533592401356,0.13366513908847458,1861.4126718488649,1875.9485206274767,True,True,,True,True,True,True,
2371,512,1.6896439054980874,0.2565148752182722,0.4314598500728607,0.5685401499271393,18,12,0.6666666666666666,3.7769016964361066,0.5580784576013684,100.0,113.34792665622297,0.9510055104006547,0.020050481939078497,1744.4862588647884,1763.3255410182621,True,True,,True,True,True,True,
2372,512,1.2468595672398806,0.04068646179512143,0.6154436692595482,0.3845563307404518,22,9,0.4090909090909091,2.289821040350944,0.4135532420128584,100.0,96.44977021658366,0.9979071753590506,0.07307580097993689,1606.7342407315173,1622.6081662243073,True,True,,True,True,True,True,
2373,512,1.1175382183864713,0.2671454317867756,0.5396042648702859,0.4603957351297141,23,7,0.30434782608695654,1.282556394394487,0.5774941492825747,100.0,94.71255044094147,0.9507604471438373,0.2387941728158719,815.8028505598004,824.8601527750818,True,True,,True,True,True,True,
2374,512,1.5689742919057608,0.03242052504792809,0.30718328841030595,0.692816711589694,17,11,0.6470588235294118,3.121263079717755,0.44394319150596856,100.0,114.75910569892363,0.5475262374425461,0.006144368934452321,2021.8926588576796,2029.7978557053077,True,True,,True,True,True,True,
2375,512,1.7668085237964988,0.166181015688926,0.6528734404593706,0.34712655954062943,29,15,0.5172413793103449,4.116894521657377,0.5023153619840741,100.0,108.3506417953372,0.9999853570262486,0.308962179072372,2077.1485509305976,2085.353635610777,True,True,,True,True,True,True,
2376,512,1.2966785840690136,0.13777934946119785,0.49388969875872135,0.5061103012412786,11,5,0.45454545454545453,2.658823580481112,0.4702902417629957,100.0,101.4033997627862,0.9034416433110841,0.032602070569483714,1641.6729648470655,1657.8855165603977,True,True,,True,True,True,True,
2377,512,1.3303757412359118,0.23322944110259414,0.6828327629715204,0.3171672370284796,16,9,0.5625,2.0468723083846267,0.5887919822707772,100.0,96.95233347709757,0.9974043172605971,0.4631384693260972,1039.837039372658,1044.0677744825423,True,True,,True,True,True,True,
2378,512,1.8561583533883095,0.07423639241605996,0.46369310207664965,0.5363068979233503,24,11,0.4583333333333333,3.918248612433672,0.4333293575793505,100.0,115.9806266316345,0.818148640606712,0.00016789402001994694,2345.8958112791156,2361.086029031091,True,True,,True,True,True,True,
2379,512,1.5577533850446343,0.19832945745438338,0.5211752522736788,0.4788247477263212,12,4,0.3333333333333333,3.3343099390156565,0.5127948950976133,100.0,107.39041378733475,0.9656904175118962,0.09883736771353342,1748.441487670011,1763.6006477450887,True,True,,True,True,True,True,
2380,512,1.0057123620063066,0.09536668164655566,0.3254726830869913,0.6745273169130087,28,19,0.6785714285714286,1.908909206651151,0.45893144477158787,100.0,97.77671924042045,0.599915931861826,0.001911468010713615,1414.8025095148507,1424.2569075867284,True,True,,True,True,True,True,
2381,512,1.1262599127367139,0.16896950919181108,0.4015135034918785,0.5984864965081216,27,16,0.5925925925925926,2.489977465197444,0.544552038051188,100.0,99.23211711851178,0.8789368036259859,0.0022016141110261455,1362.6874883210494,1380.1289047534588,True,True,,True,True,True,True,
2382,512,1.6871968116611242,0.12240320881828665,0.6456532299518585,0.3543467700481415,13,4,0.3076923076923077,4.390363693144172,0.4765893179923296,100.0,106.7860098398458,0.9875348700226009,0.27018423796999974,2314.110621937876,2323.1268367875273,True,True,,True,True,True,True,
2383,512,1.9767149677500129,0.2977659570984542,0.38824432790279384,0.6117556720972062,21,9,0.42857142857142855,2.8525395886972547,0.5693396221846342,100.0,121.01390950988775,0.8966054629596542,0.003713851548309764,1371.6799449964285,1389.8044590519717,True,True,,True,True,True,True,
2384,512,1.4598282240331173,0.007376415096223354,0.5589468196034431,0.44105318039655694,19,10,0.5263157894736842,1.449703246448189,0.4029760764911771,100.0,103.8213060586641,0.9244384155423663,0.017465512296933473,1225.6528129154842,1242.2471013305135,True,True,,True,True,True,True,
2385,512,1.4961265921592712,0.28736681398004293,0.4603231500834226,0.5396768499165774,29,11,0.3793103448275862,4.439418383035808,0.4950892075896263,100.0,107.75818831238979,0.9116910062927671,8.290499492457041e-06,2303.9533053590367,2320.4889355498367,True,True,,True,True,True,True,
2386,512,1.9403776852414012,0.015695236902683974,0.6927456852048635,0.30725431479513654,10,7,0.7,2.542260134406388,0.5271265340968967,100.0,110.8808198359211,0.9897571845588784,0.42630345203156195,1360.9930315594324,1366.1343501383196,True,True,,True,True,True,True,
2387,512,1.6458937618881464,0.18164165457710624,0.34700517319142815,0.6529948268085719,23,14,0.6086956521739131,1.6050803049467504,0.41909539904445414,100.0,115.19547872757391,0.5946611301688668,0.003731894143422306,1324.3432240142822,1333.3086242584814,True,True,,True,True,True,True,
2388,512,1.1676022792235017,0.11643980462104081,0.505990419909358,0.494009580090642,16,7,0.4375,3.004699682816863,0.552731803804636,100.0,97.25644590218576,0.993999977663041,0.11110963121231177,1498.1840326960578,1513.3192843471265,True,True,,True,True,True,True,
2389,512,1.0459475498646498,0.1899281750433147,0.63037074431777,0.36962925568223004,18,8,0.4444444444444444,4.073632112704217,0.438352207839489,100.0,89.87073945472793,0.9993746205393874,0.15757775248131858,2394.1705713738656,2406.6621812803364,True,True,,True,True,True,True,
2390,512,1.5175404222682118,0.10582983177155256,0.42294833436608315,0.5770516656339169,21,11,0.5238095238095238,2.1990258623845875,0.582889629714191,100.0,109.50268900361561,0.971680196558447,0.030275408706655967,1105.15187595904,1123.8963188062835,True,True,,True,True,True,True,
2391,512,1.8187310583889484,0.239256870187819,0.568566770106554,0.431433229893446,15,10,0.6666666666666666,1.95797004327178,0.46313699092715976,100.0,111.91713487660815,0.9659965058177248,0.10787400575625224,1302.2325718895693,1316.7928606627797,True,True,,True,True,True,True,
2392,512,1.3677813624963164,0.061481768544763324,0.3845814101397991,0.6154185898602009,25,8,0.32,3.3865865598432716,0.5092734910547734,100.0,106.86903590709835,0.7836741018884164,2.4478944167848578e-05,1856.0215011020023,1870.79790726778,True,True,,True,True,True,True,
2393,512,1.254978820681572,0.15806124843657016,0.598757266253233,0.401242733746767,20,14,0.7,3.175150831975043,0.4277384204789996,100.0,97.14807226938541,0.9998791037011413,0.062073775596116376,1988.253626460082,2004.9450113233024,True,True,,True,True,True,True,
2394,512,1.8084865985438228,0.14852403374388815,0.35461598113179205,0.645384018868208,20,7,0.35,1.3332287558354436,0.5941874161362648,100.0,118.62575186716623,0.7819136130294291,0.06278481033639222,803.0132257604332,814.879808911677,True,True,,True,True,True,True,
2395,512,1.6059135738760233,0.2728684396483004,0.6120752431452274,0.38792475685477257,26,13,0.5,2.8125886593014,0.45177814438939096,100.0,105.86098574983367,0.9998136759424845,0.14157682183606826,1714.9981381016826,1728.7180845077744,True,True,,True,True,True,True,
2396,512,1.0806211465969682,0.019361496716737748,0.4413712464272976,0.5586287535727024,13,7,0.5384615384615384,4.273889153357595,0.5197530737146735,100.0,96.49287397636527,0.9082138379692908,0.010020074362814192,2164.1536935616136,2181.921463496243,True,True,,True,True,True,True,
2397,512,1.2090965639799833,0.24585252748802303,0.3168017130345106,0.6831982869654893,11,6,0.5454545454545454,3.631152914185077,0.4836937887594104,100.0,104.65461036956629,0.6042634676997072,0.009958439327009306,2127.8449221455116,2137.213826779693,True,True,,True,True,True,True,
2398,512,1.7274462403729558,0.04874205999076366,0.5359428729861975,0.46405712701380253,28,11,0.39285714285714285,1.8182281611487268,0.537642689049244,100.0,110.89985933763393,0.9907585293474253,0.14481087563153863,1066.4511441997438,1080.3639481706919,True,True,,True,True,True,True,
2399,512,1.9369539059698582,0.22494180053472518,0.47860568724572655,0.5213943127542735,15,5,0.3333333333333333,2.3437152343802152,0.4085181839764118,100.0,117.1921269251448,0.806869655855636,0.0033246171947160248,1663.1375320404447,1677.5287674935032,True,True,,True,True,True,True,
2400,512,1.3765033846721053,0.08400809252634645,0.6743097972124814,0.3256902027875186,24,15,0.625,3.8275675177574158,0.5639930179342627,100.0,98.41550684236506,0.9999895468539471,0.4225360959820806,1742.6082549226485,1747.7613015353058,True,True,,True,True,True,True,
2401,512,1.4019411467015743,0.2587136453948915,0.5160354617983103,0.4839645382016897,25,11,0.44,4.220511982217431,0.423222615942359,100.0,103.59908952758826,0.894644437119124,4.980844340206808e-05,2543.6106385299286,2560.6160109213974,True,True,,True,True,True,True,
2402,512,1.9115475406870246,0.04288465920835733,0.3367396283894777,0.6632603716105223,15,8,0.5333333333333333,2.762840830441564,0.5552476914599538,100.0,121.47089577507745,0.7389713038595106,0.014553562255101047,1423.4429333374642,1436.37003098887,True,True,,True,True,True,True,
2403,512,1.7372885551303625,0.2097513047978282,0.6793780226260423,0.3206219773739577,22,14,0.6363636363636364,1.3861991548910737,0.49726082030683755,100.0,106.96697184663884,0.9955935903162543,0.35967926018561064,980.4607710483307,987.1710728351902,True,True,,True,True,True,True,
2404,512,1.1992226736620069,0.08745259149000048,0.4735191378742456,0.5264808621257544,18,6,0.3333333333333333,3.225305432919413,0.5308118168264627,100.0,99.19946997317538,0.9886635676612555,0.01816738799309571,1657.7433269103406,1677.494269089697,True,True,,True,True,True,True,
2405,512,1.0708702523261309,0.16398281771689652,0.3995600000023842,0.6004399999976158,17,7,0.4117647058823529,3.8805444139055902,0.4664795245975256,100.0,97.50675771628488,0.7485110017378143,0.0004597328006639592,2287.0340376353847,2300.477881673245,True,True,,True,True,True,True,
2406,512,1.6156347403302789,0.1355805798433721,0.5538559585809708,0.4461440414190292,24,16,0.6666666666666666,2.3938633382320402,0.511004695482552,100.0,107.7906381464528,0.9998411483336285,0.12707742308707584,1361.2099622849776,1375.996965099321,True,True,,True,True,True,True,
2407,512,1.783201314508915,0.2693416225723922,0.41129080057144163,0.5887091994285584,11,6,0.5454545454545454,1.7648570937104524,0.4413085037842393,100.0,116.12491292000414,0.7048343670658437,0.03966862899129128,1326.2910476747395,1336.835698908243,True,True,,True,True,True,True,
2408,512,1.2802935345098376,0.034616143070161344,0.6421495720744133,0.35785042792558674,30,14,0.4666666666666667,3.5813989816233516,0.5873595956712961,100.0,96.66505429203033,0.9999743504852808,0.39076559417299395,1571.4280090458033,1577.2055202318804,True,True,,True,True,True,True,
2409,512,1.3462210111320019,0.205215007904917,0.43113087862730026,0.5688691213726997,25,13,0.52,2.954945461358875,0.4559023084118962,100.0,104.74985486881837,0.7920970318176104,0.000356811337103401,1854.5504339154536,1869.154596880775,True,True,,True,True,True,True,
2410,512,1.8403206011280417,0.10225280374288559,0.6221454620361329,0.37785453796386714,16,7,0.4375,1.5517095264047382,0.5222659107297659,100.0,110.8042519136788,0.9740004656244972,0.30029225187268155,997.2341990759661,1005.2580150663618,True,True,,True,True,True,True,
2411,512,1.5116365309804678,0.22634531669318675,0.36778831779956817,0.6322116822004318,29,10,0.3448275862068966,2.5924085394479333,0.4299130830913782,100.0,111.20262349782018,0.6451404193397081,5.8671316534708305e-06,1790.6008313390025,1799.3685962078061,True,True,,True,True,True,True,
2412,512,1.051821474917233,0.06735284077003598,0.5853659525513648,0.4146340474486352,12,7,0.5833333333333334,4.492394977994263,0.5978757524862885,100.0,91.29510745012192,0.9980361454451289,0.30780899384871746,1855.6589315070883,1863.387424433868,True,True,,True,True,True,True,
2413,512,1.173353211954236,0.29087983444333076,0.6595265064388514,0.34047349356114864,13,9,0.6923076923076923,3.4367410562932488,0.41186376828700305,100.0,93.09429438426417,0.9983503640554384,0.17567680754489778,2179.961837354219,2191.544729159524,True,True,,True,True,True,True,
2414,512,1.6401110151782632,0.0004908652044832706,0.4935117978602648,0.5064882021397352,27,10,0.37037037037037035,2.0109405468218027,0.565727275237441,100.0,110.20918833103525,0.9891043841034157,0.11308515847632057,1073.9853663321448,1089.19649038848,True,True,,True,True,True,True,
2415,512,1.9618461355566978,0.17585306139662862,0.5477957058697939,0.45220429413020613,20,10,0.5,2.1492781257256866,0.48664703108370305,100.0,115.53079155817119,0.9928627811825667,0.07830120846762884,1311.7507016312607,1328.6663157592525,True,True,,True,True,True,True,
2416,512,1.474689300172031,0.1292873326689005,0.30521818436682224,0.6947818156331778,20,11,0.55,4.020254849363118,0.5421096051111818,100.0,112.4569197056395,0.6649255833460409,0.0013934535615851573,2007.6406459270074,2019.072006955439,True,True,,True,True,True,True,
2417,512,1.449956334196031,0.18413267768919467,0.6007107280194759,0.3992892719805241,11,4,0.36363636363636365,1.8555389259941875,0.5622058652341366,100.0,102.36019601349102,0.9547646393816055,0.32500636181320225,1041.7774995339225,1048.5736259457658,True,True,,True,True,True,True,
2418,512,1.9865554608404636,0.11893140049651264,0.44641327038407325,0.5535867296159267,29,18,0.6206896551724138,3.2845552196726198,0.41606932040303946,100.0,119.25311555502111,0.7639845150931659,0.0006869721065832015,2114.6055130130194,2128.071042446083,True,True,,True,True,True,True,
2419,512,1.6617924394086003,0.2848772258497774,0.5890287764370441,0.4109712235629559,17,9,0.5294117647058824,3.9712262953631576,0.5362072585150599,100.0,107.82719547649248,0.9990817691670946,0.23435311742837603,1888.1588321022477,1898.742993394517,True,True,,True,True,True,True,
2420,512,1.1516958605498075,0.013206220418214797,0.35816846415400505,0.641831535845995,23,10,0.43478260869565216,2.097019625455141,0.4916698753833771,100.0,101.46898907578526,0.7041979903735921,0.0004147390391572896,1386.5010119280794,1398.927644011207,True,True,,True,True,True,True,
2421,512,1.0310253137722611,0.2367652748711407,0.48359897248446937,0.5164010275155306,22,10,0.45454545454545453,1.50267443228513,0.5056580863893032,100.0,93.5499212509713,0.9590369649376655,0.018794109368874105,1049.0713148341902,1067.6757601088625,True,True,,True,True,True,True,
2422,512,1.5324701610952616,0.05899074487388134,0.6628963645547628,0.33710363544523725,18,11,0.6111111111111112,2.9026934028603133,0.4720216369256377,100.0,102.6795876366021,0.9996019114902754,0.2862756681215694,1695.5231395821654,1704.1774938690778,True,True,,True,True,True,True,
2423,512,1.8658777652308345,0.19241719096899032,0.3204029228538275,0.6795970771461726,26,18,0.6923076923076923,4.336987308785319,0.5804502544924617,100.0,121.08820237258993,0.7579027927891663,0.004166379817939084,1902.173920457614,1916.0390218023292,True,True,,True,True,True,True,
2424,512,1.320626899600029,0.10831942046061158,0.5262633126229047,0.4737366873770953,14,5,0.35714285714285715,2.4402288495562967,0.44841296672821046,100.0,101.09389702184956,0.9436843828356695,0.012821115316883394,1593.2352290430579,1611.2910673329386,True,True,,True,True,True,True,
2425,512,1.302554807625711,0.2800476735457778,0.3404009263962507,0.6595990736037494,19,12,0.631578947368421,2.2400725169107316,0.5169192498549819,100.0,106.56222733138833,0.6937295247025286,0.010202793680657027,1371.3883126080138,1383.1993161158407,True,True,,True,True,True,True,
2426,512,1.7609031088650227,0.026540158968418836,0.5064171340316533,0.49358286596834666,21,7,0.3333333333333333,3.7235252198763193,0.4614444725215435,100.0,112.55486050170452,0.9401260230352365,0.00024996187498686057,2101.3410193344903,2120.374508650093,True,True,,True,True,True,True,
2427,512,1.5905661256983876,0.15088515719398857,0.4520828779786825,0.5479171220213175,13,5,0.38461538461538464,3.5275353983044626,0.5909664541482925,100.0,110.3476042440617,0.9712837399051739,0.09271895272892221,1529.6580187040113,1545.2179360675248,True,True,,True,True,True,True,
2428,512,1.0959763508290052,0.14134736973792314,0.6946619402617216,0.30533805973827843,27,15,0.5555555555555556,1.7142108681611716,0.43701750319451094,100.0,89.79299469548027,0.9997987316846967,0.30157300102163564,1280.6899362625638,1288.437731233792,True,True,,True,True,True,True,
2429,512,1.2254206920042634,0.21776313884183765,0.5690422229468822,0.4309577770531178,28,15,0.5357142857142857,2.7089711987413465,0.5726853972300887,100.0,97.13617776207957,0.9999441981463855,0.24752372858040264,1320.557299191564,1330.40204203928,True,True,,True,True,True,True,
2430,512,1.7111145947128534,0.07682885807007551,0.3780260808765888,0.6219739191234113,12,6,0.5,4.1698719033971425,0.4047105245292187,100.0,115.63448970470614,0.6312071807236149,0.005621910106653184,2675.0711922979704,2684.733673557059,True,True,,True,True,True,True,
2431,512,1.8903546063229442,0.2530291909351945,0.6322382725775242,0.3677617274224758,24,9,0.375,3.071508071478456,0.5475050896406174,100.0,111.56188571832263,0.9983263623227043,0.32967811879754094,1496.7342241320505,1504.3953575746168,True,True,,True,True,True,True,
2432,512,1.4231104254722595,0.05591815179213881,0.41465913280844685,0.5853408671915532,16,11,0.6875,1.2291864026337862,0.4810560433194041,100.0,107.3521611819113,0.7373605857686653,0.06654236745738075,1002.2567820885969,1012.7666781404243,True,True,,True,True,True,True,
2433,512,1.4279387621209025,0.17144163446500896,0.5659552738070488,0.4340447261929512,23,9,0.391304347826087,4.009140785783529,0.593120058439672,100.0,102.79583814038921,0.9991871793382194,0.2687620394786426,1684.1392296031352,1693.3255008531219,True,True,,True,True,True,True,
2434,512,1.883603423833847,0.12432602606713772,0.387440276145935,0.612559723854065,17,11,0.6470588235294118,2.160719514917582,0.43456901088356975,100.0,119.10545140307477,0.6724500097753373,0.016605788438279777,1535.740681322025,1546.3113424671292,True,True,,True,True,True,True,
2435,512,1.7181096756830812,0.29584342539310454,0.6292485982179641,0.3707514017820359,29,17,0.5862068965517241,1.9965786254033446,0.5179395481944085,100.0,107.94415166433186,0.999825273087362,0.2843431826704401,1180.352658988832,1189.3050292039516,True,True,,True,True,True,True,
2436,512,1.2203479800373316,0.004904576484113931,0.4241713657975197,0.5758286342024803,11,5,0.45454545454545453,3.451379900146276,0.4609143270179629,100.0,101.38260561878371,0.7779741755025431,0.010365083797544836,2083.9150352245574,2097.6806053017813,True,True,,True,True,True,True,
2437,512,1.0988229485228658,0.23130661435425282,0.34962591268122195,0.650374087318778,14,6,0.42857142857142855,4.452245567645877,0.5496582051739096,100.0,100.07713517301033,0.7736498903849691,0.00221923285198393,2145.480196877523,2159.88610410718,True,True,,True,True,True,True,
2438,512,1.589641897007823,0.07176424087956547,0.5031409759074449,0.4968590240925551,26,13,0.5,2.632834970578551,0.47860725298523904,100.0,108.71408788890824,0.9641566485999055,0.0009113030967353456,1566.8953497591385,1586.732573566259,True,True,,True,True,True,True,
2439,512,1.7620712434872985,0.20080132344737647,0.4614059019833803,0.5385940980166197,18,12,0.6666666666666666,1.514807875547558,0.5737059935927391,100.0,114.00851409470238,0.8995440201586792,0.1358462278957249,892.4710522405826,904.4458693662166,True,True,,True,True,True,True,
2440,512,1.299463827162981,0.09728922173380851,0.6914830569177866,0.30851694308221345,22,7,0.3181818181818182,2.992174339480698,0.4041808677837253,100.0,95.87723731165886,0.9978246653530675,0.2398854810901825,1976.504286682826,1985.9077155576856,True,True,,True,True,True,True,
2441,512,1.327286290936172,0.26434370828792453,0.4806222680956125,0.5193777319043875,27,19,0.7037037037037037,3.618527157884091,0.5351747877895832,100.0,102.66511856500745,0.9999951017976766,0.029490861040217777,1778.0363877401387,1798.220462396103,True,True,,True,True,True,True,
2442,512,1.8612017780542374,0.030241368524730205,0.6724185157567262,0.3275814842432738,13,5,0.38461538461538464,1.7278547286987305,0.49221216943115,100.0,109.81839369949557,0.9728125645436982,0.36251894219274616,1132.5928916519108,1138.8806492272884,True,True,,True,True,True,True,
2443,512,1.5373900467529893,0.1683598855510354,0.31732894368469716,0.6826710563153029,21,10,0.47619047619047616,2.434189067501575,0.5599667770788074,100.0,113.61305553274718,0.7178880063170715,0.002562392956624632,1307.0334911066898,1319.873297073531,True,True,,True,True,True,True,
2444,512,1.0241215471178293,0.14058078741654753,0.5356874261051416,0.46431257389485836,19,11,0.5789473684210527,3.8402942894026637,0.41860332041978837,100.0,91.78011588872789,0.9199861762862405,0.0019199852046676217,2405.6319642998988,2422.9127067962518,True,True,,True,True,True,True,
2445,512,1.152467262931168,0.21412610616534947,0.6100436702370644,0.3899563297629356,16,8,0.5,3.2398435626178976,0.579417509585619,100.0,93.80293603730462,0.9984274875480147,0.32812719559187115,1491.1078069431683,1498.3970741583666,True,True,,True,True,True,True,
2446,512,1.6590371560305357,0.0924505147151649,0.44324735701084134,0.5567526429891587,24,10,0.4166666666666667,1.371736531611532,0.4489547958597541,100.0,112.25424579112484,0.8027914163985799,0.0019477829847607058,1110.7122728122772,1125.537358137896,True,True,,True,True,True,True,
2447,512,1.9895546501502395,0.25371342888101933,0.598263680934906,0.401736319065094,12,4,0.3333333333333333,2.7741815054789187,0.5034194631502033,100.0,114.56991017410223,0.9675136715846128,0.2340300712751796,1527.3904842939708,1537.405776128603,True,True,,True,True,True,True,
2448,512,1.4489405490458012,0.038507564552128316,0.3549052760004997,0.6450947239995003,28,17,0.6071428571428571,4.209297216776759,0.4745559111237526,100.0,110.03903369908318,0.675192805350589,0.00027166049295565336,2389.797519431073,2401.374703931404,True,True,,True,True,True,True,
2449,512,1.470103196799755,0.248067875392735,0.6500072162598372,0.34999278374016285,19,9,0.47368421052631576,1.2177639269270002,0.4289783077314496,100.0,101.49033908230541,0.9773059944831022,0.21433414629031344,1049.5823190101203,1059.7707397033557,True,True,,True,True,True,True,
2450,512,1.9683550847694278,0.051506733801215884,0.4964906003326177,0.5035093996673823,22,13,0.5909090909090909,3.082653624750674,0.5985156398266553,100.0,117.26277094601022,0.9994976996706476,0.1590722213739508,1327.7529330172401,1341.2327106715006,True,True,,True,True,True,True,
2451,512,1.6328698862344027,0.22217684118077158,0.5383736904710531,0.4616263095289469,15,10,0.6666666666666666,4.155201569851488,0.4537609864026308,100.0,108.66048129415572,0.9656046679039021,0.02408144407495531,2324.9970164009283,2343.3355826855823,True,True,,True,True,True,True,
2452,512,1.1786719718948007,0.08179245796054602,0.3082950245589018,0.6917049754410982,26,10,0.38461538461538464,2.723314206674695,0.5248973855748773,100.0,104.0285993359555,0.6488481918004383,4.920714050908672e-05,1567.6729672177853,1578.7184387341172,True,True,,True,True,True,True,
2453,512,1.0492209251970053,0.15529656624421476,0.4343110971152782,0.5656889028847218,30,9,0.3,1.6737656218931078,0.4857117669656873,100.0,95.67837071374242,0.8444723740872078,2.294922568056039e-05,1190.383965447574,1206.6395396546561,True,True,,True,True,True,True,
2454,512,1.5123147116973996,0.14630865845829247,0.6128275878727436,0.3871724121272564,10,6,0.6,3.5676534173078833,0.5427491944283247,100.0,103.58189396887286,0.9902998611994385,0.29481745030884743,1723.380850430573,1731.7355834584791,True,True,,True,True,True,True,
2455,512,1.8389102332293987,0.27508410047739745,0.3710665740072727,0.6289334259927273,24,12,0.5,3.6863277330994606,0.4097227443009615,100.0,118.71402047538618,0.6285058842621959,0.00018051434258259922,2394.126438418823,2403.9784295012087,True,True,,True,True,True,True,
2456,512,1.349554224871099,0.022126465570181608,0.5761453531682491,0.4238546468317509,17,8,0.47058823529411764,2.276992982905358,0.5683592388406395,100.0,100.42337915935462,0.9941491482613829,0.2586924639298338,1173.8338782426738,1183.2779205855338,True,True,,True,True,True,True,
2457,512,1.2738763764500618,0.18804240748286247,0.39012501463294025,0.6098749853670598,12,7,0.5833333333333334,2.4772500174120067,0.4993167292326689,100.0,104.05783006159282,0.7530753859499693,0.02618198362170977,1514.212530037581,1526.860320556315,True,True,,True,True,True,True,
2458,512,1.7876350684091449,0.1033215151168406,0.5569228805601596,0.4430771194398404,29,14,0.4827586206896552,4.299890536163002,0.5282657312229275,100.0,111.59413460096278,0.9999619783411693,0.16129988051734892,2037.7484678099372,2051.2153587153657,True,True,,True,True,True,True,
2459,512,1.6104688066989183,0.24176547350361943,0.4017585404217243,0.5982414595782757,15,6,0.4,2.942912123724818,0.4241451481357217,100.0,112.47747217316578,0.6963132733385359,0.001847039591579769,1964.2897378046084,1975.9555434729768,True,True,,True,True,True,True,
2460,512,1.0780200669541955,0.06336782164871692,0.6451184563338757,0.35488154366612434,25,17,0.68,1.4623299001716077,0.5546200711280107,100.0,90.51919434911656,0.9995663285791023,0.3604843880740408,919.9612363026488,926.4143151454091,True,True,,True,True,True,True,
2461,512,1.1986973192542791,0.28987515801563857,0.5193037997931241,0.48069620020687587,20,12,0.6,2.111463347543031,0.44336413852870465,100.0,97.79801026553065,0.9253062596788846,0.00956908568997608,1467.1223993950055,1484.693779798982,True,True,,True,True,True,True,
2462,512,1.7397977905347943,0.01758101284503937,0.3275060590356588,0.6724939409643411,20,7,0.35,3.9566566636785865,0.5848130451515317,100.0,118.05587348031173,0.7880942363559876,0.0005138872406740832,1747.9117279983507,1762.8068649582256,True,True,,True,True,True,True,
2463,512,1.9083061181008816,0.17975559197366237,0.6825483229011297,0.31745167709887034,27,11,0.4074074074074074,3.2958014870993795,0.46740252170711755,100.0,110.5110360095644,0.9996767249355075,0.3211868150109005,1857.0471036901479,1864.845243434995,True,True,,True,True,True,True,
2464,512,1.4031991651281714,0.11393117504194378,0.4641882937401533,0.5358117062598466,14,8,0.5714285714285714,1.8442171521484851,0.510377349331975,100.0,105.23347706501409,0.8924794242534383,0.05331558555906628,1176.8089894819752,1192.0603391708746,True,True,,True,True,True,True,
2465,512,1.3818219043314457,0.2933516914956272,0.32007577158510686,0.6799242284148932,17,5,0.29411764705882354,1.4125782173126935,0.450857144407928,100.0,109.4714829120872,0.5819414979255015,0.0011243267860971825,1173.3052307026583,1182.283336329091,True,True,,True,True,True,True,
2466,512,1.9297125404700637,0.002413414232432842,0.526715787127614,0.473284212872386,23,15,0.6521739130434783,2.889538806583732,0.5203822135925293,100.0,115.5240131612938,0.9997849358665897,0.0906939771753347,1513.017053421298,1529.703538534121,True,True,,True,True,True,True,
2467,512,1.7339549493044615,0.17393022570759056,0.4817824710160493,0.5182175289839507,10,5,0.5,4.350041110999882,0.4256809793412686,100.0,112.72923642549495,0.8224006493932238,0.022230379515356502,2595.7394812077546,2609.897644925673,True,True,,True,True,True,True,
2468,512,1.2045102240517735,0.1268151900731027,0.6649846736341715,0.33501532636582854,30,13,0.43333333333333335,2.530224442575127,0.5967319821938872,100.0,93.87419648622443,0.9998612083380474,0.43867720075474237,1187.295257268715,1191.969568572489,True,True,,True,True,True,True,
2470,512,1.6045029694214463,0.09978095619007944,0.3577008306980133,0.6422991693019867,14,8,0.5714285714285714,3.3487694151699543,0.5646218836307526,100.0,113.836206318226,0.7998038200522445,0.016797569582035078,1613.1620812402427,1627.6744165521445,True,True,,True,True,True,True,
2471,512,1.8091645389795303,0.22881745090708136,0.6025609105825425,0.39743908941745754,21,14,0.6666666666666666,3.9069110845215613,0.4816366218030453,100.0,110.70751432587497,0.999946899147526,0.17486908089782655,2071.5646241637714,2084.3049368860443,True,True,,True,True,True,True,
2472,512,1.2523780344054103,0.06927564907819032,0.4443588212132454,0.5556411787867546,18,7,0.3888888888888889,2.0580839267000552,0.5401877200230956,100.0,101.6784331520974,0.9496965646915109,0.014199277025770132,1182.6192474991008,1201.5234330104513,True,True,,True,True,True,True,
2473,512,1.3749309368431568,0.16118136243894696,0.6335330322384833,0.36646696776151666,13,8,0.6153846153846154,2.669934496935457,0.42123825252056124,100.0,99.4847753675358,0.9941363515978071,0.13806457340651013,1760.8172046524942,1774.0298603989932,True,True,,True,True,True,True,
2474,512,1.813564888201654,0.1334016915410757,0.4136117666959762,0.5863882333040238,26,9,0.34615384615384615,4.105456279590726,0.5501018492504954,100.0,116.71284284022062,0.9192743690480571,6.574307518175183e-05,1901.5396431879772,1920.5560474633098,True,True,,True,True,True,True,
2475,512,1.5219739358872175,0.27152079641819,0.5718263328075408,0.4281736671924592,19,8,0.42105263157894735,3.135621854010969,0.49602245148271323,100.0,105.00178971551861,0.9973695798447706,0.1394579096583967,1716.5708701148578,1730.6213999863605,True,True,,True,True,True,True,
2476,512,1.03953015524894,0.03741788500919938,0.37534288018941875,0.6246571198105813,20,11,0.55,1.2679206976667046,0.526485126465559,100.0,97.25405264684753,0.7711876237520437,0.019325870017682795,941.355585314538,954.8382610981016,True,True,,True,True,True,True,
2477,512,1.1688600573688745,0.26089252419769765,0.4507973734289408,0.5492026265710592,25,14,0.56,2.329967303574085,0.46527954638004304,100.0,98.98563149150397,0.8420506220707475,0.0011610776690591383,1533.5603119280956,1549.547230711391,True,True,,True,True,True,True,
2478,512,1.6426521027460694,0.0456860882230103,0.6957187641412019,0.30428123585879807,15,7,0.4666666666666667,3.736478412430733,0.5066430477425456,100.0,104.39185306058147,0.9979721558347634,0.40139168952714704,1915.493001296471,1921.2047643279968,True,True,,True,True,True,True,
2479,512,1.9428866803646088,0.20694959023967385,0.33757743425667286,0.6624225657433271,28,10,0.35714285714285715,3.5142801923677327,0.43928594049066305,100.0,122.09557891637377,0.6020432754775736,8.069542644118367e-06,2189.5996099185995,2196.509014755384,True,True,,True,True,True,True,
2480,512,1.4956010011956096,0.08527342602610588,0.5090607736259698,0.4909392263740302,12,8,0.6666666666666666,1.6240138468332588,0.5822485201060772,100.0,106.22416268498256,0.9327638819630127,0.2050625030716253,915.8575516963305,925.869485835725,True,True,,True,True,True,True,
2481,512,1.4547557523474097,0.21997879073023796,0.4108277551829815,0.5891722448170185,22,10,0.45454545454545453,3.7905494970269498,0.5150355154648423,100.0,108.30402523616476,0.8467027582120575,0.00040227917658120394,1975.3545509080207,1991.9847838137548,True,True,,True,True,True,True,
2482,512,1.9837102852761745,0.07959383586421609,0.6424693889915942,0.3575306110084058,18,9,0.5,2.3808088598772885,0.4563989643007517,100.0,113.16581449675999,0.9966054882626599,0.2206695914832347,1488.8588606281796,1499.7339632959377,True,True,,True,True,True,True,
2483,512,1.6804458694532514,0.2502644998021424,0.3974613048136234,0.6025386951863766,26,16,0.6153846153846154,1.7780125874094663,0.5898229207843542,100.0,114.26806907437532,0.8973971611287767,0.049784475731208984,951.8049122762574,967.4258588015069,True,True,,True,True,True,True,
2484,512,1.1310884859412909,0.05370278544723987,0.5556649409234524,0.4443350590765476,14,4,0.2857142857142857,3.6714942991733546,0.4327855439856649,100.0,94.6733979250343,0.9725515176355649,0.009316112393642766,2230.0936081438053,2248.720421107886,True,True,,True,True,True,True,
2485,512,1.002621621824801,0.2772827231325209,0.6798503380268812,0.3201496619731188,11,4,0.36363636363636365,4.25944857839495,0.571579777635634,100.0,87.12099891651332,0.990979230658975,0.44664774835355125,1900.5588150630635,1904.9096581961771,True,True,,True,True,True,True,
2486,512,1.5589217562228441,0.02432451546192169,0.4732087697833776,0.5267912302166224,29,20,0.6896551724137931,2.827155143860727,0.40044332183897496,100.0,108.90725647018559,0.7879283457437651,0.0020108115983766208,1962.1522601819777,1975.887131431879,True,True,,True,True,True,True,
2487,512,1.855234364978969,0.15310051403939723,0.518094789609313,0.481905210390687,17,10,0.5882352941176471,1.3219856355339288,0.5455832507461309,100.0,114.23540628150874,0.9223551895611891,0.18138619783317875,871.7181182784047,882.577498899121,True,True,,True,True,True,True,
2488,512,1.3332225754857063,0.14411203460767866,0.3348910760134458,0.6651089239865542,23,11,0.4782608695652174,3.186469458695501,0.4760459693148732,100.0,107.61566470457404,0.6389599325894447,0.00022206604157555418,1933.3223563700058,1943.9404567024658,True,True,,True,True,True,True,
2489,512,1.289775057695806,0.23487920332700013,0.5488357376307249,0.4511642623692751,28,15,0.5357142857142857,3.398005888424813,0.5570596907287836,100.0,99.56631892187698,0.9999751505181137,0.1900993219918868,1618.6406138203297,1630.6465831994135,True,True,,True,True,True,True,
2490,512,1.7717286460101604,0.05648212423548102,0.3039128538221121,0.6960871461778879,12,5,0.4166666666666667,1.9468276371248066,0.4140849078074098,100.0,119.62581442161093,0.5141009663864574,0.006504549163628887,1516.8048115390477,1523.7247526615058,True,True,,True,True,True,True,
2491,512,1.564298545010388,0.19492552606388927,0.6622021880000829,0.3377978119999171,24,8,0.3333333333333333,2.2136930488049984,0.5318807007744908,100.0,103.46703272804314,0.9956294340557422,0.3687460531313792,1237.4479095751722,1243.890422831675,True,True,,True,True,True,True,
2492,512,1.1241978462785482,0.1102052053436637,0.490717301890254,0.509282698109746,16,10,0.625,4.059292251896113,0.4904317554086447,100.0,96.37046694404557,0.9534117023122852,0.009974860811041078,2179.001692922401,2197.8707860532404,True,True,,True,True,True,True,
2493,512,1.2458440223708749,0.18664128994569182,0.36673332080245014,0.6332666791975499,19,13,0.6842105263157895,3.045141781959683,0.5012962970882654,100.0,104.02662917771727,0.7254790486111671,0.009846120508676264,1763.8733195185155,1776.5095873717542,True,True,,True,True,True,True,
2494,512,1.6926433313637972,0.12081744465976953,0.5866561390459537,0.4133438609540463,21,8,0.38095238095238093,1.5649654330685734,0.47082141879945993,100.0,108.60083848765322,0.976891224164787,0.14806239296070864,1115.5735663721023,1128.7030513112318,True,True,,True,True,True,True,
2495,512,1.8933838857337832,0.28299146723002194,0.4284888692200184,0.5715111307799816,13,6,0.46153846153846156,2.579454474058002,0.5753395022824407,100.0,117.92440937874949,0.9264415525492197,0.06094300649243158,1253.1439873733032,1269.1888021909076,True,True,,True,True,True,True,
2496,512,1.4181289002299309,0.01069789482280612,0.6249738328158856,0.3750261671841144,27,15,0.5555555555555556,4.402501064166427,0.4463904615491629,100.0,100.85643663283253,0.9999927138047668,0.15987148169730434,2468.2858736910343,2481.7689451363044,True,True,,True,True,True,True,
2497,512,1.4067933866754174,0.22523810807615519,0.4381289016455412,0.5618710983544588,12,8,0.6666666666666666,3.2163520552217957,0.4111189736053348,100.0,106.15853179024054,0.72536367465078,0.0266984513386356,2156.383899250819,2167.601603347747,True,True,,True,True,True,True,
2498,512,1.9047420043498278,0.06610371535643934,0.6088325913995505,0.3911674086004495,28,9,0.32142857142857145,1.3937174434773623,0.5665693446993828,100.0,112.53735477857828,0.9719325324015192,0.33105818637359985,847.2017096790067,854.3154467042211,True,True,,True,True,True,True,
2499,512,1.6971578998491168,0.20396131379529833,0.35142215751111505,0.648577842488885,16,7,0.4375,2.7506899734959003,0.48748948350548743,100.0,116.23618681744256,0.682917567356316,0.002913065273903737,1660.631379987324,1672.3834875953874,True,True,,True,True,True,True,
2500,512,1.2413063123822212,0.10115016382187604,0.5955637495964765,0.4044362504035235,24,13,0.5416666666666666,4.231278104055673,0.5413651904091239,100.0,96.84483186015598,0.9999691349597898,0.25295757734889673,1997.6902033662002,2007.401509217329,True,True,,True,True,True,True,
2501,512,1.1128318598493934,0.17709187706932425,0.6712136052548885,0.3287863947451115,21,12,0.5714285714285714,3.5950352816842495,0.4551601840183139,100.0,90.93194629423067,0.9999468589484197,0.27771045486735535,2096.5711671045624,2105.1349441330985,True,True,,True,True,True,True,
2502,512,1.575626190751791,0.13038425166159867,0.47550984993577,0.52449015006423,19,9,0.47368421052631576,1.7498360585421322,0.5231106504797935,100.0,109.2403747863969,0.9508906367222358,0.04212752932880726,1088.327349255564,1105.8973603522277,True,True,,True,True,True,True,
2503,512,1.7762737469747663,0.2919721668586135,0.5329935200512409,0.4670064799487591,27,10,0.37037037037037035,2.4106971175409853,0.4307528652250767,100.0,112.07225665644899,0.9362370388024475,0.00010577388376926558,1604.1290298135223,1622.5896565694263,True,True,,True,True,True,True,
2504,512,1.2852678801864386,0.0017342674545943737,0.31385200545191766,0.6861479945480824,13,9,0.6923076923076923,3.8622755454853177,0.5971286674961447,100.0,106.99826439089418,0.7378856443097691,0.027764988395719562,1706.7484785674726,1718.8489668636057,True,True,,True,True,True,True,
2505,512,1.3375235358253121,0.21085165590047836,0.502784388512373,0.49721561148762705,18,6,0.3333333333333333,4.475737443845719,0.4656644895672798,100.0,102.26701820045713,0.9406346284435669,0.0003860803252388202,2456.3644672305627,2475.2492898281425,True,True,,True,True,True,True,
2506,512,1.8509713280946016,0.08870399678125977,0.3437994487583637,0.6562005512416362,22,13,0.5909090909090909,2.610853640735149,0.5117277963086962,100.0,119.9305244993173,0.6995934033641387,0.004314218518264745,1511.2395704545368,1523.486313275634,True,True,,True,True,True,True,
2507,512,1.5477999104186893,0.2599604819901287,0.6894911326467991,0.31050886735320093,14,7,0.5,1.5382998255081475,0.44202588107436896,100.0,102.32809814175243,0.9856778061131947,0.31561192697898804,1168.2166965148563,1175.6298156267471,True,True,,True,True,True,True,
2508,512,1.013705126941204,0.04398957900702953,0.4570682905614376,0.5429317094385624,26,11,0.4230769230769231,2.970193083398044,0.586538840085268,100.0,93.7691657293758,0.9994496011501963,0.07474278123432035,1381.300770035025,1398.1386655004287,True,True,,True,True,True,True,
2509,512,1.1353589138016105,0.2681005091406405,0.3816198509186506,0.6183801490813494,29,14,0.4827586206896552,4.032632293179631,0.4224041476845741,100.0,100.17226205768418,0.6606958152392766,1.0301273790309919e-05,2577.180415947227,2587.9486385585033,True,True,,True,True,True,True,
2510,512,1.6761523000895977,0.03352609947323799,0.5656048562377691,0.4343951437622309,11,6,0.5454545454545454,2.1387386030517517,0.555967359058559,100.0,108.84619068910087,0.9705187896873143,0.2422140457779988,1147.692217487003,1157.390771927687,True,True,,True,True,True,True,
2511,512,1.972618912346661,0.1628881875425577,0.4198399361222982,0.5801600638777018,23,16,0.6956521739130435,2.020070157386362,0.4979816308245063,100.0,119.85504611790725,0.8106191007040061,0.025886498254219834,1272.6202743844153,1287.0000170379137,True,True,,True,True,True,True,
2512,512,1.4658697303384542,0.13434405298903584,0.6272627007216215,0.3727372992783785,17,6,0.35294117647058826,3.4293990128673615,0.5299944944679738,100.0,102.0148505481672,0.9946520569388285,0.3014569802503708,1719.357349667031,1727.5716870800402,True,True,,True,True,True,True,
2513,512,1.4920401219278574,0.15212742062285542,0.3286146178841591,0.6713853821158409,27,14,0.5185185185185185,2.0878711321391163,0.5719650158658623,100.0,112.06808553247032,0.7643257358531119,0.002547752254036124,1137.3524248188069,1151.4868584069818,True,True,,True,True,True,True,
2514,512,1.9464249545708299,0.14243856109678746,0.5243168741464614,0.47568312585353856,13,6,0.46153846153846156,3.9785368675366044,0.4055281806737185,100.0,115.94123835447118,0.8761138001697468,0.008615602873742727,2458.5764984679095,2474.555914890896,True,True,,True,True,True,True,
2515,512,1.6549870520830154,0.28114345148205755,0.46698120832443235,0.5330187916755676,20,6,0.3,3.272209247108549,0.5483231287449598,100.0,111.39498504675959,0.9854315563368939,0.03989967182977476,1585.309431146072,1604.0860105997367,True,True,,True,True,True,True,
2516,512,1.1565482495352626,0.02777783581987023,0.6861211821436881,0.3138788178563119,20,13,0.65,1.866097331419587,0.48033604193478824,100.0,91.88686663511095,0.9995891575497551,0.3469879873750763,1244.8927011509404,1251.6632654494074,True,True,,True,True,True,True,
2517,512,1.0359997488558292,0.2519299786537886,0.561941934004426,0.43805806599557395,15,10,0.6666666666666666,2.453657433204353,0.5162015387788415,100.0,91.42821458556585,0.9979332873640127,0.15331039952086079,1404.9442729755965,1418.1395656759719,True,True,,True,True,True,True,
2518,512,1.52554268296808,0.05466788755729794,0.3912398029118776,0.6087601970881225,24,9,0.375,4.321771157998591,0.4622647989541292,100.0,110.7555281256034,0.7275475826277124,2.6354501743944568e-05,2472.8494003012543,2485.782748648261,True,True,,True,True,True,True,
2519,512,1.8258693050593138,0.2165174433030188,0.6486975330859422,0.35130246691405775,11,5,0.45454545454545453,2.9193194657564163,0.5917818229645491,100.0,109.73961601462707,0.9847972959745247,0.41685206372593087,1306.5193417525284,1311.671458896079,True,True,,True,True,True,True,
2520,512,1.3625885965302587,0.07572507709264754,0.40455744601786137,0.5954425539821386,28,17,0.6071428571428571,1.484210448246449,0.43629483152180915,100.0,106.06369902562994,0.715931598360502,0.0022546731195109476,1220.0537557726195,1232.3172209819686,True,True,,True,True,True,True,
2521,512,1.26443831063807,0.28363726017996665,0.618743983283639,0.381256016716361,23,9,0.391304347826087,1.6973582061007617,0.5048186380416155,100.0,96.86037333713449,0.9933734140723146,0.2512678137959334,1112.6078878120134,1122.2054456951787,True,True,,True,True,True,True,
2522,512,1.7970663392916322,0.01210815366357565,0.4347604770213365,0.5652395229786635,16,9,0.5625,3.5457727954722937,0.4727691510692239,100.0,115.64916095592417,0.8179405934643067,0.007440070129851169,2021.6091809153545,2036.8654688619854,True,True,,True,True,True,True,
2523,512,1.6012167036533356,0.18303919751197098,0.5803773928433656,0.41962260715663435,29,18,0.6206896551724138,3.709920391067862,0.5811920451000333,100.0,106.66645902522816,0.9999958919680556,0.27799926002775605,1618.2067586865285,1627.6661473049935,True,True,,True,True,True,True,
2524,512,1.0872787265107036,0.11768684824928641,0.37295616902410983,0.6270438309758901,10,3,0.3,2.2551124348305165,0.44756779782474043,100.0,98.91832942067873,0.6681314112472306,0.008622637509607367,1596.3023993449588,1607.1303996815675,True,True,,True,True,True,True,
2525,512,1.2166010327637196,0.19352326076477766,0.49694620817899704,0.503053791821003,15,5,0.3333333333333333,1.2413561423309147,0.5613629836589098,100.0,99.00092444919432,0.9050476161225202,0.17806490233251215,835.3907597009346,845.6730689099376,True,True,,True,True,True,True,
2526,512,1.7218872820958495,0.10956740481778979,0.6559295892715453,0.3440704107284547,25,17,0.68,3.060773420892656,0.41681340131908656,100.0,107.27607953715176,0.9999858934038948,0.17453780401920505,1934.756206381722,1946.8545739047222,True,True,,True,True,True,True,
2527,512,1.9263958018273115,0.23801782792434095,0.31019060909748075,0.6898093909025192,18,10,0.5555555555555556,4.178793809842318,0.5369524823501706,100.0,122.74111369490646,0.6663745331584159,0.003031560275013907,2059.2252252755525,2070.6250267225223,True,True,,True,True,True,True,
2528,512,1.3851160379126668,0.06009224597364664,0.5426119461655616,0.45738805383443837,22,11,0.5,2.701434027403593,0.4908281397074461,100.0,102.3573211158913,0.9991963730992806,0.06897520126748236,1560.0353517959254,1577.2647011826612,True,True,,True,True,True,True,
2529,512,1.3908985313028097,0.19707804769277573,0.6977058492600917,0.3022941507399083,29,19,0.6551724137931034,2.308492734655738,0.5438056683167816,100.0,98.17093635570029,0.9999904600878033,0.44412189099731475,1246.9137989406565,1252.2172264545168,True,True,,True,True,True,True,
2530,512,1.9206446157768369,0.09426632607355713,0.4551272369921207,0.5448727630078793,12,5,0.4166666666666667,3.759665091242641,0.477429910749197,100.0,117.6157038750132,0.8587895324469388,0.01330590265271437,2074.4255683222536,2090.641995406624,True,True,,True,True,True,True,
2531,512,1.743324350565672,0.23212451683357357,0.5094126649200916,0.49058733507990837,25,12,0.48,3.4928055496886374,0.5701836466789245,100.0,112.07113542650023,0.9996596026153399,0.13984067646418605,1576.538465148355,1590.8653725928907,True,True,,True,True,True,True,
2532,512,1.195132358931005,0.07298955135047436,0.3433960072696209,0.6566039927303791,16,9,0.5625,1.6472004518844185,0.4022331414744258,100.0,103.30871960320178,0.5704210487386638,0.0060098855723948056,1414.584090773549,1422.7526312907687,True,True,,True,True,True,True,
2533,512,1.0656889602541924,0.2988560051657259,0.41794760935008524,0.5820523906499148,20,10,0.5,2.648460296820849,0.5880482828244566,100.0,96.74393697031053,0.9934509690949869,0.014764486058576555,1263.2104545331324,1283.1692813665325,True,True,,True,True,True,True,
2534,512,1.6227768315002322,0.00861753299832344,0.6355263467878103,0.3644736532121897,20,9,0.45,4.128642540425062,0.43417262062430384,100.0,105.59123245764818,0.9994508270713465,0.16124872944957516,2379.7592638049805,2392.49902514316,True,True,,True,True,True,True,
2535,512,1.7911921609193087,0.1702060405164957,0.38116767071187496,0.618832329288125,14,4,0.2857142857142857,3.1141476293094454,0.5136362493038178,100.0,117.32374821057601,0.7797641864530288,0.00374010551351339,1698.618630663275,1713.1865448133465,True,True,,True,True,True,True,
2536,512,1.2703419486060739,0.12349784346297382,0.5721842151135206,0.4278157848864794,27,18,0.6666666666666666,1.291106933914125,0.4581858394667506,100.0,98.34046588751863,0.9766230378539837,0.09392104890355406,1037.4581555800057,1052.517759131434,True,True,,True,True,True,True,
2537,512,1.3528671767562628,0.2577640051022172,0.3611762028187513,0.6388237971812487,22,8,0.36363636363636365,1.915848424192518,0.5766776375472545,100.0,107.25273960070939,0.8477034491713639,0.0040357074601210675,1053.6694649014707,1070.1236082053242,True,True,,True,True,True,True,
2538,512,1.8356199460104108,0.04179367488250136,0.5920360650867224,0.40796393491327765,19,13,0.6842105263157895,3.325583154335618,0.4446647172793746,100.0,111.58164917155517,0.9996002980573581,0.08301162003702524,1954.716648034329,1971.0666564287442,True,True,,True,True,True,True,
2539,512,1.5002277456223965,0.2130495677702129,0.44946938715875145,0.5505306128412486,25,14,0.56,3.928385309223086,0.5030342189595103,100.0,108.20816251734806,0.9036953725246889,0.0007129914300399977,2057.436011826598,2075.6800982627137,True,True,,True,True,True,True,
2540,512,1.0612848093733191,0.0909024802967906,0.6037672948092222,0.3962327051907778,15,7,0.4666666666666667,2.0348976904526355,0.46947105824947355,100.0,91.09642459863272,0.9919765025217812,0.1650704834154672,1353.9456237487846,1366.2880317601837,True,True,,True,True,True,True,
2541,512,1.1819543913006783,0.16508409222587941,0.5294171087443829,0.47058289125561714,11,5,0.45454545454545453,1.4340527862310408,0.5332158915698528,100.0,96.99626859997409,0.9285057188491925,0.18005064763511439,962.5617871414792,973.2823609383396,True,True,,True,True,True,True,
2542,512,1.6295490665361285,0.13654052931815386,0.32355712130665776,0.6764428786933423,30,16,0.5333333333333333,2.8663521277718242,0.4887028759345412,100.0,115.63713006112141,0.6326717282258859,0.0001519617056790299,1723.250073342854,1733.7603899628316,True,True,,True,True,True,True,
2543,512,1.956298591569066,0.2659020250663161,0.6661970473825931,0.3338029526174069,17,10,0.5882352941176471,4.3715157536789775,0.5588007478043437,100.0,111.94243253361361,0.9996340434423451,0.4029330981373748,1920.4478047274108,1926.2579884328306,True,True,,True,True,True,True,
2544,512,1.4821975538507104,0.03132818816229701,0.4868992529809475,0.5131007470190525,24,8,0.3333333333333333,2.507037837523967,0.41273749172687535,100.0,106.56999804055869,0.82906390709926,5.319761406368768e-05,1754.5396455516686,1769.628566165054,True,True,,True,True,True,True,
2545,512,1.4443992944434285,0.2739665019325912,0.5824162069708109,0.41758379302918913,13,8,0.6153846153846154,3.0235665050335228,0.48297183234244584,100.0,102.74262146980124,0.9943058667271378,0.1414725409073503,1719.6755926795176,1733.4320972310322,True,True,,True,True,True,True,
2546,512,1.9940580409020185,0.02060145791620016,0.36483902819454667,0.6351609718054534,27,12,0.4444444444444444,1.5880514038726687,0.5384588684886694,100.0,122.18056857454593,0.7842279756116507,0.005361940252509,1006.171252878703,1020.8595712395665,True,True,,True,True,True,True,
2547,512,1.6703993594273925,0.15930579621344804,0.6190496880561114,0.3809503119438886,19,7,0.3684210526315789,2.5578791233710945,0.40933779515326024,100.0,107.15765299429472,0.9938657233792091,0.07820406529395522,1722.3962100878227,1738.1680867324255,True,True,,True,True,True,True,
2548,512,1.1411434598267078,0.14961750945076346,0.42803464867174623,0.5719653513282538,21,14,0.6666666666666666,4.425586961209774,0.5632744962349534,100.0,98.84680039483578,0.9722175535971803,0.006103527944641854,1993.454021386428,2013.4199893879545,True,True,,True,True,True,True,
2549,512,1.019610765390098,0.22369382064789534,0.3020247295498848,0.6979752704501152,24,15,0.625,3.376430980302393,0.42701913435012107,100.0,99.07475487428661,0.5267583311502458,0.0004739285151322692,2270.9334019884614,2278.478325408101,True,True,,True,True,True,True,
2550,512,1.5419239103794098,0.08290202720090746,0.5446018427610397,0.45539815723896027,16,5,0.3125,1.9699131899513302,0.5950062658637763,100.0,106.29718269867556,0.9597721191331638,0.2620145868424353,997.7071440551188,1006.3686990206661,True,True,,True,True,True,True,
2551,512,1.872533448971808,0.24475103085860608,0.4902691066265106,0.5097308933734894,28,13,0.4642857142857143,2.1921181160956618,0.45259508527815345,100.0,115.47603269783843,0.8952174572059929,0.0004875050310318226,1450.184950574887,1467.8207401395794,True,True,,True,True,True,True,
2552,512,1.3159319553524256,0.04748951140791178,0.6562842234969138,0.34371577650308616,12,6,0.5,4.082377780135721,0.5190318817272782,100.0,97.27010056893022,0.9965089501097422,0.34101034070787173,2030.3898231110527,2037.435912049637,True,True,,True,True,True,True,
2553,512,1.3105513574555516,0.1805504676885903,0.47041115611791606,0.5295888438820839,17,8,0.47058823529411764,4.28102348651737,0.43751128278672696,100.0,102.51688746733998,0.8355022842095448,0.0010308827000285478,2545.54158069744,2561.070625908496,True,True,,True,True,True,True,
2554,512,1.750961048528552,0.11519754566252231,0.6762695848941802,0.3237304151058198,23,13,0.5652173913043478,2.804069591034204,0.583635568805039,100.0,107.3530336825026,0.999814928478708,0.4454531699194261,1292.682532236432,1297.4512306559905,True,True,,True,True,True,True,
2555,512,1.5853752559050918,0.2861291415989399,0.33377767503261563,0.6662223249673844,11,7,0.6363636363636364,1.3435605682432652,0.46388026122003795,100.0,114.21079558309305,0.5770224839810205,0.05265298965829036,1104.292299217002,1111.4256920307303,True,True,,True,True,True,True,
2556,512,1.1031126715242863,0.014599463436752558,0.5130739644169807,0.4869260355830193,29,11,0.3793103448275862,3.1633839304558933,0.5084298942238092,100.0,95.03335533602103,0.9996711578707232,0.042591111588003355,1714.7679704319974,1733.2839867380687,True,True,,True,True,True,True,
2557,512,1.2314660428091884,0.2405071299523115,0.6388946745544671,0.36110532544553287,26,9,0.34615384615384615,3.8121247739531094,0.4942448493093252,100.0,95.36212469402648,0.999532458060856,0.2698549912268798,2027.4845663220603,2036.5480837396126,True,True,,True,True,True,True,
2558,512,1.707030013203621,0.0625809763558209,0.40803631134331225,0.5919636886566877,14,9,0.6428571428571429,2.3577228890731927,0.5278690399602055,100.0,114.52373823578893,0.8141517593258744,0.044803583404491164,1342.390815842835,1356.0423040358874,True,True,,True,True,True,True,
2559,512,1.8793063098564744,0.1910319515503943,0.5506502974778413,0.44934970252215867,22,12,0.5454545454545454,1.7995879380963742,0.4198421025648713,100.0,113.74228666899103,0.9415074434105393,0.010550251089808312,1335.6926885912223,1353.6157596180187,True,True,,True,True,True,True,
2560,512,1.4321980122476816,0.10707552284002304,0.39635393060743807,0.6036460693925619,18,7,0.3888888888888889,3.6484084021300074,0.551891640201211,100.0,108.19619676589019,0.882874265166524,0.0013300883680614373,1761.2852304985831,1779.0050243216458,True,True,,True,True,True,True,
